candidate_id,osm_way_id,name,highway,structure,reasons,length_m,lat,lon,tunnel,bridge,layer,flood_prone,crossing
8680571-x1,8680571,80 Feet Road,secondary,culvert,waterway_crossing,668,12.947394,77.619339,,,,,drain:K113#350053037
8680575-x1,8680575,3rd Cross Road,residential,dip,waterway_crossing,62,12.940341,77.627775,,,,,drain#1430946252
8685502-x1,8685502,,residential,dip,waterway_crossing,95,12.970048,77.509025,,,,,drain#1217247612
15802887,15802887,Domlur Flyover,primary,low_bridge,bridge_over_water,283,12.96045,77.64175,,yes,1,,
22989876-x1,22989876,Devarachikkanahalli Road,secondary,culvert,waterway_crossing,308,12.881628,77.609981,,,,,drain#350072897
23029264-x1,23029264,Berlie Street Cross,tertiary,dip,waterway_crossing,459,12.955393,77.603059,,,,,drain:K107#673668005
23075205-x1,23075205,9th Cross Road,residential,dip,waterway_crossing,347,12.939391,77.581221,,,,,drain:K111#1203712570
23076764-x1,23076764,,residential,dip,waterway_crossing,961,12.952552,77.56173,,,,,drain:V120#673852971
23076764-x2,23076764,,residential,dip,waterway_crossing,961,12.950578,77.562209,,,,,drain#673852970
23076955-x1,23076955,,unclassified,dip,waterway_crossing,407,12.97221,77.58997,,,,,drain#1257318349
23078195-x1,23078195,,residential,dip,waterway_crossing,353,12.948092,77.596089,,,,,drain:K108#131645659
23078244-x1,23078244,8th Main Road,tertiary,dip,waterway_crossing,291,12.948843,77.596559,,,,,drain:K108#131645659
23081438-x1,23081438,Old Sunkal Road,residential,dip,waterway_crossing,189,12.958027,77.585242,,,,,drain:K110#673645156
23081545-x1,23081545,2nd Cross Road,residential,dip,waterway_crossing,392,12.960168,77.582874,,,,,drain:K112#1093523668
23081548-x1,23081548,4th Cross Road,residential,dip,waterway_crossing,266,12.959241,77.582164,,,,,drain:K112#1093523668
23081595-x1,23081595,Usman Khan Road,residential,dip,waterway_crossing,781,12.962929,77.580423,,,,,drain:K100#673670439
23081608-x1,23081608,NR Road,primary,dip,waterway_crossing,329,12.963544,77.578849,,,,,drain:K100#673670439
23081624-x1,23081624,,residential,dip,waterway_crossing,116,12.957056,77.580451,,,,,drain:K112#1093523668
23091276-x1,23091276,4th Cross Road,residential,dip,waterway_crossing,350,12.941614,77.58274,,,,,drain:K111#1203712570
23091290-x1,23091290,3rd Cross Road,residential,dip,waterway_crossing,240,12.942117,77.582829,,,,,drain:K111#1203712570
23443806-x1,23443806,Richmond Road,primary,culvert,waterway_crossing,413,12.968391,77.613855,,,,,drain:K103#362418038
23542229-x1,23542229,1st A Cross Road,tertiary,dip,waterway_crossing,974,12.935131,77.615808,,,,,drain:K101#673948795
23542231-x1,23542231,5th Cross Road,tertiary,dip,waterway_crossing,660,12.935739,77.621947,,,,,drain:K101#673948795
24240670-x1,24240670,5th Cross Road,unclassified,culvert,waterway_crossing,414,12.923007,77.665457,,,,,drain#1370870224
24365165-x1,24365165,Dinne Anjaneya Swamy Temple Road,residential,culvert,waterway_crossing,1582,12.899393,77.666617,,,,,drain#688824215
24403215-x1,24403215,Jeevan Bhima Nagar Main Road,secondary,culvert,waterway_crossing,1104,12.968857,77.647734,,,,,drain:C105#1443481747
24430008-x1,24430008,,motorway_link,culvert,waterway_crossing,233,12.858167,77.663094,,,,,ditch#1071407125
24437492-x1,24437492,NICE road,motorway_link,culvert,waterway_crossing,275,12.858323,77.663395,,,,,ditch#1071407125
24437566-x1,24437566,NICE Road,motorway,culvert,waterway_crossing,4513,12.852428,77.546025,,,,,stream:Suvarnamukhi#1411464128
24490731-x1,24490731,17th Main Road,residential,culvert,waterway_crossing,87,12.91195,77.642681,,,,,drain#350185231
24580060-x1,24580060,,tertiary,dip,waterway_crossing,3727,12.864082,77.670804,,,,,stream#350300590
24580060-x2,24580060,,tertiary,dip,waterway_crossing,3727,12.860677,77.68968,,,,,stream#1188673751
25187903,25187903,,tertiary,low_bridge,bridge_over_water,38,12.943933,77.680401,,yes,,,
27773755-x1,27773755,17th C Main Road,residential,dip,waterway_crossing,329,12.934614,77.620052,,,,,drain:K101#673948795
27785798-x1,27785798,2nd Cross,residential,dip,waterway_crossing,350,12.932784,77.628431,,,,,drain#674356912
27791667-x1,27791667,9th Cross Road,secondary,culvert,waterway_crossing,2211,12.910266,77.592314,,,,,drain:K209#1561496768
27931530-x1,27931530,1st A Cross Road,residential,dip,waterway_crossing,365,12.933013,77.626862,,,,,drain#674356912
27931906-x1,27931906,Someshwara Temple Road,tertiary,dip,waterway_crossing,434,12.936452,77.614877,,,,,drain:K101#673948795
27932353,27932353,Dairy Circle Underpass,secondary,underpass,tunnel=yes;layer<0,40,12.936948,77.601708,yes,,-1,,
27934854-x1,27934854,15th Cross Road,tertiary,dip,waterway_crossing,587,12.913783,77.632286,,,,,drain#673673530
27935136-x1,27935136,3rd B Main Road,residential,dip,waterway_crossing,299,12.912594,77.632414,,,,,drain#673673530
27935463-x1,27935463,23rd Main Road,residential,dip,waterway_crossing,365,12.913902,77.648526,,,,,drain#90843339
27935533-x1,27935533,15B Cross Road,residential,culvert,waterway_crossing,218,12.91324,77.649026,,,,,drain#1184597990
27936034-x1,27936034,14th Cross Road,residential,dip,waterway_crossing,242,12.915597,77.63231,,,,,drain#673673530
27936087-x1,27936087,22C Main Road,residential,dip,waterway_crossing,313,12.913937,77.64817,,,,,drain#90843339
27936093-x1,27936093,22nd B Main Road,residential,dip,waterway_crossing,315,12.914056,77.647846,,,,,drain#90843339
27936128-x1,27936128,14A Cross Road,residential,dip,waterway_crossing,221,12.914913,77.646529,,,,,drain#90843339
27936131-x1,27936131,22nd A Main Road,residential,dip,waterway_crossing,97,12.914462,77.647476,,,,,drain#90843339
27936478-x1,27936478,8th Cross Road,residential,dip,waterway_crossing,244,12.919266,77.652981,,,,,drain#1302527274
27936495-x1,27936495,9th Cross Road,residential,culvert,waterway_crossing,163,12.918959,77.654039,,,,,drain#1278809793
27936940-x1,27936940,,residential,dip,waterway_crossing,367,12.91242,77.632338,,,,,drain#350094279
27946172-x1,27946172,,residential,dip,waterway_crossing,162,12.943006,77.623277,,,,,drain:K113#350053034
27994955-x1,27994955,4th Cross LIC Colony,residential,culvert,waterway_crossing,490,12.929726,77.591693,,,,,drain:K207#514073943
28065701-x1,28065701,Veerasagara Main Road,tertiary,culvert,waterway_crossing,1579,13.103419,77.55928,,,,,stream#1308137488
28066028-x1,28066028,Pipeline Road,secondary,dip,waterway_crossing,2374,13.003723,77.544016,,,,,drain:V203#94441427
28071000-x1,28071000,Ramachandrapura Road,tertiary,dip,waterway_crossing,760,13.060156,77.551376,,,,,drain#1380595582
28087935-x1,28087935,17th Main Road,tertiary,culvert,waterway_crossing,680,12.912397,77.591479,,,,,drain:K209#1561496765
28091269-x1,28091269,,residential,dip,waterway_crossing,1003,13.074468,77.754907,,,,,drain:BD412#1092941889
28091359-x1,28091359,,tertiary,dip,waterway_crossing,491,13.152626,77.771953,,,,,river:Dakshina Pinakini#506094997
28103662-x1,28103662,Begur-Koppa Road,secondary,culvert,waterway_crossing,4531,12.802194,77.62599,,,,,ditch#1227770325
28126084-x1,28126084,17th B Main Road,residential,dip,waterway_crossing,163,12.935243,77.621003,,,,,drain:K101#673948795
28126098-x1,28126098,4th Cross Road,residential,dip,waterway_crossing,245,12.935309,77.621746,,,,,drain:K101#673948795
28126844-x1,28126844,Palm Grove Road,tertiary,culvert,waterway_crossing,302,12.964622,77.614454,,,,,drain:K103#362418048
28186705-x1,28186705,6th Cross Road,tertiary,dip,waterway_crossing,522,12.938247,77.623596,,,,,drain:K101#673948795
28186795-x1,28186795,5th Cross Road,residential,dip,waterway_crossing,258,12.938073,77.623036,,,,,drain:K101#673948795
28186897-x1,28186897,,residential,dip,waterway_crossing,83,12.937026,77.612924,,,,,drain:K101#673948795
28187134-x1,28187134,13th Cross Road,residential,dip,waterway_crossing,341,12.907393,77.593691,,,,,drain:K209#176049416
28262948-x1,28262948,20th Main Road,residential,dip,waterway_crossing,584,12.914548,77.645356,,,,,drain#90843339
28451872,28451872,Domlur Flyover Ramp,primary_link,low_bridge,bridge_over_water,346,12.960852,77.643324,,yes,1,,
28678738-x1,28678738,5th Main Road,residential,culvert,waterway_crossing,239,12.955859,77.642665,,,,,drain#1453259920
28678743-x1,28678743,7th Main Road,residential,culvert,waterway_crossing,179,12.955142,77.641973,,,,,drain#1453259918
28678745-x1,28678745,6th Main Road,residential,dip,waterway_crossing,184,12.955497,77.642316,,,,,drain#158396755
28709469,28709469,HAL Old Airport Road,primary,low_bridge,bridge_over_water,47,12.960457,77.642644,,yes,1,,
28709483,28709483,HAL Old Airport Road,primary,low_bridge,bridge_over_water,48,12.960616,77.642703,,yes,1,,
28710675,28710675,KGA  Road,residential,low_bridge,bridge_over_water,20,12.957318,77.644642,,yes,,,
28834026,28834026,2nd Cross Road,residential,low_bridge,bridge_over_water,24,12.963042,77.63803,,yes,1,,
28842919,28842919,Bannerghatta Road,secondary,low_bridge,bridge_over_water,26,12.950477,77.60339,,yes,1,,
29457064-x1,29457064,60 Feet Road,unclassified,culvert,waterway_crossing,502,12.963322,77.708513,,,,,drain#414833861
29709611-x1,29709611,Raghavendraswamy Mutt Road,residential,culvert,waterway_crossing,362,12.937165,77.542411,,,,,drain:V300#224319509
29709778-x1,29709778,Venkatesh Murthy Road,residential,culvert,waterway_crossing,468,12.937789,77.540058,,,,,drain:V300#224319509
30064644,30064644,17th Cross Road,tertiary,dip,flood_prone=yes,104,12.956746,77.721899,,,,yes,
30064847-x1,30064847,Ramagondanahalli Borewell Road,tertiary,culvert,waterway_crossing,1377,12.965805,77.742814,,,,,drain#677294175
30327806,30327806,,primary,low_bridge,bridge_over_water,61,13.041601,77.641818,,yes,1,,
30413395,30413395,Thanisandra Main Road,primary,low_bridge,bridge_over_water,21,13.045649,77.627487,,yes,1,,
30413415,30413415,8th Main Road,residential,low_bridge,bridge_over_water,26,13.033291,77.625651,,yes,1,,
30414170-x1,30414170,Horamavu Agara Road,tertiary,culvert,waterway_crossing,173,13.039002,77.643769,,,,,drain:H400#800107897
30842912,30842912,Lazar Road Underpass,primary,underpass,tunnel=yes;layer<0,36,12.999854,77.619981,yes,,-1,,
30877924-x1,30877924,Swamy Vivekananda Road,primary,dip,waterway_crossing,681,12.982646,77.635867,,,,,drain:C104#331683297
30908178,30908178,,tertiary,low_bridge,bridge_over_water,20,13.039948,77.629201,,yes,1,,
30908341-x1,30908341,Bens Satya Drive,residential,dip,waterway_crossing,258,13.043837,77.640141,,,,,drain#1510600887
31229972,31229972,18th Main Road,residential,dip,flood_prone=yes,180,12.962465,77.643072,,,,yes,
31564399-x1,31564399,80 Feet Main Road,primary,culvert,waterway_crossing,544,13.023592,77.629606,,,,,drain:Drain#1157843398
31565210-x1,31565210,5th Main Road,tertiary,culvert,waterway_crossing,474,13.023433,77.639747,,,,,drain#1266189543
31565291-x1,31565291,Service Road,tertiary,culvert,waterway_crossing,2090,13.023243,77.645087,,,,,drain:H400#687173293
31783250-x1,31783250,Avalahalli Main Road,secondary,dip,waterway_crossing,242,13.052431,77.678942,,,,,drain:BD418#675502113
32264024-x1,32264024,3rd Cross Road,residential,culvert,waterway_crossing,358,12.913331,77.590597,,,,,drain:K209#1561496763
32426095-x1,32426095,,residential,culvert,waterway_crossing,124,12.918419,77.587277,,,,,drain:K209#133134239
33133177-x1,33133177,Tank Bund Road,tertiary,culvert,waterway_crossing,485,13.037781,77.568575,,,,,drain:H201#1199351495
33300401-x1,33300401,,unclassified,culvert,waterway_crossing,136,12.971452,77.717333,,,,,drain#414833862
33725145-x1,33725145,Stephens Road,residential,culvert,waterway_crossing,541,12.998314,77.616627,,,,,drain:C200#1092251268
33819231,33819231,,tertiary,dip,flood_prone=yes,64,13.048101,77.619753,,,,yes,
33819231-x1,33819231,,tertiary,dip,waterway_crossing,64,13.048101,77.619753,,,,yes,drain#558306934
33834052-x1,33834052,Thanisandra Main Road,primary,culvert,waterway_crossing,1090,13.05115,77.630896,,,,,drain#1343767221
34161415-x1,34161415,,service,culvert,waterway_crossing,404,13.042085,77.615005,,,,,drain#1343677896
34167478-x1,34167478,2nd Cross,residential,dip,waterway_crossing,286,13.049662,77.628067,,,,,drain:BP184#558313914
34471384-x1,34471384,1st Main Road,tertiary,dip,waterway_crossing,349,12.935054,77.615162,,,,,drain:K101#673948795
34869387-x1,34869387,,tertiary,culvert,waterway_crossing,2575,13.153639,77.571386,,,,,drain#1286741557
35030040-x1,35030040,K. Narayanapura Main Road,tertiary,culvert,waterway_crossing,1749,13.062144,77.642064,,,,,drain:BP194#792505594
35030417-x1,35030417,Kogilu Main Road,secondary,culvert,waterway_crossing,1033,13.104517,77.610472,,,,,drain#1109957622
35911229,35911229,Avalahalli Main Road,secondary,low_bridge,bridge_over_water,23,13.055074,77.66395,,yes,1,,
35912016-x1,35912016,,tertiary,culvert,waterway_crossing,1750,13.072522,77.678073,,,,,stream#675665443
35933717-x1,35933717,Rampura Main Road,secondary,culvert,waterway_crossing,2065,13.052435,77.695813,,,,,stream#794370187
36054475-x1,36054475,3rd Main Road,residential,culvert,waterway_crossing,616,12.975765,77.64482,,,,,drain#1337321725
36054721-x1,36054721,4th Main Road,residential,culvert,waterway_crossing,476,12.975116,77.644965,,,,,drain#1337321725
36332257-x1,36332257,Rest House Crescent Road,residential,dip,waterway_crossing,362,12.974006,77.604131,,,,,drain:K103#1092674470
36721603,36721603,Vatal Nagaraj Road,secondary,low_bridge,bridge_over_water,20,12.982642,77.561679,,yes,1,,
36732218-x1,36732218,B. Narayana Swamappa Road,tertiary,dip,waterway_crossing,1176,13.022128,77.556463,,,,,drain:H200#674362389
36732218-x2,36732218,B. Narayana Swamappa Road,tertiary,dip,waterway_crossing,1176,13.024925,77.557455,,,,,drain:H204#674362387
36732218-x3,36732218,B. Narayana Swamappa Road,tertiary,dip,waterway_crossing,1176,13.030913,77.559943,,,,,drain:H203#1203755358
36732221-x1,36732221,LCR School Road,tertiary,dip,waterway_crossing,927,13.027784,77.555743,,,,,drain:H200#46918823
36732222-x1,36732222,Triveni Road,tertiary,culvert,waterway_crossing,800,13.023871,77.559602,,,,,drain:H204#1227719687
36732223-x1,36732223,,residential,dip,waterway_crossing,458,13.022253,77.556022,,,,,drain:H200#674362389
36732224-x1,36732224,,residential,dip,waterway_crossing,493,13.025161,77.556289,,,,,drain:H200#46918823
36732226-x1,36732226,8th Cross Road,residential,dip,waterway_crossing,770,13.032251,77.553737,,,,,drain:H200#46918823
36732233-x1,36732233,,residential,dip,waterway_crossing,337,13.021889,77.561638,,,,,drain:H204#674362386
36771116-x1,36771116,Palace Guttahalli Main Road,tertiary,dip,waterway_crossing,136,12.998933,77.573917,,,,,drain:Vrishabhavathi#335169250
36771118-x1,36771118,Nagappa Street,residential,dip,waterway_crossing,512,12.994862,77.578147,,,,,drain:V110#38536005
36777673-x1,36777673,7th Cross Road,residential,dip,waterway_crossing,157,12.99839,77.573846,,,,,drain:Vrishabhavathi#335169250
36777700-x1,36777700,5th Temple Street,residential,dip,waterway_crossing,269,13.004376,77.573629,,,,,drain#673625077
36777736-x1,36777736,13th Cross Road,residential,dip,waterway_crossing,123,13.003276,77.572673,,,,,drain#673625077
36777738-x1,36777738,4th Temple Street,residential,dip,waterway_crossing,345,13.001034,77.573439,,,,,drain:Vrishabhavathi#335169250
36777740-x1,36777740,4th Temple Street,residential,dip,waterway_crossing,314,13.003467,77.573219,,,,,drain#673625077
36885144,36885144,BGS Flyover,trunk,low_bridge,bridge_over_water,687,12.964098,77.576915,,yes,1,,
36897659-x1,36897659,Old Tharugupete Road,tertiary,dip,waterway_crossing,384,12.968344,77.574867,,,,,drain:K100#673670438
36897660-x1,36897660,Gundopanth Street,residential,dip,waterway_crossing,392,12.967827,77.574603,,,,,drain:K100#673670438
36897684-x1,36897684,SJP Road,primary,dip,waterway_crossing,91,12.964454,77.577442,,,,,drain:K100#673670439
36907572-x1,36907572,,residential,dip,waterway_crossing,195,12.965562,77.575276,,,,,drain:K100#673670438
36912473-x1,36912473,Crescent Road,residential,culvert,waterway_crossing,544,12.987464,77.582637,,,,,drain#1342976509
36913434-x1,36913434,Kasturba Road,secondary,dip,waterway_crossing,717,12.972356,77.59425,,,,,drain#1368123121
36913445-x1,36913445,Seppings Road,tertiary,dip,waterway_crossing,919,12.986521,77.608408,,,,,drain:C100#363618852
36926678-x1,36926678,1st Street,residential,dip,waterway_crossing,304,12.986629,77.605376,,,,,drain:C100#363618852
36957710-x1,36957710,,tertiary,underpass,under_rail_bridge,989,12.985618,77.569871,,,,,railway#55135352
36957710-x2,36957710,,tertiary,underpass,under_rail_bridge,989,12.985618,77.569871,,,,,railway#55135357
36957710-x3,36957710,,tertiary,underpass,under_rail_bridge,989,12.985618,77.569871,,,,,railway#55135388
36982887-x1,36982887,M V Jayaram Road,tertiary,dip,waterway_crossing,396,12.994429,77.594125,,,,,drain:C100#36883838
36987778-x1,36987778,,track,culvert,waterway_crossing,1276,13.049006,77.587183,,,,,drain:H207#1460084772
37107055-x1,37107055,B Srinivas Murthy Road,tertiary,dip,waterway_crossing,439,13.0338,77.553843,,,,,drain:H203#1203755358
37107187-x1,37107187,4th Main Road,residential,dip,waterway_crossing,634,13.031496,77.569596,,,,,drain:H202#674383494
37107962-x1,37107962,HMT Main Road,tertiary,dip,waterway_crossing,668,13.046412,77.541657,,,,,drain:H205#674362394
37110887-x1,37110887,Artillery Road,residential,dip,waterway_crossing,761,12.968146,77.626548,,,,,drain:C106#675252713
37111697,37111697,,tertiary,underpass,tunnel=yes;layer<0,10,12.994559,77.629113,yes,,-1,,
37238647-x1,37238647,Chikka Banavar Railway Station Road - Mallasandra Main Road,tertiary,culvert,waterway_crossing,2690,13.060793,77.513538,,,,,drain#1505643984
37238647-x2,37238647,Chikka Banavar Railway Station Road - Mallasandra Main Road,tertiary,dip,waterway_crossing,2690,13.060202,77.512597,,,,,drain#1381021042
37351647-x1,37351647,Konanakunte-Uttarahalli Road,secondary,culvert,waterway_crossing,2036,12.902067,77.544352,,,,,drain#1184436588
37351652-x1,37351652,Pipeline Road,tertiary,culvert,waterway_crossing,658,12.902725,77.56274,,,,,drain#1270568406
37351652-x2,37351652,Pipeline Road,tertiary,culvert,waterway_crossing,658,12.903284,77.56339,,,,,drain#1270568462
37450483-x1,37450483,5th Cross Road,residential,dip,waterway_crossing,577,12.934036,77.629096,,,,,drain#674356912
37593238-x1,37593238,Kalkere Main road,tertiary,dip,waterway_crossing,749,13.012078,77.678592,,,,,drain#675250064
37703206-x1,37703206,3rd Cross Road,residential,culvert,waterway_crossing,529,13.004491,77.661549,,,,,drain#1276035596
37703207-x1,37703207,2nd Cross Road,tertiary,culvert,waterway_crossing,403,13.003724,77.663072,,,,,drain#1535119247
37703208-x1,37703208,3rd A Cross Road,residential,culvert,waterway_crossing,467,13.005119,77.661278,,,,,drain#1276035608
37703209-x1,37703209,3rd Cross Road,residential,culvert,waterway_crossing,550,13.005221,77.662428,,,,,drain#1276035610
37703216-x1,37703216,2nd A Cross Road,residential,culvert,waterway_crossing,165,13.003588,77.661712,,,,,drain#1535119247
37703219-x1,37703219,2nd B Cross Road,residential,culvert,waterway_crossing,139,13.003873,77.661665,,,,,drain#1276035614
37723293-x1,37723293,4th Cross Road,tertiary,culvert,waterway_crossing,796,13.006085,77.659476,,,,,drain#1276035602
37723317-x1,37723317,2nd A Main Road,residential,culvert,waterway_crossing,182,13.005716,77.660298,,,,,drain#1276035606
37723370-x1,37723370,1st Cross Road,residential,culvert,waterway_crossing,146,13.007372,77.658829,,,,,drain#1276035598
37723409-x1,37723409,2nd Main Road,residential,dip,waterway_crossing,337,12.992854,77.666907,,,,,drain#675271461
37723412-x1,37723412,1st Cross Road,residential,dip,waterway_crossing,105,12.99271,77.666628,,,,,drain#675271461
37723415-x1,37723415,10th Cross Road,residential,dip,waterway_crossing,82,12.993717,77.667298,,,,,drain#675271461
37723417-x1,37723417,,residential,dip,waterway_crossing,92,12.992216,77.666287,,,,,drain#675271461
37723418-x1,37723418,,residential,dip,waterway_crossing,79,12.99192,77.666579,,,,,drain#675271461
37723419-x1,37723419,,residential,dip,waterway_crossing,61,12.991729,77.666874,,,,,drain#675271461
37723420-x1,37723420,,residential,dip,waterway_crossing,53,12.991486,77.667084,,,,,drain#675271461
37723421-x1,37723421,,residential,dip,waterway_crossing,39,12.991273,77.66735,,,,,drain#675271461
37723516-x1,37723516,Basavanapura Main Road,tertiary,dip,waterway_crossing,832,13.009318,77.698096,,,,,drain#679270111
37785986-x1,37785986,Oil Mill Road,tertiary,dip,waterway_crossing,1012,13.012645,77.628711,,,,,drain:H300#673959386
37786163-x1,37786163,JSS Public School Road,residential,dip,waterway_crossing,516,13.023518,77.628415,,,,,drain:Drain#675243882
37786164-x1,37786164,Sri Ganapathi Temple Road,tertiary,dip,waterway_crossing,818,13.023404,77.627063,,,,,drain:Drain#675243882
37786361-x1,37786361,3rd Cross Road,residential,dip,waterway_crossing,607,12.933821,77.627998,,,,,drain#674356912
37786362-x1,37786362,4th Cross Road,residential,dip,waterway_crossing,263,12.933357,77.628832,,,,,drain#674356912
37931350,37931350,,service,underpass,tunnel=yes;layer<0,59,13.014551,77.568965,yes,,-1,,
37938601-x1,37938601,8th Main Road,residential,culvert,waterway_crossing,640,12.996884,77.654234,,,,,drain#1354126747
38042857-x1,38042857,6th Main Road,residential,dip,waterway_crossing,242,12.955142,77.56499,,,,,drain:V120#673852971
38044471-x1,38044471,14th Main Road,tertiary,culvert,waterway_crossing,334,13.004698,77.540919,,,,,drain:V203#94441439
38116738-x1,38116738,1st Main Road,tertiary,culvert,waterway_crossing,611,13.041577,77.582655,,,,,drain:H207#1203755356
38415991-x1,38415991,5th A Main Road,residential,culvert,waterway_crossing,321,13.023239,77.640216,,,,,drain#1266189543
38415993-x1,38415993,,residential,culvert,waterway_crossing,254,13.022373,77.6426,,,,,drain#1266189543
38416001-x1,38416001,5th D Main Road,residential,culvert,waterway_crossing,250,13.018818,77.640895,,,,,drain:H401#675933728
38534101-x1,38534101,,tertiary,culvert,waterway_crossing,1252,12.896705,77.631337,,,,,drain#796870557
38535116-x1,38535116,4th Cross Road,residential,dip,waterway_crossing,119,12.996463,77.574822,,,,,drain:Vrishabhavathi#335169250
38535526-x1,38535526,,residential,dip,waterway_crossing,103,12.999262,77.57315,,,,,drain:Vrishabhavathi#335169250
38535895-x1,38535895,,residential,dip,waterway_crossing,88,12.992408,77.572846,,,,,drain:Vrishabhavathi#330226513
38536004-x1,38536004,1st Main Road,residential,dip,waterway_crossing,268,12.995624,77.576465,,,,,drain:V110#38536005
38537989-x1,38537989,,residential,dip,waterway_crossing,432,12.990239,77.562371,,,,,drain:V113#1249789892
38537989-x2,38537989,,residential,culvert,waterway_crossing,432,12.990239,77.562371,,,,,drain:V113#1249789893
38537989-x3,38537989,,residential,culvert,waterway_crossing,432,12.99028,77.561584,,,,,drain:V112#1249789881
38537992-x1,38537992,,residential,culvert,waterway_crossing,143,12.989237,77.561223,,,,,drain:V112#1249789883
38538379-x1,38538379,,residential,dip,waterway_crossing,301,12.98556,77.56611,,,,,drain:V111#1203925648
38540559-x1,38540559,,residential,dip,waterway_crossing,388,12.969352,77.573033,,,,,drain:K100#673670438
38540565-x1,38540565,,residential,dip,waterway_crossing,355,12.968099,77.57475,,,,,drain:K100#673670438
38540603-x1,38540603,,residential,dip,waterway_crossing,274,12.972058,77.572511,,,,,drain:K100#673670438
38540604-x1,38540604,,residential,dip,waterway_crossing,74,12.970596,77.572194,,,,,drain:K100#673670438
38541526-x1,38541526,Kashi Vishveshwara Temple Street,residential,dip,waterway_crossing,412,12.970396,77.572614,,,,,drain:K100#673670438
38674067-x1,38674067,4th Main Road,tertiary,dip,waterway_crossing,367,12.961168,77.526658,,,,,drain:V207#437848266
38674084-x1,38674084,,residential,dip,waterway_crossing,567,12.963616,77.526741,,,,,drain:V207#437848266
38684972-x1,38684972,Millers Road,primary,dip,waterway_crossing,334,12.99266,77.594955,,,,,drain:C100#36883838
38753426-x1,38753426,Hosur Road,tertiary,culvert,waterway_crossing,55,12.856941,77.663435,,,,,ditch#1071407126
38757896-x1,38757896,,residential,dip,waterway_crossing,53,12.96702,77.594615,,,,,drain:K109#673640933
38757903-x1,38757903,B T Muniyappa Road,residential,dip,waterway_crossing,359,12.966236,77.593744,,,,,drain:K109#673640933
38762865-x1,38762865,,residential,dip,waterway_crossing,310,12.956248,77.597503,,,,,drain:K114#1093523672
38762870-x1,38762870,,residential,dip,waterway_crossing,376,12.959826,77.599005,,,,,drain:K114#1093523672
38762872-x1,38762872,,residential,dip,waterway_crossing,185,12.959514,77.59894,,,,,drain:K114#1093523672
38762881-x1,38762881,,residential,dip,waterway_crossing,243,12.956659,77.597023,,,,,drain:K114#1093523672
38766657-x1,38766657,2nd Cross Road,residential,dip,waterway_crossing,357,12.960434,77.599131,,,,,drain:K114#1093523672
38771628-x1,38771628,,tertiary,dip,waterway_crossing,606,12.95378,77.6246,,,,,drain#1316321293
38771640-x1,38771640,,residential,culvert,waterway_crossing,321,12.95279,77.624337,,,,,drain#1316321296
38773840-x1,38773840,8th Cross Road,residential,dip,waterway_crossing,516,12.949505,77.596529,,,,,drain:K108#131645659
38872986-x1,38872986,13th Cross Road,residential,dip,waterway_crossing,165,12.993653,77.594291,,,,,drain:C100#36883838
38968967-x1,38968967,80 Feet Road,tertiary,dip,waterway_crossing,938,13.018296,77.543759,,,,,drain:V204#1239610855
38969319-x1,38969319,,residential,culvert,waterway_crossing,798,13.02065,77.537871,,,,,drain:V205#1096179928
38978162-x1,38978162,,residential,dip,waterway_crossing,194,13.021541,77.555407,,,,,drain:H200#674362389
38978166-x1,38978166,,residential,dip,waterway_crossing,206,13.020672,77.555841,,,,,drain:H200#674362389
38978170-x1,38978170,,residential,dip,waterway_crossing,209,13.025161,77.556289,,,,,drain:H200#46918823
38978171-x1,38978171,,residential,dip,waterway_crossing,535,13.023966,77.557696,,,,,drain:H200#674362389
38978172-x1,38978172,,residential,dip,waterway_crossing,565,13.024605,77.556749,,,,,drain:H200#674362389
38978202-x1,38978202,,residential,culvert,waterway_crossing,676,13.024212,77.559322,,,,,drain:H204#1095085810
38978237-x1,38978237,,residential,dip,waterway_crossing,198,13.028131,77.555777,,,,,drain:H200#46918823
38978239-x1,38978239,,residential,dip,waterway_crossing,221,13.027053,77.555629,,,,,drain:H200#46918823
38978240-x1,38978240,,residential,dip,waterway_crossing,233,13.026807,77.5556,,,,,drain:H200#46918823
38978244-x1,38978244,,residential,dip,waterway_crossing,113,13.025849,77.555772,,,,,drain:H200#46918823
38978269-x1,38978269,8th Main Road,tertiary,culvert,waterway_crossing,1093,13.032789,77.548018,,,,,drain#1199357657
38978283-x1,38978283,19th Cross Road,residential,dip,waterway_crossing,135,13.031025,77.554822,,,,,drain:H200#46918823
38978288-x1,38978288,,residential,dip,waterway_crossing,146,13.028825,77.555522,,,,,drain:H200#46918823
38978289-x1,38978289,,residential,dip,waterway_crossing,84,13.028298,77.555609,,,,,drain:H200#46918823
38978292,38978292,,residential,underpass,layer<0,51,13.026468,77.559606,,,-1,,
38978300-x1,38978300,,residential,dip,waterway_crossing,198,13.026146,77.555599,,,,,drain:H200#46918823
38978303-x1,38978303,,residential,dip,waterway_crossing,101,13.027523,77.555685,,,,,drain:H200#46918823
38978574-x1,38978574,14th Main Road,residential,dip,waterway_crossing,213,13.033098,77.557635,,,,,drain:H203#1203755358
38978575-x1,38978575,60 Feet Road,residential,dip,waterway_crossing,288,13.032484,77.558823,,,,,drain:H203#1203755358
38978590-x1,38978590,,residential,dip,waterway_crossing,209,13.033614,77.555622,,,,,drain:H203#1203755358
39673236,39673236,Wheeler Road Flyover,secondary,low_bridge,bridge_over_water,660,12.998047,77.622048,,yes,1,,
40583932-x1,40583932,,residential,dip,waterway_crossing,231,13.026625,77.62009,,,,,drain:Drain#350182320
40629483-x1,40629483,17th A Cross Road,residential,dip,waterway_crossing,333,12.927583,77.570782,,,,,drain:V304#604000949
40633857-x1,40633857,Marenahalli Road,primary,culvert,waterway_crossing,1185,12.916935,77.589507,,,,,drain:K209#133134239
40692574,40692574,Jayadeva Hospital Underpass,primary,underpass,tunnel=yes;layer<0,140,12.917333,77.599932,yes,,-1,,
40692577,40692577,Jayadeva Hospital Underpass,primary,underpass,tunnel=yes;layer<0,141,12.91606,77.600011,yes,,-1,,
40696221,40696221,Silk Board Flyover,trunk,low_bridge,bridge_over_water,454,12.918044,77.622339,,yes,1,,
40696222,40696222,Silk Board Flyover,trunk,low_bridge,bridge_over_water,453,12.917197,77.622735,,yes,1,,
40696226-x1,40696226,Service Road,tertiary,dip,waterway_crossing,1548,12.902061,77.632185,,,,,drain#236730227
41192902-x1,41192902,,residential,dip,waterway_crossing,208,12.929284,77.570675,,,,,drain:V304#604000949
41192909-x1,41192909,1st Main Road,residential,culvert,waterway_crossing,642,12.927419,77.55771,,,,,drain:V304#41192908
41196241-x1,41196241,16th Main Road,residential,dip,waterway_crossing,242,12.920598,77.556528,,,,,drain:V305#1203925643
41196279-x1,41196279,,residential,dip,waterway_crossing,189,12.920689,77.556546,,,,,drain:V305#1203925643
41196366-x1,41196366,50 Feet Road,residential,culvert,waterway_crossing,208,12.934948,77.550755,,,,,drain:V300#224319509
41678590-x1,41678590,Varthur - Sarjapur Road,primary,culvert,waterway_crossing,4495,12.913221,77.739592,,,,,drain#1112430288
41678590-x2,41678590,Varthur - Sarjapur Road,primary,dip,waterway_crossing,4495,12.914742,77.738738,,,,,drain#1364937268
41678590-x3,41678590,Varthur - Sarjapur Road,primary,culvert,waterway_crossing,4495,12.918722,77.736548,,,,,drain#1499661041
42014423-x1,42014423,,residential,dip,waterway_crossing,762,13.046244,77.538649,,,,,drain:H205#674362394
42375972-x1,42375972,10th Main Road,residential,dip,waterway_crossing,413,13.030558,77.560199,,,,,drain:H203#1203755358
42375977-x1,42375977,1st Main Road,residential,dip,waterway_crossing,233,13.028979,77.561102,,,,,drain:H203#1203755358
42376000,42376000,,residential,underpass,layer<0,64,13.03098,77.56043,,,-1,,
42376028,42376028,Ramaiah Bridge,secondary,low_bridge,bridge_over_water,322,13.038243,77.557405,,yes,1,,
42376058-x1,42376058,,residential,culvert,waterway_crossing,185,13.037367,77.554713,,,,,drain:H200#1317566192
42377468-x1,42377468,2nd Cross Road,residential,dip,waterway_crossing,293,13.030283,77.573666,,,,,drain:H201#674383488
42377471-x1,42377471,3rd Cross Road,residential,dip,waterway_crossing,306,13.030208,77.574263,,,,,drain:H201#674383488
42377474-x1,42377474,Anjaneya Temple Road,residential,dip,waterway_crossing,46,13.0274,77.5742,,,,,drain:H201#674383488
42377475-x1,42377475,Tank Bund Road(4th Cross Road),tertiary,culvert,waterway_crossing,389,13.034346,77.57017,,,,,drain:H201#1199351483
42377478-x1,42377478,3rd A Cross Road,residential,culvert,waterway_crossing,167,13.035146,77.569635,,,,,drain:H201#1199351491
42377480-x1,42377480,1st Cross Road,residential,dip,waterway_crossing,238,13.032516,77.570315,,,,,drain:H202#674383494
42377498-x1,42377498,3rd Main Road,residential,culvert,waterway_crossing,263,13.035737,77.569717,,,,,drain:H201#1199351497
42377907-x1,42377907,4th Cross Road,residential,dip,waterway_crossing,105,13.032486,77.572407,,,,,drain:H201#674383488
42395499-x1,42395499,4th Main Road,residential,culvert,waterway_crossing,797,13.024907,77.589862,,,,,drain:H103#1203755352
42396278-x1,42396278,7th Main Road,residential,culvert,waterway_crossing,230,13.034517,77.579956,,,,,drain#1349910497
42397778-x1,42397778,5th Cross Road,residential,culvert,waterway_crossing,318,13.042039,77.580564,,,,,drain:H207#1203755356
42397782-x1,42397782,6th Main Road,residential,culvert,waterway_crossing,229,13.034426,77.58096,,,,,drain#1349910497
42397783-x1,42397783,5th Main Road,residential,culvert,waterway_crossing,228,13.034044,77.580802,,,,,drain#1349910497
42397795-x1,42397795,1st Main Road,residential,culvert,waterway_crossing,324,13.03638,77.580226,,,,,drain#1349910497
42397807-x1,42397807,2nd Cross Road,residential,culvert,waterway_crossing,322,13.040528,77.58147,,,,,drain#1378572827
42397808-x1,42397808,3rd Cross Road,residential,culvert,waterway_crossing,265,13.040089,77.581884,,,,,drain#1378572827
42397810-x1,42397810,6th Cross Road,residential,culvert,waterway_crossing,220,13.039124,77.581343,,,,,drain#1378572823
42397813-x1,42397813,4th Cross Road,residential,culvert,waterway_crossing,123,13.039862,77.581068,,,,,drain#1378572826
42397818-x1,42397818,1st Cross Road,residential,culvert,waterway_crossing,162,13.040821,77.582133,,,,,drain#1378572827
42399828-x1,42399828,5th B Cross Road,residential,culvert,waterway_crossing,101,13.041616,77.578894,,,,,drain:H207#1203755356
42399829-x1,42399829,5th C Cross Road,residential,culvert,waterway_crossing,96,13.041667,77.57865,,,,,drain:H207#1203755356
42399830-x1,42399830,5th D Cross Road,residential,culvert,waterway_crossing,92,13.041721,77.578364,,,,,drain:H207#1203755356
42399832-x1,42399832,,residential,culvert,waterway_crossing,108,13.042485,77.579492,,,,,drain:H207#1203755356
42399834-x1,42399834,2nd Cross Road,residential,culvert,waterway_crossing,112,13.042629,77.577276,,,,,drain:H207#1203755356
42434229-x1,42434229,6th Main Road,residential,dip,waterway_crossing,282,12.988728,77.544878,,,,,drain:V116#1092672114
43263067-x1,43263067,,tertiary,culvert,waterway_crossing,3715,13.088946,77.665515,,,,,stream#675665433
43263072-x1,43263072,Chikkagubbi Main Road,secondary,culvert,waterway_crossing,1968,13.081949,77.668005,,,,,stream:BD417#675665440
43263799-x1,43263799,,secondary,culvert,waterway_crossing,1438,13.076153,77.747405,,,,,drain:BD412#1231013271
43317277-x1,43317277,1st Cross Road,residential,culvert,waterway_crossing,764,13.028244,77.688238,,,,,drain#788590253
43317290-x1,43317290,Varanasi Main Road,tertiary,culvert,waterway_crossing,728,13.031376,77.685118,,,,,drain#788401123
43317631-x1,43317631,,tertiary,culvert,waterway_crossing,2069,13.089317,77.665957,,,,,ditch#675665437
43825159-x1,43825159,Kogilu-Sampigehalli Road,tertiary,dip,waterway_crossing,1986,13.088356,77.619054,,,,,drain#1182951709
43825213-x1,43825213,,residential,dip,waterway_crossing,150,13.102616,77.604823,,,,,drain#1137981508
43990925-x1,43990925,,tertiary,dip,waterway_crossing,2712,13.173853,77.702817,,,,,drain#1296088609
43990925-x2,43990925,,tertiary,dip,waterway_crossing,2712,13.17347,77.697343,,,,,drain#1303880893
44166769-x1,44166769,,tertiary,dip,waterway_crossing,972,13.175286,77.651528,,,,,stream#172937215
44227133-x1,44227133,Budigere Road,primary,dip,waterway_crossing,906,13.184283,77.701879,,,,,drain#1303880904
44227179-x1,44227179,,tertiary,dip,waterway_crossing,1247,13.180654,77.714346,,,,,drain#1452259060
44546981-x1,44546981,,unclassified,dip,waterway_crossing,1317,13.117616,77.762548,,,,,river:Dakshina Pinakini#506094997
44720743-x1,44720743,5th Cross Road,residential,dip,waterway_crossing,910,12.952769,77.656193,,,,,drain:C103#133882612
45193613-x1,45193613,Kodipalya Road,secondary,dip,waterway_crossing,1135,12.892881,77.486353,,,,,drain#1281359324
45194398-x1,45194398,27th Cross Road,secondary,dip,waterway_crossing,350,12.904745,77.644356,,,,,drain#673673539
45194562-x1,45194562,22nd Cross Road,tertiary,culvert,waterway_crossing,18,12.909109,77.644309,,,,,drain#350185231
45194975-x1,45194975,Nallurahalli Road,tertiary,culvert,waterway_crossing,1060,12.972633,77.734481,,,,,drain#677293845
45241936-x1,45241936,16th Cross Road,tertiary,dip,waterway_crossing,372,13.006346,77.573572,,,,,drain#673625077
45245067-x1,45245067,8th Main Road,tertiary,culvert,waterway_crossing,502,13.074509,77.563827,,,,,drain#675649187
45246345-x1,45246345,,tertiary,dip,waterway_crossing,135,13.066952,77.530541,,,,,drain#674735140
45246519-x1,45246519,Abbigere Main Road,secondary,culvert,waterway_crossing,3298,13.080054,77.508914,,,,,drain#1507512176
45246720-x1,45246720,Lakshmipura Road,tertiary,dip,waterway_crossing,2573,13.080409,77.530429,,,,,drain#674735132
45258791-x1,45258791,,residential,culvert,waterway_crossing,522,13.086151,77.540907,,,,,drain#675686738
45297816-x1,45297816,15th Cross Road,tertiary,dip,waterway_crossing,868,13.005417,77.573586,,,,,drain#673625077
45332105-x1,45332105,10th Cross Road,residential,dip,waterway_crossing,441,13.001034,77.573774,,,,,drain:Vrishabhavathi#335169250
45504074-x1,45504074,NICE Road,motorway,dip,waterway_crossing,4743,12.979373,77.470885,,,,,drain#1548740974
45738106-x1,45738106,1 Cross Road,residential,culvert,waterway_crossing,1008,13.032752,77.600342,,,,,drain:H101#682369893
45738132-x1,45738132,Ganganagara 5th Main Road,tertiary,culvert,waterway_crossing,693,13.024603,77.589236,,,,,drain:H104#675496530
45738132-x2,45738132,Ganganagara 5th Main Road,tertiary,culvert,waterway_crossing,693,13.02459,77.590182,,,,,drain:H103#1203755352
45738186-x1,45738186,4th Main Road,residential,culvert,waterway_crossing,345,13.033112,77.599225,,,,,drain:H104#675496504
45738836-x1,45738836,2nd Main Road,tertiary,culvert,waterway_crossing,741,13.016752,77.596456,,,,,drain:H101#682369895
45739925-x1,45739925,,residential,culvert,waterway_crossing,168,13.018909,77.597555,,,,,drain:H101#682369897
45739993-x1,45739993,,residential,culvert,waterway_crossing,335,13.023686,77.588671,,,,,drain:H104#675496528
45740007-x1,45740007,1st Main Road,residential,culvert,waterway_crossing,544,13.022737,77.588428,,,,,drain:H104#675496526
45740307-x1,45740307,2nd Cross Road,residential,culvert,waterway_crossing,158,13.024559,77.590179,,,,,drain:H103#1203755352
46418431,46418431,Bellary Road,trunk,low_bridge,bridge_over_water,764,13.181057,77.639053,,yes,1,,
46704053,46704053,Maharani College Underpass,secondary,underpass,tunnel=yes;layer<0,26,12.978063,77.584432,yes,,-5,,
46728021-x1,46728021,Millers Tank Bund Road,tertiary,culvert,waterway_crossing,337,12.990719,77.596328,,,,,drain:C100#673682030
46951274-x1,46951274,,residential,dip,waterway_crossing,378,13.012265,77.493289,,,,,drain#675669765
46951464-x1,46951464,,residential,culvert,waterway_crossing,213,13.026509,77.529536,,,,,drain:Nagarabhavi Thorai#674181132
46952990-x1,46952990,,residential,culvert,waterway_crossing,213,13.018607,77.641223,,,,,drain:H401#675933728
46952994-x1,46952994,7th A Main Road,residential,culvert,waterway_crossing,181,13.019124,77.643783,,,,,drain:H401#1316084270
46952995-x1,46952995,,residential,culvert,waterway_crossing,169,13.018016,77.644193,,,,,drain:H401#1316084270
46952996-x1,46952996,,residential,culvert,waterway_crossing,161,13.018001,77.644468,,,,,drain:H401#1316084270
46953015-x1,46953015,,residential,dip,waterway_crossing,391,13.011571,77.643421,,,,,drain#1263380581
46953095-x1,46953095,5th A Main Road,residential,culvert,waterway_crossing,398,13.017787,77.639879,,,,,drain:H401#675933728
47971040-x1,47971040,C Maddayya Road,residential,dip,waterway_crossing,803,13.000206,77.554981,,,,,drain:V112#1092672110
47971040-x2,47971040,C Maddayya Road,residential,dip,waterway_crossing,803,13.000015,77.557289,,,,,drain:V11X#1219880341
48166762-x1,48166762,Church Street,unclassified,dip,waterway_crossing,553,12.975205,77.604073,,,,,drain:K103#1092674470
48536749-x1,48536749,Madhura Nagara Sorahunase Main Road,tertiary,culvert,waterway_crossing,462,12.942646,77.748792,,,,,drain#1274696778
48729663-x1,48729663,9th Main Road,residential,dip,waterway_crossing,172,12.997965,77.56136,,,,,drain:V114#437871424
48729757-x1,48729757,5th A Main Road,residential,dip,waterway_crossing,299,13.001202,77.554844,,,,,drain:V112#1092672110
48729839-x1,48729839,12th Main Road,residential,dip,waterway_crossing,664,13.00004,77.55713,,,,,drain:V11X#1219880339
48729855-x1,48729855,4th Cross Road,residential,dip,waterway_crossing,556,13.00244,77.555251,,,,,drain:V112#1092672110
48952393-x1,48952393,Road to Someshwarnagar,residential,dip,waterway_crossing,200,13.093669,77.580259,,,,,drain#1231715817
50223370-x1,50223370,Bazaar Street,tertiary,dip,waterway_crossing,306,13.020032,77.555536,,,,,drain:H200#674362389
50467287-x1,50467287,,residential,dip,waterway_crossing,139,12.99857,77.561584,,,,,drain:V114#437871424
50718123-x1,50718123,11th Main Road,residential,dip,waterway_crossing,1042,13.064606,77.52728,,,,,drain#674735139
51496749-x1,51496749,Sumanahalli Flyover,trunk,culvert,waterway_crossing,379,12.982408,77.517843,,,1,,drain#1390079427
51507758-x1,51507758,Magadi Road,primary,culvert,waterway_crossing,5068,12.970455,77.413942,,,,,drain#1256459765
52032737,52032737,KR Circle Underpass,primary_link,underpass,tunnel=yes;layer<0,22,12.975623,77.587506,yes,,-1,,
52243785-x1,52243785,4th Main Road,residential,dip,waterway_crossing,669,12.935434,77.555826,,,,,drain:V300#172895635
52736010-x1,52736010,Ejipura Main Road,tertiary,dip,waterway_crossing,621,12.950862,77.623249,,,,,drain#38771630
54147918-x1,54147918,,residential,dip,waterway_crossing,285,12.971946,77.54713,,,,,drain:V116#38673796
55684008-x1,55684008,,residential,culvert,waterway_crossing,425,12.941633,77.523491,,,,,drain:V207#1092043502
55684021,55684021,Mysore Road,trunk,low_bridge,bridge_over_water,40,12.950838,77.538401,,yes,1,,
55684025-x1,55684025,Mysore Road,trunk,dip,waterway_crossing,1131,12.936686,77.519809,,,,,drain:V207#1204456625
59381437-x1,59381437,,residential,dip,waterway_crossing,539,13.009847,77.702641,,,,,drain#679270111
60194989-x1,60194989,,tertiary,dip,waterway_crossing,597,12.91191,77.632438,,,,,drain#350094279
60195209-x1,60195209,,tertiary,culvert,waterway_crossing,3106,12.898441,77.721128,,,,,drain#1116257989
60800639-x1,60800639,15th Main Road,residential,dip,waterway_crossing,141,12.882138,77.608449,,,,,ditch#350072895
61418770-x1,61418770,1st Main Road,residential,culvert,waterway_crossing,440,12.967436,77.679007,,,,,drain#799422497
61494955,61494955,Sai Baba Mandira Road,tertiary,low_bridge,bridge_over_water,26,12.970828,77.633964,,yes,1,,
61732294-x1,61732294,Siddapura Main Road,residential,dip,waterway_crossing,594,12.943146,77.590037,,,,,drain:K108#673677239
61732295-x1,61732295,,residential,dip,waterway_crossing,251,12.942756,77.589556,,,,,drain:K108#673677239
69565495-x1,69565495,,tertiary,culvert,waterway_crossing,910,12.963479,77.768858,,,,,drain#796944004
70537574-x1,70537574,NICE Road,motorway,culvert,waterway_crossing,2686,12.89055,77.482172,,,,,drain#1287354798
70807091-x1,70807091,Sakra Hospital Road,tertiary,dip,waterway_crossing,142,12.930552,77.684942,,,,,drain#1558462278
71516175,71516175,CBI Road,secondary,low_bridge,bridge_over_water,11,13.026386,77.589675,,yes,,,
71523618,71523618,Mekhri Circle Underpass,trunk,underpass,tunnel=yes;layer<0,60,13.014798,77.58391,yes,,-1,,
71523620,71523620,Mekhri Circle Underpass,trunk,underpass,tunnel=yes;layer<0,60,13.014252,77.584004,yes,,-1,,
73146549-x1,73146549,ORR Service Road,tertiary,culvert,waterway_crossing,262,12.986451,77.690649,,,,,drain#677326095
73559176,73559176,,tertiary,underpass,tunnel=yes;layer<0,32,13.006213,77.627439,yes,,-1,,
79526872,79526872,,service,underpass,tunnel=yes;layer<0,55,13.046939,77.61894,yes,,-1,,
80370421,80370421,,tertiary,dip,flood_prone=yes,125,13.047323,77.62112,,,,yes,
80396747-x1,80396747,Maheshwari Temple Road,tertiary,culvert,waterway_crossing,1047,12.99165,77.690019,,,,,drain#797817901
80396747-x2,80396747,Maheshwari Temple Road,tertiary,culvert,waterway_crossing,1047,12.990373,77.694429,,,,,drain#677326105
80828436-x1,80828436,,track,dip,waterway_crossing,517,13.139514,77.490232,,,,,river:Arkavati#1207967107
81524739-x1,81524739,Whitefield Road,primary,culvert,waterway_crossing,956,12.989854,77.72526,,,,,drain#677292063
81809253-x1,81809253,1st G Main Road,residential,culvert,waterway_crossing,245,12.93897,77.540133,,,,,drain:V300#224319509
82159777-x1,82159777,Rama Temple Road,residential,dip,waterway_crossing,428,12.972882,77.651136,,,,,drain:C105#491562458
82434676-x1,82434676,1st A Main Road,residential,dip,waterway_crossing,333,13.092501,77.58201,,,,,drain#1231715814
83145276-x1,83145276,3rd Cross Road,residential,dip,waterway_crossing,503,12.995755,77.575259,,,,,drain:Vrishabhavathi#335169249
85605680-x1,85605680,Hesaraghatta Main Road,primary,dip,waterway_crossing,1030,13.132391,77.484376,,,,,river:Arkavati#1207967107
89417210-x1,89417210,16th Main Road,residential,dip,waterway_crossing,426,12.99488,77.545689,,,,,drain:V116#1092672114
89432449-x1,89432449,,residential,dip,waterway_crossing,714,13.003486,77.54457,,,,,drain:V203#94441427
90842812,90842812,Nagarabhavi Underpass,trunk,underpass,tunnel=yes;layer<0,39,12.958204,77.518901,yes,,-1,,
90842820,90842820,Nayandahalli Underpass,trunk,underpass,tunnel=yes;layer<0,208,12.946241,77.526342,yes,,-1,,
90842822,90842822,Nagarabhavi Underpass,trunk,underpass,tunnel=yes;layer<0,36,12.958164,77.518743,yes,,-1,,
90842844-x1,90842844,,tertiary,dip,waterway_crossing,588,12.962757,77.512611,,,,,drain#1539943355
92194644,92194644,Outer Ring Road Underpass,trunk,underpass,tunnel=yes;layer<0,51,12.906379,77.585719,yes,,-1,,
92194649,92194649,Outer Ring Road Underpass,trunk,underpass,tunnel=yes;layer<0,51,12.906304,77.585462,yes,,-1,,
93032278-x1,93032278,3rd Main Road,residential,dip,waterway_crossing,570,13.032746,77.571831,,,,,drain:H201#674383488
93032280,93032280,,residential,low_bridge,bridge_over_water,18,13.037721,77.559748,,yes,,,
93032287,93032287,,residential,low_bridge,bridge_over_water,23,13.039808,77.560869,,yes,,,
94440609-x1,94440609,5th Cross Road,tertiary,dip,waterway_crossing,554,13.023219,77.556884,,,,,drain:H200#674362389
94440653-x1,94440653,Pipeline Road,tertiary,dip,waterway_crossing,506,13.021176,77.556096,,,,,drain:H200#674362389
95187518,95187518,Kadugodi Railway Bridge,primary,low_bridge,bridge_over_water,643,12.996891,77.758486,,yes,1,,
95188133-x1,95188133,,secondary,culvert,waterway_crossing,411,12.998788,77.758172,,,,,drain:MD292B#1304243204
95639128-x1,95639128,,residential,dip,waterway_crossing,270,12.992339,77.697325,,,,,drain#1493374066
95661829,95661829,Star Circle Underpass,primary,underpass,tunnel=yes;layer<0,36,12.997466,77.550356,yes,,-1,,
95664214,95664214,Star Circle Underpass,primary,underpass,tunnel=yes;layer<0,36,12.997761,77.5502,yes,,-1,,
95799651-x1,95799651,NICE Road,motorway,culvert,waterway_crossing,3298,12.936599,77.469404,,,,,drain#1287334788
95933749,95933749,Rajajinagar Entrance Underpass,secondary,underpass,tunnel=yes;layer<0,60,12.983411,77.560207,yes,,-1,,
95935341,95935341,Rajajinagar Entrance Underpass,secondary,underpass,tunnel=yes;layer<0,55,12.983337,77.560179,yes,,-1,,
95935346-x1,95935346,Dr. Rajkumar Road,secondary,dip,waterway_crossing,896,12.980315,77.556089,,,,,drain:V115#1203925647
97187758,97187758,,residential,low_bridge,bridge_over_water,12,12.916491,77.629203,,yes,1,,
97846704-x1,97846704,2nd Cross Road,residential,culvert,waterway_crossing,304,12.963079,77.709174,,,,,drain#414833861
97848147-x1,97848147,9th Main Road,residential,dip,waterway_crossing,422,12.972655,77.653395,,,,,drain:C105#491562458
97848148-x1,97848148,3rd Cross Road,residential,dip,waterway_crossing,299,12.972639,77.654212,,,,,drain:C105#491562458
97849169-x1,97849169,2nd Cross Road,residential,dip,waterway_crossing,288,12.972555,77.654583,,,,,drain:C105#491562458
97849755-x1,97849755,1st Cross Road,residential,dip,waterway_crossing,320,12.971391,77.654816,,,,,drain:C105#491562458
97860274-x1,97860274,1st Cross Road,unclassified,dip,waterway_crossing,201,12.972237,77.655276,,,,,drain:C105#491562458
98168195-x1,98168195,,residential,dip,waterway_crossing,210,12.951308,77.564588,,,,,drain#673852970
98168198-x1,98168198,4th Main Road,residential,dip,waterway_crossing,178,12.951004,77.565775,,,,,drain#673852970
98168212-x1,98168212,,residential,dip,waterway_crossing,78,12.951182,77.566399,,,,,drain#673852970
98168224-x1,98168224,,residential,dip,waterway_crossing,350,12.956316,77.565304,,,,,drain:V120#673852971
98169395-x1,98169395,,residential,dip,waterway_crossing,51,12.951133,77.565489,,,,,drain#673852970
98169396-x1,98169396,5th Cross Road,residential,dip,waterway_crossing,79,12.953296,77.563836,,,,,drain:V120#673852971
98169404-x1,98169404,Sameerapura Main Road,residential,dip,waterway_crossing,724,12.95356,77.559495,,,,,drain#1268180540
98169407-x1,98169407,6th Cross Road,residential,dip,waterway_crossing,43,12.95163,77.565178,,,,,drain#673852970
98169412-x1,98169412,1st Cross Road,residential,dip,waterway_crossing,186,12.953543,77.564482,,,,,drain:V120#673852971
98187584-x1,98187584,1st Main Road,residential,dip,waterway_crossing,678,12.973632,77.657261,,,,,drain#673683084
98192934-x1,98192934,7th Main Road,residential,dip,waterway_crossing,114,12.972367,77.651849,,,,,drain:C105#491562458
99452388-x1,99452388,Krumbiegal Road,secondary,dip,waterway_crossing,651,12.954088,77.584817,,,,,drain:K110#673645155
100402557-x1,100402557,S G R Dental College Road,tertiary,culvert,waterway_crossing,711,12.949097,77.702908,,,,,drain#1559241395
101184763-x1,101184763,Varthur Road,primary,culvert,waterway_crossing,2387,12.955825,77.723519,,,,,drain#350281358
101505414-x1,101505414,,tertiary,culvert,waterway_crossing,568,12.879043,77.559128,,,,,stream:Suvarnamukhi#1317850440
101505414-x2,101505414,,tertiary,culvert,waterway_crossing,568,12.880173,77.559692,,,,,drain#1317850442
101573127,101573127,2nd Cross Road,residential,dip,flood_prone=yes,58,12.908577,77.687314,,,,yes,
102017328-x1,102017328,,tertiary,culvert,waterway_crossing,1255,12.984853,77.767989,,,,,drain#1232427289
102355392-x1,102355392,,residential,culvert,waterway_crossing,284,13.023821,77.717092,,,,,drain#1456924455
102355395-x1,102355395,,residential,dip,waterway_crossing,241,13.022567,77.718038,,,,,drain#1523892163
103269863,103269863,Electronic City Flyover,motorway,low_bridge,bridge_over_water,8266,12.867211,77.655421,,viaduct,2,,
105317881-x1,105317881,17th F Cross,residential,dip,waterway_crossing,480,12.981487,77.633809,,,,,drain:C104#349792302
105318888,105318888,3rd Cross Road,tertiary,low_bridge,bridge_over_water,24,12.965772,77.635728,,yes,1,,
109125565,109125565,,tertiary,low_bridge,bridge_over_water,12,13.047611,77.621243,,yes,1,,
112243683-x1,112243683,H. Siddaiah Road,primary,dip,waterway_crossing,471,12.955877,77.584649,,,,,drain:K110#673645156
112465386,112465386,,service,underpass,tunnel=yes;layer<0,48,12.945742,77.640162,yes,,-1,,
112994285-x1,112994285,4th Cross Road,residential,dip,waterway_crossing,349,12.972712,77.653809,,,,,drain:C105#491562458
113384296-x1,113384296,,tertiary,culvert,waterway_crossing,369,12.978364,77.498272,,,,,drain#1313455520
113384297-x1,113384297,Malagala Main Road,tertiary,culvert,waterway_crossing,1054,12.975463,77.515267,,,,,drain#1486784337
113391313-x1,113391313,,tertiary,dip,waterway_crossing,267,12.961688,77.510911,,,,,drain#1539943355
113391338-x1,113391338,1st Main Road,tertiary,dip,waterway_crossing,888,12.945401,77.489924,,,,,drain#150288034
113391346-x1,113391346,,tertiary,dip,waterway_crossing,529,12.958114,77.484585,,,,,drain#492937928
115596431-x1,115596431,6th Main Road,residential,culvert,waterway_crossing,359,12.926916,77.664568,,,,,drain#1274663097
116937014-x1,116937014,4th Main Road,residential,dip,waterway_crossing,381,12.971454,77.650569,,,,,drain:C105#491562458
117642590-x1,117642590,,residential,culvert,waterway_crossing,2341,12.837369,77.63987,,,,,stream#1113267981
117642590-x2,117642590,,residential,culvert,waterway_crossing,2341,12.829456,77.636399,,,,,stream#1113267972
118047085-x1,118047085,Lake View Road,residential,culvert,waterway_crossing,581,12.971307,77.690602,,,,,drain#799458435
118408668-x1,118408668,69th Main Road,residential,culvert,waterway_crossing,126,12.903039,77.562051,,,,,drain#1270568462
118926925-x1,118926925,5th Cross Road,residential,culvert,waterway_crossing,168,12.968525,77.650078,,,,,drain:C105#1443481747
118926933-x1,118926933,8th Main Road,residential,dip,waterway_crossing,213,12.970004,77.650907,,,,,drain:C105#673683085
118927417-x1,118927417,,residential,culvert,waterway_crossing,420,12.878892,77.550426,,,,,stream#1314294058
119024572-x1,119024572,,residential,dip,waterway_crossing,356,12.969417,77.689071,,,,,drain#770680859
119024574-x1,119024574,,residential,culvert,waterway_crossing,167,12.970226,77.689882,,,,,drain#770680860
119050741,119050741,,residential,dip,flood_prone=yes,350,12.987301,77.670293,,,,yes,
119172211-x1,119172211,44th Cross Road,residential,culvert,waterway_crossing,358,12.905931,77.561003,,,,,drain#1314561744
119172280-x1,119172280,,residential,culvert,waterway_crossing,395,12.90133,77.554097,,,,,drain#1232420822
119172298-x1,119172298,,residential,culvert,waterway_crossing,613,12.900284,77.553883,,,,,drain#1232420820
120108526-x1,120108526,,tertiary,culvert,waterway_crossing,651,12.864579,77.569686,,,,,drain#1499632473
122150634-x1,122150634,3rd Main Road,residential,culvert,waterway_crossing,582,12.963748,77.708386,,,,,drain#414833861
122424479,122424479,Kundalahalli Underpass,primary,underpass,tunnel=yes;layer<0,50,12.95587,77.714576,yes,,-1,,
122424480-x1,122424480,Channasandra Main Road,tertiary,culvert,waterway_crossing,1335,12.967168,77.764188,,,,,drain#796944012
122424480-x2,122424480,Channasandra Main Road,tertiary,culvert,waterway_crossing,1335,12.969868,77.766481,,,,,drain#1361493556
122424488-x1,122424488,Varthur Road,primary,culvert,waterway_crossing,2721,12.955913,77.723903,,,,,drain#350281358
122494279-x1,122494279,Varthur Road,primary,culvert,waterway_crossing,342,12.956294,77.709215,,,,,drain#414833861
122494505-x1,122494505,Marathalli Bridge Service Road,tertiary,culvert,waterway_crossing,54,12.956147,77.709088,,,,,drain#414833861
122691470-x1,122691470,,residential,dip,waterway_crossing,298,12.966182,77.707843,,,,,ditch#1315037538
122701313-x1,122701313,,service,culvert,waterway_crossing,33,12.966335,77.719573,,,,,ditch#1197055956
122893586-x1,122893586,8th Cross Road,residential,culvert,waterway_crossing,244,12.972856,77.756074,,,,,drain#1549729911
122893589-x1,122893589,3rd Cross Road,residential,culvert,waterway_crossing,369,12.97431,77.755095,,,,,drain#1549729936
122911950-x1,122911950,,residential,culvert,waterway_crossing,65,12.967281,77.682106,,,,,drain#799422497
122912048-x1,122912048,11th Cross Road,residential,culvert,waterway_crossing,362,12.967228,77.678957,,,,,drain#799422496
122918707-x1,122918707,5th Cross Road,residential,dip,waterway_crossing,85,12.955398,77.657228,,,,,drain:C103#133882612
122918712-x1,122918712,3rd Cross Road,residential,dip,waterway_crossing,157,12.959039,77.657635,,,,,drain:C103#673686636
122918724-x1,122918724,2nd Cross Road,residential,dip,waterway_crossing,272,12.959084,77.657483,,,,,drain:C103#673686636
122918737-x1,122918737,5th Main Road,residential,dip,waterway_crossing,175,12.955216,77.657115,,,,,drain:C103#133882612
123062356-x1,123062356,Whitefield Main Road,primary,culvert,waterway_crossing,546,12.958321,77.746155,,,,,drain#1130957360
123062356-x2,123062356,Whitefield Main Road,primary,culvert,waterway_crossing,546,12.956794,77.745519,,,,,drain#350173889
123491192-x1,123491192,,unclassified,culvert,waterway_crossing,2196,12.829392,77.834337,,,,,stream#1546207480
123596245-x1,123596245,,residential,culvert,waterway_crossing,716,12.882308,77.631591,,,,,drain#796870505
123631499-x1,123631499,,residential,dip,waterway_crossing,2584,12.958799,77.756265,,,,,drain#1305071667
123684593,123684593,,primary,low_bridge,bridge_over_water,85,12.945545,77.747176,,viaduct,1,,
123684594-x1,123684594,Varthur Lake Road,primary,dip,waterway_crossing,1364,12.951564,77.744717,,,,,stream#1507768218
123684594-x2,123684594,Varthur Lake Road,primary,culvert,waterway_crossing,1364,12.956592,77.745146,,,,,stream#1087678573
124386150-x1,124386150,Mutsandra Main Road,tertiary,dip,waterway_crossing,6536,12.94119,77.777579,,,,,drain#1368989193
124386156,124386156,,secondary,low_bridge,bridge_over_water,120,12.943252,77.798307,,yes,,,
124537346,124537346,,unclassified,low_bridge,bridge_over_water,20,12.961131,77.689196,,yes,1,,
124790328-x1,124790328,Daddy's Gdn Road,residential,dip,waterway_crossing,1231,12.828229,77.685437,,,,,drain#1419964519
124826421-x1,124826421,29th Main Road,residential,culvert,waterway_crossing,721,12.90756,77.537643,,,,,drain#1312001885
124826483-x1,124826483,39th Cross Road,residential,culvert,waterway_crossing,267,12.902019,77.537716,,,,,drain#1312001893
125203386,125203386,,residential,low_bridge,bridge_over_water,14,12.940733,77.626972,,yes,1,,
127871245,127871245,,tertiary,underpass,tunnel=yes;layer<0,59,12.887346,77.485352,yes,,-1,,
127879628-x1,127879628,,residential,dip,waterway_crossing,1605,12.908772,77.719564,,,,,drain#1116257992
128220122-x1,128220122,9th Cross Road,residential,culvert,waterway_crossing,621,12.894094,77.630172,,,,,drain#796870565
128222251-x1,128222251,,residential,culvert,waterway_crossing,801,12.889394,77.62911,,,,,drain#796870578
128443958-x1,128443958,Hosur Road,primary,culvert,waterway_crossing,29,12.950119,77.605743,,,,,drain:K100#1306978654
129733581-x1,129733581,,residential,dip,waterway_crossing,480,12.914099,77.682623,,,,,drain#1243260554
130112042-x1,130112042,,primary_link,culvert,waterway_crossing,36,12.956614,77.744864,,,,,stream#1087678573
130360256-x1,130360256,Temple Road,residential,culvert,waterway_crossing,588,12.995133,77.655527,,,,,drain#1354126747
130633731-x1,130633731,Sai Baba Temple Road,residential,culvert,waterway_crossing,457,12.948814,77.712488,,,,,drain#414833861
130659883-x1,130659883,,residential,dip,waterway_crossing,271,13.006319,77.672985,,,,,drain#675250046
130659886-x1,130659886,,residential,dip,waterway_crossing,473,13.005986,77.673005,,,,,drain#675250046
130659889-x1,130659889,,residential,dip,waterway_crossing,480,13.007413,77.674169,,,,,drain#1110178694
130659889-x2,130659889,,residential,culvert,waterway_crossing,480,13.010957,77.675533,,,,,drain#1413523380
130659911-x1,130659911,,residential,dip,waterway_crossing,1036,13.007192,77.672942,,,,,drain#675250046
130659922-x1,130659922,,residential,dip,waterway_crossing,254,13.005656,77.672262,,,,,drain#675250046
130659925-x1,130659925,,residential,dip,waterway_crossing,553,13.00546,77.673049,,,,,drain#675250046
130671121-x1,130671121,,residential,culvert,waterway_crossing,374,12.951382,77.725792,,,,,drain#350281358
131037324-x1,131037324,,unclassified,dip,waterway_crossing,528,12.934205,77.706198,,,,,drain#1559358210
131441540-x1,131441540,10th E Main Road,residential,dip,waterway_crossing,163,12.941649,77.588062,,,,,drain:K108#673677239
132191814-x1,132191814,Mission Road,primary,dip,waterway_crossing,500,12.962119,77.593698,,,,,drain:K109#673640933
132191815,132191815,Richmond Circle Flyover,primary,low_bridge,bridge_over_water,288,12.962198,77.59394,,yes,1,,
132191817-x1,132191817,Commissariat Road,secondary,dip,waterway_crossing,364,12.970129,77.610347,,,,,drain:K103#1092674470
132417300-x1,132417300,1st Cross Road,residential,culvert,waterway_crossing,358,13.042511,77.57696,,,,,drain:H207#1203755356
132907549,132907549,,residential,low_bridge,bridge_over_water,16,12.978592,77.627365,,yes,1,,
132907556,132907556,,residential,low_bridge,bridge_over_water,11,12.976688,77.620987,,yes,1,,
133241781-x1,133241781,Mahakavi Kuvempu Road,secondary,dip,waterway_crossing,358,12.998525,77.554736,,,,,drain:V112#1092672110
133338651-x1,133338651,2nd Main Road,tertiary,dip,waterway_crossing,859,13.002873,77.547164,,,,,drain:V203#94441465
133338653-x1,133338653,,residential,dip,waterway_crossing,199,13.003016,77.546737,,,,,drain:V203#94441465
133487140-x1,133487140,1st Cross Road,residential,dip,waterway_crossing,118,13.030566,77.572897,,,,,drain:H201#674383488
133492067-x1,133492067,,residential,culvert,waterway_crossing,464,12.987515,77.598717,,,,,drain:C100#682369910
133493903-x1,133493903,Old Cemetery Road,residential,culvert,waterway_crossing,313,12.987744,77.601079,,,,,drain:C100#1370355563
133626284-x1,133626284,Outer Ring Road,trunk,culvert,waterway_crossing,49,12.933619,77.539186,,,,,drain:V300#224319509
133626286,133626286,,tertiary,low_bridge,bridge_over_water,17,12.933721,77.539402,,yes,1,,
133632532-x1,133632532,Commissariat Road,secondary,dip,waterway_crossing,366,12.970274,77.610516,,,,,drain:K103#1092674470
133729608-x1,133729608,,residential,dip,waterway_crossing,688,12.874882,77.659092,,,,,drain#350153648
133750316-x1,133750316,Amruth Nagar Main Road,residential,culvert,waterway_crossing,353,13.06028,77.602937,,,,,drain#1388740220
133756131-x1,133756131,,residential,dip,waterway_crossing,240,12.988011,77.544883,,,,,drain:V116#1092672114
133756135-x1,133756135,,residential,dip,waterway_crossing,126,12.986438,77.544944,,,,,drain:V116#1092672114
133756137-x1,133756137,3rd E Cross Road,residential,dip,waterway_crossing,394,12.988647,77.544578,,,,,drain:V116#1092672114
133756154-x1,133756154,,tertiary,dip,waterway_crossing,431,12.983064,77.544567,,,,,drain:V116#1092672114
133763758,133763758,Madiwala Underpass,primary,underpass,layer<0,91,12.924413,77.618172,,,-1,,
133763760,133763760,Madiwala Underpass,primary,underpass,layer<0,166,12.92583,77.617384,,,-1,,
133826175-x1,133826175,10th A Main Road,residential,culvert,waterway_crossing,128,12.998919,77.556594,,,,,drain:V11X#1219880340
133877902-x1,133877902,60 Feet Road,tertiary,culvert,waterway_crossing,372,13.036859,77.579962,,,,,drain#1349910497
133881778-x1,133881778,4th Cross Road,residential,culvert,waterway_crossing,727,13.022234,77.586711,,,,,drain:H104#675496523
133881870-x1,133881870,Professor UR Rao Road,tertiary,dip,waterway_crossing,524,12.965384,77.633934,,,,,drain:C106#675252711
133887590-x1,133887590,2nd Main Road,residential,dip,waterway_crossing,254,12.935513,77.557712,,,,,drain:V300#172895635
133887611-x1,133887611,5th Cross Road,residential,culvert,waterway_crossing,369,12.935276,77.555072,,,,,drain:V300#224319509
133887613-x1,133887613,2nd Main Road,residential,dip,waterway_crossing,284,12.935338,77.55737,,,,,drain:V300#172895635
133903616-x1,133903616,80 Feet Road,secondary,dip,waterway_crossing,1045,12.934361,77.629797,,,,,drain#674356912
134014650-x1,134014650,Pipeline Road,residential,dip,waterway_crossing,374,12.941748,77.629193,,,,,drain#1430946252
134018072-x1,134018072,2nd H Main Road,residential,culvert,waterway_crossing,552,13.004021,77.662548,,,,,drain#1535119247
134100850-x1,134100850,5th Cross Road,residential,culvert,waterway_crossing,201,13.002126,77.62999,,,,,drain:H300#1113226438
134100857-x1,134100857,3rd Cross Road,residential,culvert,waterway_crossing,253,13.002848,77.629055,,,,,drain:H300#1113226438
134100860-x1,134100860,Mariamma Koil Street,residential,culvert,waterway_crossing,506,13.002985,77.630569,,,,,drain:H300#1113226438
134100860-x2,134100860,Mariamma Koil Street,residential,culvert,waterway_crossing,506,13.003339,77.632342,,,,,drain#1432471582
134232468,134232468,Underpass,secondary,underpass,tunnel=yes;layer<0,43,12.893212,77.513629,yes,,-1,,
134233380,134233380,,tertiary,underpass,tunnel=yes;layer<0,43,12.874939,77.49645,yes,,-1,,
134233982,134233982,,tertiary,underpass,tunnel=yes;layer<0,50,12.876677,77.492734,yes,,-1,,
134274606-x1,134274606,2nd Cross Road,residential,culvert,waterway_crossing,431,13.06022,77.602108,,,,,drain#1388740224
135262264-x1,135262264,16th Main Road,living_street,culvert,waterway_crossing,168,12.96561,77.644669,,,,,drain:C105#673683086
135262266-x1,135262266,,living_street,culvert,waterway_crossing,101,12.965523,77.64413,,,,,drain:C105#673683086
135262268-x1,135262268,15th A Main,living_street,culvert,waterway_crossing,168,12.966055,77.643612,,,,,drain:C105#673683086
135401454,135401454,Kengeri Flyover,primary,low_bridge,bridge_over_water,351,12.909461,77.48011,,viaduct,1,,
135480591-x1,135480591,,tertiary,dip,waterway_crossing,1584,12.877619,77.50526,,,,,drain#1246769919
135984273-x1,135984273,9th Cross Road,residential,dip,waterway_crossing,193,12.979892,77.734856,,,,,drain#1548668818
136609446-x1,136609446,Junior College Road,tertiary,dip,waterway_crossing,1228,13.001312,77.749009,,,,,drain:MD288#1280086953
136609446-x2,136609446,Junior College Road,tertiary,dip,waterway_crossing,1228,12.997868,77.756889,,,,,drain:MD292B#1304243205
136752730-x1,136752730,4th Cross Road,residential,culvert,waterway_crossing,53,12.969127,77.64883,,,,,drain:C105#1443481747
136784703-x1,136784703,3rd Main Road,residential,dip,waterway_crossing,138,12.971978,77.651244,,,,,drain:C105#491562458
136788942,136788942,,residential,low_bridge,bridge_over_water,12,12.970369,77.656136,,yes,,,
136789072,136789072,,residential,low_bridge,bridge_over_water,7,12.970039,77.656477,,yes,,,
136789073,136789073,,residential,low_bridge,bridge_over_water,4,12.969754,77.656684,,yes,,,
136789080-x1,136789080,3rd C Cross Road,residential,dip,waterway_crossing,253,12.971103,77.655301,,,,,drain#340255772
136789081-x1,136789081,Main Road,residential,dip,waterway_crossing,231,12.970484,77.65584,,,,,drain#340255772
136789084-x1,136789084,,residential,dip,waterway_crossing,168,12.971164,77.65522,,,,,drain#340255772
136789238-x1,136789238,8th Main Road,residential,dip,waterway_crossing,209,12.972207,77.652998,,,,,drain:C105#491562458
137321743,137321743,Panathur Main Road,tertiary,underpass,tunnel=yes;layer<0,37,12.935959,77.707358,yes,,-1,,
137321744-x1,137321744,,tertiary,culvert,waterway_crossing,3647,12.955176,77.762857,,,,,drain#796944016
138234082-x1,138234082,,residential,dip,waterway_crossing,250,12.949038,77.524451,,,,,drain:V207#38673993
138234102-x1,138234102,,tertiary,dip,waterway_crossing,530,12.944453,77.524604,,,,,drain:V207#1092043503
138314538-x1,138314538,,secondary,dip,waterway_crossing,287,12.987582,77.621993,,,,,drain:C204#423079501
138314538-x2,138314538,,secondary,dip,waterway_crossing,287,12.9872,77.620013,,,,,drain:C200#350180783
138391228-x1,138391228,,track,dip,waterway_crossing,158,12.949414,77.524571,,,,,drain:V207#38673993
138711994,138711994,,residential,low_bridge,bridge_over_water,23,12.978753,77.558573,,yes,,,
138712015,138712015,2nd Cross Road,tertiary,low_bridge,bridge_over_water,29,12.980032,77.559224,,yes,,,
138717073-x1,138717073,14th Main Road,residential,dip,waterway_crossing,414,12.996941,77.555679,,,,,drain:V112#1092672110
138717089-x1,138717089,5th Cross Road,residential,dip,waterway_crossing,487,12.995338,77.558647,,,,,drain:V112#1203925649
138717089-x2,138717089,5th Cross Road,residential,dip,waterway_crossing,487,12.995253,77.559192,,,,,drain:V114#1106630233
138717096-x1,138717096,4th Cross Road,residential,dip,waterway_crossing,682,12.995826,77.559363,,,,,drain:V114#1106630233
138717117-x1,138717117,3rd Cross Road,residential,dip,waterway_crossing,457,12.995733,77.558539,,,,,drain:V112#1203925649
138717119-x1,138717119,Sai Mandira Road,residential,dip,waterway_crossing,232,12.997752,77.554839,,,,,drain:V112#1092672110
138717907-x1,138717907,,residential,dip,waterway_crossing,312,12.985262,77.566044,,,,,drain:V111#1203925648
138717912-x1,138717912,,residential,culvert,waterway_crossing,397,12.988778,77.561952,,,,,drain:V113#1249789885
138717921-x1,138717921,4th Main Road,residential,dip,waterway_crossing,186,12.984487,77.561236,,,,,drain:V112#38096774
138883146,138883146,,residential,low_bridge,bridge_over_water,16,12.958952,77.543921,,yes,,,
138894316-x1,138894316,,residential,dip,waterway_crossing,132,12.950906,77.529993,,,,,drain#1559316919
138894352-x1,138894352,,residential,dip,waterway_crossing,101,12.950893,77.53028,,,,,drain#1559316919
138955375-x1,138955375,,residential,dip,waterway_crossing,209,12.988128,77.548186,,,,,drain:V116A#1092672113
138955377-x1,138955377,,residential,dip,waterway_crossing,239,12.985737,77.547516,,,,,drain:V116A#1092672113
138955387-x1,138955387,1st Main Road,residential,dip,waterway_crossing,366,12.987269,77.547769,,,,,drain:V116A#1092672113
138955401-x1,138955401,2nd Main Road,residential,dip,waterway_crossing,118,12.987496,77.547809,,,,,drain:V116A#1092672113
138955410-x1,138955410,2nd Main Road,residential,dip,waterway_crossing,125,12.985798,77.544814,,,,,drain:V116#1092672114
138955416-x1,138955416,,residential,dip,waterway_crossing,341,12.985997,77.547395,,,,,drain:V116A#1092672113
138955427-x1,138955427,,residential,dip,waterway_crossing,336,12.986313,77.54816,,,,,drain:V116A#1092672113
138980166-x1,138980166,Bhaskaran Road,secondary,dip,waterway_crossing,740,12.976195,77.620257,,,,,drain:C100#28709445
139083854-x1,139083854,,residential,dip,waterway_crossing,334,12.979296,77.546535,,,,,drain:V116#1092672114
139083858-x1,139083858,,residential,dip,waterway_crossing,88,12.978777,77.54755,,,,,drain:V116#1303120302
139083869-x1,139083869,,residential,dip,waterway_crossing,317,12.978477,77.547084,,,,,drain:V116#1303120302
139083871-x1,139083871,,residential,culvert,waterway_crossing,182,12.980236,77.547047,,,,,drain:V116A#1092672111
139098376-x1,139098376,,residential,dip,waterway_crossing,466,12.981915,77.544614,,,,,drain:V116#1092672114
139103365-x1,139103365,,residential,dip,waterway_crossing,137,12.982683,77.544883,,,,,drain:V116#1092672114
139103392-x1,139103392,,residential,dip,waterway_crossing,138,12.98028,77.546333,,,,,drain:V116#1092672114
139108332-x1,139108332,10th Main Road,residential,dip,waterway_crossing,393,12.992861,77.54457,,,,,drain:V116#1092672114
139108335-x1,139108335,11th Main Road,residential,dip,waterway_crossing,375,12.993231,77.544046,,,,,drain:V116#1092672114
139108343-x1,139108343,,residential,dip,waterway_crossing,346,12.993841,77.544331,,,,,drain:V116#1092672114
139108344-x1,139108344,,living_street,dip,waterway_crossing,169,12.996131,77.545232,,,,,drain:V116#1092672114
139108353-x1,139108353,,living_street,dip,waterway_crossing,177,12.996276,77.544396,,,,,drain:V116#1092672114
139108355-x1,139108355,,residential,dip,waterway_crossing,458,12.994655,77.545184,,,,,drain:V116#1092672114
139108359-x1,139108359,,living_street,dip,waterway_crossing,222,12.996917,77.545198,,,,,drain:V116#1092672114
139108367-x1,139108367,,living_street,dip,waterway_crossing,134,12.997067,77.545189,,,,,drain:V116#1092672114
139108371-x1,139108371,,residential,dip,waterway_crossing,108,12.994448,77.544744,,,,,drain:V116#1092672114
139108372-x1,139108372,,living_street,dip,waterway_crossing,147,12.995942,77.54475,,,,,drain:V116#1092672114
139108374-x1,139108374,9th Main Road,residential,dip,waterway_crossing,270,12.992669,77.543895,,,,,drain:V116#1092672114
139108381-x1,139108381,,living_street,dip,waterway_crossing,211,12.996765,77.545212,,,,,drain:V116#1092672114
139108389-x1,139108389,,living_street,dip,waterway_crossing,146,12.995881,77.545291,,,,,drain:V116#1092672114
139108402-x1,139108402,,living_street,dip,waterway_crossing,156,12.996432,77.545217,,,,,drain:V116#1092672114
139108409-x1,139108409,9th Main Road,residential,dip,waterway_crossing,413,12.992287,77.544689,,,,,drain:V116#1092672114
139108411-x1,139108411,,living_street,dip,waterway_crossing,147,12.996614,77.545225,,,,,drain:V116#1092672114
139108415-x1,139108415,11th Main Road,residential,dip,waterway_crossing,359,12.993479,77.544505,,,,,drain:V116#1092672114
139108422-x1,139108422,,residential,dip,waterway_crossing,227,12.994162,77.544549,,,,,drain:V116#1092672114
139263632-x1,139263632,4th Main Road,residential,culvert,waterway_crossing,155,13.003149,77.546224,,,,,drain:V203#1110187692
139488497-x1,139488497,,residential,dip,waterway_crossing,137,13.01355,77.713573,,,,,drain#679270106
139671075-x1,139671075,BWSSB Service Road,residential,culvert,waterway_crossing,294,12.903175,77.563668,,,,,drain#1270568462
139843924-x1,139843924,,residential,culvert,waterway_crossing,329,12.961688,77.510911,,,,,drain#1313424970
139878054-x1,139878054,,residential,dip,waterway_crossing,191,12.969921,77.509542,,,,,drain#1217247612
139878058-x1,139878058,,residential,dip,waterway_crossing,172,12.97047,77.508799,,,,,drain#1217247612
139959772-x1,139959772,,residential,dip,waterway_crossing,156,12.982784,77.515226,,,,,drain#1353420065
139959779-x1,139959779,,residential,dip,waterway_crossing,715,12.98347,77.513226,,,,,drain#1353420065
139959784-x1,139959784,,residential,dip,waterway_crossing,316,12.98314,77.512667,,,,,drain#1353420065
140034002-x1,140034002,,residential,dip,waterway_crossing,194,12.993636,77.668896,,,1,,drain#675271447
140356845-x1,140356845,5th North Cross Road,residential,culvert,waterway_crossing,267,12.970814,77.516556,,,,,drain#1482125268
140356851-x1,140356851,,residential,dip,waterway_crossing,958,12.967969,77.516784,,,,,drain#1541226647
140356870-x1,140356870,,residential,dip,waterway_crossing,589,12.968088,77.517169,,,,,drain#1541226647
140356873-x1,140356873,,residential,dip,waterway_crossing,593,12.965268,77.513299,,,,,drain#1539943355
140372839-x1,140372839,,residential,culvert,waterway_crossing,195,12.971098,77.515578,,,,,drain#1482125265
140499735-x1,140499735,,residential,culvert,waterway_crossing,226,12.969921,77.517689,,,,,drain#1482125270
140499745,140499745,,residential,low_bridge,bridge_over_water,11,12.976077,77.521928,,yes,,,
140535605,140535605,Muneshwaram Temple Road,residential,low_bridge,bridge_over_water,9,12.97694,77.524571,,yes,,,
141482733-x1,141482733,5th C Main Road,residential,culvert,waterway_crossing,251,13.018837,77.640543,,,,,drain:H401#675933728
141729615,141729615,,track,low_bridge,bridge_over_water,16,12.997006,77.524713,,yes,,,
141748920-x1,141748920,,residential,culvert,waterway_crossing,195,12.997896,77.52963,,,,,drain:V206#1228001729
141778375,141778375,,residential,low_bridge,bridge_over_water,19,12.999204,77.527185,,yes,,,
141778397,141778397,,residential,low_bridge,bridge_over_water,24,13.003718,77.528955,,yes,,,
141779997-x1,141779997,Moore Road,residential,culvert,waterway_crossing,515,12.999377,77.613199,,,,,drain:C200#1092251264
141914014,141914014,,tertiary,low_bridge,bridge_over_water,25,13.006469,77.533054,,yes,,,
141914028,141914028,,tertiary,low_bridge,bridge_over_water,16,13.004047,77.529501,,yes,,,
141934544,141934544,,residential,low_bridge,bridge_over_water,27,13.008736,77.530216,,yes,,,
142171119-x1,142171119,,residential,dip,waterway_crossing,408,12.998919,77.518937,,,,,drain:V201#675688703
142241251,142241251,CNR Rao Underpass,trunk,underpass,layer<0,151,13.014798,77.564558,,,-1,,
142263556,142263556,1st Main Road,residential,low_bridge,bridge_over_water,31,13.009198,77.535117,,yes,,,
142263610-x1,142263610,,residential,culvert,waterway_crossing,286,13.007055,77.537178,,,,,drain:V203#94441439
142263678,142263678,,residential,low_bridge,bridge_over_water,14,13.007212,77.535862,,yes,,,
142278664-x1,142278664,,residential,dip,waterway_crossing,483,13.012503,77.540747,,,,,drain:V202#94441432
142278676-x1,142278676,,residential,dip,waterway_crossing,692,13.012542,77.541049,,,,,drain:V202#94441432
142278684-x1,142278684,,residential,dip,waterway_crossing,489,13.012498,77.540476,,,,,drain:V202#94441432
142296879-x1,142296879,,residential,dip,waterway_crossing,248,13.01006,77.518746,,,,,drain#1203925645
142344339,142344339,,residential,low_bridge,bridge_over_water,17,13.011618,77.538623,,yes,,,
142344354,142344354,4th Cross Road,residential,low_bridge,bridge_over_water,12,13.011024,77.537259,,yes,,,
142344366,142344366,,residential,low_bridge,bridge_over_water,10,13.011966,77.543142,,yes,,,
142371944-x1,142371944,,residential,dip,waterway_crossing,190,13.01229,77.542031,,,,,drain:V202#94441432
142371948-x1,142371948,,residential,dip,waterway_crossing,155,13.012492,77.541622,,,,,drain:V202#94441432
142475878-x1,142475878,,residential,culvert,waterway_crossing,17,13.018379,77.537641,,,,,drain:V205#1096179928
142475916,142475916,,residential,low_bridge,bridge_over_water,15,13.017602,77.537173,,yes,,,
142475938-x1,142475938,,residential,culvert,waterway_crossing,156,13.019162,77.537775,,,,,drain:V205#1096179928
142684924,142684924,,residential,low_bridge,bridge_over_water,22,13.019367,77.528628,,yes,,,
142689587,142689587,,tertiary,low_bridge,bridge_over_water,29,13.018178,77.528218,,yes,,,
142740884,142740884,,residential,low_bridge,bridge_over_water,12,13.012585,77.539849,,yes,1,,
142765278-x1,142765278,,residential,dip,waterway_crossing,382,13.014904,77.521033,,,,,drain#142765282
142765279,142765279,,residential,low_bridge,bridge_over_water,6,13.014291,77.521791,,yes,1,,
142765292-x1,142765292,,residential,dip,waterway_crossing,162,13.015615,77.521575,,,,,drain#142765282
142765295,142765295,,residential,low_bridge,bridge_over_water,9,13.013787,77.522147,,yes,1,,
142765309,142765309,,residential,low_bridge,bridge_over_water,5,13.014041,77.522016,,yes,1,,
142765322-x1,142765322,,residential,dip,waterway_crossing,127,13.015868,77.521256,,,,,drain#142765282
142765325,142765325,,residential,low_bridge,bridge_over_water,12,13.010273,77.52645,,yes,,,
142765350,142765350,,residential,low_bridge,bridge_over_water,18,13.013483,77.522331,,yes,1,,
142807513-x1,142807513,,residential,culvert,waterway_crossing,261,13.020698,77.714823,,,,,drain#788569764
142865622-x1,142865622,1st Main Road,residential,culvert,waterway_crossing,136,12.994448,77.66347,,,,,drain#1354126746
143346870-x1,143346870,,residential,dip,waterway_crossing,226,12.948699,77.529842,,,,,drain#1559316918
143346880-x1,143346880,,residential,dip,waterway_crossing,231,12.948927,77.530203,,,,,drain#1559316918
143364234,143364234,Millers Road Underpass,primary,underpass,tunnel=yes;layer<0,28,12.994806,77.59605,yes,,-1,,
143367796-x1,143367796,3rd Cross Road,residential,culvert,waterway_crossing,280,12.990433,77.690484,,,,,drain#797817904
143370325,143370325,3rd Cross Versova Layout,residential,dip,flood_prone=yes,94,12.984662,77.669234,,,,yes,
143370374,143370374,2nd Cross Versova Layout,residential,dip,flood_prone=yes,70,12.985053,77.669151,,,,yes,
143370560-x1,143370560,,residential,dip,waterway_crossing,67,12.979432,77.676098,,,,,drain#398640206
143384643-x1,143384643,1st Main Road,residential,culvert,waterway_crossing,319,12.969603,77.68241,,,,,drain#770680866
143519259-x1,143519259,,residential,culvert,waterway_crossing,79,13.014338,77.708445,,,,,drain#788569757
143519316-x1,143519316,,residential,dip,waterway_crossing,125,13.010313,77.700892,,,,,drain#679270111
143519352-x1,143519352,,residential,dip,waterway_crossing,149,13.0104,77.701166,,,,,drain#679270111
143520212-x1,143520212,,residential,dip,waterway_crossing,373,13.026041,77.717549,,,,,drain#1456924456
143543551-x1,143543551,,residential,culvert,waterway_crossing,604,13.022248,77.6934,,,,,drain#788590245
143544039-x1,143544039,,tertiary,culvert,waterway_crossing,866,13.022676,77.692103,,,,,drain#788590243
143554264-x1,143554264,,residential,dip,waterway_crossing,532,13.028721,77.673693,,,,,drain#1500223885
143554440-x1,143554440,,residential,dip,waterway_crossing,624,13.029821,77.672512,,,,,drain#1500223885
143554694-x1,143554694,,residential,dip,waterway_crossing,666,13.029231,77.673531,,,,,drain#1500223885
143672559-x1,143672559,,residential,culvert,waterway_crossing,111,13.013229,77.676139,,,,,drain#675250062
143672569-x1,143672569,,residential,dip,waterway_crossing,323,13.014857,77.681376,,,,,drain#1411719002
143672570,143672570,,residential,low_bridge,bridge_over_water,8,13.016245,77.680408,,yes,1,,
143672573-x1,143672573,Shanthi Layout Main road,tertiary,dip,waterway_crossing,644,13.014195,77.682574,,,,,drain#1411719002
143672581-x1,143672581,,residential,dip,waterway_crossing,11,13.011722,77.678907,,,,,drain#675250064
143672669-x1,143672669,,residential,dip,waterway_crossing,175,13.011383,77.679828,,,,,drain#675250064
143680668-x1,143680668,,residential,dip,waterway_crossing,333,13.014038,77.682011,,,,,drain#1411719002
143744316,143744316,,residential,low_bridge,bridge_over_water,7,13.016293,77.67072,,yes,1,,
143753090-x1,143753090,,residential,dip,waterway_crossing,148,13.016767,77.679955,,,,,drain#1411718974
143753862-x1,143753862,,residential,dip,waterway_crossing,146,13.016655,77.680226,,,,,drain#1411718974
143755581-x1,143755581,,residential,dip,waterway_crossing,198,13.006818,77.67376,,,,,drain#1110178694
143755634-x1,143755634,,residential,culvert,waterway_crossing,340,13.010496,77.676207,,,,,drain#1413523380
143755738-x1,143755738,,residential,dip,waterway_crossing,434,13.008269,77.67378,,,,,drain#1110178694
143793373-x1,143793373,6th A Main Road,residential,culvert,waterway_crossing,301,13.018698,77.642521,,,,,drain:H401#1316084270
143978452-x1,143978452,,service,dip,waterway_crossing,164,12.979504,77.503515,,,,,drain#675682293
143981745-x1,143981745,,residential,dip,waterway_crossing,297,12.979726,77.498435,,,,,drain#1313455521
144386682-x1,144386682,,secondary,culvert,waterway_crossing,418,12.999535,77.757869,,,,,drain:MD292B#1304243204
144987819-x1,144987819,1st Main Road,residential,culvert,waterway_crossing,191,12.98087,77.498574,,,,,drain#1313455524
145078986-x1,145078986,,residential,dip,waterway_crossing,209,12.996036,77.714083,,,,,drain#1188439491
145219239-x1,145219239,,residential,dip,waterway_crossing,293,13.020215,77.613908,,,,,drain#1416675025
145221422,145221422,,residential,low_bridge,bridge_over_water,7,13.018152,77.609178,,yes,1,,
145221742,145221742,,residential,low_bridge,bridge_over_water,18,13.018629,77.610157,,yes,1,,
145385777-x1,145385777,DJ Halli Main Road,tertiary,dip,waterway_crossing,1042,13.014724,77.609195,,,,,drain:Drain#673959410
145509775-x1,145509775,Kachohalli Main Road,tertiary,dip,waterway_crossing,935,13.009696,77.479797,,,,,drain#1343674323
145513518-x1,145513518,,residential,dip,waterway_crossing,254,13.005791,77.492227,,,,,drain#675669767
145516090,145516090,,tertiary,underpass,tunnel=yes;layer<0,37,12.999073,77.473856,yes,,-1,,
145652817,145652817,,service,none,tunnel=building_passage,22,12.975959,77.729518,building_passage,,,,
145678815-x1,145678815,,residential,dip,waterway_crossing,351,13.011299,77.49086,,,,,drain#675669765
145678820-x1,145678820,,residential,dip,waterway_crossing,559,13.011686,77.491421,,,,,drain#675669765
145678826-x1,145678826,,residential,dip,waterway_crossing,367,13.011793,77.492063,,,,,drain#675669765
146001019-x1,146001019,,residential,dip,waterway_crossing,187,13.011846,77.492365,,,,,drain#675669765
146001036-x1,146001036,,residential,dip,waterway_crossing,271,13.012242,77.494738,,,,,drain#675669765
146211817-x1,146211817,Hosahalli Road,tertiary,dip,waterway_crossing,962,12.989242,77.475718,,,,,stream#1075569409
146306397-x1,146306397,,residential,dip,waterway_crossing,528,13.039948,77.505718,,,,,drain#1281336333
146306415,146306415,,residential,underpass,tunnel=yes;layer<0,51,13.052065,77.476744,yes,,-1,,
146369754-x1,146369754,Bellary Road,trunk,underpass,under_rail_bridge,431,13.0934,77.597144,,,,,railway#42655633
146369754-x2,146369754,Bellary Road,trunk,underpass,under_rail_bridge,431,13.093487,77.597164,,,,,railway#520530515
146445547-x1,146445547,,residential,dip,waterway_crossing,205,12.992046,77.489948,,,,,drain#1112988055
146445548-x1,146445548,,residential,dip,waterway_crossing,382,12.989465,77.477165,,,,,stream#1075569409
146445561-x1,146445561,,residential,culvert,waterway_crossing,246,12.98953,77.494845,,,,,drain#1111006298
146445570-x1,146445570,,residential,culvert,waterway_crossing,220,12.989465,77.495302,,,,,drain#1230581432
146445592-x1,146445592,,residential,dip,waterway_crossing,273,12.990412,77.474741,,,,,stream#1075569409
146445596-x1,146445596,,residential,dip,waterway_crossing,429,12.989299,77.477391,,,,,stream#1075569409
146445607-x1,146445607,,residential,dip,waterway_crossing,370,12.989877,77.475274,,,,,stream#1075569409
146447558,146447558,,tertiary,underpass,tunnel=yes;layer<0,38,12.951863,77.471067,yes,,-1,,
146447588-x1,146447588,,tertiary,dip,waterway_crossing,663,12.959477,77.485983,,,,,drain#1241557218
146447609,146447609,,tertiary,underpass,tunnel=yes;layer<0,43,12.952232,77.471151,yes,,-1,,
146485815-x1,146485815,,residential,dip,waterway_crossing,241,12.970474,77.480626,,,,,drain#1241555369
146596505-x1,146596505,NICE Road,motorway,dip,waterway_crossing,2937,12.978215,77.471151,,,,,drain#1548740974
146694613,146694613,,residential,low_bridge,bridge_over_water,13,12.988433,77.570582,,yes,,,
146700186,146700186,5th Cross Road,tertiary,low_bridge,bridge_over_water,19,12.992903,77.559951,,yes,,,
146700187,146700187,,residential,low_bridge,bridge_over_water,12,12.994895,77.559237,,yes,,,
146700193,146700193,Puttaswamy Road,secondary,low_bridge,bridge_over_water,9,12.993967,77.560145,,yes,,,
146700194,146700194,,residential,low_bridge,bridge_over_water,5,12.994492,77.560372,,yes,,,
146752291-x1,146752291,,tertiary,dip,waterway_crossing,320,12.963803,77.479726,,,,,drain#1241561482
146752435,146752435,,residential,underpass,tunnel=yes;layer<0,38,12.957793,77.471602,yes,,-1,,
146752455-x1,146752455,,residential,dip,waterway_crossing,1230,12.955086,77.475454,,,,,drain#1241560535
146767836-x1,146767836,NICE Road,motorway,culvert,waterway_crossing,3292,12.935885,77.469584,,,,,drain#1287334788
146767860,146767860,Dhananayakanahalli Main Road,tertiary,underpass,tunnel=yes;layer<0,39,12.937879,77.469308,yes,,-1,,
146767870-x1,146767870,,residential,dip,waterway_crossing,247,12.954803,77.47497,,,,,drain#1241560530
146767887-x1,146767887,,tertiary,dip,waterway_crossing,1464,12.974855,77.448217,,,,,drain#1188681284
146767901-x1,146767901,,residential,dip,waterway_crossing,277,12.95236,77.473685,,,,,drain#1241560527
146767905-x1,146767905,,residential,dip,waterway_crossing,247,12.954451,77.474632,,,,,drain#1241560529
146864688-x1,146864688,,trunk_link,culvert,waterway_crossing,733,13.023522,77.644693,,,,,drain:H400#687173293
146864712-x1,146864712,,trunk_link,culvert,waterway_crossing,730,13.023448,77.64572,,,,,drain:H400#687173293
147011873,147011873,Whitefield - Hoskote Road,primary,low_bridge,bridge_over_water,36,13.00821,77.758335,,yes,1,,
147530689-x1,147530689,Railway Line Road,secondary,culvert,waterway_crossing,771,12.993379,77.656195,,,,,drain#1301138058
147545794,147545794,,residential,underpass,layer<0,205,12.976263,77.628807,,,-1,,
147575110-x1,147575110,,residential,dip,waterway_crossing,295,12.925776,77.605643,,,,,drain:K200#673677234
147575111-x1,147575111,,residential,culvert,waterway_crossing,360,12.925486,77.606565,,,,,drain:K200#1349545242
147575141-x1,147575141,,residential,dip,waterway_crossing,57,12.926606,77.604559,,,,,drain:K200#673677234
147575193-x1,147575193,,residential,dip,waterway_crossing,256,12.9247,77.60287,,,,,drain:K206#1203712568
147695301,147695301,Puttaswamy Road,secondary,low_bridge,bridge_over_water,25,12.993529,77.564806,,yes,,,
148017327-x1,148017327,,residential,dip,waterway_crossing,277,12.956618,77.490793,,,,,drain#148473853
148017342-x1,148017342,,residential,dip,waterway_crossing,213,12.962663,77.491407,,,,,drain#1543999372
148208333,148208333,,service,low_bridge,bridge_over_water,19,12.957798,77.644274,,yes,,,
148210028,148210028,Madiwala Underpass,primary,underpass,layer<0,132,12.923999,77.618501,,,-1,,
148210029,148210029,Madiwala Underpass,primary,underpass,layer<0,165,12.92565,77.617404,,,-1,,
148210030,148210030,Madiwala Underpass,primary,underpass,tunnel=yes;layer<0,37,12.924461,77.618233,yes,,-1,,
148211164-x1,148211164,Mangammanapalaya Main Road,tertiary,culvert,waterway_crossing,1322,12.900551,77.646697,,,,,drain#350185233
148213815-x1,148213815,,tertiary,dip,waterway_crossing,5724,12.82134,77.752942,,,,,drain#1092941880
148216672,148216672,,service,underpass,tunnel=yes;layer<0,27,12.880087,77.708329,yes,,-1,,
148216673-x1,148216673,,track,culvert,waterway_crossing,1490,12.868161,77.709649,,,,,ditch#1368343963
148216681-x1,148216681,,tertiary,dip,waterway_crossing,2840,12.890676,77.717629,,,,,drain#1305233662
148473811,148473811,6th Main Road,residential,low_bridge,bridge_over_water,9,12.955445,77.494329,,yes,,,
148473828,148473828,,residential,low_bridge,bridge_over_water,19,12.955245,77.494021,,yes,,,
148473831,148473831,,residential,low_bridge,bridge_over_water,19,12.954405,77.491191,,yes,,,
148473834,148473834,,tertiary,low_bridge,bridge_over_water,22,12.952322,77.488987,,yes,,,
148473836,148473836,,secondary,low_bridge,bridge_over_water,21,12.934287,77.48365,,yes,,,
148473841,148473841,,tertiary,low_bridge,bridge_over_water,21,12.946993,77.484246,,yes,,,
148473859,148473859,Kenchanapura Road,secondary,low_bridge,bridge_over_water,19,12.951409,77.484983,,yes,,,
148473868-x1,148473868,,tertiary,culvert,waterway_crossing,15,12.942009,77.483118,,,,,drain#793850714
148473873,148473873,,tertiary,low_bridge,bridge_over_water,11,12.954695,77.490185,,yes,,,
148473875,148473875,,residential,low_bridge,bridge_over_water,8,12.956983,77.497109,,yes,,,
148482459,148482459,,tertiary,low_bridge,bridge_over_water,22,12.962792,77.770267,,yes,,,
148579222,148579222,,tertiary,low_bridge,bridge_over_water,31,12.929285,77.506853,,yes,1,,
148579231,148579231,,tertiary,low_bridge,bridge_over_water,83,12.938956,77.526986,,yes,1,,
148589363-x1,148589363,,residential,dip,waterway_crossing,182,12.958732,77.484957,,,,,drain#1241557218
149156077-x1,149156077,14th Main Road,residential,culvert,waterway_crossing,176,12.946244,77.49131,,,,,drain#1547463639
149157541,149157541,,secondary,low_bridge,bridge_over_water,26,12.918581,77.477846,,yes,,,
149584377-x1,149584377,,residential,culvert,waterway_crossing,475,12.946619,77.491467,,,,,drain#1547463639
150287999-x1,150287999,,residential,culvert,waterway_crossing,174,12.943952,77.488948,,,,,drain#793835675
150288018,150288018,,residential,low_bridge,bridge_over_water,18,12.943269,77.488412,,yes,,,
150288062,150288062,Dodda Basti Main Road,tertiary,low_bridge,bridge_over_water,15,12.942614,77.487682,,yes,,,
150483591-x1,150483591,Nagondanahalli Main Road,residential,culvert,waterway_crossing,1169,12.96816,77.76975,,,,,drain#796944021
150584917-x1,150584917,,residential,dip,waterway_crossing,280,13.055132,77.576053,,,,,drain#674699441
150585736-x1,150585736,,residential,dip,waterway_crossing,753,12.988072,77.780542,,,,,stream#1510337471
150595082,150595082,,service,underpass,tunnel=yes,64,12.977385,77.726911,yes,,,,
150595087,150595087,,service,underpass,tunnel=yes,56,12.977357,77.726941,yes,,,,
150632911-x1,150632911,,residential,dip,waterway_crossing,191,12.940654,77.486473,,,,,drain#150633069
150632943-x1,150632943,,residential,culvert,waterway_crossing,279,12.93861,77.49681,,,,,drain#1548146831
150632951-x1,150632951,,residential,culvert,waterway_crossing,112,12.938135,77.495463,,,,,drain#1343719073
150633060-x1,150633060,,residential,culvert,waterway_crossing,841,12.940097,77.484604,,,,,drain#793835670
150633060-x2,150633060,,residential,culvert,waterway_crossing,841,12.939941,77.485285,,,,,drain#793835672
150633082-x1,150633082,,residential,culvert,waterway_crossing,109,12.937131,77.496079,,,,,drain#1343719076
150633488-x1,150633488,,tertiary,culvert,waterway_crossing,1334,12.933463,77.496236,,,,,drain#1343719077
150634979-x1,150634979,,residential,culvert,waterway_crossing,80,12.93409,77.496986,,,,,drain#1343719077
150635027-x1,150635027,,residential,culvert,waterway_crossing,80,12.934594,77.496383,,,,,drain#1343719077
152582635-x1,152582635,,tertiary,dip,waterway_crossing,303,12.915949,77.638343,,,,,drain:K200#152582637
153510383-x1,153510383,1st H Main Road,residential,culvert,waterway_crossing,226,12.938409,77.540103,,,,,drain:V300#224319509
153510384-x1,153510384,1st I Main Road,residential,culvert,waterway_crossing,166,12.938043,77.540714,,,,,drain:V300#224319509
153512686-x1,153512686,8th C Cross Road,residential,culvert,waterway_crossing,151,12.938089,77.541271,,,,,drain:V300#224319509
154340361-x1,154340361,Kasturba Road,primary,dip,waterway_crossing,735,12.970458,77.59203,,,,,drain#673640934
155817453,155817453,Hesaraghatta Main Road Underpass,primary,underpass,tunnel=yes;layer<0,47,13.079188,77.501511,yes,,-1,,
155817458-x1,155817458,Bagalgunte Main Road,tertiary,dip,waterway_crossing,389,13.059258,77.501969,,,,,drain#1323345457
155818700,155818700,,track,underpass,tunnel=yes;layer<0,21,13.087423,77.494046,yes,,-1,,
156134414,156134414,16th Cross Road,residential,dip,flood_prone=yes,154,12.958997,77.721534,,,,yes,
156487692-x1,156487692,Kannamangala Road,secondary,culvert,waterway_crossing,1866,13.014194,77.765914,,,,,drain#1239794364
156487693-x1,156487693,Kannamangala Main Road,secondary,dip,waterway_crossing,2573,13.046887,77.770867,,,,,drain#1427544233
157571638-x1,157571638,Bhaskaran Road,secondary,dip,waterway_crossing,759,12.976002,77.620293,,,,,drain:C100#28709445
158025622-x1,158025622,,residential,dip,waterway_crossing,328,12.884428,77.612402,,,,,drain#795219272
158025627-x1,158025627,,residential,dip,waterway_crossing,565,12.883933,77.61278,,,,,drain#795219272
158239035-x1,158239035,Halubhavi Road,residential,culvert,waterway_crossing,539,12.938485,77.747659,,,,,drain#1274696772
158623456,158623456,Millers Road Underpass,tertiary,underpass,tunnel=yes;layer<0,31,12.994731,77.596232,yes,,-1,,
158623465,158623465,Millers Road Underpass,primary,underpass,tunnel=yes;layer<0,29,12.99455,77.595984,yes,,-1,,
158623466,158623466,Millers Road Underpass,tertiary,underpass,tunnel=yes;layer<0,31,12.994458,77.596141,yes,,-1,,
159033877,159033877,,track,underpass,tunnel=yes;layer<0,31,12.998238,77.748141,yes,,-1,,
159820208-x1,159820208,Sumanahalli Flyover,trunk,culvert,waterway_crossing,377,12.982956,77.5181,,,1,,drain#1390079427
159820222,159820222,Magadi Road,primary,low_bridge,bridge_over_water,37,12.986905,77.520438,,yes,1,,
160330784-x1,160330784,,trunk_link,dip,waterway_crossing,66,12.91748,77.62242,,,,,drain:K200#27994497
160349214-x1,160349214,Huskur Main Road,secondary,culvert,waterway_crossing,4233,12.854309,77.697992,,,,,drain#1125378110
160356280-x1,160356280,Hosur Road,trunk,culvert,waterway_crossing,1348,12.82769,77.681981,,,,,drain#1109924343
160511377,160511377,Electronic City Flyover,motorway,low_bridge,bridge_over_water,1929,12.903089,77.631398,,yes,2,,
160512744,160512744,Electronic City Flyover,motorway,low_bridge,bridge_over_water,1846,12.851738,77.667804,,yes,2,,
160512746,160512746,Electronic City Flyover,motorway,low_bridge,bridge_over_water,4294,12.876943,77.647489,,viaduct,2,,
160694437-x1,160694437,Ranka Colony Road,tertiary,dip,waterway_crossing,811,12.903232,77.608324,,,,,drain:K209#334655248
161161534,161161534,,service,underpass,tunnel=yes;layer<0,44,13.131563,77.615562,yes,,-1,,
163101103,163101103,Sankey Underpass,secondary,underpass,tunnel=yes;layer<0,145,13.003804,77.583297,yes,,-1,,
164042292-x1,164042292,Basappa Road,residential,dip,waterway_crossing,532,12.957477,77.597285,,,,,drain:K114#1093523672
164042295-x1,164042295,Lakshmi Road,residential,dip,waterway_crossing,178,12.957885,77.598178,,,,,drain:K114#1093523672
165830057-x1,165830057,Dr. B. R. Ambedkar Road,tertiary,culvert,waterway_crossing,595,12.964861,77.668656,,,,,drain#1109966264
166589754-x1,166589754,,tertiary,dip,waterway_crossing,5861,13.196141,77.454888,,,,,stream#1362793299
167854065-x1,167854065,,tertiary,dip,waterway_crossing,428,12.951114,77.565522,,,,,drain#1203069064
167854065-x2,167854065,,tertiary,dip,waterway_crossing,428,12.95131,77.564836,,,,,drain#673852970
168173381-x1,168173381,Peenya Inner Ring Road,secondary,dip,waterway_crossing,831,13.035447,77.518149,,,,,drain#674181134
169453737-x1,169453737,Lalbagh Fort Road,primary,dip,waterway_crossing,554,12.954218,77.5847,,,,,drain:K110#673645155
169723601-x1,169723601,,residential,culvert,waterway_crossing,224,13.022848,77.640768,,,,,drain#1266189543
169723603-x1,169723603,,residential,culvert,waterway_crossing,227,13.024265,77.640635,,,,,drain#1266189543
169723604-x1,169723604,,residential,culvert,waterway_crossing,162,13.02258,77.641065,,,,,drain#1266189543
169723605-x1,169723605,,residential,culvert,waterway_crossing,288,13.023472,77.64223,,,,,drain#1266189543
169762767,169762767,,tertiary,low_bridge,bridge_over_water,22,12.919733,77.551499,,yes,,,
170458467-x1,170458467,Nanjappa Road,residential,dip,waterway_crossing,533,12.956862,77.597904,,,,,drain:K114#1093523672
170542049-x1,170542049,,residential,culvert,waterway_crossing,697,12.831575,77.675643,,,,,drain#1238771676
170692876-x1,170692876,,service,culvert,waterway_crossing,153,12.878034,77.624641,,,,,drain#796870518
171780894-x1,171780894,,tertiary,culvert,waterway_crossing,1759,12.851248,77.703992,,,,,drain#1125378106
172396516-x1,172396516,,tertiary,culvert,waterway_crossing,403,12.951912,77.546238,,,,,drain:V120#1110165768
172671045,172671045,Kenchenahalli Main Road,secondary,low_bridge,bridge_over_water,33,12.934627,77.517716,,yes,1,,
172671083,172671083,,tertiary,low_bridge,bridge_over_water,52,12.917458,77.491577,,yes,1,,
172845872-x1,172845872,,residential,culvert,waterway_crossing,383,12.953193,77.554748,,,,,drain#1227984704
172845881-x1,172845881,6th Cross Road,residential,dip,waterway_crossing,231,12.953192,77.563599,,,,,drain:V120#673852971
172851190,172851190,M Srinivas Road,tertiary,dip,flood_prone=yes,150,12.933409,77.532396,,,,yes,
172886639-x1,172886639,Old Madras Road,trunk,dip,waterway_crossing,2784,13.022048,77.713104,,,,,drain#675273503
172886639-x2,172886639,Old Madras Road,trunk,culvert,waterway_crossing,2784,13.016775,77.704004,,,,,drain#788569751
172886640-x1,172886640,Old Madras Road,trunk,culvert,waterway_crossing,1390,13.017187,77.704561,,,,,drain#788569748
172886653-x1,172886653,,primary,culvert,waterway_crossing,1110,13.016801,77.704144,,,,,drain#788569752
172891315-x1,172891315,1st Cross Road,residential,dip,waterway_crossing,162,12.960616,77.583119,,,,,drain:K112#1093523668
172891317-x1,172891317,3rd Cross Road,residential,dip,waterway_crossing,362,12.95965,77.582591,,,,,drain:K112#1093523668
172891318-x1,172891318,5th Cross Road,residential,dip,waterway_crossing,229,12.958675,77.582076,,,,,drain:K112#1093523668
172895631,172895631,Magadi Underpass road,primary,underpass,tunnel=yes;layer<0,174,12.97441,77.547863,yes,,-1,,
172895632,172895632,Magadi Underpass road,primary,underpass,tunnel=yes;layer<0,164,12.974461,77.54782,yes,,-1,,
172895661,172895661,,residential,underpass,tunnel=yes;layer<0,138,12.94529,77.525957,yes,,-1,,
172895664-x1,172895664,1st Main road,residential,culvert,waterway_crossing,692,12.933812,77.552164,,,,,drain:V300#224319509
172899324-x1,172899324,,residential,dip,waterway_crossing,587,12.950091,77.60161,,,,,drain:K107#673668006
172920296-x1,172920296,DJ Halli Main Road,tertiary,culvert,waterway_crossing,628,13.01578,77.608572,,,,,drain#675496517
172938155-x1,172938155,3rd Main Road,tertiary,culvert,waterway_crossing,606,12.999843,77.663355,,,,,drain#1239599584
172952778,172952778,,primary,underpass,tunnel=yes;layer<0,41,12.999654,77.620209,yes,,-1,,
173431854-x1,173431854,80 Feet Road,tertiary,culvert,waterway_crossing,156,12.968035,77.647892,,,,,drain:C105#1443481747
173563737-x1,173563737,Saint John's Church Road,secondary,dip,waterway_crossing,285,12.987409,77.620156,,,,,drain:C200#350180783
173563737-x2,173563737,Saint John's Church Road,secondary,dip,waterway_crossing,285,12.987727,77.622599,,,,,drain:C204#423079501
173564837,173564837,Lazar Road Underpass,primary,underpass,tunnel=yes;layer<0,36,13.000175,77.620148,yes,,-1,,
173566956,173566956,Wheeler Road Flyover,secondary,low_bridge,bridge_over_water,663,12.997962,77.622066,,yes,1,,
174416692-x1,174416692,,residential,dip,waterway_crossing,183,12.898718,77.539029,,,,,drain#1203175515
175058127-x1,175058127,15th Main Road,residential,culvert,waterway_crossing,168,12.966306,77.643455,,,,,drain:C105#673683086
175284916-x1,175284916,,residential,dip,waterway_crossing,337,13.011715,77.63038,,,,,drain:H300#673959384
175284925-x1,175284925,,residential,dip,waterway_crossing,82,13.011673,77.629806,,,,,drain:H300#673959388
175391973-x1,175391973,4th Cross Road,residential,dip,waterway_crossing,653,12.958409,77.591968,,,,,drain:K109#673640248
175392012-x1,175392012,1st Cross Road,residential,dip,waterway_crossing,451,12.961389,77.593563,,,,,drain:K109#673640933
175392012-x2,175392012,1st Cross Road,residential,culvert,waterway_crossing,451,12.96012,77.593101,,,,,drain:K109#1204122768
175392015-x1,175392015,,residential,dip,waterway_crossing,260,12.960586,77.591873,,,,,drain:K109#673640248
175392021-x1,175392021,,residential,culvert,waterway_crossing,436,12.960729,77.592893,,,,,drain:K109#1204122767
177971562,177971562,Kogilu Main Road Underpass,secondary,underpass,tunnel=yes;layer<0,26,13.101696,77.63498,yes,,-1,,
179084445,179084445,Chandapura-Dommasandra Main Road Railway Underpass,secondary,underpass,tunnel=yes;layer<0,59,12.809662,77.710551,yes,,-1,,
179088587-x1,179088587,,track,dip,waterway_crossing,242,13.104404,77.474282,,,,,river:Arkavati#380067605
179088587-x2,179088587,,track,underpass,under_rail_bridge,242,13.105765,77.475154,,,,,railway#699466325
179088587-x3,179088587,,track,underpass,under_rail_bridge,242,13.105835,77.475233,,,,,railway#179088589
179088626-x1,179088626,,residential,dip,waterway_crossing,1249,13.104229,77.474019,,,,,river:Arkavati#380067605
179122877-x1,179122877,3rd Main Road,tertiary,dip,waterway_crossing,256,12.892845,77.61309,,,,,drain#179122871
180673098-x1,180673098,,residential,dip,waterway_crossing,273,12.891653,77.612092,,,,,drain#179122850
180969671-x1,180969671,NICE Road,motorway,culvert,waterway_crossing,4621,12.852571,77.544865,,,,,stream:Suvarnamukhi#1411464128
183859903-x1,183859903,,residential,dip,waterway_crossing,400,13.023394,77.626584,,,,,drain:Drain#675243882
183859948-x1,183859948,6th Cross Road,residential,dip,waterway_crossing,250,13.023395,77.626645,,,,,drain:Drain#675243882
183863403,183863403,,residential,low_bridge,bridge_over_water,7,13.029541,77.624207,,yes,1,,
183866252,183866252,,residential,underpass,tunnel=yes;layer<0,44,12.86673,77.634149,yes,,-1,,
183866253,183866253,Vittasandra Main Road,tertiary,underpass,tunnel=yes;layer<0,46,12.865829,77.629242,yes,,-1,,
183869111,183869111,,tertiary,underpass,tunnel=yes;layer<0,36,12.849266,77.558382,yes,,-1,,
183869119,183869119,,residential,underpass,tunnel=yes;layer<0,38,12.914184,77.531088,yes,,-1,,
183869123,183869123,,residential,underpass,tunnel=yes;layer<0,40,12.848272,77.566503,yes,,-1,,
184923390-x1,184923390,Kalpana Chawla Road,tertiary,culvert,waterway_crossing,629,13.042448,77.580057,,,,,drain:H207#1203755356
184943543,184943543,80 Feet Road,secondary,low_bridge,bridge_over_water,12,13.026241,77.625523,,yes,1,,
185479474,185479474,,primary,low_bridge,bridge_over_water,36,13.056805,77.768556,,yes,1,,
185479478,185479478,Old Madras Road,trunk,low_bridge,bridge_over_water,37,13.057141,77.76857,,yes,1,,
185479480,185479480,Old Madras Road,trunk,low_bridge,bridge_over_water,38,13.057036,77.76866,,yes,1,,
185479482-x1,185479482,,primary,dip,waterway_crossing,962,13.031228,77.729137,,,,,stream#778170795
185479484-x1,185479484,Old Madras Road,trunk,dip,waterway_crossing,566,13.031156,77.72919,,,1,,stream#778170795
185479490,185479490,Raghuvanahalli - Hosakote Road,primary,low_bridge,bridge_over_water,44,13.057311,77.768602,,yes,1,,
187756494-x1,187756494,Somashettahalli Main Road,tertiary,dip,waterway_crossing,1402,13.082308,77.517504,,,,,drain#1308145206
188334990,188334990,Vivekananda Road,tertiary,low_bridge,bridge_over_water,20,13.011253,77.680732,,yes,1,,
190154943-x1,190154943,Service Road,tertiary,dip,waterway_crossing,2243,13.043558,77.6001,,,,,drain:H101#232656628
190154946-x1,190154946,Service Road,tertiary,culvert,waterway_crossing,295,13.041293,77.615169,,,,,drain#1343677899
190865648-x1,190865648,Dhanvanthari Road,primary,underpass,under_rail_bridge,198,12.983268,77.572646,,,,,railway#44821471
190865648-x2,190865648,Dhanvanthari Road,primary,underpass,under_rail_bridge,198,12.983268,77.572646,,,,,railway#55131983
190865648-x3,190865648,Dhanvanthari Road,primary,underpass,under_rail_bridge,198,12.983268,77.572646,,,,,railway#372083763
191190625,191190625,Dairy Circle Underpass,secondary,underpass,tunnel=yes;layer<0,40,12.93732,77.601717,yes,,-1,,
192051394-x1,192051394,,tertiary,culvert,waterway_crossing,1532,12.975552,77.514024,,,,,drain#1486784329
192051398-x1,192051398,,tertiary,culvert,waterway_crossing,1567,12.976527,77.514057,,,,,drain#1486784329
194299541-x1,194299541,,residential,dip,waterway_crossing,490,12.993774,77.754722,,,,,drain:MD292B#1410600262
197826715-x1,197826715,4th Main Road,secondary,dip,waterway_crossing,320,13.068521,77.578887,,,,,drain#674699466
200767371-x1,200767371,,residential,dip,waterway_crossing,320,13.06354,77.577847,,,,,drain#674699466
203117244-x1,203117244,,tertiary,culvert,waterway_crossing,1374,13.055898,77.473381,,,,,stream#1113271759
204354021-x1,204354021,,residential,dip,waterway_crossing,281,13.059496,77.502873,,,,,drain#1323345457
204413125-x1,204413125,,residential,dip,waterway_crossing,166,13.059336,77.503587,,,,,drain#1323345457
204627688-x1,204627688,CV Raman Rasthe,residential,dip,waterway_crossing,494,12.884243,77.515775,,,,,drain#1189440579
204627689-x1,204627689,,residential,dip,waterway_crossing,1002,12.887984,77.512835,,,,,drain#1189440579
204627692-x1,204627692,,residential,dip,waterway_crossing,424,12.886713,77.514288,,,,,drain#1189440579
204884385-x1,204884385,Gattahalli Road,secondary,culvert,waterway_crossing,1704,12.875145,77.701016,,,,,ditch#1089439882
206967268-x1,206967268,,residential,dip,waterway_crossing,1620,12.877377,77.746285,,,,,drain#1352113253
206967276-x1,206967276,,residential,culvert,waterway_crossing,517,12.89064,77.72106,,,,,drain#1232632030
207472846-x1,207472846,8th Main Road,tertiary,culvert,waterway_crossing,390,12.93153,77.592604,,,,,drain:K207#514073943
207477319,207477319,10th Cross Road,residential,underpass,layer<0,201,12.947868,77.595674,,,-1,,
208450521-x1,208450521,Jasma Devi Baham Road,residential,culvert,waterway_crossing,387,12.990638,77.596155,,,,,drain:C100#673682030
208827395,208827395,Maharani College Underpass,secondary,underpass,tunnel=yes;layer<0,26,12.977827,77.58437,yes,,-5,,
208944725,208944725,Inner Ring Road,primary,low_bridge,bridge_over_water,17,12.938179,77.628541,,yes,1,,
208944727,208944727,Inner Ring Road,primary,low_bridge,bridge_over_water,23,12.93835,77.628704,,yes,1,,
210337542-x1,210337542,,residential,dip,waterway_crossing,1058,12.94864,77.756827,,,,,drain#1298279410
211067630-x1,211067630,7th A Cross Road,residential,culvert,waterway_crossing,215,13.027499,77.599405,,,,,drain:H101#682369903
212192440-x1,212192440,,residential,culvert,waterway_crossing,220,12.934772,77.546347,,,,,drain:V300#224319509
212204477-x1,212204477,3rd Cross Road,residential,culvert,waterway_crossing,62,12.938405,77.540137,,,,,drain:V300#224319509
212243239-x1,212243239,16th Main Road,residential,dip,waterway_crossing,186,12.95009,77.550028,,,,,drain:V122#172845877
212256257-x1,212256257,,residential,dip,waterway_crossing,235,12.958017,77.555743,,,,,drain#1227984711
212263488-x1,212263488,5th Cross Road,residential,culvert,waterway_crossing,317,12.956207,77.554894,,,,,drain#1227984708
212263489-x1,212263489,6th Cross Road,residential,culvert,waterway_crossing,116,12.954318,77.554538,,,,,drain#1227985868
212263494-x1,212263494,6th Cross Road,residential,culvert,waterway_crossing,316,12.955861,77.55478,,,,,drain#1227984706
212263495-x1,212263495,4th Cross Road,residential,culvert,waterway_crossing,205,12.954754,77.554983,,,,,drain#1227985866
212263497-x1,212263497,3rd Cross Road,residential,culvert,waterway_crossing,231,12.955048,77.555064,,,,,drain#1227985864
212263506-x1,212263506,4th Cross Road,residential,culvert,waterway_crossing,406,12.957083,77.556222,,,,,drain#1227984710
212263507-x1,212263507,3rd Cross Road,residential,dip,waterway_crossing,275,12.957365,77.555648,,,,,drain#1227984705
212272393-x1,212272393,5th Main Road,residential,dip,waterway_crossing,319,12.952769,77.562584,,,,,drain:V120#673852971
212272393-x2,212272393,5th Main Road,residential,dip,waterway_crossing,319,12.950691,77.562401,,,,,drain#673852970
212564625-x1,212564625,,residential,dip,waterway_crossing,80,12.937756,77.521165,,,,,drain:V207#1204456625
212578509-x1,212578509,,residential,dip,waterway_crossing,64,12.964629,77.526446,,,,,drain:V207#437848266
212578552-x1,212578552,,residential,dip,waterway_crossing,148,12.968008,77.517408,,,,,drain#1541226647
212578599-x1,212578599,5th Cross Road,residential,dip,waterway_crossing,74,12.965436,77.52637,,,,,drain:V207#437848266
212612232-x1,212612232,,residential,dip,waterway_crossing,92,12.962368,77.51113,,,,,drain#1539943355
212612251-x1,212612251,,residential,dip,waterway_crossing,91,12.962752,77.511144,,,,,drain#1539943355
212693633-x1,212693633,,residential,dip,waterway_crossing,153,12.942847,77.760195,,,,,drain#1298279410
212693658-x1,212693658,,residential,dip,waterway_crossing,542,12.942869,77.759389,,,,,drain#1298279410
212693694-x1,212693694,,residential,dip,waterway_crossing,372,12.942812,77.759087,,,,,drain#1298279410
212938271-x1,212938271,,residential,dip,waterway_crossing,117,12.977106,77.525133,,,,,drain#48876291
212972804-x1,212972804,,residential,dip,waterway_crossing,172,12.989218,77.544759,,,,,drain:V116#1092672114
212987563-x1,212987563,7th Cross Road,residential,dip,waterway_crossing,92,12.953207,77.563279,,,,,drain:V120#673852971
212987577-x1,212987577,,living_street,dip,waterway_crossing,37,12.95118,77.566111,,,,,drain#673852970
212987587-x1,212987587,,residential,dip,waterway_crossing,365,12.951363,77.564385,,,,,drain#673852970
212996206-x1,212996206,1st B Cross Road,residential,dip,waterway_crossing,101,12.942889,77.58286,,,,,drain:K111#1203712570
212996210-x1,212996210,1st Cross Road,residential,dip,waterway_crossing,99,12.943152,77.582845,,,,,drain:K111#1203712570
212996216-x1,212996216,2nd Cross Road,residential,dip,waterway_crossing,103,12.942592,77.582869,,,,,drain:K111#1203712570
213002041-x1,213002041,,residential,dip,waterway_crossing,549,12.944004,77.590933,,,,,drain:K108#131645659
213006797-x1,213006797,Venkata Reddy Road,residential,dip,waterway_crossing,248,12.945699,77.592435,,,,,drain:K108#131645659
213006799-x1,213006799,,residential,dip,waterway_crossing,105,12.946948,77.594459,,,,,drain:K108#131645659
213006800-x1,213006800,,residential,dip,waterway_crossing,69,12.945859,77.592236,,,,,drain:K108#131645659
213006804-x1,213006804,,residential,dip,waterway_crossing,604,12.946602,77.593059,,,,,drain:K108#131645659
213006805-x1,213006805,,residential,dip,waterway_crossing,112,12.946394,77.593478,,,,,drain:K108#131645659
213006808-x1,213006808,,residential,dip,waterway_crossing,138,12.945647,77.591654,,,,,drain:K108#131645659
213006817-x1,213006817,,residential,dip,waterway_crossing,165,12.945663,77.592339,,,,,drain:K108#131645659
213006819-x1,213006819,,residential,dip,waterway_crossing,100,12.946018,77.592672,,,,,drain:K108#131645659
213006821-x1,213006821,,residential,dip,waterway_crossing,100,12.946442,77.592961,,,,,drain:K108#131645659
213006822-x1,213006822,,residential,dip,waterway_crossing,100,12.946246,77.592574,,,,,drain:K108#131645659
213006825-x1,213006825,,residential,dip,waterway_crossing,270,12.946354,77.593581,,,,,drain:K108#131645659
213016734-x1,213016734,2nd Main Road,residential,dip,waterway_crossing,612,12.941177,77.60198,,,,,drain:K104#673853322
213016781-x1,213016781,,residential,dip,waterway_crossing,51,12.947263,77.595032,,,,,drain:K108#131645659
213016785-x1,213016785,16th Cross Street,residential,dip,waterway_crossing,597,12.942191,77.602602,,,,,drain:K104#673853318
213016832-x1,213016832,9th Cross Road,residential,dip,waterway_crossing,230,12.939061,77.600008,,,,,drain:K104#673853322
213016890-x1,213016890,,residential,dip,waterway_crossing,161,12.947263,77.595032,,,,,drain:K108#131645659
213022623-x1,213022623,8th Cross Road,residential,dip,waterway_crossing,157,12.939136,77.600658,,,,,drain:K104#673853322
213022637-x1,213022637,,residential,dip,waterway_crossing,103,12.94971,77.605852,,,,,drain:K104#673853320
213022644-x1,213022644,2nd Main Road,residential,dip,waterway_crossing,134,12.949176,77.605741,,,,,drain:K104#673853320
213027168-x1,213027168,,residential,dip,waterway_crossing,335,12.952253,77.601659,,,,,drain:K107#673668006
213027170-x1,213027170,,residential,dip,waterway_crossing,179,12.952253,77.601659,,,,,drain:K107#673668006
213042766-x1,213042766,,residential,dip,waterway_crossing,385,12.9679,77.62442,,,,,drain:C106#675252713
213042786-x1,213042786,,residential,dip,waterway_crossing,128,12.968208,77.625192,,,,,drain:C106#675252713
213072305-x1,213072305,,residential,dip,waterway_crossing,155,12.949923,77.622599,,,,,drain:Drain#1166289488
213072312-x1,213072312,,residential,dip,waterway_crossing,339,12.948008,77.624523,,,,,drain#1431134672
213352701-x1,213352701,Banaswadi Main Road,primary,dip,waterway_crossing,526,13.011111,77.6458,,,,,drain:H400#335526669
213352703-x1,213352703,Banaswadi Main Road,primary,dip,waterway_crossing,573,13.010816,77.645621,,,,,drain:H400#335526669
213964790-x1,213964790,,tertiary,dip,waterway_crossing,1388,12.949727,77.433152,,,,,drain#1479979281
214000620-x1,214000620,,residential,culvert,waterway_crossing,305,12.981679,77.415975,,,,,drain#1338218877
214000820-x1,214000820,,residential,culvert,waterway_crossing,1846,12.985512,77.416976,,,,,drain#1338218879
215040414-x1,215040414,,residential,dip,waterway_crossing,240,13.106612,77.522773,,,,,drain#1410052086
215040420-x1,215040420,13th Cross Road,residential,dip,waterway_crossing,242,13.069477,77.507507,,,,,drain#383572769
215040483-x1,215040483,,residential,dip,waterway_crossing,83,13.068682,77.507455,,,,,drain#383572769
215052774-x1,215052774,Hanumanthe Gowder Main Road,residential,dip,waterway_crossing,264,13.066827,77.512024,,,,,drain#1381021041
215052989-x1,215052989,,residential,dip,waterway_crossing,296,13.06961,77.51055,,,,,drain#383572769
215064598-x1,215064598,,residential,dip,waterway_crossing,184,13.082233,77.532143,,,,,drain#1297584652
215064780-x1,215064780,,residential,culvert,waterway_crossing,309,13.080892,77.537577,,,,,drain#1115970813
215074730-x1,215074730,,residential,culvert,waterway_crossing,423,13.079463,77.540569,,,,,drain#1115970815
215080850-x1,215080850,Ananthapura Main Road Ferrar Nagar,tertiary,dip,waterway_crossing,1064,13.118037,77.560238,,,,,drain#1419419913
215083473-x1,215083473,,residential,culvert,waterway_crossing,478,13.083959,77.538612,,,,,drain#675686738
215163787-x1,215163787,,residential,dip,waterway_crossing,1556,13.142013,77.75508,,,,,stream:Ponnaiyar#766396098
215214006-x1,215214006,,residential,culvert,waterway_crossing,301,13.06784,77.521075,,,,,drain#135267828
215214007-x1,215214007,Nanjappa - Thindlu Road,secondary,culvert,waterway_crossing,858,13.069221,77.56236,,,,,drain#1383284343
215214048-x1,215214048,,residential,dip,waterway_crossing,80,13.06369,77.531364,,,,,drain#674735140
215214083-x1,215214083,,residential,dip,waterway_crossing,69,13.062808,77.532266,,,,,drain#674735140
215214152-x1,215214152,,residential,dip,waterway_crossing,72,13.062782,77.532585,,,,,drain#674735140
215214157-x1,215214157,,residential,dip,waterway_crossing,859,13.063332,77.527098,,,,,drain#674735139
215214181-x1,215214181,,residential,culvert,waterway_crossing,490,13.071219,77.562815,,,,,drain#675649187
215214302-x1,215214302,,residential,dip,waterway_crossing,162,13.061895,77.534039,,,,,drain#674735135
215227207-x1,215227207,,tertiary,culvert,waterway_crossing,539,13.10048,77.555256,,,,,ditch#1185899943
215227322-x1,215227322,,residential,dip,waterway_crossing,275,13.100797,77.55315,,,,,drain#1489035921
215227352-x1,215227352,,residential,dip,waterway_crossing,238,13.099418,77.554547,,,,,ditch#1185899948
215227368-x1,215227368,,tertiary,dip,waterway_crossing,777,13.115624,77.555476,,,,,drain#412909372
215227368-x2,215227368,,tertiary,culvert,waterway_crossing,777,13.115711,77.555454,,,,,stream#1234220595
215245853-x1,215245853,,residential,dip,waterway_crossing,118,13.102352,77.539197,,,,,drain#1308259643
215245873-x1,215245873,,residential,dip,waterway_crossing,619,13.10084,77.534623,,,,,ditch#1418694189
215245874-x1,215245874,,tertiary,culvert,waterway_crossing,725,13.109584,77.556948,,,,,ditch#1545933222
215245874-x2,215245874,,tertiary,dip,waterway_crossing,725,13.107403,77.55628,,,,,drain#1254929747
215245880-x1,215245880,,residential,culvert,waterway_crossing,188,13.109333,77.559681,,,,,ditch#1545933228
215245911-x1,215245911,,residential,dip,waterway_crossing,161,13.100685,77.539491,,,,,drain#1308259643
215245915-x1,215245915,,residential,dip,waterway_crossing,161,13.100597,77.539803,,,,,drain#1308259643
215245917-x1,215245917,,residential,dip,waterway_crossing,161,13.100766,77.539207,,,,,drain#1308259643
215245931-x1,215245931,,residential,dip,waterway_crossing,161,13.101878,77.539271,,,,,drain#1308259643
215245962-x1,215245962,,residential,dip,waterway_crossing,225,13.101695,77.540826,,,,,drain#1308259643
215245981-x1,215245981,,residential,dip,waterway_crossing,226,13.100954,77.540229,,,,,drain#1308259643
215254194-x1,215254194,,residential,dip,waterway_crossing,118,13.079793,77.532786,,,,,drain#674735132
215254226-x1,215254226,,residential,dip,waterway_crossing,150,13.079977,77.532132,,,,,drain#674735132
215254233-x1,215254233,,residential,dip,waterway_crossing,183,13.08314,77.515203,,,,,drain#1308145206
215254260-x1,215254260,,residential,culvert,waterway_crossing,271,13.076271,77.510064,,,,,drain#135267828
215254314-x1,215254314,,service,dip,waterway_crossing,214,13.073262,77.510969,,,,,drain#383572771
215254316-x1,215254316,,residential,dip,waterway_crossing,391,13.083439,77.514356,,,,,drain#1308145206
215261182-x1,215261182,,residential,dip,waterway_crossing,121,13.089408,77.529502,,,,,drain#1308259572
215261189-x1,215261189,,residential,dip,waterway_crossing,181,13.088819,77.528791,,,,,drain#1308259572
215267772-x1,215267772,,residential,dip,waterway_crossing,52,12.944162,77.523915,,,,,drain#1559324730
215272135-x1,215272135,,residential,dip,waterway_crossing,186,13.094185,77.522449,,,,,drain#1308088689
215272332-x1,215272332,,residential,culvert,waterway_crossing,326,13.087757,77.504475,,,,,stream#1156552712
215276184-x1,215276184,,residential,dip,waterway_crossing,397,13.062283,77.553363,,,,,drain#1380595582
215349597-x1,215349597,,tertiary,dip,waterway_crossing,1169,13.042629,77.767907,,,,,drain#1427544233
215375101-x1,215375101,,residential,dip,waterway_crossing,154,13.055304,77.502282,,,,,drain#1281214407
215375210,215375210,Manjunath Nagar Road,residential,low_bridge,bridge_over_water,13,13.056867,77.498585,,yes,1,,
215375252-x1,215375252,,residential,dip,waterway_crossing,84,13.059496,77.502873,,,,,drain#1323345457
215375359-x1,215375359,,residential,dip,waterway_crossing,423,13.054953,77.504863,,,,,drain#1281214407
215380108-x1,215380108,,residential,dip,waterway_crossing,229,12.865402,77.529113,,,,,drain#1189542636
215384758-x1,215384758,,residential,dip,waterway_crossing,64,12.874359,77.528503,,,,,drain#1344973957
215384782-x1,215384782,,residential,dip,waterway_crossing,269,12.860486,77.524998,,,,,drain#1349974925
215390413-x1,215390413,,residential,dip,waterway_crossing,266,12.869329,77.510395,,,,,drain#1189440578
215390424-x1,215390424,,residential,culvert,waterway_crossing,118,12.869424,77.514308,,,,,drain#1220199514
215390426-x1,215390426,,residential,dip,waterway_crossing,123,12.870236,77.511664,,,,,drain#1189440578
215393935-x1,215393935,,residential,dip,waterway_crossing,553,12.870883,77.512749,,,,,drain#1189440578
215402861-x1,215402861,,residential,culvert,waterway_crossing,297,12.872612,77.535918,,,,,drain#1229629588
215402877-x1,215402877,,residential,culvert,waterway_crossing,237,12.872101,77.535083,,,,,drain#1229629592
215404273-x1,215404273,,track,dip,waterway_crossing,1488,12.84509,77.538311,,,,,stream:Suvarnamukhi#1337328423
215412333-x1,215412333,,residential,culvert,waterway_crossing,212,13.046211,77.518719,,,,,drain#1184983894
215412508-x1,215412508,,residential,dip,waterway_crossing,161,12.873701,77.551101,,,,,stream:Suvarnamukhi#781691089
215412937-x1,215412937,,residential,culvert,waterway_crossing,192,13.039116,77.51638,,,,,drain#1110957813
215413059-x1,215413059,,residential,culvert,waterway_crossing,133,13.059626,77.51538,,,,,drain#1505643980
215413086-x1,215413086,,residential,dip,waterway_crossing,293,13.035968,77.518225,,,,,drain#674181134
215413090-x1,215413090,,residential,culvert,waterway_crossing,128,13.040274,77.515099,,,,,drain#1110957817
215413164-x1,215413164,,residential,culvert,waterway_crossing,303,13.044615,77.514746,,,,,drain#1184983888
215414595-x1,215414595,80 Feet Road,tertiary,dip,waterway_crossing,1139,12.857908,77.549954,,,,,drain#1189440575
215419975-x1,215419975,,tertiary,dip,waterway_crossing,705,12.865297,77.559177,,,,,drain#1189440571
215419992-x1,215419992,,residential,dip,waterway_crossing,380,12.866415,77.556115,,,,,drain#1189440571
215420734-x1,215420734,,residential,dip,waterway_crossing,219,12.868703,77.55617,,,,,drain#1176579510
215420735-x1,215420735,,residential,dip,waterway_crossing,373,12.868952,77.556227,,,,,drain#1176579510
215422647-x1,215422647,,residential,dip,waterway_crossing,91,12.869063,77.554028,,,,,drain#1176579510
215422651-x1,215422651,,residential,dip,waterway_crossing,96,12.869327,77.554182,,,,,drain#1176579510
215422662-x1,215422662,,residential,dip,waterway_crossing,333,12.871105,77.556068,,,,,drain#1314354511
215423087-x1,215423087,,service,dip,waterway_crossing,134,13.041277,77.505396,,,,,drain#1281336333
215423089-x1,215423089,,residential,dip,waterway_crossing,135,13.042802,77.505215,,,,,drain#1281336333
215423100-x1,215423100,,residential,dip,waterway_crossing,277,13.040604,77.505452,,,,,drain#1281336333
215423108-x1,215423108,,tertiary,dip,waterway_crossing,133,13.037338,77.507392,,,,,drain#1281336333
215430824-x1,215430824,,residential,dip,waterway_crossing,431,13.040404,77.5464,,,,,drain:H205#674362394
215430830-x1,215430830,,residential,dip,waterway_crossing,149,13.061624,77.534005,,,,,drain#674735135
215430855-x1,215430855,,residential,dip,waterway_crossing,62,13.039588,77.546578,,,,,drain:H205#674362394
215430871-x1,215430871,,residential,dip,waterway_crossing,57,13.058328,77.532704,,,,,drain#674735138
215430890-x1,215430890,,residential,dip,waterway_crossing,86,13.038448,77.547569,,,,,drain:H205#674362394
215430897-x1,215430897,,residential,dip,waterway_crossing,155,13.061434,77.533066,,,,,drain#674735135
215430908-x1,215430908,,residential,dip,waterway_crossing,105,13.038403,77.547334,,,,,drain:H205#674362394
215430945-x1,215430945,,tertiary,culvert,waterway_crossing,153,13.055428,77.53409,,,,,drain#1227969791
215430946-x1,215430946,,residential,culvert,waterway_crossing,65,13.057894,77.532984,,,,,drain#1227969787
215430993-x1,215430993,,residential,dip,waterway_crossing,156,13.060492,77.532881,,,,,drain#674735135
215431009-x1,215431009,,residential,dip,waterway_crossing,230,13.039308,77.547192,,,,,drain:H205#674362394
215431015-x1,215431015,,residential,dip,waterway_crossing,164,13.060791,77.53298,,,,,drain#674735135
215431030-x1,215431030,,residential,culvert,waterway_crossing,147,13.05697,77.53322,,,,,drain#1227969789
215435301-x1,215435301,,residential,dip,waterway_crossing,100,13.008924,77.51531,,,,,drain:V201#675688700
215542762-x1,215542762,,residential,dip,waterway_crossing,238,12.854912,77.557869,,,,,drain#1337361070
215548131-x1,215548131,,residential,dip,waterway_crossing,404,12.880432,77.539253,,,,,drain#1189440570
215548144-x1,215548144,,residential,dip,waterway_crossing,173,12.883437,77.533546,,,,,drain#1189542640
215553679-x1,215553679,,tertiary,dip,waterway_crossing,952,13.190567,77.618669,,,,,stream#1244965475
215553723-x1,215553723,,tertiary,dip,waterway_crossing,2311,13.178224,77.610023,,,,,stream#1279688012
215556697-x1,215556697,,residential,culvert,waterway_crossing,235,12.889368,77.544115,,,,,drain#1230236256
215556701-x1,215556701,,tertiary,dip,waterway_crossing,557,12.897103,77.541451,,,,,drain#1203175515
215556746-x1,215556746,,residential,culvert,waterway_crossing,190,12.889243,77.544335,,,,,drain#1230236258
215556782-x1,215556782,,residential,dip,waterway_crossing,127,12.882637,77.538178,,,,,drain#1189440570
215556801-x1,215556801,,residential,dip,waterway_crossing,371,12.883264,77.537929,,,,,drain#1189440570
215567995-x1,215567995,,residential,culvert,waterway_crossing,249,12.896205,77.553445,,,,,drain#1558743991
215574577-x1,215574577,,residential,culvert,waterway_crossing,322,13.151397,77.57226,,,,,drain#1286741557
215574626-x1,215574626,,tertiary,dip,waterway_crossing,826,13.175964,77.592387,,,,,stream#971271867
215591582-x1,215591582,,track,culvert,waterway_crossing,398,13.134258,77.579256,,,,,drain#1320227030
215714742-x1,215714742,,service,dip,waterway_crossing,186,12.898881,77.438004,,,,,drain#1365570093
215726552-x1,215726552,,track,dip,waterway_crossing,251,12.929236,77.436858,,,,,drain#1120291629
217565206,217565206,Domlur Flyover Ramp,primary_link,low_bridge,bridge_over_water,100,12.960953,77.642693,,yes,1,,
217565207,217565207,Domlur Flyover Ramp,primary_link,low_bridge,bridge_over_water,103,12.961311,77.641981,,yes,1,,
217991699-x1,217991699,Dr. B. R. Ambedkar Road,residential,culvert,waterway_crossing,551,12.902923,77.60909,,,,,drain:K209#1103160815
218911641,218911641,,residential,dip,flood_prone=yes,112,12.989159,77.694742,,,,yes,
218911642,218911642,,residential,dip,flood_prone=yes,364,12.98656,77.694165,,,,yes,
218911643,218911643,,residential,dip,flood_prone=yes,286,12.987587,77.695111,,,,yes,
218911644,218911644,,residential,dip,flood_prone=yes,188,12.988651,77.694565,,,,yes,
220935202,220935202,Doddaballapur Road,primary,low_bridge,bridge_over_water,195,13.113709,77.57942,,yes,1,,
221939115,221939115,,tertiary,underpass,tunnel=yes;layer<0,14,12.987485,77.82258,yes,,-1,,
223863609-x1,223863609,20I Cross Road,residential,dip,waterway_crossing,145,12.941687,77.628554,,,,,drain#1430946252
223863617-x1,223863617,,residential,culvert,waterway_crossing,156,12.944304,77.629771,,,,,drain#1431920126
224319516-x1,224319516,1st Cross Road,residential,culvert,waterway_crossing,44,12.935084,77.555007,,,,,drain:V300#224319509
224319517-x1,224319517,2nd Cross Road,residential,culvert,waterway_crossing,45,12.93487,77.554914,,,,,drain:V300#224319509
224319518-x1,224319518,5th C Cross Road,residential,culvert,waterway_crossing,56,12.934548,77.554715,,,,,drain:V300#224319509
224319521-x1,224319521,9th B Main Road,residential,culvert,waterway_crossing,270,12.93303,77.553205,,,,,drain:V300#224319509
224618934-x1,224618934,Rajaram Mohan Roy Road,primary,dip,waterway_crossing,614,12.967081,77.594611,,,,,drain:K109#673640933
224620317,224620317,New BEL Road,secondary,low_bridge,bridge_over_water,17,13.039868,77.563705,,yes,1,,
226565946-x1,226565946,KR Puram Market road,tertiary,culvert,waterway_crossing,1256,13.016499,77.695531,,,,,drain#788593835
226565946-x2,226565946,KR Puram Market road,tertiary,culvert,waterway_crossing,1256,13.018351,77.696772,,,,,drain#788569746
229039420-x1,229039420,,track,dip,waterway_crossing,260,12.875594,77.783825,,,,,drain#1459558805
229852347-x1,229852347,,unclassified,dip,waterway_crossing,488,12.918979,77.763714,,,,,drain#1241644937
229967039-x1,229967039,Kodichikkanahalli Road,tertiary,dip,waterway_crossing,845,12.897731,77.612312,,,,,drain#350070388
229976708-x1,229976708,Tank Bund Road,secondary,culvert,waterway_crossing,1101,12.91534,77.616604,,,,,drain:K204#1103160813
229976708-x2,229976708,Tank Bund Road,secondary,culvert,waterway_crossing,1101,12.912835,77.621933,,,,,drain:K209#164040899
230172062-x1,230172062,,tertiary,dip,waterway_crossing,704,12.915811,77.638458,,,,,drain:K200#152582637
230182002-x1,230182002,,tertiary,culvert,waterway_crossing,321,12.921058,77.666465,,,,,drain#1370870223
230182006-x1,230182006,,tertiary,culvert,waterway_crossing,195,12.921773,77.667189,,,,,drain#1370870223
230184833,230184833,9th Main Road,tertiary,low_bridge,bridge_over_water,18,12.915903,77.635387,,yes,1,,
230411368-x1,230411368,,residential,dip,waterway_crossing,110,12.84793,77.653184,,,,,drain#1518172812
230424760-x1,230424760,AMR Tech Park Road,service,culvert,waterway_crossing,619,12.900699,77.631346,,,,,drain#796870553
230438505-x1,230438505,Begur Main Road,residential,dip,waterway_crossing,458,12.887589,77.612063,,,,,drain#179122870
231112097-x1,231112097,Jamia Masjid Road,residential,culvert,waterway_crossing,590,12.904716,77.568194,,,,,drain#1270568462
231292819,231292819,,tertiary,underpass,tunnel=yes;layer<0,51,12.856693,77.530415,yes,,-1,,
232342994-x1,232342994,Marathalli Bridge Service Road,tertiary,culvert,waterway_crossing,58,12.956452,77.709294,,,,,drain#414833861
232342997-x1,232342997,Marathalli Bridge Service Road,tertiary,culvert,waterway_crossing,76,12.956627,77.709325,,,,,drain#414833861
232810398,232810398,Nayandhalli Flyover,trunk,low_bridge,bridge_over_water,298,12.945064,77.528988,,yes,2,,
232875114,232875114,Kempe Gowda Underpass Road,tertiary,underpass,tunnel=yes;layer<0,62,13.00343,77.663711,yes,,-1,,
232875115-x1,232875115,2nd Main Road,secondary,culvert,waterway_crossing,203,12.999479,77.662707,,,,,drain#1239599581
232875117-x1,232875117,2nd Main Road,secondary,culvert,waterway_crossing,733,13.006085,77.659476,,,,,drain#1276035603
233359575-x1,233359575,,tertiary,dip,waterway_crossing,2049,12.91997,77.461905,,,,,drain#1104930794
233530034-x1,233530034,,tertiary,dip,waterway_crossing,1117,12.971292,77.508396,,,,,drain#1217247612
233870416-x1,233870416,,residential,culvert,waterway_crossing,123,12.934388,77.548497,,,,,drain:V300#224319509
233870454,233870454,,residential,low_bridge,bridge_over_water,7,12.925734,77.555418,,yes,,,
233870471,233870471,,residential,low_bridge,bridge_over_water,7,12.928041,77.558612,,yes,1,,
233870486-x1,233870486,6th Cross Road,residential,culvert,waterway_crossing,105,12.93399,77.551881,,,,,drain:V300#224319509
233870490-x1,233870490,,residential,culvert,waterway_crossing,58,12.93485,77.549418,,,,,drain:V300#224319509
233870543-x1,233870543,,residential,culvert,waterway_crossing,153,12.928143,77.558997,,,,,drain:V304#41192908
233870549-x1,233870549,6th Main Road,residential,culvert,waterway_crossing,106,12.933644,77.553884,,,,,drain:V300#224319509
233870582-x1,233870582,,residential,culvert,waterway_crossing,192,12.927516,77.558309,,,,,drain:V304#41192908
233870603-x1,233870603,5th Cross Road,residential,culvert,waterway_crossing,136,12.934877,77.549459,,,,,drain:V300#224319509
233870617-x1,233870617,9th Cross Road,tertiary,culvert,waterway_crossing,213,12.9342,77.547557,,,,,drain:V300#224319509
233870639-x1,233870639,1st Main Road,residential,culvert,waterway_crossing,186,12.934848,77.5493,,,,,drain:V300#224319509
233870640-x1,233870640,,residential,culvert,waterway_crossing,274,12.933284,77.55286,,,,,drain:V300#224319509
233999525,233999525,Sangolli Rayanna Road,tertiary,low_bridge,bridge_over_water,31,12.977367,77.518554,,yes,,,
234564302-x1,234564302,,tertiary,culvert,waterway_crossing,541,12.979125,77.463057,,,,,drain#1222441292
234582171-x1,234582171,,residential,dip,waterway_crossing,342,12.977324,77.474858,,,,,drain#1548740974
234969850-x1,234969850,Kadabagere Road,tertiary,culvert,waterway_crossing,1340,13.013124,77.442761,,,,,stream#1231042088
234990223-x1,234990223,Nelamagala Road,tertiary,culvert,waterway_crossing,4980,13.008052,77.430975,,,,,river:Arkavati#1231056307
235490053-x1,235490053,,tertiary,underpass,under_rail_bridge,2043,13.101515,77.472068,,,,,railway#1047824835
235491938-x1,235491938,,residential,dip,waterway_crossing,620,13.063812,77.497049,,,,,drain#1281214290
235982200-x1,235982200,,tertiary,dip,waterway_crossing,655,13.113391,77.478959,,,,,river:Arkavati#380067605
235982203-x1,235982203,,tertiary,dip,waterway_crossing,1800,13.122603,77.475598,,,,,stream#1360813687
236045692-x1,236045692,,residential,dip,waterway_crossing,964,13.099324,77.479706,,,,,stream#1156552717
236045783-x1,236045783,Hesaraghatta Road,primary,dip,waterway_crossing,2754,13.117912,77.523,,,,,ditch#1157849796
236045783-x2,236045783,Hesaraghatta Road,primary,culvert,waterway_crossing,2754,13.131485,77.516511,,,,,stream#1227719515
236045900-x1,236045900,,secondary,culvert,waterway_crossing,1508,13.116145,77.524699,,,,,ditch#1157849797
236577282-x1,236577282,,residential,culvert,waterway_crossing,78,13.038227,77.547967,,,,,drain:H205#1341204772
236749311-x1,236749311,,residential,culvert,waterway_crossing,208,13.055788,77.533681,,,,,drain#1227969793
236814332-x1,236814332,,residential,dip,waterway_crossing,117,12.907134,77.632551,,,,,drain#350094279
236847851-x1,236847851,Vidyaranyapura Road,secondary,dip,waterway_crossing,527,13.063918,77.55928,,,,,drain#1381888182
236851657-x1,236851657,Tank Bund Road,tertiary,dip,waterway_crossing,479,13.035445,77.553557,,,,,drain:H203#1203755358
237063065-x1,237063065,,residential,dip,waterway_crossing,435,13.050336,77.575031,,,,,drain#674699441
237063065-x2,237063065,,residential,dip,waterway_crossing,435,13.050202,77.572489,,,,,drain#674699469
237063363-x1,237063363,,residential,dip,waterway_crossing,189,13.056161,77.575467,,,,,drain#674699441
237063364-x1,237063364,,residential,dip,waterway_crossing,618,13.05709,77.576206,,,,,drain#674699441
237063369-x1,237063369,,residential,dip,waterway_crossing,260,13.055796,77.575384,,,,,drain#674699441
237079939-x1,237079939,,residential,dip,waterway_crossing,113,13.065276,77.57711,,,,,drain#674699466
237089966-x1,237089966,,residential,dip,waterway_crossing,296,12.910003,77.63248,,,,,drain#350094279
237187047-x1,237187047,Kogilu Main Road,secondary,culvert,waterway_crossing,1267,13.104576,77.610639,,,,,drain#1109957622
237188321,237188321,Kogilu Main Road Underpass,secondary,underpass,tunnel=yes;layer<0,26,13.101697,77.634729,yes,,-1,,
237229525-x1,237229525,Madehalli Service Road,primary,dip,waterway_crossing,1180,13.02254,77.713479,,,,,drain#675273503
237229525-x2,237229525,Madehalli Service Road,primary,culvert,waterway_crossing,1180,13.024797,77.717482,,,,,drain#1456924455
237269504-x1,237269504,,residential,dip,waterway_crossing,536,13.088914,77.619101,,,,,drain#1429157010
237395993-x1,237395993,Ananda Rising Clouds Road,tertiary,dip,waterway_crossing,928,13.168505,77.655826,,,,,drain#1266492725
237400499-x1,237400499,,tertiary,dip,waterway_crossing,912,13.188645,77.612407,,,,,drain#1280151232
237478670-x1,237478670,,residential,culvert,waterway_crossing,414,12.905138,77.63251,,,,,drain#236730223
237657339-x1,237657339,Allalasandra Main Road,tertiary,dip,waterway_crossing,657,13.086976,77.592591,,,,,drain#1557767910
237658093,237658093,Doddaballapur Road,primary,low_bridge,bridge_over_water,198,13.11372,77.579527,,yes,1,,
237815637-x1,237815637,,residential,dip,waterway_crossing,659,13.173543,77.590606,,,,,stream#1157120545
238582595-x1,238582595,,service,dip,waterway_crossing,544,13.093393,77.603924,,,,,stream#1182951683
238582596-x1,238582596,,residential,dip,waterway_crossing,283,13.093835,77.60382,,,,,stream#1182951683
238582744-x1,238582744,,residential,dip,waterway_crossing,336,13.095018,77.60331,,,,,stream#1182951683
239070965,239070965,,primary,low_bridge,bridge_over_water,61,13.042157,77.641941,,yes,1,,
239207417-x1,239207417,,residential,dip,waterway_crossing,662,13.162407,77.657139,,,,,drain#1266492725
239438609,239438609,Madiwala Underpass,primary,underpass,tunnel=yes;layer<0,38,12.92471,77.617991,yes,,-1,,
239738418,239738418,NIMHANS Underpass,service,underpass,tunnel=yes;layer<0,36,12.941181,77.597344,yes,,-1,,
243553545-x1,243553545,,tertiary,culvert,waterway_crossing,304,12.916114,77.617204,,,,,drain:K204#27994476
243554073,243554073,,tertiary,low_bridge,bridge_over_water,23,12.921194,77.618438,,yes,,,
243929210,243929210,,service,none,tunnel=building_passage,139,12.908048,77.601681,building_passage,,,,
244294114,244294114,Nayandahalli Underpass,trunk,underpass,tunnel=yes;layer<0,208,12.946725,77.524944,yes,,-1,,
244301817-x1,244301817,,residential,culvert,waterway_crossing,773,12.947031,77.523572,,,,,drain:V207#1092043504
244585798,244585798,Outer Ring Road,trunk,low_bridge,bridge_over_water,192,13.010205,77.527327,,yes,2,,
244848890-x1,244848890,1st Main Road,residential,dip,waterway_crossing,510,12.983432,77.514085,,,,,drain#1353420065
244848890-x2,244848890,1st Main Road,residential,culvert,waterway_crossing,510,12.986833,77.514345,,,,,drain#1227936890
245809758-x1,245809758,,trunk_link,dip,waterway_crossing,115,12.916585,77.622862,,,,,drain:K209#350053651
245809758-x2,245809758,,trunk_link,culvert,waterway_crossing,115,12.916881,77.6221,,,,,drain:K204#27994476
247980372-x1,247980372,,track,dip,waterway_crossing,311,12.910863,77.759885,,,,,drain#1092941901
248031123,248031123,Mysore Road,trunk,dip,flood_prone=yes,1120,12.931306,77.506411,,,,yes,
248437742-x1,248437742,,residential,dip,waterway_crossing,202,13.017905,77.65122,,,,,drain#1551919323
249189315-x1,249189315,Kodigehalli Main Road,tertiary,dip,waterway_crossing,661,13.06356,77.577142,,,,,drain#674699466
249194979,249194979,Outer Ring Road,trunk,low_bridge,bridge_over_water,191,13.00991,77.527295,,viaduct,2,,
249194990,249194990,Kaderanahali Underpass,trunk,underpass,tunnel=yes;layer<0,101,12.914067,77.565991,yes,,-1,,
249194997-x1,249194997,Outer Ring Road,trunk,culvert,waterway_crossing,245,12.975194,77.51378,,,1,,drain#1486784329
249195015,249195015,Kaderanahali Underpass,trunk,underpass,tunnel=yes;layer<0,103,12.914069,77.5659,yes,,-1,,
249912697,249912697,Nayandhalli Flyover,trunk,low_bridge,bridge_over_water,301,12.945134,77.529029,,yes,2,,
250713934,250713934,Mysore Road,tertiary,dip,flood_prone=yes,41,12.945292,77.528325,,,,yes,
251513688-x1,251513688,Sri Ram Mandir Road,residential,dip,waterway_crossing,77,12.9662,77.594507,,,,,drain:K109#673640933
251513712-x1,251513712,8th Cross Road,residential,dip,waterway_crossing,99,12.965895,77.594932,,,,,drain:K109#673640933
251918139-x1,251918139,,tertiary,dip,waterway_crossing,455,12.890863,77.612198,,,,,drain#179122846
253581098-x1,253581098,1st Cross Road,tertiary,culvert,waterway_crossing,135,12.934801,77.549879,,,,,drain:V300#224319509
253595912,253595912,,tertiary,underpass,tunnel=yes;layer<0,52,12.919367,77.468967,yes,,-1,,
253597724-x1,253597724,,tertiary,dip,waterway_crossing,2387,12.925356,77.421899,,,,,drain#1366495609
253771266,253771266,,tertiary,underpass,tunnel=yes;layer<0,39,12.846809,77.417956,yes,,-1,,
255430603,255430603,Bellary Road,trunk,low_bridge,bridge_over_water,2339,13.103869,77.600457,,yes,1,,
255430604-x1,255430604,Kodigehalli Road,secondary,dip,waterway_crossing,1599,13.059777,77.577288,,,,,drain#674699421
255430608-x1,255430608,Bellary Road,trunk,underpass,under_rail_bridge,442,13.092127,77.597015,,,,,railway#42655633
255430608-x2,255430608,Bellary Road,trunk,underpass,under_rail_bridge,442,13.09222,77.597035,,,,,railway#520530515
255430608-x3,255430608,Bellary Road,trunk,culvert,waterway_crossing,442,13.090626,77.596645,,,,,stream#639361800
256258847,256258847,,tertiary,low_bridge,bridge_over_water,9,12.918217,77.62194,,yes,1,,
256696229-x1,256696229,Hosur Road,trunk,culvert,waterway_crossing,616,12.856964,77.663457,,,,,ditch#1071407126
257750511-x1,257750511,,residential,dip,waterway_crossing,88,13.017603,77.679946,,,,,drain#1411718974
257750518-x1,257750518,,residential,dip,waterway_crossing,104,13.017922,77.679286,,,,,drain#1411718974
257750532,257750532,,residential,low_bridge,bridge_over_water,9,13.015831,77.680446,,yes,1,,
257939449-x1,257939449,,residential,culvert,waterway_crossing,495,13.038353,77.685457,,,,,drain#1523433022
259160133-x1,259160133,,residential,dip,waterway_crossing,168,12.88154,77.611512,,,,,drain#795219272
259160158-x1,259160158,6th Cross Road,residential,dip,waterway_crossing,198,12.882113,77.612335,,,,,drain#795219272
259160158-x2,259160158,6th Cross Road,residential,dip,waterway_crossing,198,12.882045,77.612331,,,,,drain#350072900
259160166-x1,259160166,,residential,dip,waterway_crossing,206,12.881519,77.61186,,,,,drain#795219272
259160202-x1,259160202,,residential,dip,waterway_crossing,258,12.882782,77.612518,,,,,drain#795219272
259209259,259209259,Bellary Road,trunk,low_bridge,bridge_over_water,2339,13.103442,77.600415,,yes,1,,
259570532-x1,259570532,72nd Cross Road,residential,dip,waterway_crossing,480,12.981203,77.545095,,,,,drain:V116#1092672114
260440821,260440821,Chord Road Flyover,trunk,low_bridge,bridge_over_water,110,12.952878,77.540983,,yes,1,,
262857975,262857975,1st Cross Road,residential,underpass,layer<0,116,12.904087,77.620267,,,-1,,
264711477,264711477,CNR Rao Underpass,trunk,underpass,layer<0,151,13.014815,77.564395,,,-1,,
270572419,270572419,F C I Main Road,tertiary,underpass,tunnel=yes;layer<0,33,12.999306,77.667112,yes,,-1,,
273902490-x1,273902490,,residential,dip,waterway_crossing,250,12.851631,77.568377,,,,,drain#1189440574
273902491-x1,273902491,,residential,dip,waterway_crossing,264,12.853213,77.568578,,,,,drain#1189440574
290639791,290639791,Maruthi Nagar Main Road,secondary,low_bridge,bridge_over_water,13,12.923535,77.614626,,yes,,,
290640276-x1,290640276,Tank Bund Road,tertiary,dip,waterway_crossing,680,12.928083,77.604702,,,,,drain:K200#673677235
294559021-x1,294559021,18th Main,residential,culvert,waterway_crossing,352,12.914795,77.590472,,,,,drain:K209#1502788791
294805679-x1,294805679,2nd Main Road,residential,culvert,waterway_crossing,66,12.902304,77.545032,,,,,drain#1184436590
296654964-x1,296654964,16th A Main,residential,culvert,waterway_crossing,52,12.96532,77.644103,,,,,drain:C105#673683086
299470349-x1,299470349,,residential,dip,waterway_crossing,190,12.865516,77.571152,,,,,drain#1328835822
299471933-x1,299471933,,residential,culvert,waterway_crossing,367,12.862495,77.564398,,,,,drain#1499632467
299471952-x1,299471952,,residential,culvert,waterway_crossing,495,12.86366,77.567892,,,,,drain#1499632613
299480044-x1,299480044,Chinmaya Vidyalaya Road,tertiary,dip,waterway_crossing,479,12.88991,77.488442,,,,,drain#1281359321
299802574-x1,299802574,,residential,dip,waterway_crossing,149,12.865617,77.569298,,,,,drain#1328835822
299802593-x1,299802593,,residential,dip,waterway_crossing,99,12.865757,77.571467,,,,,drain#1328835822
299804682-x1,299804682,,residential,culvert,waterway_crossing,403,12.868448,77.579035,,,,,drain#1502467406
299804716-x1,299804716,,residential,culvert,waterway_crossing,287,12.869053,77.579457,,,,,drain#1502467399
299806936-x1,299806936,,residential,culvert,waterway_crossing,175,12.903587,77.565791,,,,,drain#1270568462
299806939-x1,299806939,,residential,culvert,waterway_crossing,248,12.904754,77.56877,,,,,drain#1270568462
299815434-x1,299815434,,residential,dip,waterway_crossing,196,12.853294,77.585451,,,,,drain#1337360137
299815442-x1,299815442,,residential,dip,waterway_crossing,412,12.853465,77.584631,,,,,drain#1337360137
306996878,306996878,Borewell Road,tertiary,low_bridge,bridge_over_water,15,12.969278,77.740442,,yes,,,
308836202-x1,308836202,,residential,dip,waterway_crossing,17,13.012592,77.545208,,,,,drain:V202#94441432
309161637-x1,309161637,Kempapura Main Road,tertiary,culvert,waterway_crossing,836,12.945671,77.675355,,,,,drain#1311161166
309193876-x1,309193876,,residential,dip,waterway_crossing,154,12.927525,77.604247,,,,,drain:K200#673677234
309193877-x1,309193877,,residential,dip,waterway_crossing,158,12.926122,77.604829,,,,,drain:K200#673677234
309197840-x1,309197840,,residential,culvert,waterway_crossing,304,12.890141,77.6287,,,,,drain#796870575
309199338-x1,309199338,,residential,culvert,waterway_crossing,420,12.887443,77.629512,,,,,drain#796870568
309199338-x2,309199338,,residential,culvert,waterway_crossing,420,12.886803,77.629818,,,,,drain#796870572
309508075-x1,309508075,,residential,dip,waterway_crossing,32,12.935135,77.705705,,,,,drain#1559358210
309513258-x1,309513258,,residential,culvert,waterway_crossing,240,12.924911,77.690195,,,,,drain#1528352414
309513259-x1,309513259,,residential,culvert,waterway_crossing,274,12.924581,77.689937,,,,,drain#1528352414
309602408-x1,309602408,,residential,dip,waterway_crossing,224,12.92155,77.546132,,,,,drain#1217326868
309602410-x1,309602410,,residential,dip,waterway_crossing,95,12.920968,77.54608,,,,,drain#1217326868
309602412-x1,309602412,,residential,dip,waterway_crossing,177,12.921842,77.546185,,,,,drain#1217326868
309602413-x1,309602413,,residential,dip,waterway_crossing,181,12.922129,77.546241,,,,,drain#1217326868
309602419-x1,309602419,,residential,dip,waterway_crossing,116,12.922429,77.5464,,,,,drain#1217326868
309602420-x1,309602420,,residential,dip,waterway_crossing,136,12.922716,77.54645,,,,,drain#1217326868
309602421-x1,309602421,,residential,dip,waterway_crossing,157,12.923015,77.546678,,,,,drain#1217326868
309602424-x1,309602424,,residential,dip,waterway_crossing,92,12.923608,77.546697,,,,,drain#1217326868
309602426-x1,309602426,,residential,dip,waterway_crossing,154,12.924534,77.54663,,,,,drain#1217326868
309616174-x1,309616174,,residential,dip,waterway_crossing,108,12.911936,77.6296,,,,,drain#317763264
309616179-x1,309616179,,residential,dip,waterway_crossing,59,12.912127,77.629498,,,,,drain#317763264
309626302-x1,309626302,,residential,dip,waterway_crossing,138,12.969449,77.687845,,,,,drain#323729568
309626306-x1,309626306,,residential,dip,waterway_crossing,186,12.968291,77.688045,,,,,drain#323729568
309688452-x1,309688452,Hamsa Club Road,residential,culvert,waterway_crossing,156,12.969746,77.686193,,,,,drain#770680868
310356027-x1,310356027,,residential,culvert,waterway_crossing,211,12.948446,77.62638,,,,,drain#1431913920
310356031-x1,310356031,,residential,culvert,waterway_crossing,133,12.948962,77.626181,,,,,drain#1431913924
310665037-x1,310665037,,residential,dip,waterway_crossing,178,12.926204,77.604615,,,,,drain:K200#673677234
310665051-x1,310665051,7th Cross Road,residential,dip,waterway_crossing,232,12.925066,77.604479,,,,,drain:K206#1203712568
310665121-x1,310665121,3rd Cross Road,residential,dip,waterway_crossing,293,12.921194,77.608711,,,,,drain:K205#1203712567
311216818-x1,311216818,,residential,culvert,waterway_crossing,318,12.892616,77.63038,,,,,drain#796870580
311216844-x1,311216844,,residential,culvert,waterway_crossing,178,12.895869,77.631151,,,,,drain#796870560
311217855-x1,311217855,,residential,culvert,waterway_crossing,314,12.894563,77.629709,,,,,drain#796870562
311217858-x1,311217858,,residential,culvert,waterway_crossing,194,12.895597,77.630563,,,,,drain#796870558
312055529-x1,312055529,Hosur Road,trunk,dip,waterway_crossing,2580,12.886367,77.64154,,,,,drain#1419979752
312063814-x1,312063814,Hosur Road,trunk,dip,waterway_crossing,2889,12.90235,77.631698,,,,,drain#236730227
312174028-x1,312174028,Outer Ring Road,trunk,dip,waterway_crossing,81,12.91708,77.622301,,,,,drain:K200#27994497
313832245-x1,313832245,,service,dip,waterway_crossing,149,12.96541,77.634249,,,,,drain:C106#675252711
316100417-x1,316100417,,residential,culvert,waterway_crossing,1158,12.817386,77.596786,,,,,ditch#794312128
322022988-x1,322022988,13th Cross Road,residential,dip,waterway_crossing,959,12.916178,77.63204,,,,,drain#673673530
323037308-x1,323037308,4th Cross Road,residential,dip,waterway_crossing,141,12.973595,77.656385,,,,,drain#673683084
323098737-x1,323098737,5th Cross Road,residential,dip,waterway_crossing,217,12.955538,77.657962,,,,,drain:C103#133882612
323562885-x1,323562885,,residential,dip,waterway_crossing,174,12.882932,77.533616,,,,,drain#1189542640
323562888-x1,323562888,,residential,dip,waterway_crossing,225,12.884842,77.534417,,,,,drain#1466741433
323642596-x1,323642596,,residential,dip,waterway_crossing,456,12.904266,77.645713,,,,,drain#673673539
323814316-x1,323814316,,service,dip,waterway_crossing,68,12.973834,77.604387,,,,,drain:K103#1092674470
323852395-x1,323852395,5th Cross Road,residential,dip,waterway_crossing,584,12.957231,77.591776,,,,,drain:K109#673640248
324204455-x1,324204455,,living_street,dip,waterway_crossing,188,12.964843,77.576748,,,,,drain:K100#673670438
324405052,324405052,Dharmaraja Koil Street,tertiary,low_bridge,bridge_over_water,9,12.984842,77.610467,,yes,,,
326085947-x1,326085947,,residential,dip,waterway_crossing,91,13.030182,77.560452,,,,,drain:H203#1203755358
326742841,326742841,,residential,low_bridge,bridge_over_water,15,13.027922,77.590511,,yes,1,,
326742845-x1,326742845,4th Main Road,residential,culvert,waterway_crossing,125,13.025367,77.589674,,,,,drain:H104#675496530
327387610,327387610,Wind Tunnel Road,tertiary,low_bridge,bridge_over_water,38,12.952206,77.652452,,yes,,,
328283584,328283584,Nayandahalli Flyover,trunk,low_bridge,bridge_over_water,595,12.945546,77.528615,,viaduct,3,,
328283599,328283599,Outer Ring Road,tertiary,dip,flood_prone=yes,32,12.94526,77.528164,,,,yes,
328283600,328283600,Outer Ring Road,tertiary,low_bridge,bridge_over_water,31,12.945186,77.528353,,yes,1,,
328283601,328283601,Nayandahalli Flyover,trunk,low_bridge,bridge_over_water,598,12.94558,77.528589,,viaduct,3,,
328314973,328314973,,residential,underpass,tunnel=yes;layer<0,43,12.938418,77.531726,yes,,-1,,
328314975,328314975,Chord Road Flyover Ramp,trunk_link,low_bridge,bridge_over_water,102,12.95282,77.541134,,yes,1,,
328758436-x1,328758436,Swamy Vivekananda Road,primary,culvert,waterway_crossing,1815,12.994149,77.66316,,,,,drain#1354126746
328774396,328774396,Tagore Circle Underpass,primary,underpass,tunnel=yes;layer<0,80,12.944283,77.573745,yes,,-1,,
328774400,328774400,Tagore Circle Underpass,primary,underpass,tunnel=yes;layer<0,80,12.94356,77.57383,yes,,-1,,
328778565-x1,328778565,6th Main Road,tertiary,dip,waterway_crossing,301,13.004121,77.543323,,,,,drain:V203#94441427
329793755-x1,329793755,7th Cross Road,residential,culvert,waterway_crossing,244,13.003339,77.632342,,,,,drain#1432471582
329793758-x1,329793758,3rd Cross Road,residential,culvert,waterway_crossing,293,13.003738,77.631523,,,,,drain:H300#1113226438
329793760-x1,329793760,,residential,culvert,waterway_crossing,170,13.003087,77.630602,,,,,drain:H300#1113226438
331515389,331515389,Wind Tunnel Road,tertiary,low_bridge,bridge_over_water,19,12.947374,77.655973,,yes,1,,
331515390,331515390,Wind Tunnel Road,tertiary,low_bridge,bridge_over_water,20,12.947401,77.650766,,yes,1,,
331779127,331779127,Mysore Road,trunk,low_bridge,bridge_over_water,15,12.908554,77.477502,,yes,1,,
331779130,331779130,Mysore Road,trunk,low_bridge,bridge_over_water,21,12.908738,77.477595,,yes,1,,
332243839-x1,332243839,Marenahalli Road,primary,culvert,waterway_crossing,971,12.917125,77.589509,,,,,drain:K209#133134239
332519025,332519025,,service,underpass,layer<0,60,12.956031,77.654635,,,-1,,
332546108-x1,332546108,,residential,dip,waterway_crossing,125,13.057582,77.495575,,,,,drain#1281206624
332546922-x1,332546922,,residential,dip,waterway_crossing,133,13.054538,77.500392,,,,,drain#1281214407
332547614-x1,332547614,,residential,dip,waterway_crossing,129,13.033028,77.498261,,,,,drain#1110247819
332547629-x1,332547629,,residential,culvert,waterway_crossing,415,13.034329,77.496978,,,,,drain#1110247820
332551692,332551692,,residential,low_bridge,bridge_over_water,16,13.038283,77.494126,,yes,1,,
332551716-x1,332551716,,residential,dip,waterway_crossing,546,13.033082,77.488254,,,,,drain#1376522727
332782351-x1,332782351,17th Main Road,residential,dip,waterway_crossing,242,12.93413,77.616885,,,,,drain:K101#673948795
334653045-x1,334653045,Begur Road,secondary,culvert,waterway_crossing,277,12.877125,77.625749,,,,,drain#796870515
334654365,334654365,Dr. Vishnuvardhan Road,secondary,low_bridge,bridge_over_water,49,12.909173,77.487108,,yes,1,,
334880073-x1,334880073,,residential,culvert,waterway_crossing,32,13.046747,77.519206,,,,,drain#1184983898
334880100-x1,334880100,,residential,dip,waterway_crossing,220,13.012271,77.493924,,,,,drain#675669765
334880177-x1,334880177,,residential,culvert,waterway_crossing,129,13.045351,77.516295,,,,,drain#1184983890
334880206-x1,334880206,,residential,dip,waterway_crossing,191,13.046765,77.509141,,,,,drain#1353093567
334955601-x1,334955601,Shankarnagar Main Road,tertiary,dip,waterway_crossing,419,13.012263,77.544015,,,,,drain:V202#94441432
335169244-x1,335169244,11th Cross Road,tertiary,dip,waterway_crossing,618,13.00188,77.573068,,,,,drain:Vrishabhavathi#335169250
335169255,335169255,5th Cross Road,tertiary,low_bridge,bridge_over_water,11,12.996847,77.574758,,yes,,,
335169525-x1,335169525,6th Cross Road,residential,dip,waterway_crossing,658,13.003999,77.55571,,,,,drain:V112#1092672110
343745951-x1,343745951,,residential,culvert,waterway_crossing,134,12.948618,77.702497,,,,,drain#1559241395
345009183-x1,345009183,Gunjur Balagere Road,tertiary,culvert,waterway_crossing,1660,12.927235,77.729103,,,,,drain:MD382#1092680611
345412993-x1,345412993,,service,dip,waterway_crossing,85,13.029827,77.519946,,,,,drain#674181136
346533624-x1,346533624,,service,dip,waterway_crossing,112,12.957963,77.643785,,,,,drain:C100#346531143
346541673,346541673,,service,none,tunnel=building_passage,36,12.961917,77.63883,building_passage,,,,
346541677,346541677,,service,none,tunnel=building_passage,55,12.961747,77.638785,building_passage,,,,
348320600-x1,348320600,,residential,dip,waterway_crossing,112,13.028977,77.688006,,,,,drain#788590252
348320617-x1,348320617,,residential,dip,waterway_crossing,128,13.028742,77.687316,,,,,drain#788590252
348320658-x1,348320658,,residential,culvert,waterway_crossing,78,13.028572,77.688216,,,,,drain#788590253
348322841-x1,348322841,,residential,culvert,waterway_crossing,241,13.041711,77.68669,,,,,drain#788426022
348322852-x1,348322852,,residential,culvert,waterway_crossing,173,13.038849,77.685817,,,,,drain#1523433022
348322884-x1,348322884,,residential,culvert,waterway_crossing,150,13.038335,77.685027,,,,,drain#1523433022
348322903-x1,348322903,,residential,dip,waterway_crossing,133,13.037657,77.674899,,,,,stream#1097436279
348330537,348330537,,tertiary,low_bridge,bridge_over_water,54,12.905489,77.481784,,yes,1,,
349316393,349316393,16th E Main Road,residential,low_bridge,bridge_over_water,8,12.963819,77.643677,,yes,,,
349316395,349316395,17th Main Road,residential,low_bridge,bridge_over_water,9,12.963219,77.643521,,yes,,,
349316396,349316396,17th Main,residential,dip,flood_prone=yes,153,12.963392,77.642289,,,,yes,
349316397,349316397,18th Main Road,residential,low_bridge,bridge_over_water,11,12.96244,77.643437,,yes,1,,
350096398,350096398,1st Cross Road,residential,low_bridge,bridge_over_water,17,12.934684,77.629934,,yes,1,,
350096405,350096405,,residential,low_bridge,bridge_over_water,12,12.930716,77.633933,,yes,1,,
350292418-x1,350292418,,residential,culvert,waterway_crossing,217,12.962447,77.708737,,,,,drain#414833861
350292419-x1,350292419,,residential,culvert,waterway_crossing,242,12.96286,77.709242,,,,,drain#414833861
351330308,351330308,,service,underpass,tunnel=yes,8,13.029195,77.564072,yes,,,,
352951710,352951710,,service,low_bridge,bridge_over_water,20,12.989558,77.571703,,yes,1,,
353705155-x1,353705155,3rd Cross Road,residential,dip,waterway_crossing,188,12.999009,77.561938,,,,,drain:V114#437871424
358318637-x1,358318637,King's Road,unclassified,culvert,waterway_crossing,412,12.979384,77.597313,,,,,stream#1316469312
359509890-x1,359509890,Basbusabpalaya Service Road,tertiary,culvert,waterway_crossing,666,13.023607,77.645732,,,,,drain:H400#687173293
359510792-x1,359510792,Hennur Bagalur Main Road,primary,culvert,waterway_crossing,3067,13.097075,77.65509,,,,,stream#675665447
360675529-x1,360675529,Vittal Mallya Road,primary_link,dip,waterway_crossing,48,12.967089,77.594602,,,,,drain:K109#673640933
361829849-x1,361829849,7th Main Road,secondary,culvert,waterway_crossing,382,13.018652,77.643118,,,,,drain:H401#1316084270
362215135-x1,362215135,,tertiary,culvert,waterway_crossing,356,12.998775,77.663692,,,,,drain#1239599584
362297639-x1,362297639,Kodipalya Road,tertiary,dip,waterway_crossing,500,12.890969,77.486007,,,,,drain#1281359321
362739172-x1,362739172,,tertiary,dip,waterway_crossing,942,13.067574,77.530355,,,,,drain#674735140
363460053-x1,363460053,Charminar Masjid Road,residential,dip,waterway_crossing,318,12.986861,77.606088,,,,,drain:C100#363618852
363475448,363475448,,service,none,tunnel=building_passage,25,12.979409,77.591149,building_passage,,,,
363597273,363597273,Annaswamy Mudaliar Road,tertiary,low_bridge,bridge_over_water,22,12.981559,77.615623,,yes,1,,
363597277,363597277,St. John's Road,secondary,low_bridge,bridge_over_water,15,12.982868,77.612877,,yes,1,,
364078932-x1,364078932,,residential,culvert,waterway_crossing,158,12.931805,77.537035,,,,,drain:V300#224319509
364604037,364604037,,service,underpass,tunnel=building_passage;layer<0,18,12.978222,77.592398,building_passage,,-1,,
367605341,367605341,,service,underpass,tunnel=yes;layer<0,102,12.924969,77.667848,yes,,-1,,
369255584,369255584,Airport Trumpet Flyover,primary,underpass,layer<0,327,13.196652,77.654702,,,-1,,
369448455,369448455,Bellary Road,trunk,low_bridge,bridge_over_water,768,13.180567,77.638837,,yes,1,,
369452675-x1,369452675,Palanahalli Road,residential,dip,waterway_crossing,2052,13.117613,77.616559,,,,,drain#1429010389
369786367-x1,369786367,Outer Ring Road,trunk,culvert,waterway_crossing,654,13.043346,77.584899,,,,,drain:H207#1460084772
369832750-x1,369832750,,residential,dip,waterway_crossing,241,12.920532,77.546218,,,,,drain#1217326868
369868961,369868961,Bellary Road,trunk,low_bridge,bridge_over_water,4034,13.074785,77.592608,,yes,1,,
370194983-x1,370194983,,tertiary,culvert,waterway_crossing,1782,13.060076,77.59326,,,,,drain#1244997548
370281882-x1,370281882,Hosahalli Main Road,tertiary,culvert,waterway_crossing,2779,13.143666,77.624419,,,,,drain#1333647469
370327863-x1,370327863,,service,culvert,waterway_crossing,280,12.91186,77.684157,,,,,drain#1457683388
370327864-x1,370327864,,service,culvert,waterway_crossing,172,12.912968,77.684563,,,,,drain#1457683388
370328587,370328587,,tertiary,low_bridge,bridge_over_water,17,12.917144,77.623614,,yes,1,,
370390351-x1,370390351,80 Feet Road,secondary,dip,waterway_crossing,1010,12.934432,77.629615,,,,,drain#674356912
371381441-x1,371381441,Murugan Temple Street,residential,dip,waterway_crossing,115,12.97112,77.655471,,,,,drain#340255772
372083754-x1,372083754,Hare Krishna Road Underpass,secondary,underpass,under_rail_bridge,25,12.987804,77.577923,,,,,railway#1452304531
372083754-x2,372083754,Hare Krishna Road Underpass,secondary,underpass,under_rail_bridge,25,12.987804,77.577923,,,,,railway#1452304533
372083757-x1,372083757,Hare Krishna Road Underpass,secondary,underpass,under_rail_bridge,20,12.987858,77.577729,,,,,railway#1452304531
372083757-x2,372083757,Hare Krishna Road Underpass,secondary,underpass,under_rail_bridge,20,12.987858,77.577729,,,,,railway#1452304533
372299930,372299930,,service,underpass,tunnel=yes;layer<0,48,13.122996,77.575226,yes,,-1,,
372300304,372300304,Dabaspete - Hosur Highway,trunk,low_bridge,bridge_over_water,116,12.894273,77.825395,,yes,1,,
372785406-x1,372785406,Doddathogur and Chikkatoghuru Link Road,residential,dip,waterway_crossing,680,12.855519,77.654933,,,,,ditch#350300586
373585635-x1,373585635,Gunjurupalya Road,tertiary,culvert,waterway_crossing,3772,12.920901,77.722877,,,,,drain:MD382#1092680611
373585635-x2,373585635,Gunjurupalya Road,tertiary,culvert,waterway_crossing,3772,12.929226,77.712994,,,,,drain#1558735591
376491419-x1,376491419,KG Nagar Main Rd,tertiary,dip,waterway_crossing,699,12.951288,77.563883,,,,,drain#673852970
376530241,376530241,Veerannapalya Flyover,trunk,low_bridge,bridge_over_water,432,13.042022,77.614161,,yes,1,,
376530252-x1,376530252,Outer Ring Road,trunk,dip,waterway_crossing,1307,13.043745,77.600877,,,,,drain:H101#232656628
376649535-x1,376649535,Outer Ring Road,trunk,dip,waterway_crossing,919,13.043666,77.600022,,,,,drain:H101#232656628
376649536-x1,376649536,Outer Ring Road,tertiary,culvert,waterway_crossing,308,13.041642,77.614675,,,,,drain#1343677899
376649539,376649539,Veerannapalya Flyover,trunk,low_bridge,bridge_over_water,715,13.041886,77.614028,,yes,1,,
376652884,376652884,Outer Ring Road Underpass,trunk,underpass,tunnel=yes;layer<0,80,13.027781,77.632505,yes,,-1,,
376656212,376656212,Outer Ring Road Underpass,trunk,underpass,layer<0,181,13.012992,77.662212,,,-1,,
376656221,376656221,Outer Ring Road,trunk,underpass,tunnel=yes;layer<0,44,13.019079,77.655389,yes,,-1,,
376784366,376784366,Marathahalli Underpass,trunk,underpass,layer<0,286,12.955753,77.700742,,,-1,,
376784380-x1,376784380,Outer Ring Road,trunk,culvert,waterway_crossing,710,12.98599,77.69083,,,,,drain#677326095
377096329,377096329,Outer Ring Road,trunk,underpass,layer<0,205,12.940993,77.696077,,,-1,,
377096333,377096333,Outer Ring Road,trunk,underpass,tunnel=yes;layer<0,69,12.939646,77.695249,yes,,-1,,
377104672-x1,377104672,Outer Ring Road,trunk,dip,waterway_crossing,287,12.928531,77.681724,,,,,drain#350098026
378597199,378597199,CNR Rao Underpass,trunk,underpass,layer<0,138,13.01424,77.567293,,,-1,,
378597856,378597856,CNR Rao Underpass,trunk,underpass,layer<0,103,13.013769,77.566197,,,-1,,
378597857,378597857,CNR Rao Underpass,trunk,underpass,layer<0,105,13.013327,77.567035,,,-1,,
378597858,378597858,CNR Rao Underpass,trunk,underpass,tunnel=yes;layer<0,126,13.014293,77.565414,yes,,-1,,
378597859,378597859,CNR Rao Underpass,trunk,underpass,tunnel=yes;layer<0,127,13.014359,77.565196,yes,,-1,,
378597861,378597861,CNR Rao Underpass,trunk,underpass,tunnel=yes;layer<0,107,13.014149,77.565871,yes,,-1,,
378615429-x1,378615429,Dr. Rajkumar Road,secondary,dip,waterway_crossing,756,12.980033,77.55475,,,,,drain:V115#1203925647
378720749,378720749,Outer Ring Road,trunk,underpass,layer<0,263,12.938874,77.694642,,,-1,,
379326800-x1,379326800,,tertiary,culvert,waterway_crossing,1024,13.04334,77.584682,,,,,drain:H207#1460084772
379326802-x1,379326802,,tertiary,culvert,waterway_crossing,1047,13.043466,77.58509,,,,,drain:H207#1460084772
379327145-x1,379327145,Outer Ring Road,trunk,culvert,waterway_crossing,1247,13.047051,77.570362,,,,,drain:H200#674699448
379327145-x2,379327145,Outer Ring Road,trunk,underpass,under_rail_bridge,1247,13.045259,77.563716,,,,,railway#42377066
379327145-x3,379327145,Outer Ring Road,trunk,underpass,under_rail_bridge,1247,13.045326,77.563811,,,,,railway#520584634
379742100-x1,379742100,6th Main Road,residential,culvert,waterway_crossing,148,13.022403,77.641805,,,,,drain#1266189543
379763872,379763872,Kuvempu Underpass,trunk,underpass,tunnel=yes;layer<0,39,13.043625,77.561102,yes,,-1,,
379763879,379763879,Kuvempu Underpass,trunk,underpass,layer<0,218,13.044046,77.555097,,,-1,,
379763886,379763886,Kuvempu Underpass,trunk,underpass,tunnel=yes;layer<0,49,13.043796,77.556756,yes,,-1,,
379763894,379763894,Kuvempu Underpass,trunk,underpass,layer<0,135,13.043794,77.561599,,,-1,,
379763901,379763901,Kuvempu Underpass,trunk,underpass,layer<0,411,13.043589,77.558407,,,-1,,
379767870,379767870,Kuvempu Underpass,trunk,underpass,tunnel=yes;layer<0,49,13.043836,77.557224,yes,,-1,,
379767873,379767873,Kuvempu Underpass,trunk,underpass,tunnel=yes;layer<0,37,13.043752,77.561204,yes,,-1,,
379767874,379767874,Kuvempu Underpass,trunk,underpass,layer<0,407,13.04369,77.558458,,,-1,,
379767875,379767875,Kuvempu Underpass,trunk,underpass,layer<0,133,13.043961,77.561692,,,-1,,
379767876,379767876,Kuvempu Underpass,trunk,underpass,layer<0,221,13.044171,77.555135,,,-1,,
379857264-x1,379857264,Outer Ring Road,trunk,culvert,waterway_crossing,1212,13.043385,77.585074,,,,,drain:H207#1460084772
379857265-x1,379857265,Outer Ring Road,trunk,underpass,under_rail_bridge,886,13.046099,77.56472,,,,,railway#42377066
379857265-x2,379857265,Outer Ring Road,trunk,underpass,under_rail_bridge,886,13.046167,77.564813,,,,,railway#520584634
380052398,380052398,Goraguntepalya Flyover,motorway,low_bridge,bridge_over_water,4413,13.040753,77.51745,,yes,1,,
380052400,380052400,Goraguntepalya Flyover,motorway,low_bridge,bridge_over_water,4394,13.041417,77.516833,,yes,1,,
380363702,380363702,,service,underpass,tunnel=building_passage;layer<0,46,12.978412,77.636326,building_passage,,-1,,
380704969,380704969,Outer Ring Road Underpass,trunk,underpass,tunnel=yes;layer<0,57,13.013509,77.662182,yes,,-1,,
380704970,380704970,Marathahalli Underpass,trunk,underpass,tunnel=yes;layer<0,41,12.957135,77.701112,yes,,-1,,
380704971,380704971,Marathahalli Underpass,trunk,underpass,layer<0,275,12.958144,77.701165,,,-1,,
380704972,380704972,Outer Ring Road Underpass,trunk,underpass,layer<0,166,13.015005,77.662088,,,-1,,
380721044,380721044,Outer Ring Road Underpass,trunk,underpass,tunnel=yes;layer<0,80,13.028018,77.632444,yes,,-1,,
380724482,380724482,Outer Ring Road Underpass,trunk,underpass,layer<0,155,13.013514,77.66229,,,-1,,
380724484,380724484,Benniganahalli Flyover,trunk,low_bridge,bridge_over_water,448,12.998352,77.663689,,yes,1,,
380724486,380724486,Outer Ring Road Underpass,trunk,underpass,tunnel=yes;layer<0,57,13.012998,77.662324,yes,,-1,,
380724492,380724492,Outer Ring Road,trunk,underpass,tunnel=yes;layer<0,43,13.01903,77.655805,yes,,-1,,
380724507,380724507,Outer Ring Road Underpass,trunk,underpass,layer<0,180,13.011369,77.662435,,,-1,,
380724513,380724513,Benniganahalli Flyover,trunk,low_bridge,bridge_over_water,776,12.99592,77.664963,,yes,1,,
380787519,380787519,Marathahalli Underpass,trunk,underpass,layer<0,287,12.955662,77.700861,,,-1,,
380787520,380787520,Marathahalli Underpass,trunk,underpass,layer<0,274,12.957818,77.701286,,,-1,,
380787521,380787521,Marathahalli Underpass,trunk,underpass,tunnel=yes;layer<0,40,12.956762,77.701174,yes,,-1,,
380929043-x1,380929043,Outer Ring Road,trunk,dip,waterway_crossing,303,12.928232,77.681449,,,,,drain#350098026
380929044,380929044,Outer Ring Road,trunk,underpass,layer<0,278,12.938268,77.69432,,,-1,,
380929046,380929046,Outer Ring Road,trunk,underpass,layer<0,184,12.940492,77.696002,,,-1,,
380929049,380929049,Outer Ring Road,trunk,underpass,tunnel=yes;layer<0,71,12.939206,77.695176,yes,,-1,,
380929050-x1,380929050,Outer Ring Road,trunk,culvert,waterway_crossing,155,12.92107,77.666271,,,1,,drain#1370870223
380980312,380980312,Outer Ring Road,trunk,low_bridge,bridge_over_water,246,12.915863,77.638324,,yes,1,,
382183695,382183695,Bangalore - Nelamangala Expressway,motorway,low_bridge,bridge_over_water,51,13.064395,77.455533,,yes,1,,
382191822-x1,382191822,Bangalore - Nelamangala Expressway,motorway,culvert,waterway_crossing,982,13.056834,77.473291,,,,,drain#1287270763
382480980,382480980,,tertiary,low_bridge,bridge_over_water,53,13.064367,77.456071,,yes,1,,
382480983,382480983,,tertiary,low_bridge,bridge_over_water,35,13.064323,77.455481,,yes,,,
383013808,383013808,Bangalore - Nelamangala Expressway,motorway,low_bridge,bridge_over_water,51,13.064287,77.456006,,yes,,,
383014904-x1,383014904,Bangalore - Nelamangala Expressway,motorway,culvert,waterway_crossing,986,13.056651,77.474389,,,,,drain#1287270763
383297772-x1,383297772,,tertiary,dip,waterway_crossing,547,13.058177,77.5322,,,,,drain#674735138
383568898,383568898,,residential,underpass,tunnel=yes,23,13.07024,77.510519,yes,,,,
383581081-x1,383581081,5th Cross Road,residential,dip,waterway_crossing,97,13.063835,77.497321,,,,,drain#1281214290
383581082-x1,383581082,,residential,dip,waterway_crossing,217,13.063835,77.497321,,,,,drain#1281214290
383581091-x1,383581091,,residential,dip,waterway_crossing,88,13.063119,77.494797,,,,,drain#1281214290
383581887-x1,383581887,,residential,dip,waterway_crossing,254,13.057415,77.498795,,,1,,drain#1281206624
383584898-x1,383584898,,residential,dip,waterway_crossing,296,13.033167,77.487484,,,,,drain#1376522727
383587969-x1,383587969,,residential,dip,waterway_crossing,177,12.873501,77.657616,,,,,drain#350153648
383589703-x1,383589703,,residential,dip,waterway_crossing,147,12.873818,77.658327,,,,,drain#350153648
383591004,383591004,,tertiary,low_bridge,bridge_over_water,27,12.930712,77.678497,,yes,,,
383730435-x1,383730435,,residential,culvert,waterway_crossing,232,13.014114,77.595818,,,,,drain:H101#682369895
383936675-x1,383936675,,residential,culvert,waterway_crossing,167,12.901849,77.684305,,,,,drain#1428978965
383936759-x1,383936759,,residential,culvert,waterway_crossing,120,12.901393,77.685253,,,,,drain#1428978970
383938407-x1,383938407,,residential,culvert,waterway_crossing,291,12.898496,77.682742,,,,,drain#1429153634
383949263-x1,383949263,,residential,dip,waterway_crossing,258,12.86735,77.673339,,,,,stream#350300590
384131131-x1,384131131,Vishwapriyanagar Main Road,residential,culvert,waterway_crossing,904,12.8811,77.632265,,,,,drain#796870504
384159086-x1,384159086,,tertiary,culvert,waterway_crossing,424,12.877835,77.625542,,,,,drain#796870515
384160631-x1,384160631,,residential,culvert,waterway_crossing,386,12.886495,77.629735,,,,,drain#796870566
384160634-x1,384160634,,residential,culvert,waterway_crossing,101,12.887134,77.62953,,,,,drain#796870570
384162234-x1,384162234,,residential,culvert,waterway_crossing,64,12.899055,77.631861,,,,,drain#796870554
384162908-x1,384162908,,residential,culvert,waterway_crossing,57,12.898816,77.631743,,,,,drain#1411398462
384471726,384471726,,residential,low_bridge,bridge_over_water,18,12.994567,77.629708,,yes,1,,
384471730,384471730,,residential,low_bridge,bridge_over_water,10,12.995699,77.631546,,yes,1,,
386455550,386455550,,service,low_bridge,bridge_over_water,16,12.984328,77.637988,,yes,1,,
386455552,386455552,,service,low_bridge,bridge_over_water,19,12.990245,77.638871,,yes,1,,
388171915-x1,388171915,Buddha Street,residential,culvert,waterway_crossing,159,13.002117,77.63034,,,,,drain:H300#1113226438
388813863,388813863,Malleshwaram Underpass,primary,underpass,tunnel=yes;layer<0,34,12.996915,77.571341,yes,,-1,,
388813864,388813864,Malleshwaram Underpass,primary,underpass,tunnel=yes;layer<0,34,12.996832,77.57125,yes,,-1,,
388813867-x1,388813867,Mahakavi Kuvempu Road,secondary,dip,waterway_crossing,1131,12.998754,77.555543,,,,,drain:V112#1092672110
388813867-x2,388813867,Mahakavi Kuvempu Road,secondary,culvert,waterway_crossing,1131,12.998466,77.557408,,,,,drain:V11X#437871423
388813867-x3,388813867,Mahakavi Kuvempu Road,secondary,dip,waterway_crossing,1131,12.997286,77.560566,,,,,drain:V114#437871424
392213810-x1,392213810,Hosur Road,trunk,culvert,waterway_crossing,670,12.856798,77.663848,,,,,ditch#1071407126
393781678-x1,393781678,,service,dip,waterway_crossing,294,13.017525,77.555883,,,,,drain:H200#674362389
393781680-x1,393781680,,service,dip,waterway_crossing,280,13.018441,77.555606,,,,,drain:H200#674362389
395297627-x1,395297627,2nd Main Road,residential,dip,waterway_crossing,325,12.972024,77.508462,,,,,drain#1217247612
395297631-x1,395297631,12th Cross Road,residential,dip,waterway_crossing,407,12.977775,77.50403,,,,,drain#675682293
395505143,395505143,,track,low_bridge,bridge_over_water,51,12.908811,77.487308,,yes,1,,
395512006,395512006,,tertiary,underpass,tunnel=yes;layer<0,20,13.000585,77.681302,yes,,-1,,
396011562-x1,396011562,,track,dip,waterway_crossing,1206,13.127924,77.491451,,,,,stream#379036230
396011581-x1,396011581,,track,dip,waterway_crossing,556,13.129467,77.496822,,,,,stream#379036230
397778871,397778871,,tertiary,low_bridge,bridge_over_water,17,12.919964,77.54708,,yes,,,
400449300,400449300,CNR Rao Underpass,trunk,underpass,layer<0,60,13.013263,77.566999,,,-1,,
400449301,400449301,CNR Rao Underpass,trunk,underpass,layer<0,60,13.013057,77.567518,,,-1,,
400467514,400467514,,service,underpass,layer<0,36,12.981046,77.636929,,,-1,,
400482304-x1,400482304,Hazrat Kambal Posh Road,tertiary,dip,waterway_crossing,253,12.986537,77.604549,,,,,drain:C100#1554535992
400541845-x1,400541845,,residential,dip,waterway_crossing,34,12.997336,77.476798,,,,,stream#1075569416
400541938-x1,400541938,,residential,dip,waterway_crossing,189,13.004017,77.479031,,,,,drain#1123272068
400886407-x1,400886407,,residential,culvert,waterway_crossing,236,12.996656,77.471101,,,,,stream#1229034905
401829353,401829353,Hoskerehalli Main Road,tertiary,low_bridge,bridge_over_water,16,12.929559,77.534921,,yes,1,,
401993924,401993924,Old Race Course Road,tertiary,low_bridge,bridge_over_water,11,12.961692,77.61636,,yes,1,,
402023874-x1,402023874,,residential,culvert,waterway_crossing,666,12.98102,77.463117,,,,,drain#1222441294
405492192,405492192,,secondary,low_bridge,bridge_over_water,18,12.951476,77.485156,,yes,1,,
408519778-x1,408519778,Millers Road Underpass,secondary,underpass,under_rail_bridge,58,12.994139,77.605935,,,,,railway#101834066
408519778-x2,408519778,Millers Road Underpass,secondary,underpass,under_rail_bridge,58,12.994139,77.605935,,,,,railway#101834070
408519779-x1,408519779,Millers Road Underpass,secondary,underpass,under_rail_bridge,59,12.994262,77.605405,,,,,railway#101834066
408519779-x2,408519779,Millers Road Underpass,secondary,underpass,under_rail_bridge,59,12.994262,77.605405,,,,,railway#101834070
410858845-x1,410858845,,residential,dip,waterway_crossing,86,12.970191,77.572534,,,,,drain:K100#673670438
410858847-x1,410858847,,residential,dip,waterway_crossing,72,12.969237,77.57399,,,,,drain:K100#673670438
411057606,411057606,,residential,low_bridge,bridge_over_water,15,12.952206,77.618801,,yes,1,,
411089434-x1,411089434,4th Cross Road,residential,dip,waterway_crossing,71,12.9534,77.564074,,,,,drain:V120#673852971
414025551-x1,414025551,,residential,culvert,waterway_crossing,13,13.007069,77.537425,,,,,drain:V203#94441439
420181761-x1,420181761,3rd Main Road,residential,culvert,waterway_crossing,76,12.934562,77.539458,,,,,drain:V300#224319509
420777804-x1,420777804,CIMAP,service,dip,waterway_crossing,207,13.08556,77.592659,,,,,drain#1557767910
423730123-x1,423730123,1st Main Road,residential,culvert,waterway_crossing,264,12.99084,77.668967,,,,,drain#1229017858
428382682-x1,428382682,,residential,culvert,waterway_crossing,300,13.019071,77.485781,,,,,drain#1109928002
430154366-x1,430154366,Hosur Road,primary,culvert,waterway_crossing,57,12.949845,77.60593,,,,,drain:K100#1306978654
431601679,431601679,,service,underpass,tunnel=yes;layer<0,30,12.951046,77.643684,yes,,-1,,
432717337-x1,432717337,5th Main Road,residential,dip,waterway_crossing,426,13.068359,77.578435,,,,,drain#674699466
432717351-x1,432717351,12th Main Road,tertiary,dip,waterway_crossing,448,13.065821,77.57731,,,,,drain#674699466
432718975-x1,432718975,,residential,culvert,waterway_crossing,123,13.071528,77.563033,,,,,drain#675649187
432718976-x1,432718976,,residential,culvert,waterway_crossing,119,13.071839,77.563045,,,,,drain#675649187
437169585,437169585,Sathyanarayana Temple Street,residential,low_bridge,bridge_over_water,15,12.978396,77.623481,,yes,1,,
437431886-x1,437431886,,tertiary,dip,waterway_crossing,1921,12.808997,77.52556,,,,,stream:Suvarnamukhi#1366035457
437563241,437563241,,service,none,tunnel=building_passage,52,12.913699,77.487233,building_passage,,,,
437871418,437871418,Vatal Nagaraj Road,secondary,low_bridge,bridge_over_water,25,12.982572,77.561509,,yes,1,,
440159702,440159702,,residential,low_bridge,bridge_over_water,18,12.901522,77.599347,,yes,1,,
442047465,442047465,1st Main Road Versova Layout,residential,dip,flood_prone=yes,428,12.984373,77.668648,,,,yes,
442047466,442047466,1st Cross Versova Layout,residential,dip,flood_prone=yes,122,12.985571,77.669195,,,,yes,
443045598,443045598,Tavarekere Main Road,secondary,low_bridge,bridge_over_water,16,12.92498,77.608926,,yes,1,,
447529819-x1,447529819,Pritech Road,service,dip,waterway_crossing,277,12.92324,77.681358,,,,,drain#350098026
447553002-x1,447553002,Pritech Internal Road,service,dip,waterway_crossing,559,12.92289,77.681131,,,,,drain#350098026
447660182,447660182,1st Cross Road,residential,dip,flood_prone=yes,37,12.908978,77.68725,,,,yes,
448900275-x1,448900275,,residential,culvert,waterway_crossing,144,12.967301,77.763231,,,,,drain#796944007
448900278-x1,448900278,,residential,culvert,waterway_crossing,987,12.967022,77.762998,,,,,drain#796944015
450548831-x1,450548831,80 Feet Road,tertiary,culvert,waterway_crossing,203,12.967658,77.648081,,,,,drain:C105#1443481747
451898781-x1,451898781,,residential,dip,waterway_crossing,137,13.031804,77.55395,,,,,drain:H200#46918823
451898782-x1,451898782,,residential,dip,waterway_crossing,49,13.031806,77.554343,,,,,drain:H200#46918823
451898783-x1,451898783,,residential,dip,waterway_crossing,79,13.031356,77.554669,,,,,drain:H200#46918823
453955862-x1,453955862,18th Main Road,secondary,culvert,waterway_crossing,406,12.916935,77.589507,,,,,drain:K209#133134239
454013130,454013130,BGS Flyover,trunk,low_bridge,bridge_over_water,1489,12.964757,77.575269,,yes,1,,
454707664-x1,454707664,10th Main Road,residential,dip,waterway_crossing,173,12.971658,77.653556,,,,,drain:C105#491562458
458424042-x1,458424042,Dhanvanthari Road,primary,underpass,under_rail_bridge,530,12.983802,77.572625,,,,,railway#44821471
458424042-x2,458424042,Dhanvanthari Road,primary,underpass,under_rail_bridge,530,12.983802,77.572625,,,,,railway#55131983
458424042-x3,458424042,Dhanvanthari Road,primary,underpass,under_rail_bridge,530,12.983802,77.572625,,,,,railway#372083763
458439814-x1,458439814,Queen's Road,primary,culvert,waterway_crossing,372,12.987539,77.598525,,,,,drain:C100#682369910
458681911-x1,458681911,Bhoopasandra Main Road,tertiary,culvert,waterway_crossing,918,13.041917,77.584115,,,,,drain:H207#1203755356
458681951-x1,458681951,Magadi Road,primary,culvert,waterway_crossing,384,12.976841,77.546524,,,,,drain:V116#1303120303
458798181-x1,458798181,,secondary,culvert,waterway_crossing,729,12.871859,77.55733,,,,,drain#1314354512
461091668,461091668,,service,none,tunnel=building_passage,52,12.960192,77.648067,building_passage,,,,
461091669,461091669,,service,none,tunnel=building_passage,52,12.960654,77.648181,building_passage,,,,
461556501-x1,461556501,Mallathahalli Road,secondary,culvert,waterway_crossing,343,12.961163,77.510803,,,,,drain#1313424972
461556554-x1,461556554,Thippasandra Main Road,tertiary,dip,waterway_crossing,1273,12.972514,77.650697,,,,,drain:C105#491562458
461556554-x2,461556554,Thippasandra Main Road,tertiary,dip,waterway_crossing,1273,12.971776,77.655318,,,,,drain#340255772
462585100,462585100,New Bamboo Bazaar Road,tertiary,low_bridge,bridge_over_water,8,12.96251,77.580565,,yes,1,,
462585102,462585102,,residential,low_bridge,bridge_over_water,4,12.961663,77.581893,,yes,1,,
462585108,462585108,Kumbaragundi Road,tertiary,low_bridge,bridge_over_water,8,12.960672,77.583147,,yes,1,,
462585110,462585110,JC Road,primary,low_bridge,bridge_over_water,13,12.960486,77.583603,,yes,1,,
462585120,462585120,Lalbagh Road,secondary,low_bridge,bridge_over_water,13,12.959098,77.586828,,yes,1,,
462585122,462585122,,residential,low_bridge,bridge_over_water,13,12.958359,77.589112,,yes,1,,
462585123,462585123,Kengal Hanumanthaiah Road,primary,low_bridge,bridge_over_water,10,12.956118,77.592198,,yes,1,,
462585126,462585126,Kengal Hanumanthaiah Road,primary,low_bridge,bridge_over_water,10,12.955954,77.592259,,yes,1,,
462585128,462585128,,tertiary,low_bridge,bridge_over_water,13,12.954196,77.594488,,yes,1,,
462585129,462585129,9th Cross Road,tertiary,low_bridge,bridge_over_water,13,12.950867,77.598754,,yes,1,,
462585133,462585133,,residential,low_bridge,bridge_over_water,23,12.950492,77.613738,,yes,1,,
462585135,462585135,80 Feet Road,secondary,low_bridge,bridge_over_water,23,12.951553,77.621397,,yes,1,,
462585137,462585137,80 Feet Road,secondary,low_bridge,bridge_over_water,20,12.951495,77.621456,,yes,1,,
463242952-x1,463242952,10th Cross Road,tertiary,dip,waterway_crossing,582,13.005589,77.556352,,,,,drain:V112#1092672110
464288499-x1,464288499,,service,dip,waterway_crossing,320,13.028648,77.519969,,,,,drain#674181136
464288500-x1,464288500,Kanteerava Studio Main Road,secondary,culvert,waterway_crossing,552,13.02001,77.53803,,,,,drain:V205#1096179928
464465163-x1,464465163,Outer Ring Road,trunk,dip,waterway_crossing,42,12.917301,77.622597,,,,,drain:K200#27994497
464678983-x1,464678983,,residential,dip,waterway_crossing,2042,13.139537,77.646777,,,,,drain#1239827452
465108591-x1,465108591,Bhagyada Bagilu Road,secondary,underpass,under_rail_bridge,508,13.095933,77.595025,,,,,railway#440327203
465108591-x2,465108591,Bhagyada Bagilu Road,secondary,underpass,under_rail_bridge,508,13.09598,77.595062,,,,,railway#520530498
465108591-x3,465108591,Bhagyada Bagilu Road,secondary,underpass,under_rail_bridge,508,13.095892,77.594992,,,,,railway#520530501
465108591-x4,465108591,Bhagyada Bagilu Road,secondary,underpass,under_rail_bridge,508,13.096021,77.595095,,,,,railway#520530521
465135507-x1,465135507,MS Ramaiah Road,secondary,dip,waterway_crossing,904,13.028057,77.561997,,,,,drain:H203#1203755358
465135521-x1,465135521,,tertiary,dip,waterway_crossing,311,12.963595,77.512229,,,,,drain#1539943355
465135525-x1,465135525,Mysore Road,trunk,culvert,waterway_crossing,1960,12.919666,77.491971,,,,,drain#1203925642
467074939-x1,467074939,Tank Bund Road,tertiary,culvert,waterway_crossing,335,13.037906,77.568815,,,,,drain:H201#1199351495
467074998-x1,467074998,,tertiary,culvert,waterway_crossing,139,13.047286,77.571084,,,,,drain:H200#674699448
469658781,469658781,,tertiary,underpass,tunnel=yes;layer<0,25,12.996239,77.718111,yes,,-1,,
469658787,469658787,,tertiary,underpass,layer<0,67,12.996146,77.71826,,,-1,,
469660595-x1,469660595,,living_street,culvert,waterway_crossing,409,12.997087,77.756006,,,,,drain:MD292B#1410600261
469809836,469809836,Vatal Nagaraj Road,secondary,low_bridge,bridge_over_water,23,12.982483,77.562624,,yes,1,,
469809840,469809840,Vatal Nagaraj Road,secondary,low_bridge,bridge_over_water,21,12.982571,77.562931,,yes,1,,
476006827,476006827,Magadi Road,primary,low_bridge,bridge_over_water,35,12.986939,77.520171,,yes,,,
476028222-x1,476028222,,residential,culvert,waterway_crossing,124,12.946333,77.70296,,,,,drain#1416493424
476486860,476486860,,residential,low_bridge,bridge_over_water,16,12.963112,77.544662,,yes,,,
476486862,476486862,Pipeline Road,tertiary,low_bridge,bridge_over_water,30,12.962381,77.545115,,yes,1,,
476635585,476635585,,service,none,tunnel=building_passage,73,12.91756,77.573038,building_passage,,,,
476635586,476635586,,service,none,tunnel=building_passage,54,12.917271,77.573036,building_passage,,,,
479245734-x1,479245734,Suranjandas Road,primary,dip,waterway_crossing,2103,12.97595,77.655702,,,,,drain#673683084
487959493,487959493,,residential,low_bridge,bridge_over_water,10,12.95911,77.61668,,yes,1,,
487959496,487959496,,residential,low_bridge,bridge_over_water,10,12.957953,77.616687,,yes,1,,
487959497,487959497,,residential,low_bridge,bridge_over_water,12,12.957057,77.616921,,yes,1,,
487959499,487959499,Neelasandra Bazaar Street,tertiary,low_bridge,bridge_over_water,14,12.95364,77.61764,,yes,1,,
489302905,489302905,,secondary,low_bridge,bridge_over_water,24,12.934325,77.483878,,yes,,,
490290344,490290344,,tertiary,low_bridge,bridge_over_water,35,12.930406,77.678446,,yes,1,,
490292493,490292493,Bellandur Lake Road,tertiary,low_bridge,bridge_over_water,36,12.94391,77.680339,,yes,1,,
492967885-x1,492967885,,residential,culvert,waterway_crossing,440,13.037974,77.687321,,,,,drain#1523433022
493372409,493372409,,service,low_bridge,bridge_over_water,20,12.942904,77.691294,,yes,,,
493372410,493372410,,service,low_bridge,bridge_over_water,14,12.942795,77.690874,,yes,,,
497108251,497108251,,service,none,tunnel=building_passage,73,12.917563,77.572906,building_passage,,,,
497108296,497108296,,service,none,tunnel=building_passage,73,12.917559,77.572779,building_passage,,,,
497109247,497109247,,service,none,tunnel=building_passage,54,12.961699,77.638583,building_passage,,,,
497109249,497109249,,service,none,tunnel=building_passage,54,12.96176,77.638538,building_passage,,,,
497118527,497118527,,service,none,tunnel=building_passage,51,12.913673,77.487342,building_passage,,,,
497118528,497118528,,service,none,tunnel=building_passage,51,12.913638,77.487472,building_passage,,,,
497119334,497119334,,service,none,tunnel=building_passage,117,12.965144,77.534649,building_passage,,,,
497119335,497119335,,service,none,tunnel=building_passage,108,12.96551,77.53473,building_passage,,,,
497119337,497119337,,service,none,tunnel=building_passage,115,12.965999,77.535068,building_passage,,,,
502069018,502069018,,service,none,tunnel=building_passage,65,12.953352,77.5435,building_passage,,,,
502069019,502069019,,service,none,tunnel=building_passage,66,12.953442,77.543504,building_passage,,,,
502069022,502069022,,service,none,tunnel=building_passage,66,12.95324,77.543495,building_passage,,,,
503306672-x1,503306672,Dattatreya Temple Street,residential,dip,waterway_crossing,241,13.000611,77.573472,,,,,drain:Vrishabhavathi#335169250
503385156-x1,503385156,Magadi Road,primary,culvert,waterway_crossing,388,12.976687,77.546839,,,,,drain:V116#1303120303
503401170-x1,503401170,Peenya Inner Ring Road,secondary,culvert,waterway_crossing,668,13.021373,77.527256,,,,,drain:Nagarabhavi Thorai#1094685212
503401188-x1,503401188,Mahakavi Kuvempu Road,secondary,culvert,waterway_crossing,431,12.998571,77.55634,,,,,drain:V11X#437871423
503401190-x1,503401190,Mahakavi Kuvempu Road,secondary,dip,waterway_crossing,669,12.997363,77.560112,,,,,drain:V114#437871424
503403382-x1,503403382,Mallathahalli Road,secondary,culvert,waterway_crossing,428,12.961095,77.510701,,,,,drain#1313424972
504683254-x1,504683254,,residential,culvert,waterway_crossing,567,13.106357,77.569765,,,,,drain#1284808061
504709455-x1,504709455,,residential,dip,waterway_crossing,301,13.111712,77.568228,,,,,drain#1271957546
504709459-x1,504709459,,residential,dip,waterway_crossing,115,13.111571,77.567564,,,,,drain#1271957546
504709461-x1,504709461,,residential,dip,waterway_crossing,99,13.111654,77.567921,,,,,drain#1271957546
504709481,504709481,TGR Street,residential,underpass,layer<0,105,13.114961,77.569882,,,-1,,
504755051-x1,504755051,,service,dip,waterway_crossing,601,13.117471,77.600679,,,,,stream:BP141#1508978588
504760103-x1,504760103,,residential,dip,waterway_crossing,177,13.102424,77.603976,,,,,drain#1137981508
504765865-x1,504765865,3rd C Main Road,residential,dip,waterway_crossing,108,13.093998,77.579179,,,,,drain#1231715817
504965049-x1,504965049,,residential,dip,waterway_crossing,98,13.113838,77.615001,,,,,drain#1335856136
505018026-x1,505018026,,residential,culvert,waterway_crossing,424,13.090239,77.626144,,,,,drain#1369942178
505280922,505280922,,residential,underpass,layer<0,35,13.081027,77.607656,,,-1,,
507383160-x1,507383160,Gunjur Hosahalli Road,tertiary,culvert,waterway_crossing,6175,12.917014,77.762468,,,,,drain#1241644938
507689338-x1,507689338,,residential,culvert,waterway_crossing,173,13.023725,77.46524,,,,,drain#1229022287
507689366-x1,507689366,,residential,culvert,waterway_crossing,386,12.980293,77.463269,,,,,drain#1227087497
507886804,507886804,Thanisandra Main Road Railway Underpass,primary,underpass,tunnel=yes;layer<0,34,13.059718,77.632831,yes,,-1,,
507886807,507886807,Thanisandra Main Road Railway Underpass,primary,underpass,tunnel=yes;layer<0,27,13.059404,77.632899,yes,,-1,,
510971720,510971720,KHB Junction Underpass,primary,underpass,tunnel=yes;layer<0,71,12.980666,77.536689,yes,,-1,,
510971721,510971721,KHB Junction Underpass,primary,underpass,tunnel=yes,71,12.98055,77.537126,yes,,,,
513532067-x1,513532067,BWSSB Pipeline Track,residential,dip,waterway_crossing,2403,12.97311,77.414432,,,,,drain#1256459763
514073926-x1,514073926,,residential,dip,waterway_crossing,369,12.928221,77.604697,,,,,drain:K200#673677235
515409457-x1,515409457,,residential,culvert,waterway_crossing,158,13.010041,77.443906,,,,,stream#1231301433
519734960,519734960,Silkboard Double Decker Flyover,primary,low_bridge,bridge_over_water,216,12.919067,77.622045,,yes,1,,
526828359-x1,526828359,,residential,culvert,waterway_crossing,168,12.995822,77.678452,,,,,drain#1492125484
528129989-x1,528129989,,residential,culvert,waterway_crossing,142,13.020098,77.487298,,,,,drain#1109972567
528366131-x1,528366131,,residential,dip,waterway_crossing,231,13.030003,77.491813,,,,,drain#1376522727
528366141-x1,528366141,,residential,dip,waterway_crossing,311,13.030853,77.490308,,,,,drain#1376522727
532662023-x1,532662023,,tertiary,dip,waterway_crossing,176,12.937012,77.52033,,,,,drain:V207#1204456625
536545631,536545631,Sahakar Nagar Railway Underpass,tertiary,underpass,tunnel=yes;layer<0,30,13.069533,77.585809,yes,,-1,,
537741942-x1,537741942,Hennur Bagalur Road,primary,underpass,under_rail_bridge,919,13.044916,77.643629,,,,,railway#30288224
537741942-x2,537741942,Hennur Bagalur Road,primary,underpass,under_rail_bridge,919,13.044916,77.643629,,,,,railway#520581576
543237963-x1,543237963,Post Office Road,residential,dip,waterway_crossing,250,12.973365,77.656151,,,,,drain:C105#673683083
543661741-x1,543661741,3rd Cross Road,residential,culvert,waterway_crossing,238,13.00696,77.65893,,,,,drain#1276035600
544741837-x1,544741837,7th Main Road,residential,dip,waterway_crossing,208,12.986937,77.547779,,,,,drain:V116A#1092672113
544747580-x1,544747580,6th Main Road,residential,dip,waterway_crossing,195,12.986647,77.547183,,,,,drain:V116A#1092672113
544747581-x1,544747581,,residential,dip,waterway_crossing,315,12.978477,77.547084,,,,,drain:V116#1303120302
544761877-x1,544761877,,residential,dip,waterway_crossing,251,12.99479,77.559883,,,,,drain:V112#1249789880
545000590-x1,545000590,2nd Cross Road,residential,dip,waterway_crossing,136,12.907409,77.631944,,,,,drain#350094279
545806414-x1,545806414,12th Cross Road,tertiary,dip,waterway_crossing,479,13.003016,77.546737,,,,,drain:V203#94441465
546561077-x1,546561077,,residential,culvert,waterway_crossing,75,12.966605,77.719319,,,,,ditch#1197055956
546744885-x1,546744885,2nd Cross Road,residential,dip,waterway_crossing,62,13.026994,77.620242,,,,,drain:Drain#350182320
546799043-x1,546799043,,residential,culvert,waterway_crossing,224,12.944169,77.707767,,,,,drain#1416493427
546799046-x1,546799046,,residential,culvert,waterway_crossing,224,12.944003,77.708024,,,,,drain#1416493429
546799074-x1,546799074,Manjunadha Layout Main Road,tertiary,culvert,waterway_crossing,594,12.949864,77.712558,,,,,drain#414833861
548812848-x1,548812848,,residential,dip,waterway_crossing,33,12.955889,77.657214,,,,,drain:C103#133882612
548812849-x1,548812849,,residential,dip,waterway_crossing,30,12.956109,77.657259,,,,,drain:C103#133882612
548812850-x1,548812850,,residential,dip,waterway_crossing,26,12.956343,77.657302,,,,,drain:C103#133882612
548813211,548813211,,service,underpass,layer<0,19,12.958945,77.658416,,,-1,,
548937685-x1,548937685,1st Cross Road,residential,culvert,waterway_crossing,59,12.934383,77.548973,,,,,drain:V300#224319509
550282574-x1,550282574,Pipeline Road,tertiary,culvert,waterway_crossing,154,12.894415,77.554759,,,,,drain#1558743993
550640558-x1,550640558,,residential,culvert,waterway_crossing,167,13.015672,77.596108,,,,,drain:H101#682369895
550640579-x1,550640579,,residential,culvert,waterway_crossing,155,13.013817,77.595403,,,,,drain:H101#682369895
550641847,550641847,,residential,low_bridge,bridge_over_water,9,13.017706,77.597177,,yes,,,
551796243,551796243,,residential,underpass,layer<0,135,13.030537,77.605479,,,-1,,
551809135-x1,551809135,,residential,culvert,waterway_crossing,434,13.015102,77.608501,,,,,drain:Drain#675496519
551812331-x1,551812331,,residential,dip,waterway_crossing,168,13.019872,77.611248,,,,,drain:Drain#1207662958
551865386-x1,551865386,,residential,culvert,waterway_crossing,226,13.026862,77.617319,,,,,drain:Drain#675496513
551865389-x1,551865389,,residential,culvert,waterway_crossing,480,13.025911,77.616078,,,,,drain:Drain#675496511
552033233-x1,552033233,,residential,dip,waterway_crossing,103,13.006503,77.696252,,,,,drain#1208266297
552033234-x1,552033234,,residential,dip,waterway_crossing,174,13.006723,77.696428,,,,,drain#1208266297
552033244-x1,552033244,,residential,dip,waterway_crossing,262,13.005807,77.695797,,,,,drain#1208266297
552033263-x1,552033263,4th Cross Road,residential,dip,waterway_crossing,104,13.008976,77.698009,,,,,drain#679270112
552033269-x1,552033269,,residential,dip,waterway_crossing,174,13.008299,77.696985,,,,,drain#679270112
552036743-x1,552036743,R.H.B. Colony 7th Cross Road,residential,dip,waterway_crossing,145,12.992878,77.697549,,,,,drain#1493374066
552036744-x1,552036744,R.H.B. Colony 6th Cross Road,residential,dip,waterway_crossing,145,12.993082,77.698239,,,,,drain#1493374066
552036763-x1,552036763,,residential,culvert,waterway_crossing,390,13.00086,77.704381,,,,,drain#1530398659
552062566-x1,552062566,,residential,culvert,waterway_crossing,151,13.010209,77.674999,,,,,drain#1413523380
552062643-x1,552062643,,residential,dip,waterway_crossing,197,13.004732,77.672639,,,,,drain#675250046
553922668-x1,553922668,2nd Main Road,residential,culvert,waterway_crossing,448,12.934862,77.551102,,,,,drain:V300#224319509
553975950-x1,553975950,2nd Cross Road,residential,dip,waterway_crossing,68,12.943057,77.603529,,,,,drain:K104#673853317
553986516-x1,553986516,7th Main Road,secondary,culvert,waterway_crossing,593,13.022346,77.643337,,,,,drain#1266189543
554185457-x1,554185457,1st Main Road,residential,culvert,waterway_crossing,218,12.916491,77.589649,,,,,drain:K209#1560965480
554198054-x1,554198054,10th Cross Road,residential,dip,waterway_crossing,217,12.910271,77.575827,,,,,drain#1220006235
554198056-x1,554198056,Sarakki Village Road,tertiary,dip,waterway_crossing,229,12.909329,77.575048,,,,,drain#1220006235
554776261-x1,554776261,6th Main Road,residential,dip,waterway_crossing,250,13.003428,77.572723,,,,,drain#673625077
554776261-x2,554776261,6th Main Road,residential,dip,waterway_crossing,250,13.003305,77.572207,,,,,drain:Vrishabhavathi#335169250
554779122-x1,554779122,1st Cross Road,residential,dip,waterway_crossing,201,13.001991,77.573066,,,,,drain:Vrishabhavathi#335169250
554833882-x1,554833882,2nd Cross Road,residential,dip,waterway_crossing,216,12.995073,77.574798,,,,,drain:Vrishabhavathi#330226513
554838264-x1,554838264,9th Cross Road,secondary,culvert,waterway_crossing,1023,12.910229,77.591678,,,,,drain:K209#1561496768
555138088-x1,555138088,5th Cross Road,residential,dip,waterway_crossing,177,12.95131,77.564836,,,,,drain#673852970
555138522-x1,555138522,,residential,culvert,waterway_crossing,358,13.087107,77.499583,,,,,stream#1156552708
555346501,555346501,,service,dip,flood_prone=yes,356,12.986725,77.693816,,,,yes,
555372596-x1,555372596,3rd Cross Road,residential,dip,waterway_crossing,459,13.001556,77.554857,,,,,drain:V112#1092672110
555381541-x1,555381541,,residential,dip,waterway_crossing,102,12.950909,77.563141,,,,,drain#673852970
556734590-x1,556734590,Bannerghatta Road,primary,dip,waterway_crossing,624,12.903679,77.60149,,,,,drain:K209#334655248
558313925,558313925,,residential,low_bridge,bridge_over_water,7,13.053425,77.629918,,yes,1,,
558395036,558395036,Manyata Gate 4 Road,residential,low_bridge,bridge_over_water,43,13.054179,77.618437,,yes,1,,
558711188-x1,558711188,2nd A Cross Road,residential,dip,waterway_crossing,63,12.934616,77.619637,,,,,drain:K101#673948795
558977811-x1,558977811,1st Main Road,residential,dip,waterway_crossing,32,13.032063,77.572986,,,,,drain:H201#674383488
559077451-x1,559077451,3rd Cross Road,residential,culvert,waterway_crossing,68,13.042329,77.581806,,,,,drain:H207#1203755356
559077456-x1,559077456,7th Cross Road,residential,culvert,waterway_crossing,102,13.038917,77.580297,,,,,drain#1349910497
559077469-x1,559077469,2nd Cross Road,residential,culvert,waterway_crossing,67,13.042236,77.582374,,,,,drain:H207#1203755356
559092670-x1,559092670,New BEL Road,secondary,dip,waterway_crossing,617,13.031803,77.570127,,,,,drain:H202#674383494
559092672-x1,559092672,4th Cross Road,residential,culvert,waterway_crossing,71,13.041889,77.581083,,,,,drain:H207#1203755356
559092673-x1,559092673,,residential,dip,waterway_crossing,54,13.027181,77.573688,,,,,drain:H201#674383488
559092688,559092688,,tertiary,underpass,tunnel=yes,13,13.046894,77.571882,yes,,,,
560049724-x1,560049724,Service Road,secondary,culvert,waterway_crossing,102,13.091032,77.596979,,,,,stream#639361800
577455629-x1,577455629,,residential,dip,waterway_crossing,67,13.028295,77.561115,,,,,drain:H203#1203755358
583915626-x1,583915626,,residential,dip,waterway_crossing,173,12.965487,77.668106,,,,,drain#673692294
589691611,589691611,Ballari Road,trunk,underpass,layer<0,406,13.195053,77.651887,,,-1,,
591697881,591697881,3rd B Cross Versova Layout,residential,dip,flood_prone=yes,85,12.983915,77.669849,,,,yes,
594690556-x1,594690556,,residential,culvert,waterway_crossing,60,12.947666,77.625305,,,,,drain#1431913918
602804355,602804355,Ozone Evengreen Internal Road,residential,underpass,layer<0,509,12.909249,77.662555,,,-1,,
602994905-x1,602994905,,tertiary,dip,waterway_crossing,322,13.013594,77.691863,,,,,drain#1534254422
604000945-x1,604000945,17 D Cross,residential,dip,waterway_crossing,156,12.926818,77.570711,,,,,drain:V304#604000949
604000946-x1,604000946,6th Main Road,residential,dip,waterway_crossing,55,12.927902,77.570816,,,,,drain:V304#604000949
607860781,607860781,Mysore Road,trunk,low_bridge,bridge_over_water,31,12.935881,77.513928,,yes,1,,
607860784,607860784,Mysore Road,trunk,low_bridge,bridge_over_water,34,12.935689,77.513694,,yes,1,,
608640678-x1,608640678,,tertiary,dip,waterway_crossing,542,12.804447,77.700414,,,,,drain#1092941860
609637729-x1,609637729,Sarjapura Road,primary,culvert,waterway_crossing,263,12.920193,77.666067,,,,,drain#1370870223
609637730-x1,609637730,Sarjapura Road,primary,culvert,waterway_crossing,943,12.920086,77.666496,,,,,drain#1370870223
609637808-x1,609637808,Outer Ring Road,trunk,culvert,waterway_crossing,960,12.921695,77.667225,,,,,drain#1370870223
609974378-x1,609974378,,residential,culvert,waterway_crossing,22,12.902237,77.684786,,,,,drain#1428978968
611380787,611380787,Outer Ring Road,trunk,low_bridge,bridge_over_water,245,12.916051,77.638327,,yes,1,,
611413680,611413680,Hosahalli Main Road,tertiary,low_bridge,bridge_over_water,42,12.967012,77.546335,,yes,1,,
611413687,611413687,,tertiary,low_bridge,bridge_over_water,45,12.966245,77.545594,,yes,1,,
611552778-x1,611552778,5th Main Road,secondary,dip,waterway_crossing,538,12.886877,77.611992,,,,,drain#179122844
616360044-x1,616360044,,secondary,culvert,waterway_crossing,1211,13.189023,77.680598,,,,,drain#1453071774
619625858,619625858,,trunk_link,low_bridge,bridge_over_water,120,12.94542,77.529337,,yes,,,
627046675,627046675,Horamavu Underpass,secondary,underpass,layer<0,119,13.024068,77.658769,,,-1,,
627046768,627046768,Horamavu Underpass,secondary,underpass,layer<0,61,13.024999,77.659729,,,-1,,
627961193-x1,627961193,,residential,culvert,waterway_crossing,639,12.900365,77.666894,,,,,drain#688824209
627988900-x1,627988900,Silver County Road,tertiary,culvert,waterway_crossing,1592,12.894369,77.663144,,,,,drain#688824217
628276889-x1,628276889,Summer Paradise Lane,residential,culvert,waterway_crossing,191,12.972145,77.733695,,,,,drain#677293844
636268137,636268137,Patanagere Main Road,tertiary,low_bridge,bridge_over_water,58,12.923848,77.503736,,yes,1,,
637909265-x1,637909265,,residential,culvert,waterway_crossing,145,12.96791,77.679511,,,,,drain#799422497
638928397-x1,638928397,Doctor M H Marigowda Road,primary,dip,waterway_crossing,386,12.946868,77.594607,,,,,drain:K108#131645659
639010018-x1,639010018,Doctor M H Marigowda Road,primary,dip,waterway_crossing,393,12.946948,77.594459,,,,,drain:K108#131645659
640474246-x1,640474246,,tertiary,culvert,waterway_crossing,2346,13.045025,77.507818,,,,,drain#1353093568
648496928-x1,648496928,,residential,culvert,waterway_crossing,75,12.959635,77.708859,,,,,drain#414833861
648496929-x1,648496929,,residential,culvert,waterway_crossing,40,12.959405,77.709398,,,,,drain#414833861
654176013-x1,654176013,,residential,culvert,waterway_crossing,170,13.084379,77.543777,,,,,drain#675686738
654207942-x1,654207942,Raja Ram Mohan Roy Road,residential,dip,waterway_crossing,90,13.070398,77.578956,,,,,drain#674699466
654390686,654390686,,residential,underpass,tunnel=yes;layer<0,41,12.949308,77.470397,yes,,-1,,
654390688-x1,654390688,,residential,culvert,waterway_crossing,153,12.949293,77.470771,,,,,drain#1515968023
654877284-x1,654877284,,service,culvert,waterway_crossing,508,12.995213,77.655194,,,,,drain#1354126747
655029004-x1,655029004,,unclassified,culvert,waterway_crossing,74,12.9706,77.718829,,,,,drain#414833862
655072287-x1,655072287,,residential,culvert,waterway_crossing,191,13.007126,77.749343,,,,,drain:MD287#1323134850
655072287-x2,655072287,,residential,dip,waterway_crossing,191,13.007,77.749525,,,,,drain:MD288#1456248499
655072650-x1,655072650,,residential,dip,waterway_crossing,20,13.106614,77.570613,,,,,drain#1182962307
655506693-x1,655506693,,residential,dip,waterway_crossing,282,13.066158,77.577305,,,,,drain#674699466
655512382-x1,655512382,,residential,culvert,waterway_crossing,81,12.880469,77.610021,,,,,drain#795219275
655522257-x1,655522257,,residential,dip,waterway_crossing,214,13.037418,77.673265,,,,,stream#1097436277
655528031-x1,655528031,,residential,dip,waterway_crossing,62,12.970175,77.498546,,,,,drain#675682293
655538970-x1,655538970,,residential,dip,waterway_crossing,149,13.060737,77.625414,,,,,drain#403024950
655609441-x1,655609441,,residential,dip,waterway_crossing,32,13.03428,77.712056,,,,,drain#1428692106
655679189-x1,655679189,,residential,dip,waterway_crossing,219,12.904089,77.644372,,,,,drain#673673539
655799605-x1,655799605,,residential,dip,waterway_crossing,134,13.080414,77.532487,,,,,drain#674735132
655810344,655810344,,service,dip,flood_prone=yes,226,13.047045,77.622231,,,,yes,
655815389,655815389,,residential,none,tunnel=building_passage,32,12.966753,77.708488,building_passage,,,,
656867583-x1,656867583,,residential,culvert,waterway_crossing,121,12.881562,77.631353,,,,,drain#656867581
656868690-x1,656868690,,residential,dip,waterway_crossing,260,13.029567,77.673034,,,,,drain#1500223885
656868691-x1,656868691,,residential,dip,waterway_crossing,329,13.029253,77.672704,,,,,drain#1500223885
656868919,656868919,,residential,underpass,layer<0,515,12.936629,77.705805,,,-1,,
656870887,656870887,Kogilu Main Road,secondary_link,underpass,layer<0,8,13.101352,77.636149,,,-1,,
656878955-x1,656878955,,tertiary,dip,waterway_crossing,214,12.9363,77.519326,,,,,drain:V207#1204456625
658690539-x1,658690539,,residential,dip,waterway_crossing,115,13.054765,77.575861,,,,,drain#674699441
658717585,658717585,,service,dip,flood_prone=yes,130,13.045899,77.621955,,,,yes,
658764082-x1,658764082,12th Main Road,residential,dip,waterway_crossing,261,12.90933,77.666801,,,,,drain#1243682770
658867367-x1,658867367,,residential,dip,waterway_crossing,223,13.007741,77.572517,,,,,drain#673625076
659806511-x1,659806511,,residential,dip,waterway_crossing,484,12.925488,77.547587,,,,,drain#1217326868
659827138,659827138,,tertiary,low_bridge,bridge_over_water,50,12.956828,77.512079,,yes,1,,
660093362-x1,660093362,,residential,culvert,waterway_crossing,193,13.046154,77.520398,,,,,drain#1184983902
660093363-x1,660093363,,residential,culvert,waterway_crossing,199,13.046154,77.521255,,,,,drain#1184983906
660101569-x1,660101569,,residential,culvert,waterway_crossing,429,12.971642,77.478611,,,,,drain#1548526716
660104179,660104179,,residential,low_bridge,bridge_over_water,7,12.980379,77.675093,,yes,1,,
660104691-x1,660104691,,residential,culvert,waterway_crossing,217,12.950611,77.623003,,,,,drain:Drain#1166289489
660362856-x1,660362856,,residential,dip,waterway_crossing,154,13.059825,77.549068,,,,,drain#1380595582
661626507,661626507,,residential,low_bridge,bridge_over_water,8,12.92455,77.513344,,yes,1,,
661626510,661626510,,residential,low_bridge,bridge_over_water,7,12.924371,77.513561,,yes,1,,
661630520-x1,661630520,,service,dip,waterway_crossing,126,13.030356,77.520518,,,,,drain#674181136
661638062,661638062,,service,dip,flood_prone=yes,318,13.048414,77.619874,,,,yes,
661653872,661653872,,residential,none,tunnel=building_passage,181,12.958411,77.73975,building_passage,,,,
661656755,661656755,,residential,underpass,tunnel=yes;layer<0,28,12.957127,77.538693,yes,,-1,,
661679364-x1,661679364,,residential,dip,waterway_crossing,142,13.010931,77.703324,,,,,drain#679270114
661729279-x1,661729279,,residential,culvert,waterway_crossing,68,13.013009,77.675834,,,,,drain#675250062
661734393-x1,661734393,,service,dip,waterway_crossing,182,13.006971,77.694752,,,,,drain#1532014556
661759574-x1,661759574,,residential,culvert,waterway_crossing,287,12.943932,77.708153,,,,,drain#1416505635
661785193-x1,661785193,,tertiary,culvert,waterway_crossing,1085,13.031984,77.548551,,,,,drain#1199357657
661787022-x1,661787022,,unclassified,culvert,waterway_crossing,412,12.948481,77.692342,,,,,drain#799422494
661787023-x1,661787023,,unclassified,culvert,waterway_crossing,100,12.948487,77.692588,,,,,drain#799422494
661908436-x1,661908436,,residential,culvert,waterway_crossing,70,13.021406,77.612743,,,,,drain:Drain#675496509
661915727-x1,661915727,,service,dip,waterway_crossing,80,12.921074,77.681558,,,,,drain#350098026
661915728-x1,661915728,,service,dip,waterway_crossing,224,12.920171,77.681489,,,,,drain#350098026
661930002-x1,661930002,,residential,dip,waterway_crossing,117,13.01058,77.7037,,,,,drain#679270114
661933419-x1,661933419,,residential,culvert,waterway_crossing,374,12.92191,77.490858,,,,,drain#1203925642
663445720,663445720,5th Cross Road,residential,low_bridge,bridge_over_water,23,12.952036,77.551385,,yes,1,,
669632741-x1,669632741,,track,dip,waterway_crossing,1460,12.825422,77.698456,,,,,drain#1092941869
670062627,670062627,,tertiary,low_bridge,bridge_over_water,33,13.080121,77.614499,,yes,1,,
670636454-x1,670636454,,residential,culvert,waterway_crossing,185,12.897279,77.666137,,,,,drain#688824215
672624727-x1,672624727,Bannerghatta Road,primary,dip,waterway_crossing,154,12.902884,77.601422,,,,,drain:K209#334655248
674200499-x1,674200499,,track,dip,waterway_crossing,458,13.164269,77.65632,,,,,drain#1266492725
674699434,674699434,Kodigehalli Road,secondary,underpass,tunnel=yes;layer<0,64,13.062018,77.573967,yes,,-1,,
674699435-x1,674699435,Kodigehalli Road,secondary,culvert,waterway_crossing,326,13.06064,77.575823,,,,,drain#1229263121
674699445-x1,674699445,9th Cross Tatanagar,tertiary,dip,waterway_crossing,680,13.054525,77.571459,,,,,drain#674699443
674699445-x2,674699445,9th Cross Tatanagar,tertiary,dip,waterway_crossing,680,13.053468,77.575254,,,,,drain#674699441
674699455-x1,674699455,,residential,dip,waterway_crossing,254,13.054665,77.571416,,,,,drain#674699443
675387092,675387092,Horamavu Underpass,secondary,underpass,tunnel=yes;layer<0,36,13.02478,77.659481,yes,,-1,,
675387093,675387093,Horamavu Underpass,secondary,underpass,layer<0,119,13.024092,77.658894,,,-1,,
675387094,675387094,Horamavu Underpass,secondary,underpass,tunnel=yes;layer<0,36,13.025077,77.659655,yes,,-1,,
675387095,675387095,Horamavu Underpass,secondary,underpass,layer<0,60,13.025465,77.660036,,,-1,,
675496491,675496491,SS Ashram Road,tertiary,low_bridge,bridge_over_water,31,13.035103,77.602274,,yes,1,,
675496495,675496495,,residential,low_bridge,bridge_over_water,23,13.02764,77.590429,,yes,1,,
675496507,675496507,Vishwanatha Nagenhalli Main Road,tertiary,low_bridge,bridge_over_water,28,13.039338,77.600537,,yes,1,,
675653520-x1,675653520,,tertiary,culvert,waterway_crossing,408,12.908726,77.440315,,,,,drain#1365570121
675662530,675662530,Bengaluru-Mysuru Expressway,tertiary,low_bridge,bridge_over_water,88,12.891608,77.455978,,yes,1,,
675662533,675662533,Bengaluru-Mysuru Service lane,tertiary,low_bridge,bridge_over_water,78,12.891259,77.455999,,yes,1,,
677326078-x1,677326078,Outer Ring Road,trunk,culvert,waterway_crossing,904,12.986858,77.690154,,,,,drain#677326095
677326082-x1,677326082,Outer Ring Road,trunk,culvert,waterway_crossing,151,12.974409,77.697906,,,,,drain#677326093
677326097,677326097,Doddanekkundi Main Road,tertiary,underpass,tunnel=yes;layer<0,22,12.975527,77.694011,yes,,-1,,
677326098,677326098,Doddanekkundi Main Road,tertiary,low_bridge,bridge_over_water,17,12.976236,77.694092,,yes,1,,
677454723-x1,677454723,Pattandur Agrahara Road,tertiary,dip,waterway_crossing,812,12.980543,77.733615,,,,,drain#1548668818
682199025-x1,682199025,,track,dip,waterway_crossing,766,13.040175,77.781115,,,,,river:Dakshina Pinakini#506094996
682369899,682369899,Dinnuru Main Road,secondary,low_bridge,bridge_over_water,26,13.023488,77.600004,,yes,1,,
682369901,682369901,,residential,low_bridge,bridge_over_water,9,13.026255,77.6006,,yes,1,,
682369906,682369906,,residential,low_bridge,bridge_over_water,17,13.028433,77.59933,,yes,1,,
682369908,682369908,,tertiary,low_bridge,bridge_over_water,18,13.03081,77.600105,,yes,1,,
687173270-x1,687173270,Outer Ring Road,trunk,culvert,waterway_crossing,149,13.023612,77.644697,,,,,drain:H400#687173293
687173278-x1,687173278,Outer Ring Road,trunk,culvert,waterway_crossing,149,13.023378,77.645716,,,,,drain:H400#687173293
687216877,687216877,Hennur Flyover,secondary,low_bridge,bridge_over_water,615,13.026745,77.632031,,yes,1,,
687216878,687216878,Hennur Flyover,secondary,low_bridge,bridge_over_water,612,13.026588,77.632036,,yes,1,,
687319748-x1,687319748,,residential,culvert,waterway_crossing,124,12.951897,77.547212,,,,,drain:V120#1110165766
687319756,687319756,,residential,low_bridge,bridge_over_water,36,12.953152,77.541556,,yes,1,,
687911441,687911441,M Srinivas Road,tertiary,dip,flood_prone=yes,549,12.931985,77.533045,,,,yes,
687911442,687911442,M Srinivas Road,tertiary,low_bridge,bridge_over_water,14,12.933777,77.532754,,yes,1,,
687911444,687911444,NICE Expressway,motorway,low_bridge,bridge_over_water,69,12.933349,77.531484,,yes,1,,
687911446,687911446,NICE Expressway,motorway,low_bridge,bridge_over_water,68,12.933754,77.531336,,yes,1,,
688353436,688353436,,residential,low_bridge,bridge_over_water,12,12.978506,77.624672,,yes,1,,
688614481-x1,688614481,,residential,culvert,waterway_crossing,98,12.978412,77.667105,,,,,drain#1338751583
688824193,688824193,6th Cross Road,residential,low_bridge,bridge_over_water,14,12.951922,77.597428,,yes,1,,
688824199-x1,688824199,Junnasandra Road,tertiary,culvert,waterway_crossing,1328,12.902552,77.685304,,,,,drain#1428978970
688824211,688824211,,residential,low_bridge,bridge_over_water,14,12.915786,77.674355,,yes,1,,
690136357,690136357,Outer Ring Road,trunk,low_bridge,bridge_over_water,16,12.923615,77.554489,,yes,1,,
690136359,690136359,Outer Ring Road,trunk,low_bridge,bridge_over_water,16,12.923572,77.554314,,yes,1,,
690143263,690143263,,tertiary_link,dip,flood_prone=yes,33,12.945695,77.52893,,,,yes,
690143264,690143264,,tertiary,dip,flood_prone=yes,64,12.945719,77.528213,,,,yes,
690494554,690494554,,tertiary,underpass,tunnel=yes;layer<0,46,12.865272,77.483626,yes,,-1,,
691146196,691146196,KEB Junction Flyover,trunk,low_bridge,bridge_over_water,113,12.933797,77.539131,,yes,1,,
691961205-x1,691961205,,secondary,culvert,waterway_crossing,1266,13.190124,77.68061,,,,,drain#1453071774
691997503-x1,691997503,Sarjapura Road,primary,culvert,waterway_crossing,2542,12.895881,77.721613,,,,,drain#1116257984
692783793-x1,692783793,,residential,dip,waterway_crossing,54,12.936578,77.613719,,,,,drain:K101#673948795
692806743-x1,692806743,,residential,culvert,waterway_crossing,113,12.953499,77.62452,,,,,drain#1316321294
692806743-x2,692806743,,residential,dip,waterway_crossing,113,12.95378,77.6246,,,,,drain#1316321293
694256465-x1,694256465,,service,dip,waterway_crossing,454,12.938645,77.599905,,,,,drain:K104#673853322
694313641-x1,694313641,,residential,dip,waterway_crossing,58,13.005022,77.672639,,,,,drain#675250046
694528609,694528609,,residential,dip,flood_prone=yes,143,13.047721,77.618747,,,,yes,
694535672-x1,694535672,,unclassified,culvert,waterway_crossing,190,13.019257,77.545016,,,,,drain:V204#1239610856
694535674-x1,694535674,,residential,dip,waterway_crossing,90,13.025595,77.555915,,,,,drain:H200#46918823
694563674-x1,694563674,,residential,culvert,waterway_crossing,74,12.912788,77.621746,,,,,drain:K209#164040899
694986179-x1,694986179,,residential,culvert,waterway_crossing,69,12.957743,77.708787,,,,,drain#414833861
695002564,695002564,,residential,low_bridge,bridge_over_water,17,13.004871,77.671787,,yes,1,,
695033914-x1,695033914,,service,dip,waterway_crossing,30,12.93547,77.615457,,,,,drain:K101#673948795
695054399-x1,695054399,,residential,culvert,waterway_crossing,111,12.880691,77.647387,,,,,drain#1285829305
695054409-x1,695054409,,residential,culvert,waterway_crossing,133,12.882976,77.631593,,,,,drain#796870508
695054411,695054411,,residential,low_bridge,bridge_over_water,21,12.885625,77.630428,,yes,1,,
695251940-x1,695251940,,residential,culvert,waterway_crossing,61,12.916303,77.622922,,,,,drain:K209#678335361
695618083,695618083,,service,dip,flood_prone=yes,667,13.047426,77.623185,,,,yes,
695901261-x1,695901261,,residential,dip,waterway_crossing,334,13.063275,77.495153,,,,,drain#1281214290
699331220-x1,699331220,,residential,culvert,waterway_crossing,23,12.907783,77.644264,,,,,drain#350185231
699604931-x1,699604931,Banaswadi Railway Station Road,residential,culvert,waterway_crossing,225,13.002591,77.629568,,,,,drain:H300#1113226438
700247321,700247321,Airport City Road,secondary,dip,flood_prone=yes,1984,13.194729,77.682863,,,,yes,
700247323,700247323,Airport City Road,secondary,dip,flood_prone=yes,2042,13.194788,77.688445,,,,yes,
705660715-x1,705660715,,tertiary,culvert,waterway_crossing,1793,13.054445,77.464804,,,,,stream#1113271757
718379705-x1,718379705,,residential,culvert,waterway_crossing,118,12.955608,77.724558,,,,,drain#350281358
718397679,718397679,12th Main Road,residential,low_bridge,bridge_over_water,7,12.908841,77.668312,,yes,1,,
718413676,718413676,,tertiary,underpass,tunnel=yes;layer<0,31,12.864962,77.709931,yes,,-1,,
718413679-x1,718413679,,tertiary,dip,waterway_crossing,3508,12.867516,77.710497,,,,,ditch#1368343962
718768619,718768619,Railway Underpass,secondary,underpass,tunnel=yes;layer<0,15,13.188734,77.653214,yes,,-1,,
718852104-x1,718852104,,residential,dip,waterway_crossing,176,12.903655,77.604623,,,,,drain:K209#334655248
718862609-x1,718862609,,residential,dip,waterway_crossing,263,12.93254,77.522603,,,,,drain#1427963607
718886245-x1,718886245,,residential,culvert,waterway_crossing,146,13.006817,77.739624,,,,,drain:MD287#1319599784
718886245-x2,718886245,,residential,culvert,waterway_crossing,146,13.00714,77.740601,,,,,drain:MD287#1319599786
719101006,719101006,,service,low_bridge,bridge_over_water,16,13.023545,77.615889,,yes,1,,
719110935-x1,719110935,,residential,culvert,waterway_crossing,325,12.889329,77.668397,,,,,drain#1429319342
719111724,719111724,,residential,low_bridge,bridge_over_water,17,13.041482,77.657974,,yes,1,,
719111727,719111727,,residential,low_bridge,bridge_over_water,16,13.04088,77.658118,,yes,1,,
719647714-x1,719647714,Government Polytechnic College Road,residential,culvert,waterway_crossing,190,12.983103,77.766515,,,,,drain#1232428544
719658631-x1,719658631,,residential,dip,waterway_crossing,198,12.9923,77.490631,,,,,drain#1112988055
719682860-x1,719682860,,residential,dip,waterway_crossing,277,12.851578,77.685203,,,,,drain#1420326321
719682863-x1,719682863,,residential,dip,waterway_crossing,505,12.852726,77.684552,,,,,drain#1420326321
720080149,720080149,,residential,low_bridge,bridge_over_water,13,13.046644,77.625579,,yes,1,,
720098504-x1,720098504,,residential,culvert,waterway_crossing,210,12.889445,77.666894,,,,,drain#1429319342
726526814-x1,726526814,,residential,dip,waterway_crossing,553,13.060357,77.492106,,,,,drain#1281206624
735036617,735036617,5th Main Road,tertiary,low_bridge,bridge_over_water,33,12.985299,77.568026,,yes,1,,
735037269-x1,735037269,,residential,culvert,waterway_crossing,82,12.958974,77.709007,,,,,drain#414833861
735038222,735038222,Kodigehalli Main Road,tertiary,low_bridge,bridge_over_water,40,13.049516,77.575749,,yes,1,,
735038586,735038586,,residential,low_bridge,bridge_over_water,7,13.032224,77.595732,,yes,1,,
735043791-x1,735043791,,residential,dip,waterway_crossing,86,12.979289,77.667224,,,,,drain#1338751584
735056510,735056510,,residential,low_bridge,bridge_over_water,11,13.045364,77.568791,,yes,1,,
735359127,735359127,Kodigehalli Main Road,tertiary,low_bridge,bridge_over_water,13,13.060825,77.576433,,yes,1,,
735362087-x1,735362087,Railway Line Road,secondary,underpass,under_rail_bridge,66,12.996926,77.662472,,,,,railway#37703202
735362088-x1,735362088,Railway Line Road,secondary,underpass,under_rail_bridge,59,12.997164,77.662755,,,,,railway#37703202
735390010,735390010,,tertiary,low_bridge,bridge_over_water,29,13.045582,77.601101,,yes,,,
735395079,735395079,,tertiary,dip,flood_prone=yes,175,13.046872,77.619738,,,,yes,
735395575,735395575,,service,dip,flood_prone=yes,147,13.04687,77.62191,,,,yes,
735401985,735401985,1st Main Road,tertiary,low_bridge,bridge_over_water,29,13.030853,77.625062,,yes,1,,
735406714,735406714,,tertiary,dip,flood_prone=yes,261,12.972699,77.710133,,,,yes,
735442055,735442055,,tertiary,low_bridge,bridge_over_water,15,12.919716,77.552112,,yes,,,
736394667-x1,736394667,Puttalingaiah Road,secondary,culvert,waterway_crossing,9,12.921759,77.560145,,,,,drain:V305#1112006574
736397626,736397626,,residential,low_bridge,bridge_over_water,22,12.99974,77.527748,,yes,,,
736945760-x1,736945760,,residential,dip,waterway_crossing,1353,13.091368,77.597254,,,,,stream#967445610
737166952-x1,737166952,Outer Ring Road,secondary,culvert,waterway_crossing,188,12.906394,77.593655,,,,,drain:K209#350065878
737169648,737169648,,residential,low_bridge,bridge_over_water,12,13.013038,77.706138,,yes,1,,
737176634,737176634,Kenchenahalli Main Road,secondary,low_bridge,bridge_over_water,34,12.934928,77.517827,,yes,1,,
737202784-x1,737202784,,residential,culvert,waterway_crossing,130,12.964988,77.708781,,,,,drain#414833861
737361098-x1,737361098,2nd Cross Road,residential,culvert,waterway_crossing,92,12.935047,77.550134,,,,,drain:V300#224319509
737441033,737441033,Doctor Muthuraj Underpass,trunk,underpass,tunnel=yes;layer<0,49,12.93064,77.543272,yes,,-1,,
737441034,737441034,Doctor Muthuraj Underpass,trunk,underpass,tunnel=yes;layer<0,49,12.930392,77.543652,yes,,-1,,
737463452,737463452,,tertiary,underpass,tunnel=yes;layer<0,77,12.995463,77.766885,yes,,-1,,
737470749-x1,737470749,,residential,dip,waterway_crossing,73,13.029293,77.56042,,,,,drain:H203#1203755358
737481199-x1,737481199,,residential,dip,waterway_crossing,198,12.903237,77.605853,,,,,drain:K209#334655248
737503001,737503001,Old Mysuru Road Underpass,primary,underpass,tunnel=yes;layer<0,38,12.982377,77.568786,yes,,-1,,
737503004,737503004,Old Mysuru Road Underpass,primary,underpass,tunnel=yes;layer<0,72,12.982201,77.569764,yes,,-1,,
738170145-x1,738170145,,residential,dip,waterway_crossing,444,12.986268,77.568959,,,,,drain:Vrishabhavathi#350178537
738400581-x1,738400581,,residential,dip,waterway_crossing,400,12.910453,77.696437,,,,,drain#450537556
738403527-x1,738403527,,residential,culvert,waterway_crossing,129,13.031358,77.531427,,,,,drain:Nagarabhavi Thorai#674181132
744544603-x1,744544603,,residential,dip,waterway_crossing,221,12.967244,77.574336,,,,,drain:K100#673670438
744792185,744792185,,tertiary,dip,flood_prone=yes,230,13.046259,77.620878,,,,yes,
747180747,747180747,,service,low_bridge,bridge_over_water,28,13.047333,77.62325,,yes,1,,
750614311,750614311,,service,low_bridge,bridge_over_water,5,12.91778,77.622204,,yes,1,,
750614312,750614312,,service,low_bridge,bridge_over_water,6,12.917719,77.622243,,yes,1,,
752960709,752960709,Mill Corner Road Underpass,secondary,underpass,tunnel=yes;layer<0,39,12.993387,77.568594,yes,,-1,,
753677212-x1,753677212,Sunny Drive,residential,culvert,waterway_crossing,321,12.911926,77.685803,,,,,drain#1457683385
758989201-x1,758989201,Main Road,tertiary,dip,waterway_crossing,2489,13.030322,77.732182,,,,,drain#1456924476
758989203-x1,758989203,,primary,dip,waterway_crossing,338,13.030367,77.728249,,,,,stream#778170795
759152838,759152838,,residential,low_bridge,bridge_over_water,12,13.02077,77.717853,,yes,1,,
759152840,759152840,,living_street,low_bridge,bridge_over_water,14,13.020762,77.717502,,yes,1,,
759152849-x1,759152849,Seegehalli Main Road,tertiary,dip,waterway_crossing,67,13.020469,77.720894,,,,,drain#1188439496
759153476,759153476,,residential,low_bridge,bridge_over_water,12,13.020765,77.717067,,yes,1,,
759364441,759364441,,tertiary,underpass,tunnel=yes;layer<0,18,12.969784,77.565412,yes,,-1,,
760208549-x1,760208549,,living_street,culvert,waterway_crossing,56,12.970802,77.732886,,,,,drain#677293847
760208551-x1,760208551,5th Cross Road,residential,culvert,waterway_crossing,82,12.971013,77.732951,,,,,drain#677293847
760493326-x1,760493326,,tertiary,culvert,waterway_crossing,134,13.056588,77.473745,,,,,drain#1287270763
760543010-x1,760543010,,service,dip,waterway_crossing,39,12.964437,77.577623,,,,,drain:K100#673670439
760889233-x1,760889233,Pipeline Road,secondary,dip,waterway_crossing,957,13.003978,77.54393,,,,,drain:V203#94441427
761242164-x1,761242164,,residential,dip,waterway_crossing,135,12.968839,77.688088,,,,,drain#323729568
762185852-x1,762185852,,residential,culvert,waterway_crossing,141,12.836619,77.638861,,,,,stream#1113267976
762185854-x1,762185854,,residential,culvert,waterway_crossing,90,12.836825,77.639138,,,,,stream#1113267978
762185856,762185856,,residential,low_bridge,bridge_over_water,20,12.83723,77.6396,,yes,1,,
762185858-x1,762185858,,residential,culvert,waterway_crossing,31,12.83734,77.639763,,,,,stream#1113267982
762500478,762500478,Chord Road Flyover,trunk,low_bridge,bridge_over_water,244,12.95302,77.539893,,yes,1,,
763175328,763175328,Richmond Road,primary,dip,flood_prone=yes,169,12.965297,77.600367,,,,yes,
763284660-x1,763284660,,tertiary,dip,waterway_crossing,24,12.945872,77.52852,,,,,drain#734148539
763290547-x1,763290547,Residency Road,primary,dip,waterway_crossing,113,12.971702,77.606583,,,,,drain:K103#1092674470
763516700-x1,763516700,,service,culvert,waterway_crossing,70,12.940799,77.689779,,,,,drain#1314592448
763727121-x1,763727121,,service,culvert,waterway_crossing,139,13.107824,77.602357,,,,,stream#1245778215
764379673-x1,764379673,,residential,dip,waterway_crossing,857,12.863211,77.826421,,,,,stream#537774439
764379675-x1,764379675,,track,dip,waterway_crossing,405,12.861939,77.821557,,,,,stream#537774439
764406991-x1,764406991,Brigade Road,secondary,dip,waterway_crossing,71,12.971451,77.607039,,,,,drain:K103#1092674470
764500261-x1,764500261,Shampura Main Road,tertiary,culvert,waterway_crossing,300,13.021406,77.612743,,,,,drain:Drain#675496509
764502946-x1,764502946,7th Main Road,secondary,culvert,waterway_crossing,340,13.023434,77.643281,,,,,drain#1266189543
764571646-x1,764571646,Tank Bund Road,primary,underpass,under_rail_bridge,37,12.971672,77.566901,,,,,railway#45019382
764571646-x2,764571646,Tank Bund Road,primary,underpass,under_rail_bridge,37,12.971672,77.566901,,,,,railway#431219845
764571648-x1,764571648,Tank Bund Road,primary,underpass,under_rail_bridge,37,12.97197,77.566738,,,,,railway#45019382
764571648-x2,764571648,Tank Bund Road,primary,underpass,under_rail_bridge,37,12.97197,77.566738,,,,,railway#431219845
765171777-x1,765171777,,residential,dip,waterway_crossing,240,12.908176,77.575019,,,,,drain#1220006235
765394391-x1,765394391,,tertiary,culvert,waterway_crossing,1235,13.145977,77.683304,,,,,drain#1247536035
765394392-x1,765394392,,track,dip,waterway_crossing,615,13.143366,77.693938,,,,,drain#1328149076
765689604-x1,765689604,,track,dip,waterway_crossing,1780,13.143578,77.721809,,,,,stream:Ponnaiyar#766396096
766409555-x1,766409555,,residential,dip,waterway_crossing,134,12.931348,77.733837,,,,,drain:MD382#405432923
766409569-x1,766409569,Grace Avenue,residential,dip,waterway_crossing,214,12.928479,77.733595,,,,,drain#1458230595
766633156,766633156,Mysore Road,tertiary,dip,flood_prone=yes,12,12.945471,77.528569,,,,yes,
766633157,766633157,Mysore Road,tertiary,low_bridge,bridge_over_water,7,12.945511,77.52864,,yes,1,,
768271024,768271024,,residential,low_bridge,bridge_over_water,9,13.032612,77.645601,,yes,,,
768276614-x1,768276614,,residential,culvert,waterway_crossing,353,13.010968,77.743166,,,,,drain#676097198
768276614-x2,768276614,,residential,culvert,waterway_crossing,353,13.010848,77.743451,,,,,ditch#676097196
768285746-x1,768285746,,residential,culvert,waterway_crossing,322,13.040852,77.696146,,,,,drain#1562160778
768536623,768536623,Brindavanam Layout Road,residential,low_bridge,bridge_over_water,10,13.031173,77.660265,,yes,1,,
768580627-x1,768580627,,residential,dip,waterway_crossing,296,12.899599,77.720055,,,,,drain#1116257992
768593000,768593000,,residential,low_bridge,bridge_over_water,44,12.971257,77.51855,,yes,1,,
769934495-x1,769934495,,service,culvert,waterway_crossing,839,12.964483,77.720069,,,,,ditch#350281359
769957130-x1,769957130,,residential,dip,waterway_crossing,182,12.934882,77.709765,,,,,drain#1204143829
769957132-x1,769957132,,residential,dip,waterway_crossing,154,12.933553,77.70932,,,,,drain#1204143829
769976557-x1,769976557,,service,dip,waterway_crossing,216,12.931627,77.722188,,,,,drain#1333241560
769976558-x1,769976558,,service,dip,waterway_crossing,445,12.932146,77.722586,,,,,drain#1333241560
771652382-x1,771652382,,residential,dip,waterway_crossing,132,13.06424,77.488646,,,,,drain#1281214297
771652416-x1,771652416,,residential,culvert,waterway_crossing,231,13.098162,77.560281,,,,,drain#1299139264
772074000-x1,772074000,,residential,culvert,waterway_crossing,112,12.877578,77.627155,,,,,drain#796870513
772143696-x1,772143696,,residential,culvert,waterway_crossing,829,13.06437,77.678096,,,,,drain:BD418#794788324
772143707-x1,772143707,,residential,dip,waterway_crossing,298,13.009221,77.479054,,,,,drain#1343674323
772143708-x1,772143708,,residential,dip,waterway_crossing,185,13.009203,77.479097,,,,,drain#1343674323
772356232-x1,772356232,,residential,dip,waterway_crossing,275,12.851598,77.684614,,,,,drain#1420326321
772379288-x1,772379288,,service,dip,waterway_crossing,43,13.01756,77.651684,,,,,drain#1551919323
772389764-x1,772389764,,residential,dip,waterway_crossing,282,13.030249,77.490496,,,,,drain#1376522727
772399059-x1,772399059,,residential,culvert,waterway_crossing,479,13.066351,77.678184,,,,,drain:BD418#794788326
773141839-x1,773141839,,residential,dip,waterway_crossing,387,12.977835,77.473773,,,,,drain#1548740974
774708666,774708666,Ramaiah Bridge,secondary,low_bridge,bridge_over_water,321,13.038982,77.55725,,yes,1,,
775177008,775177008,,service,underpass,layer<0,270,12.882609,77.472886,,,-1,,
775953286,775953286,,service,dip,flood_prone=yes,81,13.047586,77.622835,,,,yes,
775997156,775997156,,residential,low_bridge,bridge_over_water,11,13.00477,77.671818,,yes,1,,
776677308-x1,776677308,,residential,dip,waterway_crossing,207,13.105822,77.475387,,,,,river:Arkavati#380067605
776912387-x1,776912387,,residential,dip,waterway_crossing,2351,12.811835,77.551114,,,,,stream#699281414
776970593-x1,776970593,Swamy Vivekananda Road,primary,culvert,waterway_crossing,663,12.982473,77.634681,,,,,drain:C104#1409989979
777518471,777518471,,service,underpass,layer<0,7,12.995927,77.615213,,,-1,,
777659205,777659205,,tertiary,low_bridge,bridge_over_water,29,12.818469,77.55147,,yes,1,,
777917575-x1,777917575,,residential,dip,waterway_crossing,1395,12.869602,77.725629,,,,,drain#1428242508
777936780,777936780,Budigere Road,primary,low_bridge,bridge_over_water,12,13.157916,77.724177,,yes,1,,
777968698-x1,777968698,,residential,dip,waterway_crossing,233,13.026983,77.520742,,,,,drain#674181136
777971611,777971611,,track,low_bridge,bridge_over_water,39,13.167419,77.78128,,yes,1,,
777977356-x1,777977356,,residential,culvert,waterway_crossing,344,12.934053,77.745629,,,,,drain#1274775815
777996083-x1,777996083,,tertiary,dip,waterway_crossing,1339,13.181637,77.627141,,,,,stream#1244965480
778173709,778173709,,track,low_bridge,bridge_over_water,30,13.181435,77.781553,,yes,1,,
778173733,778173733,,tertiary,low_bridge,bridge_over_water,24,12.817277,77.554642,,yes,1,,
778181704,778181704,,secondary,low_bridge,bridge_over_water,50,12.873101,77.448505,,yes,1,,
778181706,778181706,,residential,low_bridge,bridge_over_water,18,12.873662,77.44882,,yes,1,,
778183739-x1,778183739,,residential,dip,waterway_crossing,189,13.03865,77.733282,,,,,drain#1298349237
778183741-x1,778183741,,residential,dip,waterway_crossing,11,13.038592,77.733359,,,,,drain#1298349237
778183744-x1,778183744,,residential,dip,waterway_crossing,60,13.038483,77.733008,,,,,drain#1298349237
778216620-x1,778216620,,residential,dip,waterway_crossing,142,13.080063,77.531851,,,,,drain#674735132
778216673,778216673,,residential,low_bridge,bridge_over_water,11,13.050653,77.628704,,yes,1,,
778222943,778222943,,residential,low_bridge,bridge_over_water,3,12.942429,77.629299,,yes,1,,
778236403-x1,778236403,,residential,dip,waterway_crossing,215,12.904518,77.644841,,,,,drain#673673539
778240640-x1,778240640,,residential,dip,waterway_crossing,287,12.967032,77.770216,,,,,drain#796944022
778472869,778472869,Sri Ganapathi Temple Road,tertiary,low_bridge,bridge_over_water,26,13.022831,77.626891,,yes,1,,
778472872,778472872,2nd Main Road,residential,low_bridge,bridge_over_water,20,13.021644,77.626786,,yes,1,,
778472874,778472874,1st Main Road,tertiary,low_bridge,bridge_over_water,22,13.021189,77.626678,,yes,1,,
778472876,778472876,,service,low_bridge,bridge_over_water,20,13.01906,77.627986,,yes,1,,
778477006-x1,778477006,,residential,dip,waterway_crossing,242,12.943184,77.758626,,,,,drain#1298279410
778502308,778502308,,residential,low_bridge,bridge_over_water,10,13.007892,77.628374,,yes,1,,
778502311,778502311,,residential,low_bridge,bridge_over_water,16,13.008055,77.627449,,yes,1,,
778505007-x1,778505007,,tertiary_link,dip,waterway_crossing,13,13.176328,77.718457,,,,,drain:Rajakaluve#172937216
778521829-x1,778521829,,residential,culvert,waterway_crossing,105,13.007195,77.626801,,,,,drain#1104665301
778524236-x1,778524236,,unclassified,dip,waterway_crossing,173,13.178303,77.715651,,,,,drain#1452259060
778525810-x1,778525810,Kalkere Channasandra Main Road,secondary,culvert,waterway_crossing,1042,13.038016,77.689026,,,,,drain#788426024
778532047-x1,778532047,,track,dip,waterway_crossing,2038,13.114832,77.762951,,,,,river:Dakshina Pinakini#506094997
778744506,778744506,,residential,low_bridge,bridge_over_water,24,12.930069,77.63818,,yes,1,,
778744509-x1,778744509,,residential,dip,waterway_crossing,21,12.926162,77.640722,,,,,drain:K200#1300244529
778749729,778749729,,residential,low_bridge,bridge_over_water,9,13.039362,77.439199,,yes,1,,
778762237,778762237,80 Feet Main Road,primary,low_bridge,bridge_over_water,22,13.015797,77.627665,,yes,1,,
778762689,778762689,,residential,underpass,tunnel=yes;layer<0,27,13.064593,77.627194,yes,,-1,,
778763462,778763462,,residential,low_bridge,bridge_over_water,5,13.007583,77.62958,,yes,1,,
778769138,778769138,2nd Cross Road,tertiary,low_bridge,bridge_over_water,14,13.014963,77.644682,,yes,1,,
778769139,778769139,2nd Cross Road,tertiary,low_bridge,bridge_over_water,14,13.015026,77.644816,,yes,1,,
778771254,778771254,3rd Cross Road,tertiary,low_bridge,bridge_over_water,12,13.017801,77.644874,,yes,1,,
778782055,778782055,,tertiary,low_bridge,bridge_over_water,44,12.873698,77.463712,,yes,1,,
778806069-x1,778806069,,residential,dip,waterway_crossing,642,13.042959,77.640079,,,,,drain#1510600887
778820004-x1,778820004,Hennur Bagalur Main Road,primary,culvert,waterway_crossing,1231,13.09679,77.655002,,,,,stream#675665447
778898123-x1,778898123,,residential,culvert,waterway_crossing,32,12.925021,77.608327,,,,,drain:K200#1349545242
779007684-x1,779007684,,residential,dip,waterway_crossing,524,13.141536,77.645672,,,,,drain#1239827452
779007685-x1,779007685,,tertiary,dip,waterway_crossing,2016,13.146523,77.644145,,,,,drain#1239827452
779078410-x1,779078410,1st Main Road,residential,dip,waterway_crossing,388,13.062554,77.638043,,,,,drain#1098337272
779290476-x1,779290476,,service,culvert,waterway_crossing,301,12.918349,77.665815,,,,,drain#1370870223
779464663,779464663,,residential,low_bridge,bridge_over_water,7,13.007777,77.631759,,yes,1,,
779480674,779480674,,residential,underpass,layer<0,32,13.005802,77.631196,,,-1,,
779484942-x1,779484942,,tertiary,dip,waterway_crossing,3538,13.047418,77.772075,,,,,drain#1427544233
779489086,779489086,,tertiary,low_bridge,bridge_over_water,14,12.893425,77.518441,,yes,1,,
779489087-x1,779489087,,tertiary,culvert,waterway_crossing,90,12.893087,77.518547,,,,,drain#1204900211
779489089,779489089,,residential,low_bridge,bridge_over_water,9,12.897354,77.520866,,yes,1,,
779489096,779489096,,secondary,low_bridge,bridge_over_water,13,12.89769,77.523037,,yes,1,,
779489097,779489097,,secondary,low_bridge,bridge_over_water,11,12.897581,77.523185,,yes,1,,
779498135-x1,779498135,Bens Royal Woods Road,tertiary,culvert,waterway_crossing,1362,13.074858,77.643302,,,,,drain:BP191#792509585
779498140-x1,779498140,Kothanur Main Road,secondary,culvert,waterway_crossing,918,13.065007,77.6455,,,,,drain:BP191#792509578
779500325-x1,779500325,,secondary,dip,waterway_crossing,1592,12.883352,77.516365,,,,,drain#1189440579
779520687-x1,779520687,,residential,culvert,waterway_crossing,426,12.851636,77.702134,,,,,drain#1125378108
779533357-x1,779533357,,residential,culvert,waterway_crossing,229,13.187483,77.682862,,,,,drain#1453071775
779535883-x1,779535883,,service,dip,waterway_crossing,181,12.857953,77.717905,,,,,ditch#350300587
779548894,779548894,Muthanalluru Road,tertiary,low_bridge,bridge_over_water,15,12.853391,77.71717,,yes,1,,
779548896-x1,779548896,,residential,dip,waterway_crossing,251,12.851945,77.717873,,,,,ditch#350300587
779549096-x1,779549096,,tertiary,dip,waterway_crossing,159,12.945898,77.471,,,,,drain#675685127
779549098-x1,779549098,,tertiary,dip,waterway_crossing,163,12.945769,77.471605,,,,,drain#675685127
779553063,779553063,,service,underpass,tunnel=yes;layer<0,38,12.889899,77.511061,yes,,-1,,
779553725-x1,779553725,,residential,culvert,waterway_crossing,280,12.944039,77.450454,,,,,drain#1317327055
779855060-x1,779855060,Bagalur - Budigere Road,secondary,dip,waterway_crossing,1676,13.133854,77.714469,,,,,stream#675507286
779866468-x1,779866468,,tertiary,dip,waterway_crossing,1618,13.138272,77.69929,,,,,stream:Ponnaiyar#765689605
779879189-x1,779879189,,residential,dip,waterway_crossing,34,13.135146,77.679437,,,,,stream:Ponnaiyar#1285457459
779879205-x1,779879205,Bagalur - Budigere Road,secondary,culvert,waterway_crossing,974,13.13335,77.683495,,,,,drain#1234505667
780136943-x1,780136943,,primary,culvert,waterway_crossing,691,13.137511,77.669531,,,,,stream:Ponnaiyar#765689606
780428217-x1,780428217,11th Main Road,secondary,culvert,waterway_crossing,406,12.919951,77.58584,,,,,drain:K209#133134239
780757103-x1,780757103,,residential,culvert,waterway_crossing,147,12.864557,77.56883,,,,,drain#1499632471
780806739-x1,780806739,,residential,culvert,waterway_crossing,105,12.870417,77.580199,,,,,drain#1501661083
780806901,780806901,,service,none,tunnel=building_passage,11,12.938868,77.593794,building_passage,,,,
780806902,780806902,,service,none,tunnel=building_passage,11,12.938938,77.593886,building_passage,,,,
780869730,780869730,,residential,low_bridge,bridge_over_water,35,12.904525,77.575787,,yes,1,,
780896348-x1,780896348,,residential,dip,waterway_crossing,128,12.909279,77.575035,,,,,drain#1220006235
780926334-x1,780926334,,residential,culvert,waterway_crossing,139,12.904815,77.568401,,,,,drain#1270568462
780926336-x1,780926336,,residential,culvert,waterway_crossing,72,12.904465,77.567782,,,,,drain#1270568462
780929568-x1,780929568,,residential,culvert,waterway_crossing,182,12.903884,77.566263,,,,,drain#1270568462
780935951-x1,780935951,,residential,culvert,waterway_crossing,200,12.904865,77.569047,,,,,drain#1270568462
780991643-x1,780991643,Belli Mutt Road,tertiary,underpass,under_rail_bridge,34,12.968986,77.567348,,,,,railway#1279064192
780991643-x2,780991643,Belli Mutt Road,tertiary,underpass,under_rail_bridge,34,12.968895,77.567381,,,,,railway#1279064194
781701694-x1,781701694,,track,dip,waterway_crossing,727,12.913209,77.760395,,,,,drain#1092941901
781767188-x1,781767188,,residential,culvert,waterway_crossing,553,12.927998,77.742586,,,,,drain#1331474328
781767192-x1,781767192,,service,culvert,waterway_crossing,415,12.923971,77.738667,,,,,drain:MD385#1410896653
781767252-x1,781767252,,service,culvert,waterway_crossing,101,12.913254,77.739647,,,,,drain#1112430288
781773831-x1,781773831,,residential,dip,waterway_crossing,994,12.903194,77.74447,,,,,drain#1092680607
781996431-x1,781996431,,unclassified,culvert,waterway_crossing,645,12.882916,77.729262,,,,,drain#1230534734
781996431-x2,781996431,,unclassified,culvert,waterway_crossing,645,12.883659,77.728885,,,,,drain#1230534732
781996431-x3,781996431,,unclassified,culvert,waterway_crossing,645,12.884641,77.728396,,,,,drain#1230534730
782300730-x1,782300730,,service,dip,waterway_crossing,156,12.887147,77.722917,,,,,drain#1092680600
782317387-x1,782317387,,track,dip,waterway_crossing,662,12.886785,77.724461,,,,,drain#1092680600
782360807-x1,782360807,,track,culvert,waterway_crossing,184,12.895597,77.722187,,,,,drain#1116257987
782609033-x1,782609033,,service,culvert,waterway_crossing,445,12.921433,77.724536,,,,,drain:MD382#1092680611
783025797-x1,783025797,,residential,culvert,waterway_crossing,164,12.939441,77.748199,,,,,drain#1274696774
783025799-x1,783025799,,residential,culvert,waterway_crossing,129,12.940356,77.748818,,,,,drain#1274696776
783832923,783832923,,residential,underpass,layer<0,103,12.940803,77.746763,,,-1,,
784115962-x1,784115962,,residential,culvert,waterway_crossing,318,12.875314,77.696336,,,,,ditch#1089439888
784115962-x2,784115962,,residential,culvert,waterway_crossing,318,12.87363,77.696035,,,,,ditch#1240048346
784115966-x1,784115966,,residential,culvert,waterway_crossing,160,12.875069,77.697499,,,,,ditch#1089439886
784115967-x1,784115967,,residential,culvert,waterway_crossing,61,12.874882,77.698667,,,,,ditch#1089439884
784115968-x1,784115968,,residential,culvert,waterway_crossing,1079,12.875729,77.696226,,,,,ditch#1089439888
784196584-x1,784196584,,residential,culvert,waterway_crossing,74,12.948061,77.713104,,,,,drain#350024091
784196648-x1,784196648,,service,dip,waterway_crossing,874,12.941438,77.717933,,,,,drain#1559358220
784196648-x2,784196648,,service,dip,waterway_crossing,874,12.942215,77.717457,,,,,drain#1559358218
784730001-x1,784730001,,residential,dip,waterway_crossing,1700,13.076947,77.7479,,,,,drain:BD412#1092941889
784783166-x1,784783166,,residential,dip,waterway_crossing,607,12.818792,77.615096,,,,,ditch#1178403074
786129306-x1,786129306,,residential,culvert,waterway_crossing,142,13.079234,77.735857,,,,,drain:BD411#1311996821
786435339,786435339,,secondary,low_bridge,bridge_over_water,11,13.0998,77.717773,,yes,1,,
786435341,786435341,,residential,low_bridge,bridge_over_water,25,13.087918,77.718622,,yes,1,,
786435343,786435343,,tertiary,low_bridge,bridge_over_water,16,13.082193,77.719464,,yes,1,,
786534603-x1,786534603,,residential,dip,waterway_crossing,506,13.02537,77.746665,,,,,drain#1270913697
786534744-x1,786534744,,residential,dip,waterway_crossing,223,13.030468,77.732092,,,,,drain#1456924476
787011694-x1,787011694,,residential,dip,waterway_crossing,194,13.112536,77.615254,,,,,drain#1335856136
787011695-x1,787011695,,residential,dip,waterway_crossing,200,13.112228,77.615358,,,,,drain#1335856136
787018143-x1,787018143,,service,dip,waterway_crossing,67,13.113587,77.614845,,,,,drain#1335856136
787031184-x1,787031184,,residential,dip,waterway_crossing,176,13.112862,77.614294,,,,,drain#1335856136
787057275-x1,787057275,,track,dip,waterway_crossing,329,13.02556,77.744971,,,,,drain#1270913697
787112664-x1,787112664,,residential,dip,waterway_crossing,244,12.902552,77.486569,,,,,drain#1281359320
787461864,787461864,,service,underpass,tunnel=yes;layer<0,36,12.888695,77.484295,yes,,-1,,
787487774-x1,787487774,,track,dip,waterway_crossing,239,12.892069,77.486182,,,,,drain#1281359321
787487778,787487778,,track,low_bridge,bridge_over_water,10,12.893154,77.486092,,yes,1,,
788338410,788338410,Dr. Vishnuvardhan Road,secondary,low_bridge,bridge_over_water,27,12.904027,77.511012,,yes,1,,
788342335-x1,788342335,Kenchenahalli Main Road,secondary,dip,waterway_crossing,1314,12.910675,77.51352,,,,,drain#1329553374
788392440-x1,788392440,,residential,dip,waterway_crossing,168,13.089594,77.619174,,,,,drain#1429157010
788392455-x1,788392455,,residential,dip,waterway_crossing,213,13.087933,77.623516,,,,,drain#1182951709
788401081-x1,788401081,,residential,culvert,waterway_crossing,188,13.029667,77.688423,,,,,drain#788401124
788403441-x1,788403441,,residential,dip,waterway_crossing,81,13.089894,77.619213,,,,,drain#1429157010
788423874,788423874,,tertiary,low_bridge,bridge_over_water,23,12.830488,77.55864,,yes,1,,
788462098,788462098,NICE Expressway,motorway,low_bridge,bridge_over_water,19,12.894323,77.51433,,yes,1,,
788462100,788462100,NICE Expressway,motorway,low_bridge,bridge_over_water,25,12.894084,77.514243,,yes,1,,
788541154-x1,788541154,100 Feet Road,secondary,culvert,waterway_crossing,820,12.879811,77.506524,,,,,drain#1344974013
788759133-x1,788759133,,residential,dip,waterway_crossing,661,12.943976,77.411835,,,,,drain#1365671219
788799472-x1,788799472,,service,dip,waterway_crossing,315,12.922953,77.421888,,,,,drain#1366495609
788806435-x1,788806435,,residential,culvert,waterway_crossing,224,13.070282,77.723978,,,,,stream#1231297588
788806508,788806508,,tertiary,low_bridge,bridge_over_water,15,13.070553,77.724345,,yes,1,,
788815019-x1,788815019,,service,dip,waterway_crossing,84,12.828179,77.669924,,,,,drain#1092941871
788815021-x1,788815021,,residential,dip,waterway_crossing,166,12.827526,77.671744,,,,,drain#1109987982
788840740,788840740,,residential,underpass,tunnel=yes;layer<0,20,12.902795,77.46231,yes,,-1,,
788844634,788844634,,residential,low_bridge,bridge_over_water,19,12.899303,77.539096,,yes,1,,
788844644,788844644,,residential,low_bridge,bridge_over_water,14,12.901977,77.541669,,yes,1,,
788845804-x1,788845804,,residential,culvert,waterway_crossing,387,12.83083,77.676473,,,,,drain#1238771676
788852989,788852989,,tertiary,low_bridge,bridge_over_water,18,12.861738,77.546282,,yes,1,,
789135845,789135845,,residential,underpass,layer<0,635,12.890468,77.538668,,,-1,,
789146403-x1,789146403,,service,culvert,waterway_crossing,102,13.074616,77.724146,,,,,stream#412922555
789146405,789146405,,residential,low_bridge,bridge_over_water,6,13.074158,77.724086,,yes,1,,
789148049-x1,789148049,,residential,culvert,waterway_crossing,784,12.93925,77.456338,,,,,drain#792485832
789173205-x1,789173205,NICE Road,motorway,culvert,waterway_crossing,2661,12.889978,77.483119,,,,,drain#1287354798
789173207,789173207,NICE Road,motorway,low_bridge,bridge_over_water,46,12.895595,77.476444,,yes,1,,
789173208,789173208,NICE Road,motorway,low_bridge,bridge_over_water,53,12.895789,77.475953,,yes,1,,
789195879-x1,789195879,,residential,dip,waterway_crossing,902,12.804474,77.526419,,,,,ditch#699281415
789195949,789195949,,track,low_bridge,bridge_over_water,16,12.81036,77.543343,,yes,1,,
789195954-x1,789195954,,tertiary,dip,waterway_crossing,1794,12.806495,77.536969,,,,,stream:Suvarnamukhi#699281412
789197282-x1,789197282,,residential,culvert,waterway_crossing,663,12.906179,77.455965,,,,,drain#798227985
789779324,789779324,,tertiary,low_bridge,bridge_over_water,15,13.076861,77.612333,,yes,1,,
789779327,789779327,,residential,low_bridge,bridge_over_water,11,13.072038,77.611008,,yes,1,,
789779331,789779331,Arkavathy Layout Main Road,secondary,low_bridge,bridge_over_water,21,13.070696,77.612318,,yes,1,,
789779333,789779333,Arkavathy Layout Main Road,secondary,low_bridge,bridge_over_water,22,13.070804,77.612521,,yes,1,,
789779335,789779335,Kempegowda Road,tertiary,low_bridge,bridge_over_water,9,13.067926,77.611513,,yes,1,,
789803746,789803746,,residential,low_bridge,bridge_over_water,11,12.875549,77.50153,,yes,1,,
789813954,789813954,,tertiary,low_bridge,bridge_over_water,13,12.81452,77.548151,,yes,1,,
789887471-x1,789887471,,residential,dip,waterway_crossing,381,12.944773,77.408781,,,,,drain#1365671219
789887486-x1,789887486,,residential,dip,waterway_crossing,310,12.944841,77.41153,,,,,drain#1365671219
789887492-x1,789887492,,residential,dip,waterway_crossing,808,12.94456,77.411818,,,,,drain#1365671219
789887496-x1,789887496,,residential,dip,waterway_crossing,380,12.94502,77.408671,,,,,drain#1365671219
789887497-x1,789887497,,residential,dip,waterway_crossing,415,12.944281,77.408208,,,,,drain#1365671219
789938947,789938947,,residential,low_bridge,bridge_over_water,8,13.035873,77.644913,,yes,1,,
790650988,790650988,Pipeline Road,tertiary,underpass,tunnel=yes;layer<0,14,12.964147,77.543754,yes,,-1,,
790650990,790650990,Sangolli Rayanna Road,residential,low_bridge,bridge_over_water,28,12.972051,77.553314,,yes,,,
790650993,790650993,Pipeline Road,tertiary,underpass,tunnel=yes;layer<0,20,12.964349,77.543684,yes,,-1,,
791192145-x1,791192145,100 Feet Road,secondary,culvert,waterway_crossing,827,12.879855,77.506335,,,,,drain#1344974013
791209773-x1,791209773,,residential,culvert,waterway_crossing,85,13.085863,77.666795,,,,,stream:BD417#791209784
791209774-x1,791209774,,residential,culvert,waterway_crossing,283,13.083041,77.666999,,,,,stream:BD417#791209781
791209779-x1,791209779,,residential,culvert,waterway_crossing,287,13.081211,77.668779,,,,,stream#791209799
791214673,791214673,,residential,low_bridge,bridge_over_water,12,12.877457,77.504361,,yes,1,,
791214683-x1,791214683,,residential,dip,waterway_crossing,87,12.870656,77.512025,,,,,drain#1189440578
791215228,791215228,,primary,low_bridge,bridge_over_water,638,12.996967,77.75844,,yes,1,,
791215229,791215229,Whitefield - Hoskote Road,primary,low_bridge,bridge_over_water,36,13.008554,77.758397,,yes,1,,
791237370-x1,791237370,,secondary,dip,waterway_crossing,1597,12.884172,77.516247,,,,,drain#1189440579
791258984-x1,791258984,,residential,culvert,waterway_crossing,222,12.872789,77.522391,,,,,drain#1220199520
791258985-x1,791258985,,residential,culvert,waterway_crossing,246,12.872775,77.522521,,,,,drain#1220199521
791281530-x1,791281530,,tertiary,culvert,waterway_crossing,2299,12.870028,77.532439,,,,,drain#1229629590
791724488,791724488,Kempegowda Road,tertiary,low_bridge,bridge_over_water,15,13.047903,77.612229,,yes,1,,
791724489,791724489,,residential,low_bridge,bridge_over_water,61,13.046969,77.611323,,yes,1,,
791776257-x1,791776257,,residential,dip,waterway_crossing,763,12.83993,77.575472,,,,,stream#1443402172
791776302-x1,791776302,,residential,culvert,waterway_crossing,198,12.829949,77.592205,,,,,ditch#1227736194
791779259,791779259,,tertiary,low_bridge,bridge_over_water,53,13.000976,77.768101,,yes,1,,
791994650-x1,791994650,,service,dip,waterway_crossing,223,12.999362,77.75887,,,,,drain:MD292B#1304243206
791998849,791998849,Horamavu Agara Main Road,tertiary,low_bridge,bridge_over_water,19,13.032711,77.659435,,yes,1,,
792023198-x1,792023198,,residential,dip,waterway_crossing,9,12.996784,77.76919,,,,,drain#1304106634
792023201-x1,792023201,,residential,dip,waterway_crossing,9,12.996081,77.770355,,,,,drain#1304106634
792062758-x1,792062758,,residential,dip,waterway_crossing,129,13.032216,77.676812,,,,,stream#1097436279
792069988-x1,792069988,,residential,dip,waterway_crossing,164,12.868125,77.537126,,,,,drain#1345637271
792090023-x1,792090023,,residential,culvert,waterway_crossing,831,12.945241,77.46045,,,,,drain#792485834
792110715-x1,792110715,,residential,dip,waterway_crossing,227,13.028726,77.673135,,,,,drain#1500223885
792114290,792114290,,residential,underpass,tunnel=yes;layer<0,44,12.934929,77.469724,yes,,-1,,
792115528-x1,792115528,,residential,culvert,waterway_crossing,162,12.905594,77.539429,,,,,drain#1312001889
792139685-x1,792139685,,residential,dip,waterway_crossing,353,12.93703,77.470958,,,,,drain#1287334787
792139718-x1,792139718,,residential,culvert,waterway_crossing,134,12.939408,77.471082,,,,,drain#793835665
792139726,792139726,,residential,underpass,tunnel=yes;layer<0,39,12.941007,77.469779,yes,,-1,,
792139730-x1,792139730,,residential,culvert,waterway_crossing,179,12.944834,77.470924,,,,,drain#793835667
792168068-x1,792168068,,tertiary,dip,waterway_crossing,885,12.936161,77.471863,,,,,drain#1262098038
792402170,792402170,,residential,underpass,tunnel=yes;layer<0,22,12.868648,77.428286,yes,,-1,,
792428130,792428130,,tertiary,low_bridge,bridge_over_water,16,12.920201,77.539008,,yes,1,,
792455784-x1,792455784,,residential,dip,waterway_crossing,586,13.029672,77.674157,,,,,drain#1500223885
792493321,792493321,Arehalli Main Road,tertiary,low_bridge,bridge_over_water,22,12.91891,77.542027,,yes,1,,
792493323,792493323,,residential,low_bridge,bridge_over_water,30,12.918774,77.544846,,yes,1,,
792495877,792495877,,residential,low_bridge,bridge_over_water,5,13.016418,77.673034,,yes,1,,
792505414,792505414,,residential,low_bridge,bridge_over_water,8,13.070035,77.647155,,yes,1,,
792505477-x1,792505477,,residential,culvert,waterway_crossing,277,13.061747,77.642625,,,,,drain:BP194#792505591
792789246,792789246,2nd Main Road,residential,low_bridge,bridge_over_water,14,13.015288,77.67456,,yes,1,,
792789250,792789250,,residential,low_bridge,bridge_over_water,5,13.014786,77.675016,,yes,1,,
792789253,792789253,,residential,low_bridge,bridge_over_water,5,13.016357,77.67103,,yes,1,,
792805169,792805169,Horamavu Main Road,secondary,low_bridge,bridge_over_water,11,13.028193,77.663019,,yes,1,,
792805170,792805170,,secondary,low_bridge,bridge_over_water,19,13.02833,77.663112,,yes,1,,
792805174,792805174,,residential,low_bridge,bridge_over_water,5,13.027431,77.663669,,yes,1,,
792879582-x1,792879582,,residential,dip,waterway_crossing,378,12.924178,77.546444,,,,,drain#1217326868
792879648,792879648,,residential,dip,flood_prone=yes,223,13.052686,77.617688,,,,yes,
792879694-x1,792879694,,residential,culvert,waterway_crossing,34,13.04709,77.624134,,,,,drain#792879795
792879791,792879791,,residential,low_bridge,bridge_over_water,20,13.052434,77.618078,,yes,1,,
792879792,792879792,,residential,dip,flood_prone=yes,177,13.052493,77.618768,,,,yes,
793730738-x1,793730738,,residential,culvert,waterway_crossing,72,12.933836,77.49682,,,,,drain#1343719077
793750584-x1,793750584,,tertiary,culvert,waterway_crossing,3465,12.816556,77.771793,,,,,drain#1228771955
793796531,793796531,Kabbaddi Babu Layout Roads,residential,low_bridge,bridge_over_water,8,12.92307,77.540186,,yes,1,,
793796533,793796533,,tertiary,low_bridge,bridge_over_water,24,12.923405,77.53773,,yes,1,,
793822566-x1,793822566,Dodda Basti Main Road,tertiary,culvert,waterway_crossing,646,12.942094,77.483595,,,,,drain#793850714
794247193,794247193,,secondary,low_bridge,bridge_over_water,7,13.051821,77.681056,,yes,1,,
794262280-x1,794262280,,residential,culvert,waterway_crossing,136,12.905185,77.560052,,,,,drain#1314561742
794283841,794283841,,residential,low_bridge,bridge_over_water,6,13.049455,77.666916,,yes,1,,
794283850,794283850,,secondary,low_bridge,bridge_over_water,20,13.04834,77.680066,,yes,1,,
794310610,794310610,,residential,low_bridge,bridge_over_water,8,13.038231,77.674862,,yes,1,,
794310611,794310611,,service,low_bridge,bridge_over_water,11,13.038504,77.674903,,yes,1,,
794370151-x1,794370151,,residential,dip,waterway_crossing,339,13.059344,77.692039,,,,,stream#800046328
794634468,794634468,,residential,low_bridge,bridge_over_water,16,12.908348,77.568747,,yes,1,,
794634469,794634469,,residential,low_bridge,bridge_over_water,8,12.908856,77.568832,,yes,1,,
794634471,794634471,,residential,low_bridge,bridge_over_water,14,12.909219,77.568897,,yes,1,,
794634493,794634493,,tertiary,low_bridge,bridge_over_water,18,12.919537,77.563029,,yes,1,,
794634495,794634495,,residential,low_bridge,bridge_over_water,21,12.919963,77.562339,,yes,1,,
794634496-x1,794634496,,residential,dip,waterway_crossing,39,12.920446,77.561974,,,1,,drain:V305#1112006573
794719900-x1,794719900,,service,dip,waterway_crossing,265,12.946635,77.605042,,,,,drain:K104#673853320
794719901-x1,794719901,,service,dip,waterway_crossing,197,12.946586,77.605168,,,,,drain:K104#673853320
794738951-x1,794738951,,track,dip,waterway_crossing,1042,13.075551,77.669845,,,,,drain#1460784460
794738955-x1,794738955,,track,culvert,waterway_crossing,687,13.073761,77.67776,,,,,stream#794788323
794937741-x1,794937741,,residential,dip,waterway_crossing,76,13.011094,77.630624,,,,,drain:H300#673959384
794944734-x1,794944734,,residential,dip,waterway_crossing,37,13.014305,77.62295,,,,,drain:H304#172954285
794944736-x1,794944736,,residential,dip,waterway_crossing,177,13.014305,77.62295,,,,,drain:H304#172954285
794944739-x1,794944739,,residential,dip,waterway_crossing,131,13.013868,77.622883,,,,,drain:H304#172954285
794944746-x1,794944746,,residential,dip,waterway_crossing,158,13.012931,77.628579,,,,,drain:H300#673959386
794944747-x1,794944747,,residential,dip,waterway_crossing,78,13.01178,77.629637,,,,,drain:H300#673959388
794944761,794944761,,residential,underpass,layer<0,62,13.007093,77.630952,,,-1,,
794944762,794944762,,residential,underpass,layer<0,73,13.006528,77.630733,,,-1,,
794944775,794944775,,residential,underpass,layer<0,83,13.007267,77.630674,,,-1,,
794994141-x1,794994141,,residential,dip,waterway_crossing,147,13.023492,77.629757,,,,,drain#1157843397
795109680-x1,795109680,,track,dip,waterway_crossing,517,12.95417,77.433371,,,,,drain#1479979281
795119922,795119922,,residential,low_bridge,bridge_over_water,8,13.013884,77.709132,,yes,1,,
795145858-x1,795145858,,residential,dip,waterway_crossing,103,12.995026,77.722896,,,,,drain:MD284A#1308281382
795145936-x1,795145936,,residential,dip,waterway_crossing,73,13.027186,77.620007,,,,,drain:Drain#350182320
795145958-x1,795145958,15th Cross Road,residential,dip,waterway_crossing,18,13.028761,77.622835,,,,,drain:Drain#46953001
795145972-x1,795145972,,residential,dip,waterway_crossing,34,13.028498,77.622582,,,,,drain:Drain#46953001
795146071,795146071,Shampura Main Road,tertiary,low_bridge,bridge_over_water,10,13.027985,77.616826,,yes,1,,
795146073,795146073,,residential,low_bridge,bridge_over_water,10,13.028623,77.618837,,yes,1,,
795217263-x1,795217263,,tertiary,culvert,waterway_crossing,552,12.876666,77.60843,,,,,drain#795219270
795217286-x1,795217286,,residential,dip,waterway_crossing,37,12.88194,77.611159,,,,,drain#795219272
795217290-x1,795217290,Hulimavu Main Road,tertiary,culvert,waterway_crossing,845,12.879193,77.609238,,,,,drain#795219274
795527961-x1,795527961,,residential,dip,waterway_crossing,81,13.014307,77.712647,,,,,drain#679270106
795568760,795568760,,residential,low_bridge,bridge_over_water,16,12.833672,77.835969,,yes,1,,
795568800,795568800,,service,low_bridge,bridge_over_water,12,12.836187,77.837309,,yes,1,,
795594074-x1,795594074,,track,culvert,waterway_crossing,528,12.825776,77.830379,,,,,stream#1546207476
795613553,795613553,,service,low_bridge,bridge_over_water,8,13.000266,77.718426,,yes,1,,
795613555,795613555,,residential,low_bridge,bridge_over_water,12,13.000243,77.719054,,yes,1,,
796601899-x1,796601899,,residential,dip,waterway_crossing,128,12.969614,77.68843,,,,,drain#323729568
796758604,796758604,Omkara Road,tertiary,low_bridge,bridge_over_water,21,12.91325,77.507106,,yes,1,,
796758624,796758624,,residential,low_bridge,bridge_over_water,16,12.909775,77.50938,,yes,1,,
796758634,796758634,,residential,low_bridge,bridge_over_water,9,12.908452,77.511063,,yes,1,,
796789719,796789719,Medahalli-Kadugodi Road,tertiary,low_bridge,bridge_over_water,23,13.021323,77.720821,,yes,1,,
796846452-x1,796846452,,service,culvert,waterway_crossing,108,12.985661,77.615175,,,,,drain#1381418984
796875588-x1,796875588,Namjoshi Road,secondary,culvert,waterway_crossing,332,12.969603,77.68241,,,,,drain#770680866
796880324,796880324,,service,low_bridge,bridge_over_water,8,12.991635,77.623983,,yes,1,,
796888110-x1,796888110,,residential,dip,waterway_crossing,756,12.95098,77.763039,,,,,drain#796944017
796939497,796939497,,service,low_bridge,bridge_over_water,33,12.942074,77.515463,,yes,1,,
796944053-x1,796944053,,residential,culvert,waterway_crossing,136,12.967114,77.770002,,,,,drain#796944023
796944062-x1,796944062,,service,culvert,waterway_crossing,99,12.954877,77.762162,,,,,drain#796944019
796944093-x1,796944093,,service,culvert,waterway_crossing,72,12.963079,77.769576,,,,,drain#796944009
796944095-x1,796944095,,residential,culvert,waterway_crossing,81,12.963844,77.768533,,,,,drain#796944011
797230912-x1,797230912,,residential,dip,waterway_crossing,1403,12.813835,77.514653,,,,,stream#1431893265
797234381-x1,797234381,,residential,culvert,waterway_crossing,157,13.047876,77.656609,,,,,drain#797234461
797234382-x1,797234382,,unclassified,culvert,waterway_crossing,614,13.045827,77.649447,,,,,drain:BP191#797234459
797278826-x1,797278826,,residential,culvert,waterway_crossing,9,12.932096,77.535749,,,,,drain:V300#224319509
797307283-x1,797307283,2nd Cross Road,residential,culvert,waterway_crossing,15,12.935375,77.545328,,,,,drain:V300#224319509
797327069-x1,797327069,,tertiary,dip,waterway_crossing,1053,12.805642,77.527278,,,,,ditch#699281415
797327070,797327070,,tertiary,low_bridge,bridge_over_water,33,12.806925,77.526568,,yes,1,,
797327071,797327071,,track,low_bridge,bridge_over_water,10,12.805001,77.521602,,yes,1,,
797341280-x1,797341280,,residential,culvert,waterway_crossing,280,12.936545,77.544244,,,,,drain:V300#224319509
797392463-x1,797392463,,residential,culvert,waterway_crossing,95,12.934315,77.551699,,,,,drain:V300#224319509
797393865,797393865,,residential,dip,flood_prone=yes,29,12.987315,77.694754,,,,yes,
797393866,797393866,,residential,dip,flood_prone=yes,30,12.987231,77.694845,,,,yes,
797393867,797393867,,residential,dip,flood_prone=yes,40,12.986987,77.694749,,,,yes,
797393868,797393868,,residential,dip,flood_prone=yes,100,12.988214,77.695616,,,,yes,
797817702-x1,797817702,,residential,culvert,waterway_crossing,98,13.005495,77.735932,,,,,drain:MD287#797817701
797826249-x1,797826249,,service,dip,waterway_crossing,276,12.919384,77.461819,,,,,drain#1104930794
797831444,797831444,,tertiary,low_bridge,bridge_over_water,44,13.046251,77.712332,,yes,1,,
797855320-x1,797855320,,residential,dip,waterway_crossing,949,12.911715,77.477968,,,,,drain#55685639
797855321,797855321,,residential,low_bridge,bridge_over_water,15,12.911715,77.477968,,yes,1,,
797878078-x1,797878078,,track,dip,waterway_crossing,702,13.038425,77.718696,,,,,drain#1428692106
797916909-x1,797916909,,service,dip,waterway_crossing,241,12.915928,77.475041,,,,,drain#1262098010
797916931,797916931,,residential,low_bridge,bridge_over_water,10,12.907397,77.478306,,yes,1,,
797917044-x1,797917044,,residential,dip,waterway_crossing,67,12.85325,77.586306,,,,,drain#1337360137
797930427,797930427,,track,underpass,tunnel=yes;layer<0,40,12.850504,77.59045,yes,,-1,,
797979578-x1,797979578,,residential,dip,waterway_crossing,222,12.841519,77.577506,,,,,stream#1443402172
798015159-x1,798015159,,residential,dip,waterway_crossing,84,12.843589,77.579636,,,,,stream#1443402172
798119557,798119557,,residential,underpass,tunnel=yes;layer<0,13,12.881382,77.440073,yes,,-1,,
798197425-x1,798197425,Outer Ring Road,secondary_link,culvert,waterway_crossing,187,12.906197,77.593457,,,,,drain:K209#350065878
798197427-x1,798197427,3rd Main Road,tertiary,culvert,waterway_crossing,201,12.902451,77.594932,,,,,drain:K209#699268539
798205583-x1,798205583,,residential,culvert,waterway_crossing,95,12.98228,77.763708,,,,,drain#1232428539
798205583-x2,798205583,,residential,culvert,waterway_crossing,95,12.982255,77.763365,,,,,drain#1232428555
798205584-x1,798205584,,residential,culvert,waterway_crossing,80,12.983341,77.765899,,,,,drain#1232428550
798205585-x1,798205585,,residential,culvert,waterway_crossing,107,12.983288,77.76566,,,,,drain#1232428552
798210374-x1,798210374,,residential,dip,waterway_crossing,744,12.860751,77.631582,,,,,drain#1424090355
798232181-x1,798232181,,service,dip,waterway_crossing,123,12.903179,77.605671,,,,,drain:K209#334655248
798232191-x1,798232191,,service,dip,waterway_crossing,290,12.903089,77.604363,,,,,drain:K209#334655248
798234750-x1,798234750,,residential,dip,waterway_crossing,334,13.050149,77.693898,,,,,stream:BD422#45001110
798252139-x1,798252139,,track,dip,waterway_crossing,1063,12.857107,77.631471,,,,,drain#1424090355
798257319,798257319,,residential,low_bridge,bridge_over_water,33,12.878267,77.44967,,yes,1,,
798269940-x1,798269940,,residential,culvert,waterway_crossing,221,13.043795,77.696478,,,,,drain#1562160782
798270048-x1,798270048,,residential,dip,waterway_crossing,112,13.038958,77.688466,,,,,drain#788426023
798270063-x1,798270063,,residential,culvert,waterway_crossing,230,13.03762,77.686714,,,,,drain#1523433022
798276792-x1,798276792,Devarachikkanahalli Road,secondary,culvert,waterway_crossing,1529,12.881887,77.609878,,,,,drain#350072897
798288778,798288778,,residential,underpass,layer<0,61,12.904047,77.639097,,,-1,,
798360757,798360757,,residential,underpass,tunnel=yes;layer<0,32,12.913588,77.482366,yes,,-1,,
798360766,798360766,,residential,low_bridge,bridge_over_water,9,12.906892,77.479032,,yes,1,,
798381406-x1,798381406,,residential,culvert,waterway_crossing,46,12.886458,77.612257,,,,,drain#798390631
798381407-x1,798381407,,residential,culvert,waterway_crossing,46,12.88577,77.612306,,,,,drain#798390633
799334986,799334986,,residential,dip,flood_prone=yes,23,12.987601,77.694845,,,,yes,
799334987,799334987,,residential,dip,flood_prone=yes,20,12.987166,77.694778,,,,yes,
799334988,799334988,,residential,dip,flood_prone=yes,25,12.988214,77.695616,,,,yes,
799334989,799334989,,residential,dip,flood_prone=yes,19,12.987738,77.69559,,,,yes,
799334990,799334990,,residential,dip,flood_prone=yes,22,12.987589,77.695074,,,,yes,
799334991,799334991,,residential,dip,flood_prone=yes,26,12.988015,77.695097,,,,yes,
799366214-x1,799366214,,tertiary,underpass,under_rail_bridge,37,12.994346,77.664047,,,,,railway#37703193
799366217-x1,799366217,,tertiary,underpass,under_rail_bridge,26,12.994731,77.664162,,,,,railway#37703193
799543054-x1,799543054,Spice Garden Road,residential,culvert,waterway_crossing,22,12.959363,77.709496,,,,,drain#414833861
799543062-x1,799543062,,service,culvert,waterway_crossing,44,12.953181,77.725821,,,,,drain#350281358
799578797,799578797,1 A Main Road,tertiary,low_bridge,bridge_over_water,15,12.917462,77.62487,,yes,1,,
799602128-x1,799602128,,residential,culvert,waterway_crossing,516,12.888427,77.449751,,,,,drain#675662955
799753799,799753799,,service,none,tunnel=building_passage,13,12.909779,77.687903,building_passage,,,,
799753829-x1,799753829,,residential,culvert,waterway_crossing,361,12.91395,77.695739,,,,,drain#1558747457
799753908-x1,799753908,,service,dip,waterway_crossing,235,12.924331,77.681963,,,,,drain#350098026
799756442,799756442,,service,none,tunnel=building_passage,24,12.868361,77.591167,building_passage,,,,
799763521-x1,799763521,,residential,dip,waterway_crossing,104,12.927414,77.570764,,,,,drain:V304#604000949
799769315,799769315,,tertiary,low_bridge,bridge_over_water,13,12.822892,77.637028,,yes,1,,
799769316,799769316,,residential,low_bridge,bridge_over_water,18,12.83325,77.637439,,yes,1,,
799788870-x1,799788870,,residential,culvert,waterway_crossing,45,12.918638,77.58729,,,,,drain:K209#133134239
799791259-x1,799791259,,residential,dip,waterway_crossing,96,13.009133,77.698326,,,,,drain#679270111
799791262-x1,799791262,,residential,dip,waterway_crossing,76,13.010499,77.700115,,,,,drain#679270111
799791264-x1,799791264,,residential,dip,waterway_crossing,50,13.010635,77.700409,,,,,drain#679270111
799791267-x1,799791267,,residential,dip,waterway_crossing,152,13.010448,77.702369,,,,,drain#679270111
799791273-x1,799791273,,residential,dip,waterway_crossing,117,13.010548,77.702258,,,,,drain#679270111
799791275-x1,799791275,,residential,dip,waterway_crossing,33,13.008472,77.697317,,,,,drain#679270112
799791276-x1,799791276,,residential,dip,waterway_crossing,55,13.008685,77.697517,,,,,drain#679270112
799791277-x1,799791277,,residential,dip,waterway_crossing,111,13.008284,77.697174,,,,,drain#679270112
799836236,799836236,,residential,low_bridge,bridge_over_water,26,12.882855,77.449791,,yes,1,,
799836239,799836239,,residential,low_bridge,bridge_over_water,26,12.887485,77.453016,,yes,1,,
799836241,799836241,,residential,low_bridge,bridge_over_water,22,12.887476,77.452744,,yes,1,,
800125735-x1,800125735,,residential,dip,waterway_crossing,218,13.027254,77.716337,,,,,drain#1524940951
800131924-x1,800131924,,service,dip,waterway_crossing,113,13.023379,77.717183,,,,,drain#1523892163
800131972-x1,800131972,,residential,dip,waterway_crossing,72,13.021952,77.71851,,,,,drain#1523892162
800183250,800183250,,residential,underpass,layer<0,70,12.881632,77.460085,,,-1,,
800237594,800237594,,tertiary,low_bridge,bridge_over_water,24,13.016321,77.69183,,yes,1,,
800260280-x1,800260280,,residential,dip,waterway_crossing,39,12.92948,77.570067,,,,,drain:V304#604000949
800283592-x1,800283592,,residential,dip,waterway_crossing,263,12.85545,77.65561,,,,,ditch#350300586
800287093,800287093,,residential,none,tunnel=building_passage,30,12.885192,77.628641,building_passage,,,,
800293722-x1,800293722,,residential,culvert,waterway_crossing,33,12.996865,77.654209,,,,,drain#1354126747
800293749-x1,800293749,,residential,culvert,waterway_crossing,106,12.997586,77.65365,,,,,drain#1354126747
800293799,800293799,,residential,underpass,layer<0,232,12.998257,77.640841,,,-1,,
800325272,800325272,,residential,underpass,layer<0,26,13.007081,77.641611,,,-1,,
800366159,800366159,,service,none,tunnel=building_passage,194,12.843652,77.645891,building_passage,,,,
800389255-x1,800389255,,residential,dip,waterway_crossing,66,13.010187,77.678812,,,,,drain#675250074
800405866-x1,800405866,,residential,dip,waterway_crossing,167,13.00738,77.67371,,,,,drain#1110178694
800405867-x1,800405867,,residential,dip,waterway_crossing,44,13.007796,77.673353,,,,,drain#1110178694
800405868-x1,800405868,,residential,dip,waterway_crossing,42,13.007573,77.67311,,,,,drain#1110178694
800405869-x1,800405869,,residential,dip,waterway_crossing,106,13.007409,77.672994,,,,,drain#675250046
800445236,800445236,,tertiary,low_bridge,bridge_over_water,8,12.903602,77.556595,,yes,1,,
800447932-x1,800447932,15th Main Road,residential,culvert,waterway_crossing,51,12.903263,77.56229,,,,,drain#1270568462
800450742-x1,800450742,,residential,culvert,waterway_crossing,127,12.904026,77.559058,,,,,drain#1314561740
800454726-x1,800454726,,residential,culvert,waterway_crossing,67,12.903998,77.558504,,,,,drain#1314561737
800613798,800613798,,residential,low_bridge,bridge_over_water,7,12.9037,77.555497,,yes,1,,
800620126-x1,800620126,,residential,culvert,waterway_crossing,54,12.899229,77.55537,,,,,drain#1232420824
807687397,807687397,80 Feet Road,tertiary,underpass,tunnel=yes;layer<0,48,13.077526,77.590789,yes,,-1,,
814936454-x1,814936454,Kodigehalli Main Road,tertiary,culvert,waterway_crossing,970,13.005495,77.735932,,,,,drain:MD287#677292066
828755649-x1,828755649,,unclassified,culvert,waterway_crossing,298,12.911573,77.682273,,,,,drain#1112428449
833133159,833133159,,service,underpass,tunnel=yes;layer<0,73,13.017954,77.55687,yes,,-1,,
833179439,833179439,,service,underpass,layer<0,80,13.018296,77.556414,,,-1,,
839092204,839092204,Sarjapur Road,primary,low_bridge,bridge_over_water,33,12.924133,77.639184,,yes,1,,
839092206,839092206,Sarjapur Road,primary,low_bridge,bridge_over_water,31,12.924101,77.639464,,yes,1,,
839092208,839092208,14th Main Road,secondary,low_bridge,bridge_over_water,37,12.923625,77.639827,,yes,1,,
839092210,839092210,14th Main Road,secondary,low_bridge,bridge_over_water,36,12.92329,77.639756,,yes,1,,
844928324-x1,844928324,,tertiary,culvert,waterway_crossing,516,13.142993,77.68473,,,,,drain#1247536035
844928325-x1,844928325,,tertiary,culvert,waterway_crossing,502,13.14405,77.68466,,,,,drain#1247536035
844928327-x1,844928327,,tertiary,culvert,waterway_crossing,1237,13.145926,77.682377,,,,,drain#1247536035
846545142,846545142,,residential,low_bridge,bridge_over_water,11,12.947376,77.651194,,yes,1,,
847590152,847590152,Kariyammana Agrahara Road,tertiary,low_bridge,bridge_over_water,33,12.940524,77.686974,,yes,1,,
857589679,857589679,,residential,low_bridge,bridge_over_water,35,12.954658,77.490157,,yes,1,,
857589685,857589685,NGEF Layout Road,tertiary,low_bridge,bridge_over_water,8,12.95936,77.491646,,yes,1,,
886153774-x1,886153774,35th Main Road,residential,culvert,waterway_crossing,15,12.916052,77.618615,,,,,drain:K204#27994476
886153775-x1,886153775,4th Cross Road,tertiary,culvert,waterway_crossing,16,12.916211,77.619937,,,,,drain:K204#27994476
891226806,891226806,Lakshmipura Main Road,secondary,low_bridge,bridge_over_water,33,13.053292,77.45951,,yes,1,,
897883096,897883096,,residential,low_bridge,bridge_over_water,11,12.872371,77.703852,,yes,1,,
904342302-x1,904342302,,residential,culvert,waterway_crossing,313,12.902552,77.685304,,,,,drain#1428978970
909270343-x1,909270343,University Road,secondary,underpass,under_rail_bridge,61,12.936348,77.512547,,,,,railway#55684011
909270343-x2,909270343,University Road,secondary,underpass,under_rail_bridge,61,12.936348,77.512547,,,,,railway#135481894
909533435-x1,909533435,,service,dip,waterway_crossing,252,12.946284,77.604743,,,,,drain:K104#673853320
967445596,967445596,Allalasandra Main Road Flyover,tertiary_link,low_bridge,bridge_over_water,150,13.086727,77.593667,,yes,1,,
967445600-x1,967445600,,secondary,underpass,under_rail_bridge,47,13.093432,77.596923,,,,,railway#42655633
967445600-x2,967445600,,secondary,underpass,under_rail_bridge,47,13.093432,77.596923,,,,,railway#520530515
967445604-x1,967445604,,secondary,underpass,under_rail_bridge,23,13.092287,77.59726,,,,,railway#42655633
967445604-x2,967445604,,secondary,underpass,under_rail_bridge,23,13.092287,77.59726,,,,,railway#520530515
968670546,968670546,Doddaballapur Road,primary,low_bridge,bridge_over_water,20,13.090155,77.594,,yes,1,,
968670548,968670548,Doddaballapur Road,primary,low_bridge,bridge_over_water,20,13.089994,77.594098,,yes,1,,
971271850,971271850,Ananthapura - Atturu Road,tertiary,low_bridge,bridge_over_water,21,13.112233,77.566457,,yes,1,,
971335101,971335101,,trunk,low_bridge,bridge_over_water,30,13.047831,77.592229,,yes,1,,
971335103,971335103,Bellary Road,trunk,low_bridge,bridge_over_water,33,13.048149,77.592132,,yes,1,,
971335105,971335105,Bellary Road,trunk,low_bridge,bridge_over_water,31,13.047813,77.592105,,yes,1,,
971335107,971335107,,secondary,low_bridge,bridge_over_water,9,13.104046,77.600395,,yes,1,,
971335111,971335111,Outer Ring Road,trunk,low_bridge,bridge_over_water,37,13.037892,77.626013,,yes,1,,
974980499-x1,974980499,,primary,culvert,waterway_crossing,1104,12.98434,77.491275,,,,,drain#1112988056
974980500-x1,974980500,,primary,culvert,waterway_crossing,1142,12.983098,77.491197,,,,,drain#1112988056
976064953,976064953,NICE Expressway,motorway,low_bridge,bridge_over_water,45,12.9495,77.537766,,yes,1,,
976064954,976064954,NICE Expressway,motorway,low_bridge,bridge_over_water,48,12.949376,77.537852,,yes,1,,
976066152-x1,976066152,NICE Road,motorway,culvert,waterway_crossing,108,12.866153,77.629937,,,,,stream#1287763916
976066154-x1,976066154,NICE Road,motorway,culvert,waterway_crossing,118,12.866391,77.630165,,,,,stream#1287763916
985390127,985390127,Service Road,tertiary,low_bridge,bridge_over_water,42,12.946191,77.698329,,yes,,,
993537207,993537207,,service,underpass,layer<0,204,12.878532,77.664877,,,-1,,
994106032-x1,994106032,,residential,dip,waterway_crossing,142,13.056941,77.570345,,,,,drain#674699472
994107604-x1,994107604,,residential,dip,waterway_crossing,24,13.094005,77.579166,,,,,drain#1231715817
994951655-x1,994951655,,residential,dip,waterway_crossing,35,12.964033,77.513223,,,,,drain#1539943355
994954524-x1,994954524,,residential,dip,waterway_crossing,153,12.949808,77.484811,,,,,drain#1547422295
994955557-x1,994955557,,residential,dip,waterway_crossing,301,12.96336,77.492437,,,,,drain#1543999372
994955574-x1,994955574,,residential,culvert,waterway_crossing,95,12.938755,77.496853,,,,,drain#1548146831
994960222-x1,994960222,,residential,dip,waterway_crossing,87,13.022506,77.560998,,,,,drain:H204#674362386
994960225-x1,994960225,,residential,dip,waterway_crossing,70,13.021697,77.56211,,,,,drain:H204#674362386
994960801-x1,994960801,,residential,dip,waterway_crossing,32,13.029502,77.555102,,,,,drain:H200#46918823
994961971-x1,994961971,,residential,dip,waterway_crossing,96,13.032348,77.519757,,,,,drain#674181136
994961972-x1,994961972,,residential,dip,waterway_crossing,125,13.031638,77.519662,,,,,drain#674181136
994961973-x1,994961973,,service,dip,waterway_crossing,125,13.031056,77.520668,,,,,drain#674181136
994961974-x1,994961974,,service,dip,waterway_crossing,125,13.030951,77.519515,,,,,drain#674181136
994961975-x1,994961975,,service,dip,waterway_crossing,105,13.030282,77.519046,,,,,drain#674181136
994967044-x1,994967044,,residential,dip,waterway_crossing,76,13.020253,77.527567,,,,,drain:Nagarbhavi Drain#1232059847
994967051-x1,994967051,,service,dip,waterway_crossing,80,13.027392,77.52025,,,,,drain#674181136
995068829-x1,995068829,,residential,culvert,waterway_crossing,64,13.034861,77.580041,,,,,drain#1349910497
995097983-x1,995097983,,residential,dip,waterway_crossing,214,13.029867,77.599078,,,,,drain:H101#682369904
995099266,995099266,,residential,underpass,layer<0,77,13.047909,77.574893,,,-1,,
995100093-x1,995100093,,residential,culvert,waterway_crossing,12,13.03278,77.600153,,,,,drain:H101#682369893
995100093-x2,995100093,,residential,dip,waterway_crossing,12,13.03278,77.600153,,,,,drain:H101#682369894
995113574-x1,995113574,,residential,culvert,waterway_crossing,18,13.004362,77.662022,,,,,drain#1276035612
995115761-x1,995115761,,residential,dip,waterway_crossing,81,12.97942,77.667483,,,,,drain#1421724306
995160697-x1,995160697,,residential,culvert,waterway_crossing,162,12.919489,77.586582,,,,,drain:K209#133134239
995213696-x1,995213696,,residential,dip,waterway_crossing,58,12.99548,77.577381,,,,,drain:V110#38536005
995218645-x1,995218645,,residential,dip,waterway_crossing,165,12.996384,77.559685,,,,,drain:V114#1106630233
995218646-x1,995218646,,service,dip,waterway_crossing,111,12.996856,77.555262,,,,,drain:V112#1092672110
995260019-x1,995260019,,service,dip,waterway_crossing,434,12.951301,77.597623,,,,,drain:K108#131645659
995260019-x2,995260019,,service,culvert,waterway_crossing,434,12.952766,77.595941,,,,,drain#1455373063
995260030-x1,995260030,3rd Cross Road,residential,dip,waterway_crossing,115,12.96014,77.599074,,,,,drain:K114#1093523672
995260031-x1,995260031,,residential,dip,waterway_crossing,115,12.960722,77.599261,,,,,drain:K114#1093523672
995260032-x1,995260032,,residential,dip,waterway_crossing,71,12.959197,77.598878,,,,,drain:K114#1093523672
995442988-x1,995442988,,residential,dip,waterway_crossing,115,13.012954,77.611826,,,,,drain:Drain#673959413
995443463-x1,995443463,,residential,culvert,waterway_crossing,21,13.018059,77.609453,,,,,drain:Drain#675496518
995449247-x1,995449247,,residential,dip,waterway_crossing,15,13.051618,77.629322,,,,,drain:BP184#558313914
995465972-x1,995465972,,residential,dip,waterway_crossing,64,12.923333,77.546496,,,,,drain#1217326868
995469156-x1,995469156,,residential,dip,waterway_crossing,106,13.007246,77.529944,,,,,drain:Nagarbhavi Drain#28065996
995481908,995481908,7th Main Road,residential,underpass,layer<0,78,12.974744,77.534662,,,-1,,
995483284-x1,995483284,,residential,culvert,waterway_crossing,15,12.929799,77.560533,,,,,drain:V304#41192908
995483315-x1,995483315,,residential,dip,waterway_crossing,82,12.934788,77.557147,,,,,drain:V300#172895635
995487393-x1,995487393,,residential,dip,waterway_crossing,72,12.950732,77.530124,,,,,drain#1559316919
995488895,995488895,,residential,low_bridge,bridge_over_water,5,12.951651,77.54278,,yes,1,,
995496358-x1,995496358,,residential,dip,waterway_crossing,20,12.932011,77.534155,,,,,drain:V304#40167064
995496358-x2,995496358,,residential,culvert,waterway_crossing,20,12.932011,77.534155,,,,,drain:V300#224319509
995496358-x3,995496358,,residential,dip,waterway_crossing,20,12.932011,77.534155,,,,,drain:V300#1381024231
1009948921,1009948921,Service Road,tertiary,low_bridge,bridge_over_water,34,12.945768,77.698488,,yes,1,,
1012337014-x1,1012337014,80 Feet Road,secondary,culvert,waterway_crossing,982,12.934451,77.546764,,,,,drain:V300#224319509
1015024216-x1,1015024216,Magrath Road,tertiary,dip,waterway_crossing,65,12.970403,77.610147,,,,,drain:K103#1092674470
1015083140-x1,1015083140,,tertiary,culvert,waterway_crossing,3527,13.014148,77.769917,,,,,drain#1239794363
1015179455-x1,1015179455,80 Feet Road,secondary,culvert,waterway_crossing,249,12.958819,77.525223,,,,,drain:V207#437848267
1015179456-x1,1015179456,80 Feet Road,secondary,culvert,waterway_crossing,297,12.958753,77.525024,,,,,drain:V207#437848267
1021108097,1021108097,,secondary,low_bridge,bridge_over_water,9,13.167483,77.581051,,yes,1,,
1021478518,1021478518,6th Main Road,residential,underpass,layer<0,71,12.975056,77.535094,,,-1,,
1033444041,1033444041,,primary,underpass,tunnel=yes;layer<0,14,13.149507,77.413295,yes,,-1,,
1033921616,1033921616,8th Main Road,residential,underpass,tunnel=yes;layer<0,20,13.040273,77.54888,yes,,-1,,
1037865186-x1,1037865186,,residential,dip,waterway_crossing,69,12.994815,77.579295,,,,,drain:V110#38536005
1039251546-x1,1039251546,Thanisandra Main Road,primary,culvert,waterway_crossing,1016,13.051244,77.630832,,,,,drain#1343767221
1039668762,1039668762,Sankey Road Underpass,tertiary,underpass,tunnel=yes;layer<0,37,12.991263,77.585522,yes,,-1,,
1043764880-x1,1043764880,,residential,dip,waterway_crossing,201,13.090481,77.529892,,,,,drain#1308259572
1043768657-x1,1043768657,,service,culvert,waterway_crossing,583,13.067967,77.525644,,,,,drain#135267828
1043768664-x1,1043768664,,residential,dip,waterway_crossing,117,13.064256,77.527303,,,,,drain#674735139
1044618960-x1,1044618960,,service,culvert,waterway_crossing,254,13.067178,77.522155,,,,,drain#135267828
1044618973-x1,1044618973,,service,dip,waterway_crossing,30,13.09027,77.53494,,,,,drain#1419417201
1044623374-x1,1044623374,3rd Cross Road,residential,dip,waterway_crossing,12,13.059877,77.549736,,,,,drain#1380595582
1044645405-x1,1044645405,,residential,dip,waterway_crossing,68,13.064147,77.559094,,,,,drain#1274785025
1044656908-x1,1044656908,,residential,dip,waterway_crossing,127,12.83562,77.571936,,,,,stream#1443402172
1046087852-x1,1046087852,,residential,dip,waterway_crossing,31,13.008817,77.697773,,,,,drain#679270112
1046087863-x1,1046087863,,service,dip,waterway_crossing,29,13.012036,77.705188,,,,,drain#679270113
1046087868-x1,1046087868,,residential,dip,waterway_crossing,50,13.014281,77.707971,,,,,drain#788569753
1046385795-x1,1046385795,,residential,dip,waterway_crossing,154,12.986783,77.513185,,,,,drain#1207060118
1046385816-x1,1046385816,,residential,culvert,waterway_crossing,86,12.974616,77.51643,,,,,drain#1486784347
1046385831-x1,1046385831,,residential,dip,waterway_crossing,135,12.973608,77.494345,,,,,drain#675682297
1049576889-x1,1049576889,Whitefield Main Road,primary,culvert,waterway_crossing,20,12.956901,77.745495,,,,,drain#350173889
1049840997-x1,1049840997,,tertiary,underpass,under_rail_bridge,42,12.995457,77.589567,,,,,railway#55130583
1049840997-x2,1049840997,,tertiary,underpass,under_rail_bridge,42,12.995457,77.589567,,,,,railway#55130594
1049840999-x1,1049840999,,tertiary,underpass,under_rail_bridge,38,12.995197,77.589809,,,,,railway#55130583
1049840999-x2,1049840999,,tertiary,underpass,under_rail_bridge,38,12.995197,77.589809,,,,,railway#55130594
1050503017-x1,1050503017,Boganahalli Road,tertiary,dip,waterway_crossing,742,12.930859,77.703359,,,,,drain#1204143831
1053501084-x1,1053501084,1st A Cross Road,residential,dip,waterway_crossing,50,12.971787,77.655242,,,,,drain:C105#491562458
1053576052-x1,1053576052,,residential,dip,waterway_crossing,775,13.004144,77.446449,,,,,stream#1075569421
1053576056-x1,1053576056,,residential,dip,waterway_crossing,120,13.006163,77.445927,,,,,stream#1075569421
1053586192-x1,1053586192,,residential,dip,waterway_crossing,139,12.978129,77.473864,,,,,drain#1548740974
1054822218,1054822218,1st Main Road,tertiary,low_bridge,bridge_over_water,25,12.997685,77.524803,,yes,1,,
1054822221,1054822221,,residential,low_bridge,bridge_over_water,51,12.975356,77.517934,,yes,1,,
1055256178-x1,1055256178,,residential,dip,waterway_crossing,544,13.098884,77.602438,,,1,,stream#1182951686
1055256181-x1,1055256181,,residential,dip,waterway_crossing,56,13.1024,77.60425,,,,,drain#1137981508
1055621395-x1,1055621395,Swamy Vivekananda Road,primary,dip,waterway_crossing,397,12.995099,77.665509,,,,,drain#675271461
1055644015-x1,1055644015,,residential,dip,waterway_crossing,29,12.974324,77.754766,,,,,drain#1549729937
1056555798-x1,1056555798,Kodigehalli Main Road,tertiary,dip,waterway_crossing,364,13.05047,77.574992,,,,,drain#674699441
1056555802-x1,1056555802,,tertiary_link,dip,waterway_crossing,10,13.051713,77.574875,,,,,drain#674699441
1056658509-x1,1056658509,New BEL Road,secondary,dip,waterway_crossing,619,13.032217,77.569788,,,,,drain:H202#674383494
1057532613-x1,1057532613,Sarjapura Road,primary,culvert,waterway_crossing,398,12.911805,77.682053,,,,,drain#1112428449
1057850353-x1,1057850353,,residential,dip,waterway_crossing,13,13.054861,77.63022,,,,,drain:BP184#558313914
1057866540,1057866540,,service,none,tunnel=building_passage,98,12.908139,77.601595,building_passage,,,,
1058751832-x1,1058751832,,residential,culvert,waterway_crossing,212,13.108392,77.530346,,,,,ditch#1545402569
1058754197-x1,1058754197,,residential,dip,waterway_crossing,219,13.11695,77.525034,,,,,drain#1507512065
1058755452-x1,1058755452,,service,dip,waterway_crossing,500,13.126079,77.556042,,,,,stream#1308088676
1058861320-x1,1058861320,,residential,culvert,waterway_crossing,32,13.04606,77.626764,,,,,drain#792879798
1058861321-x1,1058861321,,residential,culvert,waterway_crossing,39,13.046271,77.626676,,,,,drain#792879798
1061350600-x1,1061350600,,residential,dip,waterway_crossing,155,13.064528,77.487784,,,,,drain#1281214297
1061350624-x1,1061350624,,residential,dip,waterway_crossing,17,13.055248,77.50369,,,,,drain#1281214407
1061356503-x1,1061356503,,residential,dip,waterway_crossing,169,13.088353,77.505485,,,,,drain#1271431711
1062555457-x1,1062555457,Bellandur Railway Station Road,residential,dip,waterway_crossing,683,12.938056,77.712518,,,,,drain#1092683240
1062675507-x1,1062675507,,track,dip,waterway_crossing,410,12.862193,77.823116,,,,,stream#537774439
1062858161-x1,1062858161,,residential,dip,waterway_crossing,36,12.858818,77.575598,,,,,drain#1328835794
1063106935-x1,1063106935,,residential,dip,waterway_crossing,115,12.891164,77.629057,,,,,drain#796870576
1063788029-x1,1063788029,,residential,dip,waterway_crossing,223,12.985771,77.569911,,,,,drain:Vrishabhavathi#38538359
1064304013,1064304013,,residential,low_bridge,bridge_over_water,41,12.982884,77.518344,,yes,1,,
1064356116-x1,1064356116,,residential,dip,waterway_crossing,63,13.007344,77.530563,,,,,drain:Nagarbhavi Drain#28065996
1064408559,1064408559,,residential,low_bridge,bridge_over_water,40,12.982783,77.518702,,yes,1,,
1064618418-x1,1064618418,,service,dip,waterway_crossing,96,12.969882,77.611309,,,,,drain:K103#1092674470
1064749891-x1,1064749891,,residential,dip,waterway_crossing,94,13.010753,77.480965,,,,,drain#1343674323
1064750250-x1,1064750250,,residential,dip,waterway_crossing,46,13.009351,77.489024,,,,,drain#675669767
1064750259-x1,1064750259,,residential,dip,waterway_crossing,154,13.011027,77.490332,,,,,drain#675669765
1064750269-x1,1064750269,,residential,dip,waterway_crossing,86,13.011555,77.491114,,,,,drain#675669765
1064750274-x1,1064750274,,residential,dip,waterway_crossing,159,13.012279,77.49264,,,,,drain#675669765
1064750277-x1,1064750277,,residential,dip,waterway_crossing,64,13.012281,77.494271,,,,,drain#675669765
1064750280-x1,1064750280,,residential,dip,waterway_crossing,272,13.012298,77.49456,,,,,drain#675669765
1064750731-x1,1064750731,,residential,dip,waterway_crossing,257,13.01244,77.502735,,,,,drain#675669763
1064750734-x1,1064750734,,residential,dip,waterway_crossing,119,13.011807,77.49986,,,,,drain#675669762
1064751561-x1,1064751561,,unclassified,dip,waterway_crossing,414,13.01688,77.499782,,,,,drain#46951301
1064989591-x1,1064989591,,residential,dip,waterway_crossing,171,13.023253,77.492827,,,,,drain#675669759
1064990081-x1,1064990081,,residential,dip,waterway_crossing,226,13.029169,77.492368,,,,,drain#1376522727
1065040572-x1,1065040572,,residential,dip,waterway_crossing,285,12.825087,77.69101,,,,,drain#1092941869
1065120031,1065120031,,residential,underpass,tunnel=yes;layer<0,167,12.944898,77.526037,yes,,-1,,
1065474791-x1,1065474791,,residential,dip,waterway_crossing,27,13.118833,77.616416,,,,,drain#1429010389
1065504443-x1,1065504443,,residential,culvert,waterway_crossing,113,13.149699,77.640958,,,,,drain#1341868008
1065504448-x1,1065504448,,residential,culvert,waterway_crossing,207,13.150837,77.639751,,,,,drain#1242565624
1065570170-x1,1065570170,KR Garden Main Road,residential,dip,waterway_crossing,69,12.956754,77.657374,,,,,drain:C103#133882612
1066019207-x1,1066019207,,residential,culvert,waterway_crossing,123,12.963805,77.745226,,,,,drain#1428210416
1066405076-x1,1066405076,,residential,dip,waterway_crossing,19,12.911685,77.629756,,,,,drain#317763264
1066848420-x1,1066848420,Kadubisanahalli Main Road,primary,dip,waterway_crossing,96,12.930738,77.698802,,,,,drain#1204143832
1066915264,1066915264,,residential,low_bridge,bridge_over_water,6,12.912059,77.641713,,yes,1,,
1067081400-x1,1067081400,1st Cross Road,residential,dip,waterway_crossing,283,12.959365,77.585482,,,,,drain:K110#673645156
1068112095-x1,1068112095,,service,dip,waterway_crossing,71,12.853959,77.55653,,,,,drain#1337361070
1068156362-x1,1068156362,,residential,dip,waterway_crossing,351,13.063913,77.789372,,,,,drain#1353651771
1068799668-x1,1068799668,Eternity Drive,tertiary,culvert,waterway_crossing,501,12.877824,77.772116,,,,,drain#1459558811
1068799669-x1,1068799669,Eternity Drive,tertiary,culvert,waterway_crossing,511,12.877899,77.772923,,,,,drain#1459558811
1068799671-x1,1068799671,Eternity Drive,tertiary,culvert,waterway_crossing,290,12.876917,77.775438,,,,,drain#1459558810
1068799672-x1,1068799672,Eternity Drive,tertiary,culvert,waterway_crossing,283,12.877429,77.774686,,,,,drain#1459558810
1068821174-x1,1068821174,Eternity Drive,tertiary,culvert,waterway_crossing,879,12.876267,77.780876,,,,,drain#1459558808
1068821174-x2,1068821174,Eternity Drive,tertiary,culvert,waterway_crossing,879,12.87652,77.784106,,,,,drain#1459558806
1068821233-x1,1068821233,Eternity Drive,tertiary,culvert,waterway_crossing,859,12.87666,77.783694,,,,,drain#1459558806
1068821233-x2,1068821233,Eternity Drive,tertiary,culvert,waterway_crossing,859,12.876178,77.780854,,,,,drain#1459558808
1068827947-x1,1068827947,Chandapura-Dommasandra Main Road,secondary,dip,waterway_crossing,1387,12.836515,77.722439,,,,,ditch#350304386
1069820654-x1,1069820654,,service,culvert,waterway_crossing,138,12.875133,77.76087,,,,,drain#1385845159
1072006954,1072006954,Gunjurpalya Road,tertiary,dip,flood_prone=yes,407,12.933779,77.708209,,,,yes,
1072197829-x1,1072197829,,residential,culvert,waterway_crossing,115,12.924984,77.72775,,,,,drain:MD382#1092680611
1072664287,1072664287,Varthur Road,primary_link,dip,flood_prone=yes,178,12.955913,77.716298,,,,yes,
1072664296,1072664296,Kundalahalli Underpass,primary,underpass,tunnel=yes;layer<0,50,12.955918,77.71504,yes,,-1,,
1073252759,1073252759,Andrahalli Main Road,secondary,low_bridge,bridge_over_water,20,13.043259,77.504982,,yes,1,,
1074156071-x1,1074156071,,residential,dip,waterway_crossing,27,13.032234,77.625653,,,,,drain:H300#30410818
1074494895-x1,1074494895,,residential,culvert,waterway_crossing,101,13.075659,77.511732,,,,,drain#135267828
1075367564-x1,1075367564,,service,culvert,waterway_crossing,165,12.958255,77.746865,,,,,drain#1319804238
1075551091,1075551091,Inner Peripheral Ring Road,primary,low_bridge,bridge_over_water,29,12.942532,77.718344,,yes,1,,
1075556966-x1,1075556966,,residential,culvert,waterway_crossing,122,12.947204,77.712294,,,,,drain#350024091
1075569405,1075569405,Machohalli Main Road,tertiary,low_bridge,bridge_over_water,23,13.002907,77.45106,,yes,1,,
1075569411-x1,1075569411,NICE Road,motorway,culvert,waterway_crossing,2140,12.99681,77.473844,,,,,stream#1282712217
1075569412-x1,1075569412,NICE Road,motorway,culvert,waterway_crossing,2138,12.997537,77.473802,,,,,stream#1282712215
1075569413-x1,1075569413,NICE Road,motorway,culvert,waterway_crossing,851,12.993707,77.473037,,,,,stream#1229034907
1075569414,1075569414,Lakshmipura Main Road,secondary,low_bridge,bridge_over_water,19,12.997643,77.47108,,yes,1,,
1075712849-x1,1075712849,,residential,dip,waterway_crossing,349,12.93397,77.721791,,,,,drain#1340707587
1076261432-x1,1076261432,,residential,dip,waterway_crossing,165,12.937283,77.721458,,,,,drain#1340707587
1076261433,1076261433,,service,none,tunnel=building_passage,91,12.936514,77.720916,building_passage,,,,
1076327987-x1,1076327987,,residential,dip,waterway_crossing,127,12.976072,77.496239,,,,,drain#1313455511
1076405819-x1,1076405819,,primary_link,culvert,waterway_crossing,27,12.968414,77.613883,,,,,drain:K103#362418038
1076796754,1076796754,,primary,low_bridge,bridge_over_water,85,12.944775,77.747127,,yes,1,,
1078205461-x1,1078205461,,residential,dip,waterway_crossing,23,13.0119,77.499972,,,,,drain#675669762
1078417627,1078417627,,service,underpass,tunnel=yes;layer<0,114,13.198436,77.701323,yes,,-1,,
1078793203-x1,1078793203,,residential,culvert,waterway_crossing,146,13.068024,77.521192,,,,,drain#135267828
1079421421-x1,1079421421,,residential,dip,waterway_crossing,207,13.023166,77.492937,,,,,drain#675669759
1079924611-x1,1079924611,,residential,dip,waterway_crossing,186,12.95071,77.471187,,,,,drain#1515968022
1081136796-x1,1081136796,,residential,dip,waterway_crossing,1162,12.834742,77.709946,,,,,drain#1428009697
1081215226,1081215226,Mill Corner Road Underpass,secondary,underpass,tunnel=yes;layer<0,43,12.993275,77.568677,yes,,-1,,
1081706273-x1,1081706273,,service,dip,waterway_crossing,738,12.888043,77.667891,,,,,drain#1429319343
1081706273-x2,1081706273,,service,culvert,waterway_crossing,738,12.887196,77.663932,,,,,stream#1429319349
1081733327-x1,1081733327,GKVK Road,secondary,culvert,waterway_crossing,3838,13.076532,77.5657,,,,,drain#1232959797
1081733327-x2,1081733327,GKVK Road,secondary,culvert,waterway_crossing,3838,13.075269,77.567969,,,,,drain#675649187
1081980925-x1,1081980925,,residential,dip,waterway_crossing,123,12.984803,77.689126,,,,,drain#677326096
1082670613-x1,1082670613,,residential,dip,waterway_crossing,230,13.148509,77.642425,,,,,drain#1341463706
1082670614-x1,1082670614,,residential,dip,waterway_crossing,247,13.148373,77.641463,,,,,drain#1341463706
1083098165,1083098165,,residential,low_bridge,bridge_over_water,21,13.040403,77.64269,,yes,1,,
1083117022-x1,1083117022,,track,dip,waterway_crossing,48,13.025127,77.498345,,,,,drain#1202361067
1083236791,1083236791,,residential,low_bridge,bridge_over_water,7,13.013981,77.5406,,yes,1,,
1083449782,1083449782,Kempegowda Road,tertiary,dip,flood_prone=yes,199,13.06754,77.61341,,,,yes,
1083449783,1083449783,Kempegowda Road,tertiary,dip,flood_prone=yes,311,13.067382,77.610095,,,,yes,
1083449786,1083449786,Kaggadasapura Main Road,secondary,dip,flood_prone=yes,506,12.985151,77.66721,,,,yes,
1083452085,1083452085,Mysore Road,trunk,dip,flood_prone=yes,463,12.93357,77.5096,,,,yes,
1083452087,1083452087,,tertiary,dip,flood_prone=yes,299,12.928799,77.534184,,,,yes,
1083452089,1083452089,Mysore Road,tertiary,dip,flood_prone=yes,109,12.945841,77.529212,,,,yes,
1083456979-x1,1083456979,,residential,culvert,waterway_crossing,65,13.020864,77.537989,,,,,drain:V205#1096179928
1083517421,1083517421,,service,underpass,layer<0,113,12.858694,77.698252,,,-1,,
1083590210-x1,1083590210,,residential,dip,waterway_crossing,23,12.960859,77.616408,,,,,drain:K103#362418037
1083715690-x1,1083715690,,residential,dip,waterway_crossing,51,13.069305,77.677803,,,,,drain:BD418#794788327
1083925901,1083925901,,residential,low_bridge,bridge_over_water,22,13.012872,77.522958,,yes,1,,
1084092518,1084092518,,secondary,dip,flood_prone=yes,252,13.106518,77.60165,,,,yes,
1084092520,1084092520,2nd Main Road,residential,dip,flood_prone=yes,110,12.908588,77.686778,,,,yes,
1084228474,1084228474,,residential,underpass,tunnel=yes;layer<0,44,13.003996,77.47458,yes,,-1,,
1084450326-x1,1084450326,Whitefield Road,primary,culvert,waterway_crossing,516,12.989988,77.724778,,,,,drain#677292063
1084663468-x1,1084663468,,primary_link,dip,waterway_crossing,12,12.963649,77.578869,,,,,drain:K100#673670439
1085751089-x1,1085751089,,residential,dip,waterway_crossing,322,12.852128,77.686858,,,,,drain#1420326321
1085751090-x1,1085751090,,residential,dip,waterway_crossing,281,12.852849,77.68683,,,,,drain#1420326321
1086234124,1086234124,SJP Road,primary,dip,flood_prone=yes,71,12.964059,77.581533,,,,yes,
1086248580,1086248580,,service,underpass,tunnel=yes,165,12.97164,77.707855,yes,,,,
1086438036,1086438036,GKVK Road Underpass,secondary,underpass,tunnel=yes;layer<0,22,13.069959,77.620755,yes,,-1,,
1086438037,1086438037,GKVK Road Underpass,secondary,underpass,tunnel=yes,23,13.070194,77.620809,yes,,0,,
1086656991-x1,1086656991,,service,dip,waterway_crossing,56,12.971104,77.608095,,,,,drain:K103#1092674470
1087196871-x1,1087196871,,residential,culvert,waterway_crossing,21,12.985124,77.767975,,,,,drain#1232427298
1087942874,1087942874,,trunk_link,dip,flood_prone=yes,10,12.960244,77.701314,,,,yes,
1089703479,1089703479,16th Cross,residential,dip,flood_prone=yes,154,12.958873,77.72153,,,,yes,
1089703481,1089703481,Kundalahalli Main Road,primary,dip,flood_prone=yes,147,12.961323,77.716566,,,,yes,
1089703482,1089703482,Kundalahalli Main Road,primary,dip,flood_prone=yes,27,12.972594,77.711592,,,,yes,
1089703483,1089703483,Kundalahalli Main Road,primary,dip,flood_prone=yes,271,12.973413,77.711392,,,,yes,
1090000450-x1,1090000450,Service Road,tertiary,culvert,waterway_crossing,157,12.974879,77.697372,,,,,drain#677326093
1090000451-x1,1090000451,Service Road,tertiary,culvert,waterway_crossing,617,12.986353,77.690325,,,,,drain#677326095
1090965976,1090965976,Bagalur road,primary,low_bridge,bridge_over_water,24,13.132931,77.652386,,yes,1,,
1090971703-x1,1090971703,,primary,culvert,waterway_crossing,1457,13.137458,77.669591,,,,,stream:Ponnaiyar#765689606
1090971703-x2,1090971703,,primary,dip,waterway_crossing,1457,13.137458,77.669591,,,,,stream:Ponnaiyar#1285457459
1090981373,1090981373,New Airport Road - Mylanahalli Road - BK Halli Road,primary,low_bridge,bridge_over_water,9,13.176168,77.692383,,yes,1,,
1090981375,1090981375,New Airport Road - Mylanahalli Road - BK Halli Road,primary,low_bridge,bridge_over_water,9,13.176031,77.692447,,yes,1,,
1090981377,1090981377,,tertiary,low_bridge,bridge_over_water,9,13.156215,77.74198,,yes,1,,
1090985150,1090985150,,primary,low_bridge,bridge_over_water,9,13.161081,77.733841,,yes,1,,
1090985156,1090985156,Budigere Road,primary,low_bridge,bridge_over_water,10,13.176175,77.71626,,yes,1,,
1090985158,1090985158,Budigere Road,primary,low_bridge,bridge_over_water,10,13.176114,77.716368,,yes,1,,
1090990431-x1,1090990431,,primary,culvert,waterway_crossing,721,13.080701,77.50221,,,,,drain#1110192629
1090990432-x1,1090990432,Hesaraghatta Road,primary,culvert,waterway_crossing,723,13.080759,77.502244,,,,,drain#1110192629
1090990435,1090990435,,tertiary,low_bridge,bridge_over_water,9,13.087404,77.500195,,yes,1,,
1090990441,1090990441,Hesaraghatta Road,primary,low_bridge,bridge_over_water,9,13.099216,77.483912,,yes,1,,
1091005375-x1,1091005375,,residential,dip,waterway_crossing,16,12.89466,77.630688,,,,,drain#796870563
1091048730,1091048730,,residential,low_bridge,bridge_over_water,27,12.970855,77.633793,,yes,,,
1091150499-x1,1091150499,,tertiary,dip,waterway_crossing,1937,13.138744,77.581035,,,,,stream#1320227031
1091999632,1091999632,Global Village Road,tertiary,low_bridge,bridge_over_water,7,12.919435,77.502622,,yes,1,,
1092054065-x1,1092054065,,tertiary,dip,waterway_crossing,1007,13.181859,77.617583,,,,,stream#1279688012
1092054065-x2,1092054065,,tertiary,dip,waterway_crossing,1007,13.182165,77.615048,,,,,drain#1280151232
1092080416-x1,1092080416,Haines Road,primary,underpass,under_rail_bridge,14,13.001584,77.612138,,,,,railway#172952782
1092080416-x2,1092080416,Haines Road,primary,underpass,under_rail_bridge,14,13.001584,77.612138,,,,,railway#1115150287
1092251270,1092251270,Sundaramurthi Road,tertiary,low_bridge,bridge_over_water,6,12.994442,77.618127,,yes,1,,
1092264010,1092264010,,residential,low_bridge,bridge_over_water,6,13.037734,77.557536,,yes,1,,
1092264013-x1,1092264013,4th A Main Road,residential,dip,waterway_crossing,313,13.044982,77.568655,,,,,drain:H201#42377510
1092268356-x1,1092268356,Manganahalli Road,tertiary,dip,waterway_crossing,655,12.951765,77.472165,,,,,drain#1241560527
1092269842,1092269842,,tertiary,low_bridge,bridge_over_water,7,13.021123,77.626522,,yes,1,,
1092290731,1092290731,,residential,low_bridge,bridge_over_water,37,12.953136,77.541196,,yes,1,,
1092297810,1092297810,,residential,underpass,tunnel=yes;layer<0,6,13.103854,77.461162,yes,,-1,,
1092297813,1092297813,,residential,underpass,tunnel=yes;layer<0,9,13.108051,77.437892,yes,,-1,,
1092297852,1092297852,,tertiary,low_bridge,bridge_over_water,30,13.083942,77.468648,,yes,1,,
1092314837,1092314837,,residential,low_bridge,bridge_over_water,8,13.045774,77.479561,,yes,1,,
1092522214-x1,1092522214,,residential,culvert,waterway_crossing,19,13.074575,77.513963,,,,,drain#135267828
1092668707,1092668707,,service,low_bridge,bridge_over_water,18,12.982069,77.562662,,yes,,,
1092668709,1092668709,,service,low_bridge,bridge_over_water,20,12.982118,77.562486,,yes,,,
1092668711,1092668711,LuLu Global Mall Underpass,service,underpass,tunnel=yes;layer<0,50,12.982654,77.562178,yes,,-1,,
1092785347,1092785347,,residential,underpass,layer<0,106,13.064825,77.524636,,,-1,,
1092808864-x1,1092808864,,residential,culvert,waterway_crossing,191,12.953051,77.554934,,,,,drain#1227984703
1092808864-x2,1092808864,,residential,culvert,waterway_crossing,191,12.953051,77.554934,,,,,drain#1227984704
1093046354,1093046354,,service,low_bridge,bridge_over_water,10,12.989647,77.619744,,yes,1,,
1093046356,1093046356,,service,low_bridge,bridge_over_water,6,12.989971,77.623098,,yes,1,,
1093109088,1093109088,,residential,low_bridge,bridge_over_water,9,12.983787,77.612515,,yes,1,,
1093715379-x1,1093715379,,residential,dip,waterway_crossing,13,12.946842,77.624234,,,,,drain#1431134672
1093730640,1093730640,,service,underpass,layer<0,148,12.986198,77.73071,,,-1,,
1093734593-x1,1093734593,,living_street,dip,waterway_crossing,70,12.98657,77.606249,,,,,drain:C100#363618852
1093773929,1093773929,,residential,low_bridge,bridge_over_water,7,12.989282,77.49462,,yes,1,,
1093773932,1093773932,,residential,low_bridge,bridge_over_water,6,12.989697,77.494868,,yes,1,,
1094015081,1094015081,,service,underpass,layer<0,76,12.970423,77.616228,,,-1,,
1094015775-x1,1094015775,,service,culvert,waterway_crossing,48,12.96499,77.614336,,,,,drain:K103#362418048
1094015787,1094015787,,service,underpass,layer<0,40,12.965208,77.613834,,,-1,,
1094018547,1094018547,,residential,underpass,layer<0,30,12.998496,77.616416,,,-1,,
1094018550,1094018550,,residential,underpass,layer<0,69,12.998211,77.615659,,,-1,,
1094018551,1094018551,,residential,underpass,layer<0,18,12.998362,77.61573,,,-1,,
1094018556,1094018556,,service,underpass,layer<0,118,12.9998,77.61623,,,-1,,
1094018557,1094018557,,service,underpass,layer<0,116,12.999647,77.617702,,,-1,,
1094036274,1094036274,,residential,low_bridge,bridge_over_water,16,12.963848,77.615328,,yes,1,,
1094037428-x1,1094037428,,residential,culvert,waterway_crossing,94,13.036842,77.518274,,,,,drain#1110957803
1094058276,1094058276,,residential,low_bridge,bridge_over_water,6,13.04244,77.510511,,yes,1,,
1094058290,1094058290,,tertiary,low_bridge,bridge_over_water,10,13.041171,77.509356,,yes,1,,
1094066812-x1,1094066812,,residential,dip,waterway_crossing,58,13.042163,77.505501,,,,,drain#1281336333
1094066813-x1,1094066813,,residential,dip,waterway_crossing,129,13.041844,77.505651,,,,,drain#1281336333
1094075877,1094075877,,service,underpass,layer<0,145,13.034008,77.512823,,,-1,,
1094097121,1094097121,,residential,underpass,layer<0,105,13.027563,77.495162,,,-1,,
1094099662-x1,1094099662,,residential,dip,waterway_crossing,55,13.005564,77.604682,,,,,drain:C200#39100506
1094119876-x1,1094119876,,residential,culvert,waterway_crossing,12,13.070435,77.562551,,,,,drain#675649187
1094392519-x1,1094392519,,residential,dip,waterway_crossing,39,12.99935,77.498902,,,,,drain#1104894211
1094392523-x1,1094392523,,residential,dip,waterway_crossing,65,12.999064,77.498805,,,,,drain#1104894211
1094394533,1094394533,,residential,underpass,layer<0,19,13.042622,77.55243,,,-1,,
1094399090,1094399090,,service,underpass,layer<0,77,13.039638,77.555434,,,-1,,
1094407816-x1,1094407816,,tertiary,dip,waterway_crossing,7,13.032699,77.554369,,,,,drain:H203#1203755358
1094409786-x1,1094409786,,living_street,dip,waterway_crossing,44,12.972751,77.572263,,,,,drain:K100#673670438
1094414347-x1,1094414347,12th Cross Road,residential,dip,waterway_crossing,160,13.002826,77.572216,,,,,drain:Vrishabhavathi#335169250
1094419516-x1,1094419516,,service,dip,waterway_crossing,69,13.027936,77.520174,,,,,drain#674181136
1094429381-x1,1094429381,,residential,dip,waterway_crossing,107,13.034602,77.557394,,,,,drain:H203#1203755358
1094450370-x1,1094450370,,residential,culvert,waterway_crossing,91,13.036523,77.517563,,,,,drain#1110957807
1094450378-x1,1094450378,,residential,dip,waterway_crossing,57,13.035834,77.518186,,,,,drain#674181134
1094450383-x1,1094450383,,residential,culvert,waterway_crossing,63,13.027973,77.529763,,,,,drain:Nagarabhavi Thorai#674181132
1094450384-x1,1094450384,,service,culvert,waterway_crossing,66,13.028058,77.530345,,,,,drain:Nagarabhavi Thorai#674181132
1094451844-x1,1094451844,,residential,dip,waterway_crossing,79,13.026368,77.555547,,,,,drain:H200#46918823
1094451858-x1,1094451858,,residential,dip,waterway_crossing,56,13.030394,77.555007,,,,,drain:H200#46918823
1094451859-x1,1094451859,,residential,dip,waterway_crossing,60,13.031806,77.554343,,,,,drain:H200#46918823
1094451860-x1,1094451860,,residential,dip,waterway_crossing,55,13.034071,77.55731,,,,,drain:H203#1203755358
1094455599-x1,1094455599,,residential,dip,waterway_crossing,68,13.038218,77.517212,,,,,drain#1110957808
1094460069-x1,1094460069,,residential,dip,waterway_crossing,55,12.963965,77.578106,,,,,drain:K100#673670439
1094460831-x1,1094460831,,residential,dip,waterway_crossing,95,13.032239,77.519108,,,,,drain#674181136
1094468203-x1,1094468203,,residential,dip,waterway_crossing,48,12.969381,77.57355,,,,,drain:K100#673670438
1094468204-x1,1094468204,,residential,dip,waterway_crossing,62,12.969384,77.573333,,,,,drain:K100#673670438
1094468205-x1,1094468205,,residential,dip,waterway_crossing,65,12.969232,77.573707,,,,,drain:K100#673670438
1094468208-x1,1094468208,,residential,dip,waterway_crossing,143,12.968627,77.574473,,,,,drain:K100#673670438
1094468221-x1,1094468221,,living_street,dip,waterway_crossing,25,12.971436,77.572585,,,,,drain:K100#673670438
1094674434,1094674434,,residential,low_bridge,bridge_over_water,23,12.971502,77.553034,,yes,1,,
1094690638-x1,1094690638,,residential,dip,waterway_crossing,52,12.99109,77.498689,,,,,drain#675689517
1094692307-x1,1094692307,,residential,dip,waterway_crossing,47,12.957365,77.555648,,,,,drain#1227984705
1094692308-x1,1094692308,,residential,dip,waterway_crossing,19,12.95719,77.555628,,,,,drain#1227984705
1094695259,1094695259,,residential,low_bridge,bridge_over_water,6,13.009156,77.516256,,yes,1,,
1094695262,1094695262,,residential,low_bridge,bridge_over_water,6,13.009316,77.515971,,yes,1,,
1094695265,1094695265,,residential,low_bridge,bridge_over_water,6,13.009413,77.515716,,yes,1,,
1094716457-x1,1094716457,,residential,dip,waterway_crossing,32,12.96997,77.572545,,,,,drain:K100#673670438
1094716458-x1,1094716458,,residential,dip,waterway_crossing,40,12.969611,77.572516,,,,,drain:K100#673670438
1094722519-x1,1094722519,,residential,culvert,waterway_crossing,232,12.99548,77.495646,,,,,drain#1113269530
1094722548-x1,1094722548,,residential,dip,waterway_crossing,122,13.002116,77.507693,,,,,drain#48876281
1094722550-x1,1094722550,,residential,dip,waterway_crossing,127,13.002054,77.50798,,,,,drain#48876281
1094754244-x1,1094754244,,residential,dip,waterway_crossing,49,12.956577,77.565443,,,,,drain:V120#673852971
1094754686-x1,1094754686,Sameerapura Main Road,residential,dip,waterway_crossing,104,12.954023,77.564684,,,,,drain:V120#673852971
1094754687-x1,1094754687,2nd Cross Road,residential,dip,waterway_crossing,65,12.953773,77.564276,,,,,drain:V120#673852971
1094770496-x1,1094770496,,service,dip,waterway_crossing,126,12.941839,77.625531,,,,,drain:K113#350053034
1095078935-x1,1095078935,,service,dip,waterway_crossing,93,13.017348,77.556015,,,,,drain:H200#674362389
1095119409,1095119409,3rd Cross Road,residential,low_bridge,bridge_over_water,7,13.02732,77.52988,,yes,1,,
1095119448-x1,1095119448,,unclassified,culvert,waterway_crossing,212,13.019048,77.544687,,,,,drain:V204#1239610856
1095129414-x1,1095129414,,service,dip,waterway_crossing,59,13.012027,77.542325,,,,,drain:V202#94441432
1095440461-x1,1095440461,Rajiv Gandhi Nagar Railway Parallel Road,tertiary,dip,waterway_crossing,642,13.064695,77.57797,,,,,drain#674699466
1095458710,1095458710,,service,low_bridge,bridge_over_water,10,12.95574,77.603998,,yes,1,,
1095834285-x1,1095834285,,residential,dip,waterway_crossing,208,13.014774,77.608402,,,,,drain:Drain#40584067
1095834297-x1,1095834297,,residential,dip,waterway_crossing,37,13.015094,77.608655,,,,,drain:Drain#673959410
1095839368-x1,1095839368,,residential,dip,waterway_crossing,25,13.012736,77.605715,,,,,drain#1453113810
1096179927-x1,1096179927,,residential,culvert,waterway_crossing,39,13.0176,77.537206,,,,,drain:V205#1096179929
1096185037-x1,1096185037,,service,dip,waterway_crossing,159,12.992146,77.697335,,,,,drain#673692290
1096194739,1096194739,,residential,low_bridge,bridge_over_water,5,13.015439,77.5411,,yes,1,,
1096194741,1096194741,,residential,low_bridge,bridge_over_water,7,13.016353,77.54182,,yes,1,,
1096194743,1096194743,Shankarnagar Main Road,tertiary,low_bridge,bridge_over_water,7,13.017596,77.543029,,yes,1,,
1096195330-x1,1096195330,Basaveshwaranagar Main Road,secondary,dip,waterway_crossing,1233,12.984687,77.547122,,,,,drain:V116A#1092672113
1096195330-x2,1096195330,Basaveshwaranagar Main Road,secondary,dip,waterway_crossing,1233,12.985206,77.544167,,,,,drain:V116#1092672114
1096199594-x1,1096199594,,residential,culvert,waterway_crossing,166,12.977576,77.52575,,,,,stream#1111506438
1096199596-x1,1096199596,,residential,culvert,waterway_crossing,43,12.977644,77.525911,,,,,stream#1111506440
1096199626-x1,1096199626,,residential,culvert,waterway_crossing,40,12.974957,77.516753,,,,,drain#1486784348
1096199640-x1,1096199640,,residential,dip,waterway_crossing,49,12.983258,77.513633,,,,,drain#1353420065
1096200176,1096200176,39th Cross Road,residential,low_bridge,bridge_over_water,7,12.902386,77.53701,,yes,1,,
1096204600-x1,1096204600,,residential,culvert,waterway_crossing,144,12.918546,77.563998,,,,,drain:V305#1314986086
1096204951,1096204951,,residential,underpass,layer<0,35,12.898278,77.544948,,,-1,,
1096206766-x1,1096206766,,residential,culvert,waterway_crossing,59,12.972441,77.734403,,,,,drain#677293844
1096210735-x1,1096210735,,residential,dip,waterway_crossing,35,12.977106,77.525133,,,,,drain#48876291
1096210741-x1,1096210741,,residential,culvert,waterway_crossing,49,12.978543,77.526609,,,,,stream#1111506444
1096225063,1096225063,,service,underpass,layer<0,70,12.890125,77.541443,,,-1,,
1096228015-x1,1096228015,,service,dip,waterway_crossing,151,12.919531,77.562928,,,,,drain:V305#1112006573
1096228016-x1,1096228016,,service,dip,waterway_crossing,60,12.919731,77.562629,,,,,drain:V305#1112006573
1096228031-x1,1096228031,,residential,culvert,waterway_crossing,29,12.906223,77.563504,,,,,drain#1270623574
1096239197,1096239197,Andrahalli Main Road,secondary,low_bridge,bridge_over_water,7,13.012255,77.483087,,yes,1,,
1096239199,1096239199,Andrahalli Main Road,secondary,low_bridge,bridge_over_water,14,13.018507,77.483264,,yes,1,,
1096239201,1096239201,,residential,low_bridge,bridge_over_water,14,13.018133,77.480802,,yes,1,,
1096242061,1096242061,,residential,low_bridge,bridge_over_water,17,12.944174,77.516823,,yes,1,,
1096253356-x1,1096253356,,residential,culvert,waterway_crossing,67,12.975452,77.516359,,,,,drain#1486784343
1096262680,1096262680,,residential,low_bridge,bridge_over_water,6,13.016065,77.479455,,yes,1,,
1096262686,1096262686,,residential,low_bridge,bridge_over_water,7,13.01515,77.480084,,yes,1,,
1096263832-x1,1096263832,,residential,dip,waterway_crossing,47,13.039464,77.546834,,,,,drain:H205#674362394
1096263835-x1,1096263835,,residential,culvert,waterway_crossing,63,13.038375,77.547892,,,,,drain:H205#1341204770
1096263840,1096263840,,residential,low_bridge,bridge_over_water,2,13.037928,77.548474,,yes,1,,
1096263877,1096263877,,service,none,tunnel=building_passage,35,13.028984,77.54054,building_passage,,,,
1096265310,1096265310,,residential,low_bridge,bridge_over_water,7,13.011871,77.485399,,yes,1,,
1096288034-x1,1096288034,,residential,culvert,waterway_crossing,68,12.974984,77.515832,,,,,drain#1486784343
1096288041-x1,1096288041,,residential,culvert,waterway_crossing,68,12.975657,77.515743,,,,,drain#1486784342
1096288095-x1,1096288095,,residential,dip,waterway_crossing,43,12.976715,77.525103,,,,,drain#48876291
1096462101,1096462101,,residential,underpass,layer<0,63,13.017974,77.484862,,,-1,,
1096471423-x1,1096471423,,residential,dip,waterway_crossing,31,12.943719,77.524194,,,,,drain:V207#1092043503
1096471434-x1,1096471434,,residential,dip,waterway_crossing,28,12.945024,77.5242,,,,,drain:V207#1092043503
1096471669-x1,1096471669,,residential,dip,waterway_crossing,15,12.944852,77.524483,,,,,drain:V207#1092043503
1096491900-x1,1096491900,,residential,dip,waterway_crossing,104,12.993153,77.490636,,,,,drain#1112988055
1096495849,1096495849,,service,underpass,layer<0,37,13.017607,77.503928,,,-1,,
1096495864,1096495864,,service,underpass,layer<0,35,13.016092,77.510357,,,-1,,
1096504893-x1,1096504893,,service,dip,waterway_crossing,58,12.984917,77.544777,,,,,drain:V116#1092672114
1096504898-x1,1096504898,,residential,dip,waterway_crossing,36,12.981665,77.545188,,,,,drain:V116#1092672114
1096520509,1096520509,,residential,underpass,layer<0,33,13.0117,77.503051,,,-1,,
1096623097,1096623097,,residential,underpass,layer<0,107,13.015617,77.503159,,,-1,,
1096657082-x1,1096657082,,residential,culvert,waterway_crossing,93,13.044113,77.50128,,,,,drain#1369651481
1096670011,1096670011,,service,none,tunnel=building_passage,169,12.983334,77.558902,building_passage,,,,
1096678265-x1,1096678265,,residential,dip,waterway_crossing,39,12.98783,77.548145,,,,,drain:V116A#1092672113
1096678286-x1,1096678286,,residential,dip,waterway_crossing,76,12.980325,77.546146,,,,,drain:V116#1092672114
1096683539,1096683539,,living_street,underpass,layer<0,31,12.974392,77.553072,,,-1,,
1096683541,1096683541,Channel Road,tertiary,low_bridge,bridge_over_water,6,12.968073,77.547386,,yes,1,,
1096684428,1096684428,,residential,underpass,layer<0,13,12.973036,77.553546,,,-1,,
1096684441,1096684441,Magadi Road,primary,low_bridge,bridge_over_water,40,12.975646,77.554404,,yes,1,,
1096684443,1096684443,Magadi Road,primary,low_bridge,bridge_over_water,38,12.97553,77.55438,,yes,1,,
1096684613-x1,1096684613,,residential,dip,waterway_crossing,10,12.95987,77.526129,,,,,drain:V207#437848266
1096795618,1096795618,,service,underpass,layer<0,42,12.965301,77.61438,,,-1,,
1096867918,1096867918,,residential,underpass,layer<0,43,12.97413,77.557355,,,-1,,
1096875164,1096875164,,residential,underpass,layer<0,36,12.974753,77.560025,,,-1,,
1096906356-x1,1096906356,,residential,dip,waterway_crossing,147,12.989342,77.476234,,,,,stream#1075569409
1096908653-x1,1096908653,,residential,dip,waterway_crossing,64,13.033896,77.486725,,,,,drain#1376522727
1096956118-x1,1096956118,,residential,dip,waterway_crossing,30,13.059307,77.502405,,,,,drain#1323345457
1096956119-x1,1096956119,,residential,dip,waterway_crossing,23,13.059415,77.50216,,,,,drain#1323345457
1096958257-x1,1096958257,,residential,dip,waterway_crossing,30,13.030564,77.490403,,,,,drain#1376522727
1097534265,1097534265,,service,underpass,tunnel=yes;layer<0,55,12.971538,77.708623,yes,,-1,,
1097920904-x1,1097920904,,residential,dip,waterway_crossing,93,12.952507,77.542296,,,,,drain:V120#1110165765
1097973828-x1,1097973828,Hosur Road,trunk,underpass,under_rail_bridge,195,12.801914,77.708621,,,,,railway#55335023
1097981464-x1,1097981464,,service,dip,waterway_crossing,318,12.947858,77.605247,,,,,drain:K104#673853320
1098195252-x1,1098195252,,residential,dip,waterway_crossing,48,12.885999,77.629916,,,,,drain#796870507
1098476401-x1,1098476401,,residential,culvert,waterway_crossing,186,12.976963,77.496407,,,,,drain#1313455514
1098476401-x2,1098476401,,residential,culvert,waterway_crossing,186,12.976934,77.497163,,,,,drain#1313455516
1098476447-x1,1098476447,,residential,culvert,waterway_crossing,64,12.986893,77.512721,,,,,drain#1227936884
1098476448-x1,1098476448,,residential,culvert,waterway_crossing,155,12.986261,77.51289,,,,,drain#1227936886
1098484251-x1,1098484251,,residential,dip,waterway_crossing,82,12.989578,77.496014,,,,,drain#675689517
1098531934-x1,1098531934,,residential,dip,waterway_crossing,86,12.971682,77.477987,,,,,drain#1548526717
1098732320-x1,1098732320,,service,dip,waterway_crossing,34,12.959696,77.511445,,,,,drain#1280602425
1098732345-x1,1098732345,,residential,dip,waterway_crossing,145,12.962056,77.511929,,,,,drain#1539943355
1098755661,1098755661,,service,underpass,layer<0,49,12.975996,77.556812,,,-1,,
1098755663,1098755663,,residential,underpass,layer<0,30,12.975895,77.556185,,,-1,,
1098755667,1098755667,,residential,underpass,layer<0,26,12.97801,77.557119,,,-1,,
1098755672,1098755672,,residential,underpass,layer<0,70,12.978216,77.559415,,,-1,,
1098755679,1098755679,,service,underpass,layer<0,104,12.980818,77.559978,,,-2,,
1098755686,1098755686,,residential,underpass,layer<0,99,12.982902,77.562369,,,-1,,
1098755700,1098755700,,tertiary,low_bridge,bridge_over_water,21,12.984376,77.563548,,yes,1,,
1098760419-x1,1098760419,,residential,dip,waterway_crossing,64,12.971069,77.508309,,,,,drain#1217247612
1098760436-x1,1098760436,,residential,dip,waterway_crossing,113,12.963097,77.512254,,,,,drain#1539943355
1098762112-x1,1098762112,,residential,culvert,waterway_crossing,45,12.989586,77.56194,,,,,drain:V113#1249789889
1098762113-x1,1098762113,,residential,culvert,waterway_crossing,35,12.989261,77.561955,,,,,drain:V113#1249789887
1098765215,1098765215,,service,underpass,layer<0,28,12.989935,77.56497,,,-1,,
1098770376,1098770376,,residential,low_bridge,bridge_over_water,10,12.95721,77.591758,,yes,1,,
1098780088,1098780088,,residential,underpass,layer<0,53,12.846751,77.645451,,,-1,,
1098780089,1098780089,,residential,underpass,layer<0,32,12.847076,77.646175,,,-1,,
1098780090,1098780090,,residential,underpass,layer<0,56,12.847839,77.646095,,,-1,,
1098787323-x1,1098787323,,residential,dip,waterway_crossing,74,12.959012,77.598838,,,,,drain:K114#1093523672
1098787324-x1,1098787324,,residential,dip,waterway_crossing,22,12.958921,77.598358,,,,,drain:K114#1093523672
1098808954,1098808954,,residential,underpass,layer<0,39,12.834181,77.654913,,,-1,,
1098843683,1098843683,Kariyamma Agrahara Road,tertiary,low_bridge,bridge_over_water,11,12.940078,77.691415,,yes,1,,
1098992463-x1,1098992463,,residential,culvert,waterway_crossing,44,13.007884,77.627286,,,,,drain#1104665303
1098995710-x1,1098995710,,residential,dip,waterway_crossing,43,13.000644,77.573786,,,,,drain:Vrishabhavathi#335169250
1098997021-x1,1098997021,,residential,culvert,waterway_crossing,37,13.002952,77.62907,,,,,drain:H300#1113226438
1098997042-x1,1098997042,,residential,culvert,waterway_crossing,11,13.003569,77.632411,,,,,drain#1432471582
1099197177-x1,1099197177,,residential,dip,waterway_crossing,28,12.995533,77.577123,,,,,drain:V110#38536005
1099222592-x1,1099222592,,residential,dip,waterway_crossing,103,13.001435,77.517922,,,,,drain:V201#675688703
1099222594-x1,1099222594,,residential,dip,waterway_crossing,119,13.002283,77.517889,,,,,drain:V201#675688703
1099980887,1099980887,,residential,underpass,layer<0,103,12.850029,77.652354,,,-1,,
1099980891,1099980891,,living_street,underpass,layer<0,52,12.848565,77.654683,,,-1,,
1099988672,1099988672,,residential,underpass,layer<0,61,12.850165,77.650163,,,-1,,
1100566301,1100566301,,residential,underpass,layer<0,33,12.929013,77.532628,,,-1,,
1100566319-x1,1100566319,,residential,dip,waterway_crossing,32,12.923333,77.546496,,,,,drain#1217326868
1100566344,1100566344,,living_street,underpass,layer<0,15,12.926819,77.540718,,,-1,,
1100604819,1100604819,,residential,underpass,layer<0,39,12.935669,77.544382,,,-1,,
1100611534-x1,1100611534,,residential,culvert,waterway_crossing,61,13.007941,77.627287,,,,,drain#1104665303
1100775953-x1,1100775953,,residential,dip,waterway_crossing,33,13.009481,77.632098,,,,,drain:H300#673959391
1100799157-x1,1100799157,,service,dip,waterway_crossing,112,12.941335,77.581138,,,,,drain:K111#1203712570
1100799160-x1,1100799160,,service,dip,waterway_crossing,32,12.940653,77.580244,,,,,drain:K111#1203712570
1101381565,1101381565,,service,underpass,layer<0,139,12.931122,77.510846,,,-1,,
1101388346-x1,1101388346,,residential,dip,waterway_crossing,184,12.995326,77.565276,,,,,drain:V113#89965031
1101388358,1101388358,1st Main Road,residential,low_bridge,bridge_over_water,7,12.991442,77.564201,,yes,1,,
1101391090-x1,1101391090,,residential,culvert,waterway_crossing,141,13.002987,77.545853,,,,,drain:V203#1110187695
1101391092-x1,1101391092,,service,dip,waterway_crossing,150,13.003029,77.545734,,,,,drain:V203#94441427
1101391092-x2,1101391092,,service,culvert,waterway_crossing,150,13.003029,77.545734,,,,,drain:V203#1110187690
1101392872,1101392872,,residential,underpass,layer<0,39,12.920882,77.508764,,,-1,,
1101392885-x1,1101392885,,service,dip,waterway_crossing,87,12.924268,77.511615,,,,,drain#1265721160
1101392886-x1,1101392886,,service,dip,waterway_crossing,105,12.924093,77.511118,,,,,drain#1265721160
1101394716,1101394716,,residential,low_bridge,bridge_over_water,7,12.994917,77.559596,,yes,1,,
1101394739-x1,1101394739,,residential,dip,waterway_crossing,62,12.997528,77.560942,,,,,drain:V114#437871424
1101394743-x1,1101394743,,residential,dip,waterway_crossing,62,12.999572,77.56179,,,,,drain:V114#437871424
1101394755,1101394755,,residential,low_bridge,bridge_over_water,7,13.000559,77.557661,,yes,1,,
1101394756-x1,1101394756,,residential,dip,waterway_crossing,185,12.999309,77.556831,,,,,drain:V11X#1219880339
1101394756-x2,1101394756,,residential,dip,waterway_crossing,185,13.000396,77.557541,,,,,drain:V11X#1219880341
1101403204,1101403204,,service,underpass,layer<0,306,12.878295,77.544005,,,-1,,
1101406431-x1,1101406431,,service,dip,waterway_crossing,11,12.99059,77.545147,,,,,drain:V116#1092672114
1101410918-x1,1101410918,,living_street,dip,waterway_crossing,145,12.995384,77.545296,,,,,drain:V116#1092672114
1101410919-x1,1101410919,,living_street,dip,waterway_crossing,160,12.995537,77.54528,,,,,drain:V116#1092672114
1101410920-x1,1101410920,,living_street,dip,waterway_crossing,62,12.995658,77.544692,,,,,drain:V116#1092672114
1101416306,1101416306,,residential,underpass,layer<0,59,12.916693,77.49613,,,-1,,
1101418398,1101418398,,service,none,tunnel=building_passage,36,12.903287,77.497402,building_passage,,,,
1101426759-x1,1101426759,13th Cross Road,living_street,dip,waterway_crossing,134,12.997204,77.545171,,,,,drain:V116#1092672114
1101454017,1101454017,,service,low_bridge,bridge_over_water,6,12.951622,77.553644,,yes,1,,
1101460810-x1,1101460810,,residential,dip,waterway_crossing,211,12.893029,77.489195,,,,,drain#1281359324
1101461553,1101461553,,residential,none,tunnel=building_passage,123,12.907745,77.548057,building_passage,,,,
1101462398-x1,1101462398,,service,culvert,waterway_crossing,197,12.951504,77.556,,,,,drain:V120#411089441
1101463444-x1,1101463444,,residential,culvert,waterway_crossing,74,12.906308,77.53952,,,,,drain#1312001891
1101476417,1101476417,,residential,underpass,layer<0,35,12.943208,77.561903,,,-1,,
1101615574-x1,1101615574,,residential,dip,waterway_crossing,59,12.951239,77.563972,,,,,drain#673852970
1101615591,1101615591,,residential,underpass,layer<0,58,12.943757,77.565742,,,-1,,
1101629990,1101629990,,residential,underpass,layer<0,79,13.022005,77.709557,,,-1,,
1101648728-x1,1101648728,,residential,dip,waterway_crossing,17,13.005646,77.670855,,,,,drain#675250060
1101648742-x1,1101648742,,residential,dip,waterway_crossing,23,13.007333,77.673913,,,,,drain#1110178694
1101651497,1101651497,,service,underpass,layer<0,33,12.998283,77.677071,,,-1,,
1101675576,1101675576,,unclassified,underpass,layer<0,90,12.903795,77.630487,,,-1,,
1101675581-x1,1101675581,,track,culvert,waterway_crossing,276,12.914086,77.622585,,,,,drain:K209#678335361
1101676059-x1,1101676059,,residential,dip,waterway_crossing,71,12.990433,77.690484,,,,,drain#797817902
1101696075-x1,1101696075,,residential,culvert,waterway_crossing,171,12.904139,77.632378,,,,,drain#236730223
1101696076-x1,1101696076,,residential,culvert,waterway_crossing,129,12.903971,77.6323,,,,,drain#236730223
1101696077-x1,1101696077,,residential,culvert,waterway_crossing,52,12.903951,77.632775,,,,,drain#236730223
1102150070,1102150070,20th Cross Road,residential,low_bridge,bridge_over_water,12,12.960451,77.724211,,yes,1,,
1102506790,1102506790,,residential,dip,flood_prone=yes,93,13.053008,77.615411,,,,yes,
1102575806-x1,1102575806,,residential,dip,waterway_crossing,31,12.935346,77.555522,,,,,drain:V300#172895635
1102575807-x1,1102575807,,residential,dip,waterway_crossing,42,12.935491,77.555591,,,,,drain:V300#172895635
1102575808-x1,1102575808,,residential,dip,waterway_crossing,11,12.935386,77.555541,,,,,drain:V300#172895635
1102575810-x1,1102575810,,residential,dip,waterway_crossing,39,12.935344,77.556579,,,,,drain:V300#172895635
1102763670,1102763670,,residential,underpass,layer<0,148,13.011097,77.697885,,,-1,,
1102763678,1102763678,,residential,underpass,layer<0,101,13.010715,77.697319,,,-1,,
1102763679,1102763679,,residential,underpass,layer<0,28,13.010576,77.69581,,,-1,,
1102763687,1102763687,,residential,underpass,layer<0,67,13.008764,77.695571,,,-1,,
1102763692,1102763692,,residential,underpass,layer<0,58,13.010127,77.698781,,,-1,,
1102763693,1102763693,2nd Cross Road,residential,underpass,layer<0,34,13.009963,77.697695,,,-1,,
1102766517,1102766517,,residential,underpass,layer<0,51,13.01097,77.700287,,,-1,,
1102766536,1102766536,,service,underpass,layer<0,102,13.011011,77.704555,,,-1,,
1102768987,1102768987,,residential,low_bridge,bridge_over_water,7,13.013845,77.708839,,yes,1,,
1102776705,1102776705,,residential,underpass,layer<0,74,13.01773,77.708327,,,-1,,
1102778746-x1,1102778746,1st Cross Road,unclassified,dip,waterway_crossing,758,12.98522,77.714568,,,,,drain#1301141836
1102785152-x1,1102785152,,residential,culvert,waterway_crossing,32,13.025939,77.589642,,,,,drain:H104#675496496
1102790955-x1,1102790955,,residential,dip,waterway_crossing,91,13.027323,77.620361,,,,,drain:Drain#350182320
1102790956-x1,1102790956,,residential,dip,waterway_crossing,79,13.027812,77.620477,,,,,drain:Drain#350182320
1102791103-x1,1102791103,,service,dip,waterway_crossing,61,13.011767,77.679204,,,,,drain#675250064
1102793581-x1,1102793581,,residential,culvert,waterway_crossing,33,12.931658,77.593034,,,,,drain:K207#514073943
1102809865-x1,1102809865,,service,dip,waterway_crossing,91,13.013429,77.683079,,,,,drain#1411719002
1102822285-x1,1102822285,,residential,culvert,waterway_crossing,18,12.904911,77.568792,,,,,drain#1270568462
1102829131-x1,1102829131,,residential,dip,waterway_crossing,79,12.926014,77.605063,,,,,drain:K200#673677234
1102834329,1102834329,,service,underpass,layer<0,94,13.048347,77.622462,,,-1,,
1102834361,1102834361,,residential,underpass,layer<0,40,13.049896,77.63757,,,-1,,
1102846411,1102846411,,residential,underpass,layer<0,93,12.961926,77.660905,,,-1,,
1102846414,1102846414,,residential,underpass,layer<0,27,12.963367,77.661323,,,-1,,
1102850171,1102850171,,living_street,underpass,layer<0,24,12.96494,77.659733,,,-1,,
1102850177,1102850177,,residential,underpass,layer<0,95,12.965569,77.667257,,,-1,,
1102850179,1102850179,,residential,underpass,layer<0,40,12.965814,77.666535,,,-1,,
1102850181,1102850181,,residential,underpass,layer<0,58,12.965096,77.665961,,,-1,,
1102850184,1102850184,,living_street,underpass,layer<0,88,12.967497,77.663752,,,-1,,
1102850188,1102850188,4th C Cross Road,residential,underpass,layer<0,33,12.968391,77.664732,,,-1,,
1102850190,1102850190,,residential,underpass,layer<0,30,12.968587,77.665188,,,-1,,
1102850191,1102850191,,residential,underpass,layer<0,102,12.968012,77.666478,,,-1,,
1102850192,1102850192,,residential,underpass,layer<0,51,12.969834,77.666191,,,-1,,
1102850193,1102850193,,residential,underpass,layer<0,37,12.970224,77.666132,,,-1,,
1102850196,1102850196,,residential,underpass,layer<0,22,12.970288,77.665286,,,-1,,
1102852354,1102852354,,residential,underpass,layer<0,48,12.97066,77.672055,,,-1,,
1102852356,1102852356,,residential,underpass,layer<0,35,12.96971,77.673934,,,-1,,
1102855363,1102855363,,residential,underpass,layer<0,45,12.96767,77.668836,,,-1,,
1102855368,1102855368,,residential,underpass,layer<0,42,12.967139,77.672423,,,-1,,
1102855382,1102855382,,residential,underpass,layer<0,85,12.96399,77.671972,,,-1,,
1102855384,1102855384,,living_street,underpass,layer<0,34,12.963599,77.671025,,,-1,,
1102855388,1102855388,,residential,underpass,layer<0,79,12.962444,77.671648,,,-1,,
1102855391,1102855391,,residential,underpass,layer<0,49,12.961166,77.674043,,,-1,,
1102858684,1102858684,,service,underpass,layer<0,39,12.964684,77.674794,,,-1,,
1102858688,1102858688,,residential,underpass,layer<0,57,12.956239,77.65862,,,-1,,
1102859605,1102859605,,residential,underpass,layer<0,13,12.957543,77.659042,,,-1,,
1102859607,1102859607,,residential,underpass,layer<0,55,12.95856,77.661312,,,-1,,
1102868952-x1,1102868952,,residential,dip,waterway_crossing,59,12.943453,77.590578,,,,,drain:K108#673677239
1102957209,1102957209,,service,underpass,tunnel=yes;layer<0,9,12.970254,77.707449,yes,,-1,,
1103056510,1103056510,,residential,underpass,layer<0,87,12.987614,77.624248,,,-1,,
1103060079,1103060079,,living_street,underpass,layer<0,61,12.977772,77.623654,,,-1,,
1103062100,1103062100,,residential,underpass,layer<0,17,12.974757,77.622183,,,-1,,
1103080117,1103080117,,residential,underpass,layer<0,23,12.973575,77.630861,,,-1,,
1103080119,1103080119,,residential,underpass,layer<0,38,12.973702,77.632325,,,-1,,
1103080132,1103080132,Road No. 12,living_street,underpass,layer<0,46,12.973385,77.636277,,,-1,,
1103080135,1103080135,,residential,underpass,layer<0,34,12.974988,77.633721,,,-1,,
1103081059,1103081059,,residential,underpass,layer<0,32,12.976645,77.631887,,,-1,,
1103082562-x1,1103082562,,residential,dip,waterway_crossing,46,13.00601,77.602504,,,,,drain:C200#39100506
1103087821,1103087821,,residential,underpass,layer<0,31,12.907977,77.649856,,,-1,,
1103087826,1103087826,,residential,underpass,layer<0,139,12.906639,77.646576,,,-1,,
1103089111,1103089111,,residential,underpass,layer<0,30,12.9061,77.64576,,,-1,,
1103089117,1103089117,,residential,underpass,layer<0,66,12.905298,77.647708,,,-1,,
1103089119,1103089119,,residential,underpass,layer<0,61,12.90523,77.648093,,,-1,,
1103089120,1103089120,,residential,underpass,layer<0,59,12.905168,77.648508,,,-1,,
1103089131,1103089131,,residential,underpass,layer<0,26,12.904541,77.641886,,,-1,,
1103089132,1103089132,,residential,underpass,layer<0,61,12.904804,77.642085,,,-1,,
1103093299,1103093299,,residential,underpass,layer<0,25,12.904713,77.639104,,,-1,,
1103093300,1103093300,,residential,underpass,layer<0,27,12.904886,77.639643,,,-1,,
1103118664,1103118664,,residential,underpass,layer<0,34,13.049959,77.576365,,,-1,,
1103120466,1103120466,,residential,underpass,layer<0,51,13.043284,77.574756,,,-1,,
1103123491,1103123491,,residential,underpass,layer<0,33,13.04311,77.580379,,,-1,,
1103127531-x1,1103127531,,residential,culvert,waterway_crossing,18,12.83612,77.638458,,,,,stream#1232155648
1103130028,1103130028,,living_street,underpass,layer<0,29,12.989359,77.698458,,,-1,,
1103130033,1103130033,,residential,underpass,layer<0,47,12.988972,77.698197,,,-1,,
1103130035,1103130035,,service,underpass,layer<0,127,12.98594,77.694689,,,-1,,
1103132354,1103132354,,service,underpass,layer<0,153,12.988096,77.709725,,,-1,,
1103132355,1103132355,,service,underpass,layer<0,39,12.988044,77.709559,,,-1,,
1103132356,1103132356,,service,underpass,layer<0,12,12.987948,77.709606,,,-1,,
1103134956,1103134956,,service,underpass,layer<0,131,12.982245,77.694469,,,-1,,
1103142944,1103142944,,residential,underpass,layer<0,34,12.972726,77.696594,,,-1,,
1103143301-x1,1103143301,,residential,culvert,waterway_crossing,59,12.876579,77.643725,,,,,drain#1327601013
1103150884,1103150884,,residential,underpass,layer<0,20,12.862001,77.65516,,,-1,,
1103150885,1103150885,,residential,underpass,layer<0,20,12.861709,77.6551,,,-1,,
1103150886,1103150886,,residential,underpass,layer<0,21,12.861387,77.655046,,,-1,,
1103150888,1103150888,,residential,underpass,layer<0,24,12.861076,77.655021,,,-1,,
1103150889,1103150889,,residential,underpass,layer<0,33,12.862098,77.654485,,,-1,,
1103150900-x1,1103150900,,residential,dip,waterway_crossing,183,12.862276,77.641982,,,,,drain#1443411622
1103150903-x1,1103150903,,residential,dip,waterway_crossing,13,12.861902,77.642159,,,,,drain#1443411622
1103151318-x1,1103151318,,residential,dip,waterway_crossing,25,13.017955,77.597428,,,,,drain:H101#682369896
1103156149,1103156149,,residential,underpass,layer<0,122,12.851628,77.650598,,,-1,,
1103156150,1103156150,,residential,underpass,layer<0,53,12.851567,77.650101,,,-1,,
1103156151,1103156151,,residential,underpass,layer<0,118,12.852141,77.649652,,,-1,,
1103159029-x1,1103159029,,service,dip,waterway_crossing,218,12.855496,77.65455,,,,,ditch#350300586
1103159036,1103159036,,residential,underpass,layer<0,47,12.853554,77.656953,,,-1,,
1103159042,1103159042,,residential,underpass,layer<0,41,12.852469,77.655308,,,-1,,
1103159043,1103159043,,residential,underpass,layer<0,34,12.852526,77.655616,,,-1,,
1103159046,1103159046,,residential,underpass,layer<0,85,12.850798,77.654277,,,-1,,
1103159047,1103159047,,residential,underpass,layer<0,93,12.85164,77.654106,,,-1,,
1103159048,1103159048,Vijay Nivas Road,residential,underpass,layer<0,53,12.850427,77.653043,,,-1,,
1103159051,1103159051,,residential,underpass,layer<0,45,12.850768,77.655512,,,-1,,
1103159052,1103159052,,residential,underpass,layer<0,66,12.851209,77.655611,,,-1,,
1103264138,1103264138,Outer Ring Road,trunk,low_bridge,bridge_over_water,26,13.03785,77.626316,,yes,1,,
1103359283,1103359283,,residential,low_bridge,bridge_over_water,7,13.071589,77.560945,,yes,1,,
1103359285,1103359285,,residential,low_bridge,bridge_over_water,6,13.070028,77.560704,,yes,1,,
1103401542-x1,1103401542,,service,culvert,waterway_crossing,14,12.916654,77.621564,,,,,drain:K204#27994476
1103735386,1103735386,Link Road,primary,low_bridge,bridge_over_water,7,12.993759,77.573966,,yes,1,,
1103752924,1103752924,,residential,low_bridge,bridge_over_water,2,13.014504,77.608376,,yes,1,,
1103769083,1103769083,Netharavathi Road,residential,low_bridge,bridge_over_water,7,12.992062,77.669033,,yes,1,,
1103769085,1103769085,Netharavathi Road,residential,low_bridge,bridge_over_water,7,12.992723,77.668978,,yes,1,,
1103814253,1103814253,5th Cross Road,residential,low_bridge,bridge_over_water,4,12.992781,77.663038,,yes,1,,
1103814255,1103814255,Nagavarapalaya Main Road,secondary,low_bridge,bridge_over_water,6,12.992523,77.663842,,yes,1,,
1104587947,1104587947,,residential,low_bridge,bridge_over_water,6,12.953111,77.524256,,yes,1,,
1104590751,1104590751,Devasandra Main road,secondary,low_bridge,bridge_over_water,6,13.004534,77.705117,,yes,1,,
1104608216,1104608216,,residential,low_bridge,bridge_over_water,7,12.965757,77.555117,,yes,1,,
1104608218,1104608218,,residential,low_bridge,bridge_over_water,6,12.966058,77.555621,,yes,1,,
1104608220,1104608220,,residential,low_bridge,bridge_over_water,20,12.966004,77.556628,,yes,1,,
1104608222,1104608222,,residential,low_bridge,bridge_over_water,6,12.96604,77.556902,,yes,1,,
1104608814,1104608814,,service,low_bridge,bridge_over_water,2,12.99034,77.724041,,yes,1,,
1104611474,1104611474,,residential,low_bridge,bridge_over_water,8,12.967015,77.672693,,yes,1,,
1104613494,1104613494,,primary,low_bridge,bridge_over_water,21,12.990529,77.571728,,yes,1,,
1104613496,1104613496,Railway Platform Road,primary,low_bridge,bridge_over_water,24,12.990479,77.571699,,yes,1,,
1104613501,1104613501,MLA Office Road,residential,low_bridge,bridge_over_water,13,12.991036,77.572202,,yes,1,,
1104615179,1104615179,,residential,low_bridge,bridge_over_water,7,13.011898,77.714152,,yes,1,,
1104615186,1104615186,,residential,low_bridge,bridge_over_water,7,13.019407,77.537923,,yes,1,,
1104615187,1104615187,,residential,low_bridge,bridge_over_water,5,13.019713,77.537981,,yes,1,,
1104615441,1104615441,,residential,low_bridge,bridge_over_water,7,12.903589,77.548641,,yes,1,,
1104615939,1104615939,,residential,low_bridge,bridge_over_water,17,13.030631,77.655519,,yes,1,,
1104615941,1104615941,Horamavu Agara Main Road,tertiary,low_bridge,bridge_over_water,6,13.032952,77.657456,,yes,1,,
1104617515,1104617515,Sankey Road,secondary,low_bridge,bridge_over_water,6,13.007828,77.572652,,yes,1,,
1104617517,1104617517,Sankey Road,secondary,low_bridge,bridge_over_water,8,13.007851,77.572734,,yes,1,,
1104617634,1104617634,,residential,low_bridge,bridge_over_water,29,12.968242,77.549653,,yes,1,,
1104617636,1104617636,,residential,low_bridge,bridge_over_water,32,12.970276,77.551619,,yes,1,,
1104617637,1104617637,,residential,low_bridge,bridge_over_water,26,12.970841,77.552503,,yes,1,,
1104617638,1104617638,,residential,low_bridge,bridge_over_water,21,12.97354,77.553879,,yes,1,,
1104617643,1104617643,75th C Cross Road,residential,low_bridge,bridge_over_water,7,12.9781,77.554716,,yes,1,,
1104620497,1104620497,,residential,low_bridge,bridge_over_water,9,12.866021,77.630115,,yes,1,,
1104620499,1104620499,Vittasandra Main Road,tertiary,low_bridge,bridge_over_water,9,12.864899,77.629901,,yes,1,,
1104620500-x1,1104620500,,residential,dip,waterway_crossing,591,12.859895,77.626053,,,,,drain#1424090354
1104620505,1104620505,,residential,low_bridge,bridge_over_water,9,12.855754,77.623099,,yes,1,,
1104620507,1104620507,,residential,low_bridge,bridge_over_water,9,12.854294,77.62309,,yes,1,,
1104622536,1104622536,,tertiary,low_bridge,bridge_over_water,10,12.989136,77.493927,,yes,1,,
1104624597,1104624597,,residential,low_bridge,bridge_over_water,7,12.993859,77.495439,,yes,1,,
1104640810,1104640810,,residential,low_bridge,bridge_over_water,7,13.005362,77.499974,,yes,1,,
1104643330,1104643330,,tertiary,low_bridge,bridge_over_water,12,12.993262,77.494568,,yes,1,,
1104647939,1104647939,,tertiary,low_bridge,bridge_over_water,4,13.042874,77.513631,,yes,1,,
1104649548,1104649548,A Narayanapura Main Road,tertiary,low_bridge,bridge_over_water,7,12.996113,77.677428,,yes,1,,
1104649732,1104649732,Basavanapura Main Road,tertiary,low_bridge,bridge_over_water,4,13.010348,77.703853,,yes,1,,
1104649734,1104649734,,residential,low_bridge,bridge_over_water,5,13.008625,77.704389,,yes,1,,
1104665312,1104665312,,residential,low_bridge,bridge_over_water,7,13.007575,77.629987,,yes,1,,
1104854600,1104854600,,residential,low_bridge,bridge_over_water,8,12.954042,77.524313,,yes,1,,
1104856796,1104856796,3rd Main Road,tertiary,low_bridge,bridge_over_water,29,12.969182,77.517326,,yes,1,,
1104858879,1104858879,,living_street,low_bridge,bridge_over_water,5,12.968216,77.6249,,yes,1,,
1104865857,1104865857,,residential,low_bridge,bridge_over_water,10,12.986073,77.608766,,yes,1,,
1104872914,1104872914,,tertiary,low_bridge,bridge_over_water,4,13.036929,77.553207,,yes,1,,
1104876679,1104876679,,residential,low_bridge,bridge_over_water,7,13.002778,77.704829,,yes,1,,
1104878037,1104878037,,residential,low_bridge,bridge_over_water,9,13.00731,77.535307,,yes,1,,
1104894209,1104894209,,tertiary,low_bridge,bridge_over_water,4,12.997059,77.497805,,yes,1,,
1104894214,1104894214,,residential,low_bridge,bridge_over_water,7,12.997548,77.498242,,yes,1,,
1104894219,1104894219,,residential,low_bridge,bridge_over_water,6,12.995774,77.496858,,yes,1,,
1104896482,1104896482,,tertiary,low_bridge,bridge_over_water,8,12.947706,77.5239,,yes,1,,
1104896486,1104896486,,residential,low_bridge,bridge_over_water,7,12.948619,77.524311,,yes,1,,
1104896490,1104896490,,tertiary,low_bridge,bridge_over_water,7,12.947953,77.524116,,yes,1,,
1104896492,1104896492,,residential,low_bridge,bridge_over_water,7,12.95162,77.524088,,yes,1,,
1104896494,1104896494,,residential,low_bridge,bridge_over_water,7,12.952417,77.524207,,yes,1,,
1104902573,1104902573,,residential,low_bridge,bridge_over_water,22,12.977238,77.4937,,yes,1,,
1104910390,1104910390,,residential,low_bridge,bridge_over_water,6,13.005978,77.704862,,yes,1,,
1104910392,1104910392,,residential,low_bridge,bridge_over_water,7,13.007837,77.704582,,yes,1,,
1104910394,1104910394,,residential,low_bridge,bridge_over_water,4,13.009517,77.703894,,yes,1,,
1104917914,1104917914,Nandini Layout Road,secondary,low_bridge,bridge_over_water,11,13.012303,77.535961,,yes,1,,
1104917916,1104917916,,residential,low_bridge,bridge_over_water,18,13.013214,77.536014,,yes,1,,
1104917920,1104917920,,residential,low_bridge,bridge_over_water,7,13.013976,77.536254,,yes,1,,
1104917922,1104917922,,tertiary,low_bridge,bridge_over_water,7,13.015223,77.536639,,yes,1,,
1104917924,1104917924,Nandini Layout Road,secondary,low_bridge,bridge_over_water,11,13.010358,77.536584,,yes,1,,
1104917928,1104917928,,residential,low_bridge,bridge_over_water,4,13.015624,77.541268,,yes,1,,
1104920156,1104920156,,residential,low_bridge,bridge_over_water,7,13.024743,77.558235,,yes,1,,
1104920158,1104920158,,residential,low_bridge,bridge_over_water,6,13.02443,77.558578,,yes,1,,
1104920160,1104920160,,residential,low_bridge,bridge_over_water,6,13.024352,77.558934,,yes,1,,
1104920162,1104920162,,residential,low_bridge,bridge_over_water,7,13.023078,77.560326,,yes,1,,
1104922154,1104922154,,residential,low_bridge,bridge_over_water,6,13.023803,77.559891,,yes,1,,
1104922156,1104922156,,residential,low_bridge,bridge_over_water,6,13.023776,77.560219,,yes,1,,
1104922158,1104922158,,residential,low_bridge,bridge_over_water,7,13.023435,77.560337,,yes,1,,
1104922160,1104922160,,residential,low_bridge,bridge_over_water,7,13.022798,77.560519,,yes,1,,
1104925198,1104925198,,residential,low_bridge,bridge_over_water,7,12.944829,77.524566,,yes,1,,
1104925571,1104925571,,residential,low_bridge,bridge_over_water,6,13.040288,77.488426,,yes,1,,
1104925573-x1,1104925573,Tippenahalli Main Road,tertiary,dip,waterway_crossing,634,13.036238,77.486427,,,,,drain#1376522727
1104925574,1104925574,Chikkabidarakallu Main Road,residential,low_bridge,bridge_over_water,6,13.038028,77.484353,,yes,1,,
1104925576,1104925576,Chikkabidarakallu Main Road,residential,low_bridge,bridge_over_water,7,13.039702,77.48479,,yes,1,,
1105104342,1105104342,7th Main Road,residential,low_bridge,bridge_over_water,7,12.969621,77.547444,,yes,1,,
1105131085,1105131085,Hennur Bagalur Main Road,primary,low_bridge,bridge_over_water,7,13.1245,77.668121,,yes,1,,
1105131385,1105131385,11th Main Road,tertiary,low_bridge,bridge_over_water,7,13.013546,77.499754,,yes,1,,
1105131387,1105131387,11th Main Road,tertiary,low_bridge,bridge_over_water,9,13.015207,77.500987,,yes,1,,
1105131389,1105131389,11th Main Road,tertiary,low_bridge,bridge_over_water,7,13.016225,77.501656,,yes,1,,
1105132233,1105132233,,residential,low_bridge,bridge_over_water,8,13.014546,77.521537,,yes,1,,
1105155677,1105155677,Sirur Park Road,residential,low_bridge,bridge_over_water,9,12.992136,77.572847,,yes,1,,
1105179121,1105179121,Begur Road,secondary,low_bridge,bridge_over_water,6,12.893684,77.6258,,yes,1,,
1105192962,1105192962,Pottery Lane,tertiary,low_bridge,bridge_over_water,7,13.003664,77.605853,,yes,1,,
1105192963-x1,1105192963,Pottery Lane,tertiary,dip,waterway_crossing,258,13.002506,77.60905,,,,,drain:C200#396678895
1105194449,1105194449,,residential,low_bridge,bridge_over_water,7,12.961991,77.52679,,yes,1,,
1105198823,1105198823,,residential,low_bridge,bridge_over_water,7,13.017847,77.588952,,yes,1,,
1105198826,1105198826,,residential,low_bridge,bridge_over_water,8,13.018515,77.589728,,yes,1,,
1105198831,1105198831,,residential,low_bridge,bridge_over_water,7,13.019758,77.59099,,yes,1,,
1105198835,1105198835,6th Main Road,residential,low_bridge,bridge_over_water,7,13.021832,77.59082,,yes,1,,
1105198839,1105198839,3rd Main Road,residential,low_bridge,bridge_over_water,7,13.02261,77.590395,,yes,1,,
1105202118,1105202118,,residential,low_bridge,bridge_over_water,9,12.97807,77.525989,,yes,1,,
1105225043,1105225043,100 Feet Road,secondary,low_bridge,bridge_over_water,12,12.962638,77.479608,,yes,1,,
1105418615,1105418615,,residential,low_bridge,bridge_over_water,4,12.931183,77.59434,,yes,1,,
1105426580,1105426580,,residential,low_bridge,bridge_over_water,7,12.973975,77.505177,,yes,1,,
1105437336,1105437336,19th Main Road,secondary,low_bridge,bridge_over_water,6,12.9151,77.644771,,yes,1,,
1105486325,1105486325,,residential,low_bridge,bridge_over_water,21,12.905054,77.575467,,yes,1,,
1105486330,1105486330,,residential,low_bridge,bridge_over_water,30,12.90421,77.576269,,yes,1,,
1105486333,1105486333,,residential,low_bridge,bridge_over_water,7,12.902222,77.57787,,yes,1,,
1105487754,1105487754,,residential,low_bridge,bridge_over_water,21,12.905049,77.575472,,yes,1,,
1105681422,1105681422,Dr. Rajkumar Underpass,tertiary,underpass,tunnel=yes;layer<0,9,13.008224,77.622714,yes,,-1,,
1105692188-x1,1105692188,,residential,dip,waterway_crossing,67,13.03913,77.48306,,,,,drain#1087826089
1105694326,1105694326,,residential,low_bridge,bridge_over_water,7,13.008769,77.618643,,yes,1,,
1105715131-x1,1105715131,Sarjapura Road,primary,culvert,waterway_crossing,599,12.911629,77.68264,,,,,drain#1112428449
1105727818,1105727818,Chandapura-Dommasandra Main Road,secondary,low_bridge,bridge_over_water,7,12.806032,77.706347,,yes,1,,
1105727825,1105727825,,tertiary,low_bridge,bridge_over_water,13,12.804651,77.700728,,yes,1,,
1105729494,1105729494,,residential,low_bridge,bridge_over_water,5,13.00896,77.619244,,yes,1,,
1105729496,1105729496,,residential,low_bridge,bridge_over_water,11,13.008987,77.619515,,yes,1,,
1105740227-x1,1105740227,,tertiary,culvert,waterway_crossing,7,12.827676,77.682254,,,,,drain#1109924343
1105740229-x1,1105740229,,tertiary,culvert,waterway_crossing,6,12.827687,77.681837,,,,,drain#1109924343
1105763532-x1,1105763532,Service Road,tertiary,dip,waterway_crossing,768,12.902275,77.631635,,,,,drain#236730227
1106788617,1106788617,,residential,low_bridge,bridge_over_water,5,13.01424,77.610826,,yes,1,,
1106824296,1106824296,,residential,low_bridge,bridge_over_water,7,12.962221,77.58107,,yes,1,,
1107284655,1107284655,,track,low_bridge,bridge_over_water,31,13.126895,77.763884,,yes,1,,
1107649408,1107649408,,residential,low_bridge,bridge_over_water,6,13.007284,77.600199,,yes,1,,
1107649410,1107649410,,residential,low_bridge,bridge_over_water,7,13.006983,77.600664,,yes,1,,
1107651138,1107651138,Parking Entry,service,underpass,tunnel=yes;layer<0,23,12.858317,77.540496,yes,,-1,,
1107695400-x1,1107695400,1st Main Road,residential,culvert,waterway_crossing,77,12.928533,77.559499,,,,,drain:V304#41192908
1107695401,1107695401,1st Main Road,residential,low_bridge,bridge_over_water,13,12.927798,77.558279,,yes,1,,
1107695403,1107695403,1st Main Road,residential,low_bridge,bridge_over_water,37,12.928001,77.558686,,yes,1,,
1107695405,1107695405,1st Main Road,residential,low_bridge,bridge_over_water,10,12.928209,77.559142,,yes,1,,
1107697444,1107697444,,service,underpass,tunnel=yes,29,13.04141,77.620629,yes,,,,
1108003236,1108003236,,service,low_bridge,bridge_over_water,11,12.966052,77.613916,,yes,,,
1108462472,1108462472,,residential,low_bridge,bridge_over_water,5,12.924845,77.603674,,yes,1,,
1108465463-x1,1108465463,,residential,dip,waterway_crossing,6,12.958314,77.524872,,,,,drain:V207#38673993
1108470088,1108470088,,residential,low_bridge,bridge_over_water,6,12.965723,77.55497,,yes,1,,
1108470425,1108470425,,service,low_bridge,bridge_over_water,2,12.990034,77.724983,,yes,1,,
1108526008,1108526008,Grover Street,residential,low_bridge,bridge_over_water,8,12.997359,77.618808,,yes,1,,
1108875089,1108875089,PSK Naidu Road,tertiary,low_bridge,bridge_over_water,7,12.992895,77.618851,,yes,1,,
1108878065,1108878065,,service,low_bridge,bridge_over_water,6,12.989789,77.596786,,yes,1,,
1108878068,1108878068,,service,low_bridge,bridge_over_water,6,12.989507,77.597196,,yes,1,,
1108909419,1108909419,,residential,low_bridge,bridge_over_water,5,12.957567,77.555625,,yes,1,,
1108919217,1108919217,Panathur Main Road,tertiary,low_bridge,bridge_over_water,7,12.936447,77.709371,,yes,1,,
1108919996,1108919996,Inner Peripheral Ring Road,primary,low_bridge,bridge_over_water,7,12.939021,77.717391,,yes,1,,
1108929621-x1,1108929621,Balagere Road,tertiary,dip,waterway_crossing,432,12.939256,77.7322,,,,,drain:MD382#1204143826
1108930311,1108930311,Panathur Main Road,tertiary,low_bridge,bridge_over_water,10,12.939304,77.721167,,yes,1,,
1108961355,1108961355,Tank Bund Road,residential,low_bridge,bridge_over_water,7,13.008678,77.632475,,yes,1,,
1108965759,1108965759,17th Cross Road,secondary,low_bridge,bridge_over_water,7,12.911954,77.650582,,yes,1,,
1108977392,1108977392,Vidyaranyapura Road,secondary,low_bridge,bridge_over_water,14,13.073952,77.557191,,yes,1,,
1108977400,1108977400,,residential,low_bridge,bridge_over_water,4,13.079822,77.551499,,yes,1,,
1108977402,1108977402,,residential,low_bridge,bridge_over_water,5,13.07881,77.552537,,yes,1,,
1108977403,1108977403,,residential,low_bridge,bridge_over_water,6,13.081442,77.548722,,yes,1,,
1108977407,1108977407,,residential,low_bridge,bridge_over_water,6,13.079616,77.551723,,yes,1,,
1108977410-x1,1108977410,,residential,culvert,waterway_crossing,6,13.077992,77.552583,,,,,drain#1317567668
1108977412-x1,1108977412,,residential,culvert,waterway_crossing,6,13.077828,77.552927,,,,,drain#1317567194
1108977414-x1,1108977414,,residential,culvert,waterway_crossing,6,13.077534,77.55338,,,,,drain#1317565939
1108977415-x1,1108977415,,residential,dip,waterway_crossing,6,13.074479,77.555952,,,,,drain#1383284348
1108977417-x1,1108977417,,residential,dip,waterway_crossing,6,13.074326,77.556312,,,,,drain#1383284348
1108977420,1108977420,,residential,low_bridge,bridge_over_water,6,13.072648,77.560742,,yes,1,,
1108977422,1108977422,Temple Road,tertiary,low_bridge,bridge_over_water,7,13.071722,77.560529,,yes,1,,
1108977424,1108977424,,residential,low_bridge,bridge_over_water,6,13.07129,77.560853,,yes,1,,
1108977426,1108977426,,residential,low_bridge,bridge_over_water,6,13.070453,77.560801,,yes,1,,
1108977428,1108977428,,residential,low_bridge,bridge_over_water,6,13.070787,77.560875,,yes,1,,
1108977431-x1,1108977431,,secondary,culvert,waterway_crossing,12,13.06886,77.560498,,,,,drain#1274785017
1108981119-x1,1108981119,Vidyaranyapura Road,secondary,culvert,waterway_crossing,7,13.064677,77.559562,,,,,drain#1274785026
1108984250-x1,1108984250,,residential,dip,waterway_crossing,32,13.062997,77.553219,,,,,drain#1274785025
1108987612-x1,1108987612,,tertiary,dip,waterway_crossing,421,12.927351,77.679444,,,,,drain#1243270183
1108993274,1108993274,,residential,low_bridge,bridge_over_water,7,13.064675,77.559455,,yes,1,,
1109188424,1109188424,,tertiary,low_bridge,bridge_over_water,8,12.991467,77.499325,,yes,1,,
1109191939-x1,1109191939,80 Feet Road,secondary,culvert,waterway_crossing,668,12.947744,77.619444,,,,,drain:K113#350053037
1109203995,1109203995,,residential,low_bridge,bridge_over_water,6,13.02229,77.587317,,yes,1,,
1109210611,1109210611,,residential,low_bridge,bridge_over_water,7,13.014657,77.60844,,yes,1,,
1109240345,1109240345,9th Main Road,residential,low_bridge,bridge_over_water,6,12.996081,77.557278,,yes,1,,
1109609898,1109609898,,residential,low_bridge,bridge_over_water,6,13.043283,77.480718,,yes,1,,
1109899425,1109899425,Outer Ring Road,trunk,low_bridge,bridge_over_water,9,12.994348,77.521878,,yes,1,,
1109899429,1109899429,Outer Ring Road,trunk,low_bridge,bridge_over_water,9,12.994218,77.521955,,yes,1,,
1109904944,1109904944,,service,low_bridge,bridge_over_water,13,12.928623,77.636607,,yes,1,,
1109904947,1109904947,,service,low_bridge,bridge_over_water,15,12.928709,77.636339,,yes,1,,
1109913570,1109913570,,residential,low_bridge,bridge_over_water,17,13.048908,77.62815,,yes,1,,
1109918516,1109918516,,residential,low_bridge,bridge_over_water,6,13.004708,77.498452,,yes,1,,
1109921054,1109921054,Narayan Pillai Street,residential,low_bridge,bridge_over_water,11,12.985707,77.609122,,yes,1,,
1109922000-x1,1109922000,,residential,culvert,waterway_crossing,18,12.917525,77.587218,,,,,drain:K209#133134239
1109925804,1109925804,Jumma Masjid Road,tertiary,low_bridge,bridge_over_water,13,12.986826,77.607109,,yes,1,,
1109931380-x1,1109931380,,track,dip,waterway_crossing,59,13.13059,77.651052,,,1,,ditch:BD404#675507287
1109937485,1109937485,Swamy Vivekananda Road,primary,low_bridge,bridge_over_water,25,12.978258,77.628507,,yes,1,,
1109937487,1109937487,Swamy Vivekananda Road,primary,low_bridge,bridge_over_water,22,12.978047,77.628452,,yes,1,,
1109948700-x1,1109948700,Srinagar - Kanyakumari Highway,trunk_link,dip,waterway_crossing,125,12.916476,77.623375,,,,,drain:K209#350053651
1109948700-x2,1109948700,Srinagar - Kanyakumari Highway,trunk_link,culvert,waterway_crossing,125,12.916476,77.623375,,,,,drain:K200#230188170
1109952442,1109952442,5th Main Road,residential,low_bridge,bridge_over_water,7,12.995153,77.558782,,yes,1,,
1109952944,1109952944,,residential,low_bridge,bridge_over_water,6,12.996013,77.557748,,yes,1,,
1109952945,1109952945,,residential,low_bridge,bridge_over_water,6,12.996059,77.557429,,yes,1,,
1109954568,1109954568,,tertiary,low_bridge,bridge_over_water,51,13.086318,77.506105,,yes,1,,
1109957159,1109957159,,track,low_bridge,bridge_over_water,40,13.022854,77.503913,,yes,1,,
1109975015,1109975015,Kundalahalli Main Road,primary,dip,flood_prone=yes,15,12.972343,77.711787,,,,yes,
1109975017,1109975017,Kundalahalli Main Road,primary,dip,flood_prone=yes,16,12.972442,77.711646,,,,yes,
1109976886,1109976886,,primary,low_bridge,bridge_over_water,8,13.161149,77.733789,,yes,1,,
1109984264,1109984264,Hennur Bagalur Main Road,primary,low_bridge,bridge_over_water,6,13.124524,77.668227,,yes,1,,
1110160598,1110160598,,residential,low_bridge,bridge_over_water,9,13.000054,77.515069,,yes,1,,
1110162266,1110162266,Dr. CV Raman Road,trunk,low_bridge,bridge_over_water,7,13.014672,77.572406,,yes,1,,
1110162268,1110162268,Dr. CV Raman Road,trunk,low_bridge,bridge_over_water,7,13.01459,77.572349,,yes,1,,
1110163343,1110163343,Silver Oak Marg,service,low_bridge,bridge_over_water,7,13.017023,77.572406,,yes,1,,
1110163659,1110163659,14th Main Road,secondary,low_bridge,bridge_over_water,22,12.915727,77.638157,,yes,,,
1110163861-x1,1110163861,Service Road,tertiary,dip,waterway_crossing,304,12.91619,77.638604,,,,,drain:K200#152582637
1110164511,1110164511,,tertiary,low_bridge,bridge_over_water,7,13.040589,77.514197,,yes,1,,
1110165764,1110165764,Pipeline Road,tertiary,low_bridge,bridge_over_water,14,12.951297,77.55227,,yes,1,,
1110165770,1110165770,,tertiary,low_bridge,bridge_over_water,7,12.951517,77.544284,,yes,1,,
1110165782-x1,1110165782,Sarjapura Road,primary,culvert,waterway_crossing,55,12.916429,77.673657,,,,,drain#688824202
1110166124,1110166124,,tertiary,low_bridge,bridge_over_water,9,12.994331,77.52173,,yes,1,,
1110166561,1110166561,,tertiary,low_bridge,bridge_over_water,19,12.996755,77.478652,,yes,1,,
1110167575,1110167575,,residential,low_bridge,bridge_over_water,7,12.998905,77.528496,,yes,1,,
1110170663-x1,1110170663,,residential,dip,waterway_crossing,20,13.014,77.676229,,,,,drain#675250080
1110170665,1110170665,,tertiary,low_bridge,bridge_over_water,7,13.012625,77.677186,,yes,1,,
1110178691,1110178691,,service,low_bridge,bridge_over_water,21,13.008083,77.676211,,yes,1,,
1110178693,1110178693,,service,low_bridge,bridge_over_water,13,13.00907,77.677165,,yes,1,,
1110178696,1110178696,Ramamurthinagar Main Road,secondary,low_bridge,bridge_over_water,15,13.011081,77.680682,,yes,1,,
1110178697,1110178697,,residential,low_bridge,bridge_over_water,8,13.011261,77.680245,,yes,1,,
1110183099,1110183099,,residential,low_bridge,bridge_over_water,15,13.012116,77.502981,,yes,1,,
1110183101,1110183101,,residential,low_bridge,bridge_over_water,19,13.013106,77.502392,,yes,1,,
1110183103,1110183103,,residential,low_bridge,bridge_over_water,11,13.013774,77.501922,,yes,1,,
1110183105,1110183105,,residential,low_bridge,bridge_over_water,13,13.014382,77.501649,,yes,1,,
1110183107,1110183107,,residential,low_bridge,bridge_over_water,11,13.014632,77.501191,,yes,1,,
1110183129,1110183129,,residential,low_bridge,bridge_over_water,8,13.038861,77.658474,,yes,1,,
1110183131,1110183131,,tertiary,low_bridge,bridge_over_water,7,13.03787,77.658541,,yes,1,,
1110183235,1110183235,,residential,low_bridge,bridge_over_water,10,12.997466,77.477137,,yes,1,,
1110183364,1110183364,,residential,low_bridge,bridge_over_water,7,12.996669,77.631957,,yes,1,,
1110184686,1110184686,,residential,low_bridge,bridge_over_water,22,13.016212,77.501257,,yes,1,,
1110184688,1110184688,,residential,low_bridge,bridge_over_water,20,13.016088,77.503475,,yes,1,,
1110185469,1110185469,17th Cross Road,residential,low_bridge,bridge_over_water,7,12.927147,77.57071,,yes,1,,
1110186379,1110186379,6th Cross Road,residential,low_bridge,bridge_over_water,9,13.040221,77.674936,,yes,1,,
1110187693-x1,1110187693,,residential,culvert,waterway_crossing,6,13.003149,77.546224,,,,,drain:V203#1110187692
1110187707,1110187707,,residential,low_bridge,bridge_over_water,9,12.997081,77.477335,,yes,1,,
1110190174,1110190174,,service,low_bridge,bridge_over_water,6,13.036821,77.671083,,yes,1,,
1110190188,1110190188,,residential,low_bridge,bridge_over_water,6,13.036932,77.67079,,yes,1,,
1110190190,1110190190,,tertiary,low_bridge,bridge_over_water,5,13.037578,77.67493,,yes,1,,
1110192786-x1,1110192786,,service,dip,waterway_crossing,382,13.034485,77.670483,,,,,stream#1097436276
1110196627,1110196627,15th Cross Road,residential,low_bridge,bridge_over_water,8,12.929352,77.570138,,yes,1,,
1110200952,1110200952,Kalpalli Road,tertiary,low_bridge,bridge_over_water,7,12.994195,77.629643,,yes,1,,
1110200954,1110200954,Kalpalli Road,tertiary,low_bridge,bridge_over_water,7,12.99227,77.639411,,yes,1,,
1110201441,1110201441,,residential,low_bridge,bridge_over_water,6,13.005729,77.670712,,yes,1,,
1110205896,1110205896,,residential,low_bridge,bridge_over_water,12,12.96022,77.65978,,yes,1,,
1110205897,1110205897,,residential,low_bridge,bridge_over_water,8,12.960444,77.658374,,yes,1,,
1110205898,1110205898,6th Cross Road,residential,low_bridge,bridge_over_water,10,12.960558,77.657603,,yes,1,,
1110205899,1110205899,Borewell Colony,residential,low_bridge,bridge_over_water,9,12.960392,77.659788,,yes,1,,
1110231251-x1,1110231251,,residential,dip,waterway_crossing,206,12.878236,77.557833,,,,,stream:Suvarnamukhi#781691089
1110240777,1110240777,80 Feet Road,secondary,low_bridge,bridge_over_water,11,13.026193,77.625423,,yes,1,,
1110247816,1110247816,,residential,low_bridge,bridge_over_water,30,13.036667,77.494953,,yes,1,,
1110247818,1110247818,,tertiary,low_bridge,bridge_over_water,17,13.035636,77.495799,,yes,1,,
1110247822,1110247822,,residential,low_bridge,bridge_over_water,8,13.033756,77.498065,,yes,1,,
1110247824,1110247824,,residential,low_bridge,bridge_over_water,8,13.034329,77.496978,,yes,1,,
1110247825,1110247825,,residential,low_bridge,bridge_over_water,9,13.034191,77.497248,,yes,1,,
1110247827,1110247827,Nagasandra Main Road,tertiary,low_bridge,bridge_over_water,11,13.038266,77.493916,,yes,1,,
1110247828,1110247828,,residential,low_bridge,bridge_over_water,14,13.038525,77.493308,,yes,1,,
1110247829,1110247829,,residential,low_bridge,bridge_over_water,11,13.038455,77.492975,,yes,1,,
1110247830,1110247830,,residential,low_bridge,bridge_over_water,19,13.03883,77.491561,,yes,1,,
1110249517-x1,1110249517,,residential,dip,waterway_crossing,70,12.878482,77.550629,,,,,stream#1314294059
1110249520-x1,1110249520,,residential,culvert,waterway_crossing,79,12.877724,77.550707,,,,,stream#1314294062
1110249521-x1,1110249521,,residential,culvert,waterway_crossing,65,12.877963,77.550575,,,,,stream#1314294060
1110251876,1110251876,,residential,low_bridge,bridge_over_water,7,13.005166,77.493257,,yes,1,,
1110251878,1110251878,,residential,low_bridge,bridge_over_water,9,13.004599,77.497684,,yes,1,,
1110251879,1110251879,,residential,low_bridge,bridge_over_water,7,13.004761,77.498567,,yes,1,,
1110251882,1110251882,,residential,low_bridge,bridge_over_water,6,13.005107,77.499241,,yes,1,,
1110251885,1110251885,,residential,low_bridge,bridge_over_water,6,13.005691,77.50267,,yes,1,,
1110251887,1110251887,,residential,low_bridge,bridge_over_water,7,13.005684,77.501971,,yes,1,,
1110251889,1110251889,,residential,low_bridge,bridge_over_water,11,13.005676,77.501028,,yes,1,,
1110251891,1110251891,,residential,low_bridge,bridge_over_water,7,13.005512,77.500551,,yes,1,,
1110251894,1110251894,,residential,low_bridge,bridge_over_water,6,13.004226,77.496265,,yes,1,,
1110251897,1110251897,,residential,low_bridge,bridge_over_water,7,13.005458,77.49243,,yes,1,,
1110251899,1110251899,,residential,low_bridge,bridge_over_water,7,13.007652,77.491094,,yes,1,,
1110251901,1110251901,Andrahalli Main Road,tertiary,low_bridge,bridge_over_water,6,13.008396,77.489938,,yes,1,,
1110252464,1110252464,7th Main Road,residential,low_bridge,bridge_over_water,5,12.948994,77.617191,,yes,1,,
1110269351,1110269351,,residential,low_bridge,bridge_over_water,13,13.014834,77.500084,,yes,1,,
1110950025,1110950025,,track,low_bridge,bridge_over_water,9,12.832637,77.629552,,yes,1,,
1110957805,1110957805,,residential,low_bridge,bridge_over_water,7,13.037219,77.518062,,yes,1,,
1110957811,1110957811,,residential,low_bridge,bridge_over_water,7,13.038873,77.516481,,yes,1,,
1110957815,1110957815,,residential,low_bridge,bridge_over_water,7,13.039505,77.515608,,yes,1,,
1110963059,1110963059,,residential,low_bridge,bridge_over_water,7,13.009278,77.620058,,yes,1,,
1111004310-x1,1111004310,,residential,dip,waterway_crossing,71,12.852813,77.587036,,,,,drain#1337360137
1111240107-x1,1111240107,,service,dip,waterway_crossing,441,12.889035,77.666339,,,,,drain#350153649
1111251710,1111251710,,residential,low_bridge,bridge_over_water,24,12.823104,77.554747,,yes,1,,
1111251712,1111251712,,residential,low_bridge,bridge_over_water,22,12.825867,77.556179,,yes,1,,
1111252971-x1,1111252971,Kempegowda Road,tertiary,dip,waterway_crossing,365,13.063442,77.609268,,,,,drain#453993419
1111252972,1111252972,Kempegowda Road,tertiary,low_bridge,bridge_over_water,7,13.063383,77.609258,,yes,1,,
1111263528,1111263528,,service,low_bridge,bridge_over_water,6,12.937644,77.709989,,yes,1,,
1111291063,1111291063,,residential,none,tunnel=building_passage,30,12.958816,77.644982,building_passage,,,,
1111488287,1111488287,Amruth Nagar Main Road,tertiary,low_bridge,bridge_over_water,29,13.060143,77.600097,,yes,1,,
1111506442,1111506442,,residential,low_bridge,bridge_over_water,6,12.978362,77.526196,,yes,1,,
1111506445,1111506445,,residential,low_bridge,bridge_over_water,10,12.978732,77.526837,,yes,1,,
1111676044,1111676044,,residential,low_bridge,bridge_over_water,6,13.005742,77.631907,,yes,1,,
1111676046,1111676046,,residential,low_bridge,bridge_over_water,7,13.007518,77.631285,,yes,1,,
1111676977,1111676977,,residential,low_bridge,bridge_over_water,6,13.059329,77.573487,,yes,1,,
1111686460,1111686460,,residential,low_bridge,bridge_over_water,7,12.875627,77.608248,,yes,1,,
1111686508,1111686508,,residential,low_bridge,bridge_over_water,7,13.064746,77.531862,,yes,1,,
1111691465,1111691465,,residential,low_bridge,bridge_over_water,12,13.062678,77.531589,,yes,1,,
1111697525,1111697525,,residential,low_bridge,bridge_over_water,4,13.076439,77.619148,,yes,1,,
1111700694,1111700694,,residential,low_bridge,bridge_over_water,20,13.075035,77.606949,,yes,1,,
1111716896,1111716896,,residential,low_bridge,bridge_over_water,7,13.062162,77.605782,,yes,1,,
1111716899,1111716899,,residential,low_bridge,bridge_over_water,7,13.062209,77.606148,,yes,1,,
1111719669-x1,1111719669,Rachenahalli Main Road,tertiary,dip,waterway_crossing,189,13.05847,77.621702,,,,,drain#403024950
1111728648,1111728648,72nd Cross Road,residential,low_bridge,bridge_over_water,7,12.980928,77.547268,,yes,1,,
1111757869-x1,1111757869,,residential,dip,waterway_crossing,60,13.068407,77.587706,,,,,drain#1366161304
1111781651-x1,1111781651,,residential,dip,waterway_crossing,109,13.012548,77.541392,,,,,drain:V202#94441432
1111935363,1111935363,,service,low_bridge,bridge_over_water,7,13.061243,77.624342,,yes,1,,
1111935797-x1,1111935797,,service,dip,waterway_crossing,126,13.055157,77.646891,,,,,drain:BP191#1148846329
1111935801,1111935801,Hennur Bagalur Road,primary,low_bridge,bridge_over_water,8,13.055109,77.646866,,yes,1,,
1111935803,1111935803,Hennur Bagalur Road,primary,low_bridge,bridge_over_water,7,13.054893,77.646855,,yes,1,,
1111951285-x1,1111951285,,residential,dip,waterway_crossing,68,12.914472,77.683287,,,,,drain#1243260554
1111951457,1111951457,,residential,low_bridge,bridge_over_water,7,12.997758,77.498482,,yes,1,,
1111955028,1111955028,4th Cross Road,residential,low_bridge,bridge_over_water,8,13.018726,77.590376,,yes,1,,
1111955030,1111955030,10th Cross Krishnappa Block,residential,low_bridge,bridge_over_water,7,13.020818,77.591056,,yes,1,,
1111955363,1111955363,,residential,low_bridge,bridge_over_water,7,13.022007,77.590727,,yes,1,,
1111955365,1111955365,,residential,low_bridge,bridge_over_water,7,13.022287,77.590573,,yes,1,,
1111970294,1111970294,,residential,low_bridge,bridge_over_water,6,12.929961,77.56101,,yes,1,,
1111970296,1111970296,Vidya Peetha Main Road,tertiary,low_bridge,bridge_over_water,5,12.930434,77.563692,,yes,1,,
1111970299,1111970299,2nd Main Road,secondary,low_bridge,bridge_over_water,7,12.929928,77.566654,,yes,1,,
1111970301,1111970301,Karantha Road,secondary,low_bridge,bridge_over_water,6,12.929876,77.568074,,yes,1,,
1111970305,1111970305,8th B Main Road,residential,low_bridge,bridge_over_water,6,12.929793,77.56932,,yes,1,,
1111971561,1111971561,,residential,low_bridge,bridge_over_water,5,12.99629,77.497196,,yes,1,,
1111971562-x1,1111971562,,residential,dip,waterway_crossing,94,12.995525,77.49615,,,,,drain#1104894221
1111972334,1111972334,,residential,low_bridge,bridge_over_water,7,12.975945,77.519982,,yes,1,,
1111972335,1111972335,,residential,low_bridge,bridge_over_water,5,12.975888,77.521165,,yes,1,,
1111972339,1111972339,,residential,low_bridge,bridge_over_water,11,12.976071,77.521653,,yes,1,,
1111973307,1111973307,,residential,low_bridge,bridge_over_water,6,13.007987,77.627837,,yes,1,,
1111973310,1111973310,,residential,low_bridge,bridge_over_water,6,13.007929,77.628119,,yes,1,,
1111973791,1111973791,Kalkere Channasandra Main Road,secondary,low_bridge,bridge_over_water,9,13.038308,77.676633,,yes,1,,
1111973793,1111973793,,secondary,low_bridge,bridge_over_water,9,13.038177,77.67663,,yes,1,,
1111976176,1111976176,Pottery Road,tertiary,low_bridge,bridge_over_water,7,13.001311,77.610629,,yes,1,,
1111976178,1111976178,Netaji Road,primary,low_bridge,bridge_over_water,7,13.000788,77.611402,,yes,1,,
1111976180,1111976180,Haines Road,primary,low_bridge,bridge_over_water,7,13.000709,77.61145,,yes,1,,
1111981811,1111981811,,residential,low_bridge,bridge_over_water,6,13.00632,77.517489,,yes,1,,
1111981813,1111981813,,residential,low_bridge,bridge_over_water,7,13.007058,77.517452,,yes,1,,
1111981815,1111981815,,residential,low_bridge,bridge_over_water,7,13.008826,77.517915,,yes,1,,
1111981817,1111981817,,residential,low_bridge,bridge_over_water,7,13.010941,77.519023,,yes,1,,
1111981819,1111981819,,residential,low_bridge,bridge_over_water,6,13.012732,77.518584,,yes,1,,
1111981821,1111981821,,residential,low_bridge,bridge_over_water,7,13.01274,77.518538,,yes,1,,
1111981823,1111981823,1st Main Road,residential,low_bridge,bridge_over_water,7,13.001724,77.517952,,yes,1,,
1111981825,1111981825,,residential,low_bridge,bridge_over_water,7,13.000805,77.51807,,yes,1,,
1111985814,1111985814,Wheeler Road,secondary,low_bridge,bridge_over_water,7,12.995791,77.616884,,yes,1,,
1111985816,1111985816,Wheeler Road,secondary,low_bridge,bridge_over_water,7,12.995874,77.61689,,yes,1,,
1111986065,1111986065,"60 Feet Road, Pattegarara Palya Main Road",tertiary,low_bridge,bridge_over_water,7,12.976574,77.522832,,yes,1,,
1111986069,1111986069,,residential,low_bridge,bridge_over_water,9,12.976105,77.521752,,yes,1,,
1111986071,1111986071,,residential,low_bridge,bridge_over_water,7,12.977516,77.525583,,yes,1,,
1111986178-x1,1111986178,,track,dip,waterway_crossing,479,12.857952,77.625225,,,,,stream#350094192
1111987911,1111987911,,residential,low_bridge,bridge_over_water,37,12.983891,77.689125,,yes,1,,
1111991396,1111991396,,residential,low_bridge,bridge_over_water,7,13.006614,77.601476,,yes,1,,
1111991397,1111991397,,residential,low_bridge,bridge_over_water,4,13.006029,77.602472,,yes,1,,
1111991400,1111991400,,residential,low_bridge,bridge_over_water,10,13.005719,77.603418,,yes,1,,
1111991402,1111991402,,residential,low_bridge,bridge_over_water,7,13.00545,77.603928,,yes,1,,
1111991404,1111991404,,residential,low_bridge,bridge_over_water,7,13.005578,77.604445,,yes,1,,
1111991406,1111991406,,residential,low_bridge,bridge_over_water,7,13.005348,77.605235,,yes,1,,
1111991408,1111991408,,residential,low_bridge,bridge_over_water,9,13.004725,77.605604,,yes,1,,
1111991409,1111991409,,residential,low_bridge,bridge_over_water,7,13.004191,77.606002,,yes,1,,
1111992484,1111992484,,residential,low_bridge,bridge_over_water,9,13.033033,77.677071,,yes,1,,
1111993397,1111993397,,service,low_bridge,bridge_over_water,11,12.853227,77.623081,,yes,1,,
1111997112,1111997112,,residential,low_bridge,bridge_over_water,11,12.974112,77.504856,,yes,1,,
1111998308,1111998308,,residential,low_bridge,bridge_over_water,7,13.007561,77.534992,,yes,1,,
1112000284,1112000284,,residential,low_bridge,bridge_over_water,9,13.044363,77.501961,,yes,1,,
1112000286,1112000286,,residential,low_bridge,bridge_over_water,7,13.04302,77.505673,,yes,1,,
1112000288,1112000288,,residential,low_bridge,bridge_over_water,7,13.043072,77.506925,,yes,1,,
1112002101,1112002101,,residential,low_bridge,bridge_over_water,7,12.903476,77.554646,,yes,1,,
1112003836,1112003836,,residential,low_bridge,bridge_over_water,3,12.991335,77.49345,,yes,1,,
1112003837-x1,1112003837,,secondary,culvert,waterway_crossing,243,12.98894,77.492678,,,,,drain#1111006300
1112003838,1112003838,,secondary,low_bridge,bridge_over_water,21,12.989746,77.49271,,yes,1,,
1112003842,1112003842,,secondary,low_bridge,bridge_over_water,7,12.990695,77.489468,,yes,1,,
1112004377,1112004377,,residential,low_bridge,bridge_over_water,6,13.022189,77.587596,,yes,1,,
1112004379,1112004379,,residential,low_bridge,bridge_over_water,14,13.022191,77.587604,,yes,1,,
1112006567,1112006567,,residential,low_bridge,bridge_over_water,5,12.918918,77.545183,,yes,1,,
1112006570,1112006570,,residential,low_bridge,bridge_over_water,6,12.920969,77.555678,,yes,1,,
1112006572,1112006572,,residential,low_bridge,bridge_over_water,5,12.920445,77.55767,,yes,1,,
1112430286-x1,1112430286,Varthur - Sarjapur Road,primary,culvert,waterway_crossing,743,12.918412,77.736774,,,,,drain#1499661041
1112430286-x2,1112430286,Varthur - Sarjapur Road,primary,dip,waterway_crossing,743,12.914254,77.739105,,,,,drain#1364937268
1112430291-x1,1112430291,Varthur Lake Road,primary,culvert,waterway_crossing,363,12.956492,77.745389,,,,,stream#1087678573
1112839808-x1,1112839808,,service,culvert,waterway_crossing,103,12.995312,77.655073,,,,,drain#1354126747
1112864379-x1,1112864379,,unclassified,culvert,waterway_crossing,67,12.971136,77.718832,,,,,drain#414833862
1112867993,1112867993,Swayam Krishi Farm,residential,low_bridge,bridge_over_water,6,12.82341,77.595508,,yes,1,,
1112876484,1112876484,Swayam Krishi Farm,residential,low_bridge,bridge_over_water,6,12.815291,77.593072,,yes,1,,
1112876486,1112876486,,residential,low_bridge,bridge_over_water,5,12.81612,77.59085,,yes,1,,
1112876488,1112876488,,residential,low_bridge,bridge_over_water,5,12.816322,77.590538,,yes,1,,
1112878974-x1,1112878974,,residential,dip,waterway_crossing,100,12.825165,77.69075,,,,,drain#1092941869
1112901049,1112901049,Gear School road,secondary,low_bridge,bridge_over_water,9,12.90979,77.697026,,yes,1,,
1113213900,1113213900,,residential,low_bridge,bridge_over_water,20,13.043547,77.491375,,yes,1,,
1113214027,1113214027,,service,low_bridge,bridge_over_water,5,12.991717,77.626203,,yes,1,,
1113214028,1113214028,,service,low_bridge,bridge_over_water,6,12.991955,77.627303,,yes,1,,
1113226414,1113226414,,residential,low_bridge,bridge_over_water,7,13.008488,77.617773,,yes,1,,
1113226416,1113226416,,residential,low_bridge,bridge_over_water,7,13.008487,77.61824,,yes,1,,
1113226417,1113226417,,residential,low_bridge,bridge_over_water,5,13.009385,77.620339,,yes,1,,
1113226422,1113226422,7th Cross Road,residential,low_bridge,bridge_over_water,7,13.011303,77.622143,,yes,1,,
1113226424,1113226424,,residential,low_bridge,bridge_over_water,4,13.011645,77.622143,,yes,1,,
1113226425,1113226425,,residential,low_bridge,bridge_over_water,5,13.011945,77.622183,,yes,1,,
1113226428,1113226428,,residential,low_bridge,bridge_over_water,7,13.0126,77.622425,,yes,1,,
1113226430,1113226430,15th Cross Road,residential,low_bridge,bridge_over_water,6,13.013178,77.622599,,yes,1,,
1113226431-x1,1113226431,,residential,dip,waterway_crossing,52,13.014287,77.623021,,,,,drain:H304#172954285
1113226433,1113226433,,residential,low_bridge,bridge_over_water,4,13.014711,77.623237,,yes,1,,
1113229561,1113229561,,residential,low_bridge,bridge_over_water,7,12.998064,77.498703,,yes,1,,
1113230033,1113230033,,residential,low_bridge,bridge_over_water,9,12.996851,77.478131,,yes,1,,
1113230390,1113230390,,residential,low_bridge,bridge_over_water,9,13.000271,77.514161,,yes,1,,
1113230392,1113230392,,residential,low_bridge,bridge_over_water,9,13.000148,77.513271,,yes,1,,
1113230394,1113230394,Pipeline Road,tertiary,low_bridge,bridge_over_water,12,12.996834,77.520225,,yes,1,,
1113230396,1113230396,,tertiary,low_bridge,bridge_over_water,9,12.994174,77.52205,,yes,1,,
1113235301,1113235301,,service,low_bridge,bridge_over_water,5,12.998121,77.529292,,yes,1,,
1113252077-x1,1113252077,,residential,dip,waterway_crossing,122,13.090719,77.593834,,,,,drain#403024947
1113267053-x1,1113267053,Peenya Inner Ring Road,secondary,dip,waterway_crossing,533,13.035834,77.518186,,,,,drain#674181134
1113267980,1113267980,,residential,low_bridge,bridge_over_water,7,12.837097,77.639463,,yes,1,,
1113275650-x1,1113275650,Jakkur Road,tertiary,dip,waterway_crossing,458,13.09542,77.600419,,,,,stream:BP163#1182951668
1113282100,1113282100,,residential,low_bridge,bridge_over_water,17,12.938183,77.711837,,yes,1,,
1113296765,1113296765,,tertiary,low_bridge,bridge_over_water,36,12.959742,77.515185,,yes,1,,
1113296767,1113296767,,tertiary,low_bridge,bridge_over_water,30,12.959869,77.515637,,yes,1,,
1113298074-x1,1113298074,,service,culvert,waterway_crossing,112,12.954999,77.725886,,,,,drain#350281358
1113300509-x1,1113300509,,tertiary,dip,waterway_crossing,8,13.03229,77.553701,,,,,drain:H200#46918823
1113300509-x2,1113300509,,tertiary,dip,waterway_crossing,8,13.03229,77.553701,,,,,drain:H200#1165379280
1113300511-x1,1113300511,,tertiary,dip,waterway_crossing,10,13.032244,77.553623,,,,,drain:H200#1165379280
1113300511-x2,1113300511,,tertiary,dip,waterway_crossing,10,13.032244,77.553623,,,,,drain:H200#46918823
1113308168,1113308168,Gandhi Marg,secondary,low_bridge,bridge_over_water,7,12.949251,77.511686,,yes,1,,
1113514403,1113514403,2nd Cross Road,residential,low_bridge,bridge_over_water,7,13.017591,77.588893,,yes,1,,
1113514405,1113514405,,residential,low_bridge,bridge_over_water,7,13.01732,77.588712,,yes,1,,
1113514407,1113514407,2nd Cross Road,residential,low_bridge,bridge_over_water,7,13.018096,77.589212,,yes,1,,
1113514409,1113514409,,residential,low_bridge,bridge_over_water,7,13.018334,77.589461,,yes,1,,
1113520445,1113520445,,residential,low_bridge,bridge_over_water,6,13.00774,77.629041,,yes,1,,
1113522070,1113522070,,residential,low_bridge,bridge_over_water,6,13.005786,77.530319,,yes,1,,
1113522836,1113522836,,residential,low_bridge,bridge_over_water,7,13.016188,77.624039,,yes,1,,
1113522838,1113522838,,residential,low_bridge,bridge_over_water,7,13.015937,77.623938,,yes,1,,
1113522840,1113522840,,residential,low_bridge,bridge_over_water,4,13.015688,77.623768,,yes,1,,
1113522841,1113522841,,residential,low_bridge,bridge_over_water,4,13.0153,77.623585,,yes,1,,
1113522844,1113522844,,residential,low_bridge,bridge_over_water,4,13.015059,77.623442,,yes,1,,
1113522845,1113522845,,residential,low_bridge,bridge_over_water,4,13.014874,77.623333,,yes,1,,
1113534456,1113534456,Lakshmipura Main Road,secondary,low_bridge,bridge_over_water,14,13.015873,77.467388,,yes,1,,
1113554899,1113554899,,residential,underpass,tunnel=yes;layer<0,12,13.035926,77.476061,yes,,-1,,
1113554901,1113554901,,residential,underpass,tunnel=yes;layer<0,18,13.035932,77.475848,yes,,-1,,
1113559582-x1,1113559582,,secondary,dip,waterway_crossing,68,13.02804,77.620604,,,,,drain:Drain#350182320
1113580563-x1,1113580563,,service,dip,waterway_crossing,308,12.965362,77.689255,,,,,drain#799422490
1113591115-x1,1113591115,,residential,culvert,waterway_crossing,15,12.971002,77.68932,,,,,drain#1313195931
1113591117,1113591117,,residential,low_bridge,bridge_over_water,7,12.969686,77.689206,,yes,1,,
1113602719,1113602719,,residential,low_bridge,bridge_over_water,47,12.92459,77.457092,,yes,1,,
1113604701-x1,1113604701,,residential,dip,waterway_crossing,196,12.92399,77.44698,,,,,stream#1120291642
1113615967,1113615967,,residential,low_bridge,bridge_over_water,4,13.056027,77.470213,,yes,1,,
1114792993-x1,1114792993,,unclassified,culvert,waterway_crossing,178,13.059189,77.476026,,,,,drain#1287270771
1114800448,1114800448,2nd Main Road,residential,dip,flood_prone=yes,64,12.909554,77.687087,,,,yes,
1114804827,1114804827,,residential,low_bridge,bridge_over_water,9,12.865137,77.548025,,yes,1,,
1114804831,1114804831,,residential,low_bridge,bridge_over_water,9,12.868645,77.550577,,yes,1,,
1114825196,1114825196,3rd Main road,residential,low_bridge,bridge_over_water,6,12.978306,77.504157,,yes,1,,
1114825382,1114825382,,track,low_bridge,bridge_over_water,8,13.05216,77.476819,,yes,1,,
1114855809,1114855809,,track,low_bridge,bridge_over_water,7,12.908994,77.458007,,yes,1,,
1114886314-x1,1114886314,,track,culvert,waterway_crossing,1157,12.951906,77.454493,,,,,drain#1308088280
1114893392,1114893392,,residential,low_bridge,bridge_over_water,14,12.964237,77.457238,,yes,1,,
1114893396,1114893396,,residential,low_bridge,bridge_over_water,24,12.964659,77.457999,,yes,1,,
1114893399,1114893399,,track,low_bridge,bridge_over_water,20,12.958278,77.459501,,yes,1,,
1114974113,1114974113,,residential,low_bridge,bridge_over_water,5,12.955033,77.524358,,yes,1,,
1115130310-x1,1115130310,,residential,culvert,waterway_crossing,26,13.054316,77.669718,,,,,drain#1474062415
1115132866-x1,1115132866,,residential,dip,waterway_crossing,80,13.057615,77.494588,,,,,drain#1281206624
1115142410,1115142410,,residential,low_bridge,bridge_over_water,7,12.802859,77.603546,,yes,1,,
1115143025,1115143025,,tertiary,low_bridge,bridge_over_water,4,12.807257,77.602109,,yes,1,,
1115145732,1115145732,,residential,low_bridge,bridge_over_water,5,13.009766,77.63196,,yes,1,,
1115145733,1115145733,,residential,low_bridge,bridge_over_water,9,13.010854,77.630967,,yes,1,,
1115145736,1115145736,,residential,low_bridge,bridge_over_water,3,13.01046,77.631299,,yes,1,,
1115145738,1115145738,Sadashiva Temple Road,residential,low_bridge,bridge_over_water,7,13.010468,77.631238,,yes,1,,
1115145740,1115145740,Balakrishnaappa Main Road,tertiary,low_bridge,bridge_over_water,7,13.005368,77.631842,,yes,1,,
1115146868,1115146868,,residential,low_bridge,bridge_over_water,13,13.013314,77.481364,,yes,1,,
1115167849,1115167849,,residential,low_bridge,bridge_over_water,11,12.975982,77.518803,,yes,1,,
1115169666,1115169666,Thirumalapura Main Road,residential,low_bridge,bridge_over_water,7,13.041818,77.481729,,yes,1,,
1115169668,1115169668,,residential,low_bridge,bridge_over_water,12,13.044184,77.479855,,yes,1,,
1115169670,1115169670,,residential,low_bridge,bridge_over_water,11,13.043681,77.480034,,yes,1,,
1115399975-x1,1115399975,,service,dip,waterway_crossing,220,12.970804,77.609037,,,,,drain:K103#1092674470
1115912608-x1,1115912608,,residential,dip,waterway_crossing,378,13.069549,77.508828,,,,,drain#383572769
1115920155,1115920155,,residential,low_bridge,bridge_over_water,7,13.074524,77.511073,,yes,1,,
1115923402-x1,1115923402,,residential,dip,waterway_crossing,379,13.064347,77.513351,,,,,drain#1381021041
1115938370-x1,1115938370,,service,dip,waterway_crossing,86,12.891121,77.512225,,,,,drain#1189440579
1115970064,1115970064,,residential,low_bridge,bridge_over_water,6,13.079521,77.540211,,yes,1,,
1115970809-x1,1115970809,,service,culvert,waterway_crossing,7,13.080014,77.538488,,,,,drain#1371969754
1115971458-x1,1115971458,,service,culvert,waterway_crossing,62,13.10474,77.600523,,,,,stream#1237217495
1115973164-x1,1115973164,,service,culvert,waterway_crossing,61,13.107177,77.601894,,,,,stream#1245778215
1115995665-x1,1115995665,,residential,dip,waterway_crossing,51,13.022404,77.718197,,,,,drain#1523892161
1115998576,1115998576,,residential,low_bridge,bridge_over_water,18,13.020853,77.716552,,yes,1,,
1116040560,1116040560,Old Madras Road,trunk,low_bridge,bridge_over_water,93,13.06562,77.776094,,yes,1,,
1116040561,1116040561,Old Madras Road,trunk,low_bridge,bridge_over_water,94,13.064902,77.775629,,yes,1,,
1116040562,1116040562,,tertiary,low_bridge,bridge_over_water,103,13.064781,77.775679,,yes,1,,
1116040563,1116040563,,tertiary,low_bridge,bridge_over_water,97,13.065721,77.776009,,yes,1,,
1116161373,1116161373,,tertiary,low_bridge,bridge_over_water,11,12.831705,77.575044,,yes,1,,
1116175491-x1,1116175491,,residential,culvert,waterway_crossing,97,13.013217,77.713993,,,,,drain#679270107
1116231974,1116231974,Chokkanahalli Road,tertiary,low_bridge,bridge_over_water,8,13.0857,77.6302,,yes,1,,
1116231976,1116231976,,residential,low_bridge,bridge_over_water,7,13.086638,77.629911,,yes,1,,
1116231978,1116231978,,residential,low_bridge,bridge_over_water,6,13.086839,77.629749,,yes,1,,
1116255769,1116255769,Sarjapura Road,primary,low_bridge,bridge_over_water,8,12.895757,77.722073,,yes,1,,
1116256380,1116256380,Embassy Golf Links Road,tertiary,low_bridge,bridge_over_water,8,12.947271,77.649409,,yes,1,,
1116257986,1116257986,,residential,low_bridge,bridge_over_water,4,12.89802,77.721437,,yes,1,,
1116257991,1116257991,,residential,low_bridge,bridge_over_water,9,12.903028,77.718887,,yes,1,,
1116257994-x1,1116257994,,service,dip,waterway_crossing,35,12.903579,77.71926,,,,,drain#1116257992
1116429745,1116429745,,service,underpass,layer<0,237,12.859287,77.544961,,,-1,,
1116436302-x1,1116436302,,track,dip,waterway_crossing,214,13.053714,77.675031,,,,,drain#1243740770
1116498213-x1,1116498213,,residential,dip,waterway_crossing,150,12.851687,77.686243,,,,,drain#1420326321
1116502991-x1,1116502991,Kumbena Agrahara Main Road,tertiary,culvert,waterway_crossing,670,12.996063,77.726234,,,,,drain:MD284#1184442660
1116502992,1116502992,Kumbena Agrahara Main Road,tertiary,low_bridge,bridge_over_water,7,12.99697,77.731467,,yes,1,,
1116747161,1116747161,80 Feet Main Road,primary,low_bridge,bridge_over_water,23,13.015587,77.627702,,yes,1,,
1117545710,1117545710,,service,underpass,layer<0,194,12.986725,77.726758,,,-1,,
1118212361,1118212361,,service,low_bridge,bridge_over_water,30,12.962934,77.720172,,yes,1,,
1118212363,1118212363,,service,low_bridge,bridge_over_water,4,12.961962,77.720506,,yes,1,,
1118212364,1118212364,,residential,low_bridge,bridge_over_water,5,12.961739,77.720495,,yes,1,,
1118212366,1118212366,,residential,low_bridge,bridge_over_water,5,12.960872,77.722599,,yes,1,,
1118321308-x1,1118321308,,residential,dip,waterway_crossing,82,12.943388,77.782621,,,,,drain#1092941884
1118321310-x1,1118321310,,residential,dip,waterway_crossing,64,12.943863,77.783076,,,,,drain#1092941884
1118946157,1118946157,,residential,low_bridge,bridge_over_water,40,12.894569,77.530452,,yes,,,
1119328367,1119328367,,residential,low_bridge,bridge_over_water,15,13.069839,77.607974,,yes,1,,
1119585063-x1,1119585063,,residential,culvert,waterway_crossing,440,13.101707,77.559708,,,,,drain#1299139266
1119760950,1119760950,Kogilu-Sampigehalli Road,tertiary,low_bridge,bridge_over_water,5,13.076668,77.617688,,yes,1,,
1119761081,1119761081,,service,low_bridge,bridge_over_water,7,13.015217,77.685821,,yes,1,,
1119761146,1119761146,Subramanyapura Main Road,tertiary,low_bridge,bridge_over_water,49,12.893179,77.543198,,yes,1,,
1119761169,1119761169,,residential,low_bridge,bridge_over_water,7,12.902034,77.544469,,yes,1,,
1119761215,1119761215,,residential,low_bridge,bridge_over_water,10,13.175794,77.697769,,yes,1,,
1119761785,1119761785,NICE Road,motorway,low_bridge,bridge_over_water,7,13.016067,77.475984,,yes,1,,
1119761787,1119761787,NICE Road,motorway,low_bridge,bridge_over_water,6,13.016,77.476161,,yes,1,,
1120291630-x1,1120291630,,tertiary,culvert,waterway_crossing,1399,12.910754,77.436602,,,,,drain#1229217652
1120291641,1120291641,,tertiary,low_bridge,bridge_over_water,33,12.919425,77.447115,,yes,1,,
1121672663-x1,1121672663,,residential,dip,waterway_crossing,84,13.022195,77.586515,,,,,drain:H104#42395498
1121998969,1121998969,Outer Ring Road,tertiary,dip,flood_prone=yes,61,12.945403,77.527792,,,,yes,
1121998971,1121998971,Outer Ring Road,tertiary,dip,flood_prone=yes,12,12.945201,77.528313,,,,yes,
1122262988-x1,1122262988,,residential,culvert,waterway_crossing,263,13.147319,77.572521,,,,,drain#1286741557
1122277232,1122277232,,residential,low_bridge,bridge_over_water,14,13.038847,77.67509,,yes,1,,
1122557627-x1,1122557627,Kadabeesanahalli Main Road,primary,culvert,waterway_crossing,116,12.92644,77.728715,,,,,drain:MD382#1092680611
1122561049-x1,1122561049,,service,culvert,waterway_crossing,54,12.956782,77.746018,,,,,stream#1087678573
1123787527-x1,1123787527,,residential,culvert,waterway_crossing,66,12.964401,77.745248,,,,,drain#1428210416
1123860063-x1,1123860063,,residential,dip,waterway_crossing,60,12.888146,77.612484,,,,,drain#179122873
1124365932-x1,1124365932,Kankanapalya Road,tertiary,dip,waterway_crossing,237,12.94364,77.581939,,,,,drain:K111#1203712570
1124389602,1124389602,Chunchagatta Main Road,tertiary,low_bridge,bridge_over_water,4,12.880292,77.568171,,yes,1,,
1124389656,1124389656,,residential,low_bridge,bridge_over_water,6,13.00395,77.479574,,yes,1,,
1124616640-x1,1124616640,Srinivagilu Main Road,secondary,culvert,waterway_crossing,737,12.93985,77.625365,,,,,drain:K101#673948788
1124901477,1124901477,,residential,low_bridge,bridge_over_water,7,12.966505,77.567262,,yes,1,,
1125144622,1125144622,,pedestrian,dip,flood_prone=yes,218,12.955185,77.593133,,,,yes,
1127960148-x1,1127960148,,residential,culvert,waterway_crossing,406,13.009117,77.745865,,,,,drain#1323134847
1127960148-x2,1127960148,,residential,culvert,waterway_crossing,406,13.007006,77.746137,,,,,drain:MD287#1323134849
1132693756,1132693756,,tertiary,low_bridge,bridge_over_water,13,12.952521,77.486372,,yes,1,,
1133433941,1133433941,,residential,low_bridge,bridge_over_water,3,12.934353,77.527408,,yes,1,,
1133891552,1133891552,KIAL T2 Exit Road,primary,underpass,tunnel=yes;layer<0,91,13.197503,77.712121,yes,,-1,,
1134491877,1134491877,,unclassified,low_bridge,bridge_over_water,9,12.970392,77.718701,,yes,1,,
1134693130,1134693130,,track,low_bridge,bridge_over_water,7,13.01628,77.471889,,yes,1,,
1134693136,1134693136,,track,low_bridge,bridge_over_water,6,13.016073,77.475704,,yes,1,,
1134731962,1134731962,C No.5th Street,residential,underpass,layer<0,23,12.985497,77.603165,,,-1,,
1134733796,1134733796,Mosque Road,tertiary,low_bridge,bridge_over_water,6,12.998063,77.615009,,yes,1,,
1134733798,1134733798,Mosque Road,tertiary,low_bridge,bridge_over_water,6,12.997988,77.615029,,yes,1,,
1135874169,1135874169,Suranjandas Road Underpass,primary,underpass,tunnel=yes;layer<0,52,12.958358,77.666552,yes,,-1,,
1135874172,1135874172,Suranjandas Road Underpass,primary,underpass,tunnel=yes;layer<0,52,12.958375,77.666066,yes,,-1,,
1136281758-x1,1136281758,Rest House Road,residential,dip,waterway_crossing,191,12.97245,77.605605,,,,,drain:K103#1092674470
1137321952-x1,1137321952,,residential,dip,waterway_crossing,46,12.802082,77.62186,,,,,ditch#1229014737
1137981502,1137981502,,residential,low_bridge,bridge_over_water,7,13.102248,77.607191,,yes,1,,
1137981504,1137981504,,residential,low_bridge,bridge_over_water,5,13.102267,77.607472,,yes,1,,
1144586279-x1,1144586279,Lake Point Tower Avenue,tertiary,culvert,waterway_crossing,232,12.868379,77.634401,,,,,drain#797252891
1146865108-x1,1146865108,Service Road,tertiary,dip,waterway_crossing,1501,12.927665,77.679639,,,,,drain#1243270183
1146865108-x2,1146865108,Service Road,tertiary,dip,waterway_crossing,1501,12.928665,77.681753,,,,,drain#350098026
1148404428-x1,1148404428,,residential,culvert,waterway_crossing,110,12.878478,77.632461,,,,,drain#796870512
1148417977,1148417977,,residential,low_bridge,bridge_over_water,4,12.897944,77.66038,,yes,1,,
1148417979,1148417979,,residential,low_bridge,bridge_over_water,7,12.897823,77.661427,,yes,1,,
1148434411,1148434411,1st Main Road,residential,low_bridge,bridge_over_water,4,12.976741,77.632248,,yes,1,,
1148434413-x1,1148434413,Chinmaya Mission Hospital Road,secondary,dip,waterway_crossing,4,12.9781,77.632886,,,,,drain:C104#105317892
1148434415,1148434415,Chinmaya Mission Hospital Road,secondary,low_bridge,bridge_over_water,7,12.978194,77.632959,,yes,1,,
1148717633-x1,1148717633,Mysore Road,trunk,dip,waterway_crossing,1197,12.937024,77.520509,,,,,drain:V207#1204456625
1149043354,1149043354,,tertiary,dip,flood_prone=yes,89,13.047443,77.619842,,,,yes,
1150207013,1150207013,,tertiary,low_bridge,bridge_over_water,33,12.919368,77.446802,,yes,1,,
1150343711,1150343711,Inner Peripheral Ring Road,primary,low_bridge,bridge_over_water,28,12.942756,77.718176,,yes,1,,
1150877185-x1,1150877185,80 Feet Road,secondary,dip,waterway_crossing,13,12.935787,77.615212,,,,,drain:K101#673948795
1154162811-x1,1154162811,Mission Road,primary,dip,waterway_crossing,87,12.962278,77.594194,,,,,drain:K109#673640933
1155064213-x1,1155064213,Srinivagilu Main Road,secondary,culvert,waterway_crossing,427,12.939819,77.625485,,,,,drain:K101#673948788
1155241253,1155241253,,service,none,tunnel=building_passage,92,12.895981,77.599459,building_passage,,,,
1155954192,1155954192,Dattatreya Temple Road,tertiary,low_bridge,bridge_over_water,7,12.995498,77.576154,,yes,1,,
1155954526-x1,1155954526,,residential,culvert,waterway_crossing,6,13.037468,77.555307,,,,,drain:H200#1317566196
1155954528-x1,1155954528,,residential,culvert,waterway_crossing,7,13.037436,77.555014,,,,,drain:H200#1317566194
1155954530-x1,1155954530,,residential,culvert,waterway_crossing,7,13.037623,77.555643,,,,,drain:H200#1317566198
1155954532-x1,1155954532,,residential,culvert,waterway_crossing,7,13.037586,77.556089,,,,,drain:H200#1317566199
1155954534,1155954534,,residential,low_bridge,bridge_over_water,6,13.037587,77.556471,,yes,1,,
1155954536,1155954536,,residential,low_bridge,bridge_over_water,6,13.0376,77.55685,,yes,1,,
1155959639,1155959639,Ashok Puram Main Road,tertiary,low_bridge,bridge_over_water,6,13.013072,77.546836,,yes,1,,
1155959675,1155959675,,residential,low_bridge,bridge_over_water,6,13.024909,77.557406,,yes,1,,
1155959676-x1,1155959676,,residential,dip,waterway_crossing,6,13.024854,77.557416,,,,,drain:H200#674362389
1155992257-x1,1155992257,Mohan Kumar Road,tertiary,dip,waterway_crossing,102,13.03236,77.553697,,,,,drain:H200#1165379280
1155992257-x2,1155992257,Mohan Kumar Road,tertiary,dip,waterway_crossing,102,13.032757,77.554335,,,,,drain:H203#1203755358
1156001758-x1,1156001758,,residential,dip,waterway_crossing,205,12.97928,77.546834,,,,,drain:V116#1092672114
1156001759,1156001759,,residential,low_bridge,bridge_over_water,33,12.978783,77.547115,,yes,1,,
1156003376,1156003376,,residential,low_bridge,bridge_over_water,5,12.979517,77.555109,,yes,1,,
1156006320,1156006320,,residential,low_bridge,bridge_over_water,9,12.995155,77.574792,,yes,1,,
1156007220,1156007220,,residential,low_bridge,bridge_over_water,6,13.036854,77.487434,,yes,1,,
1156007222,1156007222,,residential,low_bridge,bridge_over_water,7,13.037084,77.487802,,yes,1,,
1156007224,1156007224,,residential,low_bridge,bridge_over_water,7,13.038151,77.489344,,yes,1,,
1156007435,1156007435,,residential,low_bridge,bridge_over_water,6,12.995631,77.575229,,yes,1,,
1156007437,1156007437,,residential,low_bridge,bridge_over_water,7,12.994414,77.574461,,yes,1,,
1156020677,1156020677,,residential,low_bridge,bridge_over_water,5,12.966597,77.567041,,yes,1,,
1156494507-x1,1156494507,,residential,dip,waterway_crossing,341,12.921547,77.608683,,,,,drain:K205#1203712567
1156524134,1156524134,,residential,low_bridge,bridge_over_water,6,13.085704,77.588283,,yes,1,,
1156535004,1156535004,,residential,low_bridge,bridge_over_water,7,13.015246,77.521118,,yes,1,,
1156552706,1156552706,,residential,low_bridge,bridge_over_water,10,13.088154,77.497884,,yes,1,,
1156552710,1156552710,,residential,low_bridge,bridge_over_water,9,13.089661,77.496069,,yes,1,,
1156552716,1156552716,,tertiary,low_bridge,bridge_over_water,9,13.095251,77.492912,,yes,1,,
1156560778,1156560778,,service,low_bridge,bridge_over_water,7,13.035256,77.518243,,yes,1,,
1156569557,1156569557,Hebbagodi road,tertiary,low_bridge,bridge_over_water,7,12.824991,77.670662,,yes,1,,
1156579115-x1,1156579115,,tertiary,dip,waterway_crossing,161,12.972944,77.572566,,,,,drain:K100#673670438
1156579116-x1,1156579116,Old Taluk Cutchery Road,tertiary,dip,waterway_crossing,229,12.972499,77.572323,,,,,drain:K100#673670438
1156579845,1156579845,Wheeler Road,tertiary,low_bridge,bridge_over_water,7,12.996697,77.618658,,yes,1,,
1156579847,1156579847,Wheeler Road,tertiary,low_bridge,bridge_over_water,7,12.996443,77.61853,,yes,1,,
1156845915,1156845915,,tertiary,underpass,tunnel=yes;layer<0,27,13.178669,77.631254,yes,,-1,,
1156849075,1156849075,,tertiary,low_bridge,bridge_over_water,7,13.037716,77.626093,,yes,1,,
1156850804-x1,1156850804,,residential,dip,waterway_crossing,99,12.974375,77.503836,,,,,drain#675682292
1156852829,1156852829,,tertiary,low_bridge,bridge_over_water,8,12.895267,77.527831,,yes,1,,
1156864735,1156864735,Hulimavu Lake Road,secondary,low_bridge,bridge_over_water,15,12.867518,77.600924,,yes,1,,
1156904609-x1,1156904609,,residential,dip,waterway_crossing,1358,13.166832,77.620363,,,,,drain#1297712134
1156905778,1156905778,,tertiary,underpass,tunnel=yes;layer<0,9,13.167055,77.606099,yes,,-1,,
1156919654,1156919654,,residential,low_bridge,bridge_over_water,6,12.923986,77.602001,,yes,1,,
1157561008,1157561008,8th Main Road,residential,low_bridge,bridge_over_water,7,12.952467,77.624162,,yes,1,,
1157568371,1157568371,11th Main Road,residential,low_bridge,bridge_over_water,6,12.880344,77.649276,,yes,1,,
1157572499-x1,1157572499,,tertiary,culvert,waterway_crossing,7,12.923486,77.490752,,,,,drain#1343719071
1157572501,1157572501,,tertiary,low_bridge,bridge_over_water,4,12.922356,77.490556,,yes,1,,
1157573747,1157573747,,residential,low_bridge,bridge_over_water,7,12.99803,77.530327,,yes,1,,
1157578784,1157578784,,residential,low_bridge,bridge_over_water,7,12.991602,77.489648,,yes,1,,
1157582423,1157582423,,residential,low_bridge,bridge_over_water,10,13.134943,77.583022,,yes,1,,
1157592395,1157592395,,residential,low_bridge,bridge_over_water,9,12.970017,77.499157,,yes,1,,
1157609138-x1,1157609138,,tertiary,dip,waterway_crossing,959,12.827642,77.671702,,,,,drain#1109987982
1157609915,1157609915,24th Main Road,tertiary,low_bridge,bridge_over_water,6,12.91437,77.648993,,yes,1,,
1157610772-x1,1157610772,5th Main Road,tertiary,culvert,waterway_crossing,422,13.017402,77.639382,,,,,drain:H401#675933728
1157620370,1157620370,,residential,low_bridge,bridge_over_water,6,13.010359,77.513215,,yes,1,,
1157623495,1157623495,,service,low_bridge,bridge_over_water,6,13.012011,77.705184,,yes,1,,
1157633483-x1,1157633483,,residential,culvert,waterway_crossing,271,12.870826,77.57964,,,,,drain#1501661090
1157635401,1157635401,,tertiary,low_bridge,bridge_over_water,6,12.880877,77.564663,,yes,1,,
1157642312,1157642312,,residential,low_bridge,bridge_over_water,7,12.934871,77.469241,,yes,1,,
1157647755-x1,1157647755,Hoskote Road,residential,dip,waterway_crossing,770,12.978326,77.77225,,,,,drain#1510337444
1157647756,1157647756,,residential,low_bridge,bridge_over_water,14,12.983985,77.771478,,yes,1,,
1157655287,1157655287,,residential,low_bridge,bridge_over_water,5,13.079981,77.53413,,yes,1,,
1157663735,1157663735,,tertiary,low_bridge,bridge_over_water,9,12.917025,77.427913,,yes,1,,
1157841103,1157841103,,tertiary,low_bridge,bridge_over_water,7,12.927229,77.493755,,yes,1,,
1157841359,1157841359,Ullal Main Road,residential,low_bridge,bridge_over_water,6,12.95495,77.493906,,yes,1,,
1157849795,1157849795,,residential,low_bridge,bridge_over_water,6,13.112804,77.527927,,yes,1,,
1157849799,1157849799,,residential,low_bridge,bridge_over_water,6,13.12208,77.523772,,yes,1,,
1157849801,1157849801,,secondary,low_bridge,bridge_over_water,6,13.10961,77.530155,,yes,1,,
1157875556,1157875556,,tertiary,low_bridge,bridge_over_water,5,13.013227,77.456247,,yes,1,,
1157905987,1157905987,Blessing Garden Main Road,secondary,low_bridge,bridge_over_water,11,13.049316,77.646811,,yes,1,,
1157907230,1157907230,,tertiary,low_bridge,bridge_over_water,12,13.008463,77.647966,,yes,1,,
1158090451,1158090451,,residential,low_bridge,bridge_over_water,9,13.131623,77.511364,,yes,1,,
1158090758,1158090758,,residential,low_bridge,bridge_over_water,7,12.94596,77.653616,,yes,1,,
1158095191-x1,1158095191,,residential,dip,waterway_crossing,491,13.120678,77.552787,,,,,drain#1234206852
1158141368,1158141368,,track,low_bridge,bridge_over_water,7,12.822789,77.69639,,yes,1,,
1158141960,1158141960,,tertiary,low_bridge,bridge_over_water,5,12.801435,77.604722,,yes,1,,
1158156723,1158156723,,residential,low_bridge,bridge_over_water,4,12.885542,77.727979,,yes,1,,
1158160030,1158160030,,tertiary,underpass,tunnel=yes;layer<0,12,13.117711,77.462015,yes,,-1,,
1158573857-x1,1158573857,Old Madras Road,trunk,dip,waterway_crossing,1077,13.022724,77.713992,,,,,drain#675273503
1158613863-x1,1158613863,13th A Main Road,tertiary,dip,waterway_crossing,175,13.092641,77.59133,,,,,drain#403024947
1158613868-x1,1158613868,,tertiary,culvert,waterway_crossing,18,13.08819,77.588697,,,,,drain#1557767903
1158621923-x1,1158621923,Kamaraj Road,tertiary,culvert,waterway_crossing,438,12.984497,77.611796,,,,,drain:C100#1093109093
1158653935-x1,1158653935,Avenue Road,tertiary,dip,waterway_crossing,288,12.965238,77.577356,,,,,drain:K100#673670438
1158654948-x1,1158654948,,residential,dip,waterway_crossing,170,12.965835,77.574671,,,,,drain:K100#673670438
1159556608-x1,1159556608,Tumkur Road,trunk,culvert,waterway_crossing,725,13.04497,77.508123,,,,,drain#1353093568
1159556609,1159556609,Tumkur Road,trunk,low_bridge,bridge_over_water,7,13.042662,77.513438,,yes,1,,
1159872650-x1,1159872650,8th Main Road,tertiary,dip,waterway_crossing,1327,12.932679,77.627772,,,,,drain#674356912
1159908540-x1,1159908540,,residential,dip,waterway_crossing,159,12.957056,77.580451,,,,,drain:K112#1093523668
1159912087-x1,1159912087,Arumugam Mudaliar Road,tertiary,dip,waterway_crossing,251,12.958513,77.580819,,,,,drain:K112#1093523668
1161231943-x1,1161231943,Varthur Road,primary,culvert,waterway_crossing,71,12.956311,77.709541,,,,,drain#414833861
1161785383-x1,1161785383,,track,dip,waterway_crossing,265,13.043081,77.644317,,,,,drain#1284773560
1161785388-x1,1161785388,,residential,dip,waterway_crossing,485,13.043557,77.639885,,,,,drain#1510600887
1162717331,1162717331,,residential,low_bridge,bridge_over_water,18,12.939516,77.45516,,yes,1,,
1162830780,1162830780,17th Cross Road,tertiary,dip,flood_prone=yes,77,12.956133,77.721869,,,,yes,
1162830781,1162830781,17th Cross Road,tertiary,dip,flood_prone=yes,156,12.958563,77.721982,,,,yes,
1162838932,1162838932,Vatal Nagaraj Road Underpass,secondary,underpass,tunnel=yes;layer<0,24,12.982091,77.564596,yes,,-1,,
1163884666,1163884666,Bengaluru-Mysuru Expressway,motorway,low_bridge,bridge_over_water,3722,12.889281,77.453057,,yes,2,,
1163884667,1163884667,Bengaluru-Mysuru Flyover,motorway,low_bridge,bridge_over_water,3718,12.889089,77.453029,,yes,2,,
1164321210,1164321210,,service,underpass,tunnel=yes,32,12.976974,77.72688,yes,,,,
1164321211,1164321211,,service,underpass,tunnel=yes,30,12.976963,77.726794,yes,,,,
1164321214,1164321214,Airport City Road,secondary,dip,flood_prone=yes,55,13.194755,77.681163,,,,yes,
1164846925,1164846925,,service,low_bridge,bridge_over_water,8,12.965583,77.614088,,yes,,,
1164846928,1164846928,,service,low_bridge,bridge_over_water,8,12.965846,77.613998,,yes,,,
1165323953-x1,1165323953,,service,dip,waterway_crossing,25,12.963003,77.593942,,,,,drain:K109#673640933
1165357243-x1,1165357243,,residential,dip,waterway_crossing,39,12.94459,77.591192,,,,,drain:K108#131645659
1165374701-x1,1165374701,Abbigere Pipeline Road,secondary,dip,waterway_crossing,879,13.083309,77.515265,,,,,drain#1308145206
1165374701-x2,1165374701,Abbigere Pipeline Road,secondary,dip,waterway_crossing,879,13.084129,77.514392,,,,,drain#1308088690
1165379274-x1,1165379274,,residential,dip,waterway_crossing,119,13.033623,77.555766,,,,,drain:H203#1203755358
1165379283-x1,1165379283,,tertiary,dip,waterway_crossing,462,13.034373,77.556905,,,,,drain:H203#1203755358
1165556085,1165556085,,residential,none,tunnel=building_passage,87,12.947079,77.623025,building_passage,,,,
1165556086,1165556086,,residential,none,tunnel=building_passage,88,12.946456,77.623445,building_passage,,,,
1165557923,1165557923,Laggere Underpass,tertiary,underpass,tunnel=yes;layer<0,213,12.998056,77.523884,yes,,-1,,
1165596964-x1,1165596964,,residential,culvert,waterway_crossing,122,12.880065,77.632947,,,,,drain#796870502
1165596965-x1,1165596965,,residential,culvert,waterway_crossing,45,12.880063,77.633357,,,,,drain#796870502
1165597820-x1,1165597820,,service,dip,waterway_crossing,41,12.947236,77.594458,,,,,drain:K108#131645659
1165598536-x1,1165598536,,residential,culvert,waterway_crossing,256,12.951091,77.711581,,,,,drain#414833861
1165599556-x1,1165599556,Bannerghatta Road,secondary,dip,waterway_crossing,114,12.942524,77.602687,,,,,drain:K104#673853318
1165651453-x1,1165651453,Kodigehalli Main Road,tertiary,dip,waterway_crossing,269,13.057472,77.576783,,,,,drain#674699441
1165663724-x1,1165663724,,residential,culvert,waterway_crossing,72,12.915142,77.623002,,,,,drain:K209#678335361
1166043705,1166043705,Devinagar Main Road,residential,low_bridge,bridge_over_water,14,13.047755,77.570745,,yes,1,,
1166325629-x1,1166325629,,residential,dip,waterway_crossing,109,13.025897,77.555089,,,,,drain:H200#46918823
1167897866-x1,1167897866,Kenchenahalli Main Road,secondary,dip,waterway_crossing,2170,12.910435,77.513569,,,,,drain#1329553374
1167918305-x1,1167918305,,track,dip,waterway_crossing,168,12.9862,77.566963,,,,,drain:V111#1203925648
1167926083,1167926083,,residential,low_bridge,bridge_over_water,17,12.989088,77.571567,,yes,1,,
1173737105-x1,1173737105,,residential,culvert,waterway_crossing,195,12.901412,77.456616,,,,,drain#1422312157
1173737106-x1,1173737106,,residential,dip,waterway_crossing,65,12.902798,77.457858,,,,,drain#1255316376
1177167585-x1,1177167585,Swamy Vivekananda Road,primary,culvert,waterway_crossing,314,12.993795,77.662596,,,,,drain#1354126746
1180658035-x1,1180658035,,residential,culvert,waterway_crossing,62,13.106798,77.601706,,,,,stream#1245778215
1181417673,1181417673,,service,none,tunnel=building_passage,67,13.107434,77.579547,building_passage,,,,
1181919919,1181919919,,residential,low_bridge,bridge_over_water,14,13.136492,77.581929,,yes,1,,
1181919921,1181919921,,residential,low_bridge,bridge_over_water,24,13.132716,77.584554,,yes,1,,
1182191863,1182191863,,service,low_bridge,bridge_over_water,7,12.93354,77.599166,,yes,1,,
1182191865,1182191865,,service,low_bridge,bridge_over_water,7,12.934337,77.598859,,yes,1,,
1182193015,1182193015,,service,low_bridge,bridge_over_water,7,12.968095,77.592745,,yes,1,,
1182315661,1182315661,,residential,low_bridge,bridge_over_water,18,12.932042,77.534232,,yes,,,
1182389260,1182389260,,tertiary,low_bridge,bridge_over_water,7,12.951824,77.55402,,yes,1,,
1182406075-x1,1182406075,,service,dip,waterway_crossing,20,12.911613,77.632363,,,,,drain#350094279
1182408481,1182408481,,residential,low_bridge,bridge_over_water,6,12.992652,77.663303,,yes,1,,
1182413378-x1,1182413378,,service,dip,waterway_crossing,57,12.924559,77.511307,,,,,drain#1265721160
1182428264-x1,1182428264,Hosur Road,trunk,culvert,waterway_crossing,1942,12.827645,77.682153,,,,,drain#1109924343
1182428269-x1,1182428269,Hosur Road,tertiary,culvert,waterway_crossing,147,12.85676,77.664008,,,,,ditch#1071407126
1182453234-x1,1182453234,,service,culvert,waterway_crossing,7,12.937487,77.539962,,,,,drain:V300#224319509
1182454078-x1,1182454078,,service,dip,waterway_crossing,97,13.104464,77.600391,,,,,stream#1237217498
1182624195,1182624195,,tertiary,low_bridge,bridge_over_water,13,12.946367,77.461602,,yes,1,,
1182624197-x1,1182624197,SM Krishna Road,tertiary,culvert,waterway_crossing,1167,12.907886,77.453615,,,,,drain#1308088274
1182624199-x1,1182624199,,tertiary,culvert,waterway_crossing,593,12.910873,77.45711,,,,,drain#798227978
1182624267,1182624267,,residential,low_bridge,bridge_over_water,14,12.938143,77.455993,,yes,1,,
1182624271,1182624271,,tertiary,low_bridge,bridge_over_water,49,12.94673,77.457797,,yes,1,,
1182624272,1182624272,SM Krishna Road,trunk,low_bridge,bridge_over_water,291,12.903252,77.455202,,yes,1,,
1182624273,1182624273,SM Krishna Road,trunk,low_bridge,bridge_over_water,282,12.903723,77.454945,,yes,1,,
1182624274,1182624274,SM Krishna Road,tertiary,low_bridge,bridge_over_water,276,12.901491,77.455848,,yes,1,,
1182624276,1182624276,SM Krishna Road,tertiary,low_bridge,bridge_over_water,8,12.903545,77.455244,,yes,1,,
1182667723-x1,1182667723,,tertiary,culvert,waterway_crossing,430,12.974832,77.451748,,,,,drain#1240791800
1182672470,1182672470,,residential,low_bridge,bridge_over_water,15,13.060256,77.624367,,yes,1,,
1182951670-x1,1182951670,,residential,dip,waterway_crossing,153,13.095248,77.601954,,,,,stream:BP163#1182951668
1182951673-x1,1182951673,,residential,dip,waterway_crossing,54,13.095571,77.600641,,,,,stream:BP163#1182951668
1182951676-x1,1182951676,,residential,dip,waterway_crossing,56,13.095348,77.600798,,,,,stream:BP163#1182951668
1182951677-x1,1182951677,,residential,dip,waterway_crossing,56,13.095477,77.600942,,,,,stream:BP163#1182951668
1182951708-x1,1182951708,,residential,dip,waterway_crossing,312,13.08673,77.613854,,,,,drain#1182951709
1183376232-x1,1183376232,,residential,dip,waterway_crossing,54,12.96967,77.657062,,,,,drain#673683354
1183376593-x1,1183376593,,residential,culvert,waterway_crossing,64,12.904687,77.632478,,,,,drain#236730223
1183592408,1183592408,,residential,underpass,layer<0,97,12.974084,77.755668,,,-1,,
1183592927-x1,1183592927,,service,dip,waterway_crossing,40,13.091143,77.59368,,,,,drain#403024947
1183592928-x1,1183592928,,service,dip,waterway_crossing,59,13.091661,77.593541,,,,,drain#403024947
1183594372,1183594372,,service,underpass,layer<0,81,12.973999,77.756478,,,-1,,
1183594772-x1,1183594772,,residential,dip,waterway_crossing,25,12.93067,77.56261,,,,,drain:V304#1111970291
1183594773-x1,1183594773,,residential,dip,waterway_crossing,9,12.930623,77.562673,,,,,drain:V304#1111970291
1183837400-x1,1183837400,,tertiary,culvert,waterway_crossing,1033,12.984537,77.491206,,,,,drain#1112988056
1183837403,1183837403,,residential,low_bridge,bridge_over_water,5,12.98473,77.490737,,yes,1,,
1183888768-x1,1183888768,Chord Road,primary_link,culvert,waterway_crossing,12,12.974425,77.546602,,,,,drain:V116#1457126596
1184116307,1184116307,RMZ Eco World Underpass,tertiary_link,underpass,tunnel=yes;layer<0,50,12.920161,77.685512,yes,,-1,,
1184128059-x1,1184128059,,residential,dip,waterway_crossing,35,13.022099,77.562744,,,,,drain:H204#674362386
1184136215,1184136215,,residential,none,tunnel=building_passage,28,13.045005,77.547213,building_passage,,,,
1184150204,1184150204,7th Main Road,secondary,low_bridge,bridge_over_water,8,13.018569,77.643208,,yes,1,,
1184211714,1184211714,,service,low_bridge,bridge_over_water,7,13.020067,77.527907,,yes,1,,
1184216300-x1,1184216300,Varthur - Sarjapur Road,primary,culvert,waterway_crossing,842,12.926568,77.737919,,,,,drain#1092680610
1184375739,1184375739,Gunjur Hosahalli Road,tertiary,low_bridge,bridge_over_water,11,12.920681,77.739319,,yes,1,,
1184380630,1184380630,,residential,low_bridge,bridge_over_water,6,13.018674,77.528339,,yes,1,,
1184384945,1184384945,,service,underpass,layer<0,50,12.93042,77.622521,,,-1,,
1184427397,1184427397,,tertiary,low_bridge,bridge_over_water,7,13.055731,77.619802,,yes,1,,
1184436591,1184436591,,residential,low_bridge,bridge_over_water,7,12.900237,77.540609,,yes,1,,
1184449601,1184449601,,residential,low_bridge,bridge_over_water,7,13.008383,77.517216,,yes,1,,
1184573513,1184573513,,residential,low_bridge,bridge_over_water,6,13.06009,77.601611,,yes,1,,
1184574375,1184574375,,residential,underpass,layer<0,29,12.930056,77.668807,,,-1,,
1184582291-x1,1184582291,,residential,dip,waterway_crossing,60,12.927762,77.570801,,,,,drain:V304#604000949
1184583772,1184583772,,residential,low_bridge,bridge_over_water,5,12.991642,77.669009,,yes,1,,
1184587053,1184587053,,service,underpass,layer<0,40,12.966683,77.719982,,,-1,,
1184587445-x1,1184587445,,service,culvert,waterway_crossing,27,12.966045,77.719349,,,,,ditch#1197055956
1184587446-x1,1184587446,,service,culvert,waterway_crossing,9,12.965712,77.719397,,,,,ditch#1197055957
1184597988,1184597988,16th Cross Road,residential,low_bridge,bridge_over_water,7,12.9125,77.650614,,yes,1,,
1184610441,1184610441,,service,underpass,layer<0,27,12.976584,77.682963,,,-1,,
1184616183,1184616183,,service,underpass,layer<0,73,13.058663,77.46817,,,-1,,
1184627013,1184627013,Kaggadasapura Main Road,secondary,low_bridge,bridge_over_water,11,12.977887,77.679328,,yes,1,,
1184925266,1184925266,,service,underpass,layer<0,28,12.904938,77.543007,,,-1,,
1184932818,1184932818,,residential,low_bridge,bridge_over_water,6,13.010874,77.489434,,yes,1,,
1184938375,1184938375,,residential,low_bridge,bridge_over_water,6,13.058183,77.577569,,yes,1,,
1184940798-x1,1184940798,,residential,dip,waterway_crossing,109,12.99452,77.690882,,,,,drain#1492547634
1184983886,1184983886,,residential,low_bridge,bridge_over_water,4,13.044598,77.515051,,yes,1,,
1184983892,1184983892,,residential,low_bridge,bridge_over_water,7,13.046003,77.517043,,yes,1,,
1184983896,1184983896,,residential,low_bridge,bridge_over_water,7,13.046787,77.519147,,yes,1,,
1184983900,1184983900,,residential,low_bridge,bridge_over_water,6,13.04641,77.519926,,yes,1,,
1184983904,1184983904,,residential,low_bridge,bridge_over_water,8,13.046471,77.520335,,yes,1,,
1184983909-x1,1184983909,Tumkur Road,trunk,culvert,waterway_crossing,1926,13.045116,77.50835,,,,,drain#1353093568
1184983910,1184983910,Tumkur Road,trunk,low_bridge,bridge_over_water,7,13.042829,77.513605,,yes,1,,
1185028731,1185028731,,residential,low_bridge,bridge_over_water,5,13.061795,77.638953,,yes,1,,
1185038209,1185038209,,service,low_bridge,bridge_over_water,16,12.924829,77.608638,,yes,1,,
1185216546,1185216546,,residential,low_bridge,bridge_over_water,4,13.092064,77.549505,,yes,1,,
1185217325-x1,1185217325,,residential,culvert,waterway_crossing,82,13.038015,77.684629,,,,,drain#1523433022
1185218422-x1,1185218422,,residential,dip,waterway_crossing,97,12.920667,77.546049,,,,,drain#1217326868
1185234583-x1,1185234583,,service,dip,waterway_crossing,302,12.960408,77.657677,,,,,drain:C103#323098758
1185255875,1185255875,,service,underpass,layer<0,39,12.9796,77.74265,,,-1,,
1185255876,1185255876,,service,underpass,layer<0,30,12.979142,77.742389,,,-1,,
1185272585-x1,1185272585,,unclassified,culvert,waterway_crossing,70,12.971373,77.717551,,,,,drain#414833862
1185430803,1185430803,,residential,none,tunnel=building_passage,35,12.908343,77.663068,building_passage,,,,
1185431993,1185431993,,residential,underpass,layer<0,24,12.847271,77.645433,,,-1,,
1185441769-x1,1185441769,,residential,culvert,waterway_crossing,46,12.954731,77.70939,,,,,drain#414833861
1185446683-x1,1185446683,,residential,culvert,waterway_crossing,19,12.948079,77.712439,,,,,drain#350024091
1185448106,1185448106,,service,underpass,layer<0,33,12.94944,77.713534,,,-1,,
1185475597,1185475597,,residential,low_bridge,bridge_over_water,7,12.810678,77.70277,,yes,1,,
1185492874,1185492874,,residential,low_bridge,bridge_over_water,8,13.055354,77.570387,,yes,1,,
1185493126-x1,1185493126,,residential,dip,waterway_crossing,48,13.055691,77.570474,,,,,drain#674699471
1185499542,1185499542,,service,underpass,layer<0,46,13.038881,77.703011,,,-1,,
1185502913,1185502913,,residential,low_bridge,bridge_over_water,4,12.923892,77.49151,,yes,1,,
1185509247-x1,1185509247,Sarjapura Road,primary,culvert,waterway_crossing,392,12.914585,77.67581,,,,,drain#1428943772
1185509248-x1,1185509248,Sarjapura Road,primary,culvert,waterway_crossing,485,12.914576,77.675628,,,,,drain#1428943772
1185509248-x2,1185509248,Sarjapura Road,primary,culvert,waterway_crossing,485,12.916748,77.673455,,,,,drain#688824202
1185631255-x1,1185631255,,residential,dip,waterway_crossing,30,12.955162,77.657387,,,,,drain:C103#133882612
1185638849,1185638849,,residential,none,tunnel=building_passage,210,12.836885,77.695554,building_passage,,,,
1185642472-x1,1185642472,,track,dip,waterway_crossing,471,12.825504,77.688752,,,,,drain#1092941869
1185652651-x1,1185652651,,service,dip,waterway_crossing,20,13.010033,77.700042,,,,,drain#679270111
1185674690,1185674690,,service,underpass,layer<0,118,13.07054,77.579786,,,-1,,
1185881494-x1,1185881494,,residential,dip,waterway_crossing,44,13.015158,77.674623,,,,,drain#675250080
1185899941,1185899941,,tertiary,low_bridge,bridge_over_water,5,13.099388,77.55867,,yes,1,,
1185899947,1185899947,,residential,low_bridge,bridge_over_water,6,13.099811,77.554947,,yes,1,,
1186144950,1186144950,,service,underpass,layer<0,23,12.93995,77.696514,,,-1,,
1186658485,1186658485,,service,low_bridge,bridge_over_water,7,12.919422,77.502806,,yes,1,,
1186668392-x1,1186668392,,residential,culvert,waterway_crossing,255,12.983372,77.76624,,,,,drain#1232428547
1186681770,1186681770,,service,low_bridge,bridge_over_water,6,12.966064,77.555573,,yes,1,,
1186700877-x1,1186700877,,service,dip,waterway_crossing,65,13.055359,77.646662,,,,,drain:BP191#1148846329
1186908535-x1,1186908535,,residential,dip,waterway_crossing,244,12.880319,77.781458,,,,,drain#1305077642
1186908547-x1,1186908547,,residential,dip,waterway_crossing,118,12.877954,77.784064,,,,,drain#1283528646
1187070682-x1,1187070682,Ayyappa Nagar - Battarahalli Road,secondary,dip,waterway_crossing,892,13.015312,77.709419,,,,,drain#1429161281
1187070682-x2,1187070682,Ayyappa Nagar - Battarahalli Road,secondary,culvert,waterway_crossing,892,13.013881,77.709625,,,,,drain#788569761
1187130933-x1,1187130933,,living_street,dip,waterway_crossing,51,13.008484,77.618322,,,,,drain:H304#172954285
1187130934-x1,1187130934,,living_street,dip,waterway_crossing,7,13.008729,77.618635,,,,,drain:H304#172954285
1187195621-x1,1187195621,,service,culvert,waterway_crossing,94,12.962065,77.72095,,,,,ditch#350281359
1187197238-x1,1187197238,,residential,dip,waterway_crossing,654,13.175372,77.636804,,,,,drain#1463065405
1187197238-x2,1187197238,,residential,dip,waterway_crossing,654,13.174108,77.640156,,,,,drain#1297712207
1187221724,1187221724,,residential,low_bridge,bridge_over_water,15,12.907632,77.700934,,yes,1,,
1187256280,1187256280,80 Feet Main Road,primary,low_bridge,bridge_over_water,6,13.023504,77.629655,,yes,1,,
1187263303,1187263303,,residential,low_bridge,bridge_over_water,6,13.107926,77.570868,,yes,1,,
1187531454-x1,1187531454,,service,dip,waterway_crossing,174,12.909566,77.696952,,,,,drain#450537556
1187533820-x1,1187533820,,track,culvert,waterway_crossing,380,12.967607,77.707451,,,,,ditch#1315037539
1187538834-x1,1187538834,,living_street,dip,waterway_crossing,68,12.967857,77.62419,,,,,drain:C106#675252713
1187559705-x1,1187559705,Atturu Lake Road,tertiary,culvert,waterway_crossing,750,13.109199,77.559985,,,,,ditch#1308137490
1187559707-x1,1187559707,Atturu Lake Road,tertiary,culvert,waterway_crossing,154,13.109239,77.560028,,,,,ditch#1308137490
1187601823,1187601823,,service,low_bridge,bridge_over_water,18,12.916194,77.673957,,yes,1,,
1187739257-x1,1187739257,,track,dip,waterway_crossing,21,12.918723,77.716977,,,,,drain#1340707585
1187769112,1187769112,,residential,low_bridge,bridge_over_water,7,12.908009,77.668192,,yes,1,,
1187884259,1187884259,,tertiary,underpass,layer<0,48,13.136312,77.589053,,,-1,,
1187983660,1187983660,,service,low_bridge,bridge_over_water,8,13.062622,77.594677,,yes,1,,
1188005249,1188005249,,service,low_bridge,bridge_over_water,8,12.893446,77.530854,,yes,1,,
1188322173-x1,1188322173,Outer Ring Road,trunk,underpass,under_rail_bridge,59,12.973293,77.698436,,,,,railway#23515902
1188322174-x1,1188322174,Outer Ring Road,trunk,culvert,waterway_crossing,439,12.975371,77.697206,,,,,drain#677326093
1188322179-x1,1188322179,Outer Ring Road,trunk,underpass,under_rail_bridge,110,12.972532,77.699011,,,,,railway#23515902
1188323410-x1,1188323410,,service,dip,waterway_crossing,129,12.950477,77.689131,,,,,drain#1188323415
1188681303-x1,1188681303,SM Krishna Road,trunk,culvert,waterway_crossing,593,12.936988,77.44949,,,,,drain#1317332289
1189660613-x1,1189660613,SM Krishna Road,trunk,culvert,waterway_crossing,1322,12.973082,77.453778,,,,,drain#1240791798
1189660614-x1,1189660614,SM Krishna Road,trunk,culvert,waterway_crossing,1323,12.971985,77.454102,,,,,drain#1240791798
1190363543,1190363543,,residential,low_bridge,bridge_over_water,17,13.040027,77.487143,,yes,,,
1190366644-x1,1190366644,,residential,dip,waterway_crossing,96,13.024971,77.747071,,,,,drain#1270913697
1190419784-x1,1190419784,Swamy Vivekananda Road,primary,dip,waterway_crossing,302,12.995399,77.665862,,,,,drain#675271461
1190419785-x1,1190419785,Swamy Vivekananda Road,primary,underpass,under_rail_bridge,205,12.994608,77.6642,,,,,railway#37703193
1190618300,1190618300,Old Mysuru Road Underpass,primary,underpass,tunnel=yes;layer<0,31,12.982484,77.568883,yes,,-1,,
1190618301,1190618301,Old Mysuru Road Underpass,primary,underpass,tunnel=yes;layer<0,34,12.98293,77.569218,yes,,-1,,
1190621346,1190621346,Old Mysuru Road Underpass,primary,underpass,tunnel=yes;layer<0,43,12.981539,77.570352,yes,,-1,,
1190621348,1190621348,Old Mysuru Road Underpass,primary,underpass,tunnel=yes;layer<0,42,12.981537,77.570501,yes,,-1,,
1190621349,1190621349,Old Mysuru Road Underpass,primary_link,underpass,tunnel=yes;layer<0,11,12.981537,77.570501,yes,,-1,,
1191446947,1191446947,,service,low_bridge,bridge_over_water,8,13.075953,77.622846,,yes,,,
1192794479-x1,1192794479,4th Cross Road,residential,culvert,waterway_crossing,63,13.060253,77.602544,,,,,drain#1388740222
1193177991,1193177991,,service,low_bridge,bridge_over_water,10,12.915599,77.674865,,yes,1,,
1193178003,1193178003,,service,low_bridge,bridge_over_water,6,12.921771,77.677942,,yes,1,,
1193178005,1193178005,,residential,low_bridge,bridge_over_water,8,12.921624,77.678471,,yes,1,,
1193255141-x1,1193255141,,unclassified,culvert,waterway_crossing,48,13.119259,77.664574,,,,,drain#1318066905
1193458809,1193458809,Muthyalamma Nagar 1st Main Road,tertiary,underpass,tunnel=yes;layer<0,32,13.038664,77.553793,yes,,-1,,
1195542201-x1,1195542201,Temple Street,residential,dip,waterway_crossing,69,12.99504,77.722674,,,,,drain:MD284A#1308281382
1196120538-x1,1196120538,Mangammapalaya Road,secondary,dip,waterway_crossing,8,12.906694,77.632481,,,,,drain#350094279
1196267098-x1,1196267098,Channasandra Main Road,secondary,culvert,waterway_crossing,28,12.983392,77.768085,,,,,drain#1232427284
1196514121-x1,1196514121,Hosur Road,trunk,dip,waterway_crossing,511,12.901549,77.632381,,,,,drain#236730227
1196690975-x1,1196690975,,residential,culvert,waterway_crossing,13,13.007436,77.536035,,,,,drain:V203#94441439
1198226854-x1,1198226854,,service,dip,waterway_crossing,182,12.936196,77.739969,,,,,stream#1198226853
1198226855-x1,1198226855,,service,dip,waterway_crossing,39,12.936029,77.740451,,,,,stream#1198226853
1198535608,1198535608,,residential,low_bridge,bridge_over_water,6,13.040966,77.507347,,yes,1,,
1198911730-x1,1198911730,,service,dip,waterway_crossing,23,12.903161,77.603665,,,,,drain:K209#334655248
1199321351,1199321351,,service,none,tunnel=building_passage,144,12.928558,77.584001,building_passage,,,,
1199351480-x1,1199351480,10th Cross Road,residential,dip,waterway_crossing,410,13.040859,77.568553,,,,,drain:H201#42377510
1199351493,1199351493,3rd A Main Road,residential,low_bridge,bridge_over_water,7,13.035424,77.569443,,yes,1,,
1199351498,1199351498,1st Main Road,residential,low_bridge,bridge_over_water,20,13.03717,77.568688,,yes,1,,
1200739169-x1,1200739169,Magadi Road,primary,culvert,waterway_crossing,1232,12.98661,77.490287,,,,,drain#1393102039
1200816447-x1,1200816447,Medarahalli Main Road,tertiary,dip,waterway_crossing,408,13.071575,77.511678,,,,,drain#383572770
1200861124-x1,1200861124,,secondary,culvert,waterway_crossing,1276,13.091252,77.596542,,,,,stream#639361800
1201234220,1201234220,,tertiary,low_bridge,bridge_over_water,7,12.871918,77.534399,,yes,1,,
1201361719-x1,1201361719,,residential,dip,waterway_crossing,69,12.951276,77.472659,,,,,drain#1241560525
1201419641,1201419641,,residential,low_bridge,bridge_over_water,6,12.849718,77.568,,yes,1,,
1201848206,1201848206,Hoodi-Kodigehalli Road,tertiary,low_bridge,bridge_over_water,7,13.000136,77.722438,,yes,1,,
1202251857-x1,1202251857,Magadi Road,primary,culvert,waterway_crossing,731,12.970047,77.413325,,,,,drain#1256459765
1202260872,1202260872,,residential,low_bridge,bridge_over_water,35,12.886062,77.452162,,yes,1,,
1203034293-x1,1203034293,,residential,culvert,waterway_crossing,27,12.937973,77.540764,,,,,drain:V300#224319509
1203089634-x1,1203089634,,residential,culvert,waterway_crossing,20,12.91841,77.563924,,,,,drain:V305#1314986086
1203119801-x1,1203119801,NICE Road,motorway,culvert,waterway_crossing,1159,13.054118,77.476723,,,,,drain#674181120
1203433473-x1,1203433473,8th Cross Road,residential,dip,waterway_crossing,81,12.993933,77.667192,,,,,drain#675271461
1203488582,1203488582,,residential,low_bridge,bridge_over_water,3,12.977277,77.55467,,yes,1,,
1203508693-x1,1203508693,Hosur Road,trunk,dip,waterway_crossing,639,12.885372,77.64233,,,,,drain#1419979752
1203530535,1203530535,Outer Ring Road,trunk,low_bridge,bridge_over_water,46,12.945882,77.69834,,yes,1,,
1203530537,1203530537,Outer Ring Road,trunk,low_bridge,bridge_over_water,33,12.945801,77.698425,,yes,1,,
1203859428-x1,1203859428,,service,dip,waterway_crossing,28,13.022866,77.717281,,,,,drain#1523892163
1203889035,1203889035,,residential,low_bridge,bridge_over_water,6,12.943614,77.488577,,yes,1,,
1204900209-x1,1204900209,80 Feet Road,secondary,culvert,waterway_crossing,7,12.892441,77.518463,,,,,drain#1205159498
1204900213-x1,1204900213,80 Feet Road,secondary,culvert,waterway_crossing,7,12.89252,77.518543,,,,,drain#1205159498
1205171802-x1,1205171802,Kasturba Road,secondary,dip,waterway_crossing,650,12.973084,77.59475,,,,,drain#1368123121
1205178512,1205178512,,tertiary,low_bridge,bridge_over_water,13,12.972239,77.460605,,yes,1,,
1205178516,1205178516,,tertiary,low_bridge,bridge_over_water,17,12.972736,77.462294,,yes,1,,
1205178519,1205178519,,tertiary,low_bridge,bridge_over_water,14,12.973733,77.464872,,yes,1,,
1205178521,1205178521,,tertiary,low_bridge,bridge_over_water,6,12.968976,77.459765,,yes,1,,
1205393447,1205393447,,residential,low_bridge,bridge_over_water,8,12.977645,77.497461,,yes,1,,
1205402299,1205402299,,residential,low_bridge,bridge_over_water,8,12.974338,77.502623,,yes,1,,
1205409465-x1,1205409465,,residential,dip,waterway_crossing,50,12.98951,77.476854,,,,,stream#1075569409
1206881188,1206881188,Muthanalluru Road,tertiary,low_bridge,bridge_over_water,7,12.83154,77.73718,,yes,1,,
1207078802,1207078802,,service,underpass,layer<0,9,12.987911,77.709624,,,-1,,
1207078803,1207078803,,service,underpass,layer<0,10,12.987996,77.709753,,,-1,,
1207691764,1207691764,Devasandra Main Road,secondary,low_bridge,bridge_over_water,5,13.008126,77.696318,,yes,1,,
1207741111,1207741111,Swamy Vivekanandha Road,secondary,low_bridge,bridge_over_water,10,12.877974,77.555713,,yes,1,,
1207956701-x1,1207956701,B.V.K. Iyengar Road,tertiary,dip,waterway_crossing,1192,12.968344,77.574867,,,,,drain:K100#673670438
1208438631-x1,1208438631,,service,culvert,waterway_crossing,83,12.929459,77.730896,,,,,drain:MD382#1092680611
1208438633-x1,1208438633,,service,culvert,waterway_crossing,201,12.92951,77.731009,,,,,drain:MD382#1092680611
1209279614-x1,1209279614,,residential,dip,waterway_crossing,66,12.992287,77.544689,,,,,drain:V116#1092672114
1209279615-x1,1209279615,8th B Main Road,tertiary,dip,waterway_crossing,135,12.992002,77.545299,,,,,drain:V116#1092672114
1209354498,1209354498,,residential,underpass,layer<0,66,13.011486,77.696581,,,-1,,
1209658393,1209658393,,residential,low_bridge,bridge_over_water,7,13.017087,77.721549,,yes,1,,
1209660070,1209660070,,residential,low_bridge,bridge_over_water,7,13.017729,77.721527,,yes,1,,
1209943410,1209943410,,secondary_link,low_bridge,bridge_over_water,13,12.995685,77.617012,,yes,1,,
1211506487,1211506487,,residential,low_bridge,bridge_over_water,9,12.863194,77.563488,,yes,1,,
1212512130-x1,1212512130,Bengaluru-Mysuru Service lane,tertiary,culvert,waterway_crossing,670,12.887083,77.451516,,,,,drain#675662954
1212671145,1212671145,,secondary,low_bridge,bridge_over_water,9,12.869181,77.555631,,yes,1,,
1212671147,1212671147,Swamy Vivekanandha Road,secondary,low_bridge,bridge_over_water,9,12.877807,77.556371,,yes,1,,
1212992596-x1,1212992596,,tertiary,dip,waterway_crossing,803,12.814947,77.704203,,,,,drain#1092941866
1213000761,1213000761,Hesaraghatta Road,primary,low_bridge,bridge_over_water,9,13.128286,77.484201,,yes,1,,
1213000938-x1,1213000938,,residential,dip,waterway_crossing,350,13.131686,77.482622,,,,,river:Arkavati#380067605
1213232437-x1,1213232437,2nd Cross Road,residential,dip,waterway_crossing,157,12.962989,77.57976,,,,,drain:K100#673670439
1213515383-x1,1213515383,,service,dip,waterway_crossing,2465,12.948202,77.655269,,,,,drain:C103#133882608
1213515699,1213515699,,residential,low_bridge,bridge_over_water,22,12.970067,77.551474,,yes,1,,
1213515700,1213515700,,residential,low_bridge,bridge_over_water,22,12.970585,77.552196,,yes,1,,
1213572036,1213572036,,tertiary,underpass,tunnel=yes;layer<0,23,12.824435,77.712487,yes,,-1,,
1214298624,1214298624,,residential,low_bridge,bridge_over_water,12,12.811732,77.751454,,yes,1,,
1214298626,1214298626,,tertiary,low_bridge,bridge_over_water,5,12.806927,77.764355,,yes,1,,
1214298628,1214298628,,residential,low_bridge,bridge_over_water,3,12.812225,77.757465,,yes,1,,
1214298630,1214298630,,tertiary,low_bridge,bridge_over_water,14,12.810002,77.749009,,yes,1,,
1214307567,1214307567,,residential,low_bridge,bridge_over_water,14,12.815115,77.753199,,yes,1,,
1214310284,1214310284,,tertiary,low_bridge,bridge_over_water,5,13.086828,77.459652,,yes,1,,
1214310286,1214310286,,tertiary,low_bridge,bridge_over_water,6,13.082354,77.462065,,yes,1,,
1214316826,1214316826,,residential,low_bridge,bridge_over_water,13,12.81165,77.751306,,yes,1,,
1214316852,1214316852,,residential,low_bridge,bridge_over_water,15,12.812946,77.751894,,yes,1,,
1214316863,1214316863,,residential,low_bridge,bridge_over_water,20,12.810086,77.756671,,yes,1,,
1214433052-x1,1214433052,Kariammana Agrahara Road,tertiary,dip,waterway_crossing,214,12.929785,77.679007,,,,,drain#1243270183
1214864420-x1,1214864420,,residential,culvert,waterway_crossing,235,12.964667,77.708806,,,,,drain#414833861
1215354169-x1,1215354169,,trunk_link,dip,waterway_crossing,24,12.928164,77.681577,,,,,drain#350098026
1215354174-x1,1215354174,Outer Ring Road,trunk,dip,waterway_crossing,106,12.927507,77.679519,,,,,drain#1243270183
1215354175-x1,1215354175,Outer Ring Road,trunk,dip,waterway_crossing,103,12.926921,77.678759,,,,,drain#1243270183
1215506885,1215506885,,residential,low_bridge,bridge_over_water,10,12.867094,77.555761,,yes,1,,
1215831943-x1,1215831943,11th Main Road,secondary,culvert,waterway_crossing,513,12.919452,77.585897,,,,,drain:K209#133134239
1216205752-x1,1216205752,,residential,dip,waterway_crossing,268,12.83563,77.7156,,,,,drain#1428009697
1216227354-x1,1216227354,,track,dip,waterway_crossing,158,12.835805,77.709199,,,,,drain#1428009697
1216977900-x1,1216977900,,residential,dip,waterway_crossing,269,12.900093,77.534325,,,,,drain#1203175527
1217023688-x1,1217023688,,residential,culvert,waterway_crossing,85,12.904687,77.632478,,,,,drain#236730223
1217247614-x1,1217247614,,residential,dip,waterway_crossing,52,12.967001,77.508213,,,,,drain#1217247612
1217250870,1217250870,,tertiary,underpass,tunnel=yes;layer<0,212,12.946133,77.526775,yes,,-1,,
1217250873,1217250873,Nayandahalli Underpass,tertiary,underpass,tunnel=yes;layer<0,212,12.946282,77.52569,yes,,-1,,
1217769080-x1,1217769080,,service,dip,waterway_crossing,58,12.971974,77.606111,,,,,drain:K103#1092674470
1217778781-x1,1217778781,,tertiary,dip,waterway_crossing,1833,13.18686,77.783274,,,,,river:Dakshina Pinakini#1215977794
1217778787-x1,1217778787,,tertiary,dip,waterway_crossing,2760,13.186957,77.783666,,,,,river:Dakshina Pinakini#1215977794
1218688665-x1,1218688665,,residential,culvert,waterway_crossing,185,13.14422,77.572399,,,,,drain#1286741557
1218940780-x1,1218940780,,residential,dip,waterway_crossing,492,12.872637,77.458418,,,,,drain#1320951798
1218955036,1218955036,,residential,low_bridge,bridge_over_water,29,12.929614,77.456386,,yes,1,,
1218990541,1218990541,,residential,low_bridge,bridge_over_water,9,13.051545,77.452174,,yes,1,,
1219515549,1219515549,,secondary,low_bridge,bridge_over_water,31,13.143054,77.751769,,yes,1,,
1219682011-x1,1219682011,Kogilu Main Road,secondary,culvert,waterway_crossing,527,13.103509,77.60062,,,,,stream:BP142#1109982709
1219682012-x1,1219682012,Kogilu Main Road,secondary,culvert,waterway_crossing,494,13.10367,77.601094,,,,,stream:BP142#1109982709
1219692380-x1,1219692380,Bhagyada Bagilu Road,secondary,underpass,under_rail_bridge,521,13.096669,77.595471,,,,,railway#440327203
1219692380-x2,1219692380,Bhagyada Bagilu Road,secondary,underpass,under_rail_bridge,521,13.096669,77.595471,,,,,railway#520530498
1219692380-x3,1219692380,Bhagyada Bagilu Road,secondary,underpass,under_rail_bridge,521,13.096669,77.595471,,,,,railway#520530501
1219692380-x4,1219692380,Bhagyada Bagilu Road,secondary,underpass,under_rail_bridge,521,13.096669,77.595471,,,,,railway#520530521
1219929016-x1,1219929016,,secondary,dip,waterway_crossing,349,13.176399,77.718361,,,,,drain:Rajakaluve#172937216
1219929017-x1,1219929017,,secondary,dip,waterway_crossing,335,13.175905,77.718122,,,,,drain:Rajakaluve#172937216
1219930552,1219930552,Budigere Road,primary,low_bridge,bridge_over_water,10,13.078714,77.736844,,yes,1,,
1219934385-x1,1219934385,,residential,dip,waterway_crossing,52,13.09203,77.583787,,,,,drain#1231715812
1220006231,1220006231,14th E Cross Road,residential,low_bridge,bridge_over_water,10,12.906992,77.575123,,yes,,,
1220199497-x1,1220199497,,residential,culvert,waterway_crossing,78,12.871431,77.520938,,,,,drain#1220199518
1220199502-x1,1220199502,,tertiary,culvert,waterway_crossing,109,12.869036,77.514798,,,,,drain#1220199516
1220199511-x1,1220199511,,tertiary,dip,waterway_crossing,201,12.872307,77.515113,,,,,drain#1189440578
1220415733,1220415733,,residential,low_bridge,bridge_over_water,9,13.120086,77.601206,,yes,1,,
1221269785,1221269785,,residential,low_bridge,bridge_over_water,5,12.9301,77.703894,,yes,1,,
1221269786-x1,1221269786,,unclassified,dip,waterway_crossing,148,12.930999,77.705893,,,,,drain#1558741755
1221269788,1221269788,Panathur Main Road,tertiary,underpass,tunnel=yes;layer<0,37,12.936093,77.707684,yes,,-1,,
1221482412-x1,1221482412,Pipeline Road,secondary,dip,waterway_crossing,283,12.972433,77.547122,,,,,drain:V116#38673796
1221506338-x1,1221506338,,service,culvert,waterway_crossing,290,12.971684,77.715508,,,,,drain#414833862
1221518294-x1,1221518294,,residential,culvert,waterway_crossing,199,12.989795,77.561975,,,,,drain:V113#1249789891
1221713619,1221713619,,residential,underpass,tunnel=yes;layer<0,9,13.11208,77.419776,yes,,-1,,
1221928303,1221928303,,residential,underpass,tunnel=yes;layer<0,9,13.104496,77.457166,yes,,-1,,
1222168283-x1,1222168283,,service,culvert,waterway_crossing,12,13.061147,77.593109,,,,,drain#1244997548
1222277964-x1,1222277964,,track,dip,waterway_crossing,919,13.169232,77.584878,,,,,stream#1287001740
1222407229-x1,1222407229,,service,culvert,waterway_crossing,31,13.047733,77.618659,,,,,drain#1222407232
1222407230-x1,1222407230,,service,culvert,waterway_crossing,35,13.047721,77.618747,,,,,drain#1222407233
1223461018-x1,1223461018,,motorway_link,culvert,waterway_crossing,638,13.086256,77.823037,,,,,drain#1309912063
1223461019-x1,1223461019,,trunk_link,culvert,waterway_crossing,897,13.086992,77.823121,,,,,drain#1309912063
1223461019-x2,1223461019,,trunk_link,culvert,waterway_crossing,897,13.086187,77.825045,,,,,drain#1309912064
1226665354,1226665354,5th Main Road,tertiary,low_bridge,bridge_over_water,17,12.916315,77.632294,,yes,1,,
1226665356,1226665356,5th Main Road,tertiary,low_bridge,bridge_over_water,17,12.916183,77.63236,,yes,1,,
1227092555,1227092555,,residential,low_bridge,bridge_over_water,27,12.869687,77.554445,,yes,1,,
1227514428-x1,1227514428,,residential,dip,waterway_crossing,190,12.921547,77.608683,,,,,drain:K205#1203712567
1227518984-x1,1227518984,Outer Ring Road,trunk,culvert,waterway_crossing,179,12.90626,77.593366,,,,,drain:K209#350065878
1227518986-x1,1227518986,Outer Ring Road,trunk,culvert,waterway_crossing,179,12.906333,77.593575,,,,,drain:K209#350065878
1227523662,1227523662,,service,underpass,layer<0,62,13.155081,77.608092,,,-1,,
1227525381,1227525381,,residential,low_bridge,bridge_over_water,11,12.9249,77.608406,,yes,1,,
1227533719-x1,1227533719,6th A Cross Road,residential,dip,waterway_crossing,224,12.925169,77.605118,,,,,drain:K206#1203712568
1227533719-x2,1227533719,6th A Cross Road,residential,dip,waterway_crossing,224,12.925891,77.605338,,,,,drain:K200#673677234
1227538348,1227538348,,residential,low_bridge,bridge_over_water,40,12.894933,77.53045,,yes,1,,
1227540390,1227540390,Bannerghatta Road,primary,low_bridge,bridge_over_water,7,12.931032,77.600728,,yes,1,,
1227708197-x1,1227708197,,residential,dip,waterway_crossing,93,12.921269,77.546101,,,,,drain#1217326868
1227721419-x1,1227721419,Triveni Road,tertiary,dip,waterway_crossing,276,13.028372,77.561485,,,,,drain:H203#1203755358
1227721648-x1,1227721648,5th Cross Road,residential,dip,waterway_crossing,206,13.023928,77.556634,,,,,drain:H200#674362389
1227722259-x1,1227722259,,residential,dip,waterway_crossing,56,12.931622,77.526578,,,,,drain#1265721127
1227736180-x1,1227736180,,residential,culvert,waterway_crossing,301,12.829861,77.591718,,,,,ditch#1227736192
1227736183,1227736183,,residential,low_bridge,bridge_over_water,6,12.829369,77.591543,,yes,1,,
1227736196,1227736196,,service,low_bridge,bridge_over_water,6,12.823535,77.595453,,yes,1,,
1227741643,1227741643,,residential,low_bridge,bridge_over_water,6,12.97701,77.503839,,yes,1,,
1227741645,1227741645,60 Feet Main Road,tertiary,low_bridge,bridge_over_water,6,12.978185,77.504218,,yes,1,,
1227754853-x1,1227754853,,residential,dip,waterway_crossing,3,13.047087,77.509308,,,,,drain#1353093567
1227766868,1227766868,,residential,low_bridge,bridge_over_water,7,12.948503,77.549845,,yes,1,,
1227767607-x1,1227767607,,service,dip,waterway_crossing,114,12.918875,77.461832,,,,,drain#1104930794
1227767634-x1,1227767634,,residential,culvert,waterway_crossing,93,12.970118,77.517496,,,,,drain#1482125270
1227770137,1227770137,Dhananayakanahalli Main Road,tertiary,low_bridge,bridge_over_water,9,12.93762,77.47092,,yes,1,,
1227770139,1227770139,Dhananayakanahalli Main Road,tertiary,low_bridge,bridge_over_water,9,12.937521,77.47083,,yes,1,,
1227936153,1227936153,,service,underpass,layer<0,108,13.097004,77.816932,,,-1,,
1227943761,1227943761,,residential,low_bridge,bridge_over_water,7,13.006753,77.648968,,yes,1,,
1227943763,1227943763,,residential,low_bridge,bridge_over_water,7,13.006413,77.649148,,yes,1,,
1227943765,1227943765,,residential,low_bridge,bridge_over_water,4,13.007624,77.648414,,yes,1,,
1227944636,1227944636,,residential,low_bridge,bridge_over_water,4,13.026983,77.589834,,yes,1,,
1227949350-x1,1227949350,,residential,culvert,waterway_crossing,90,13.024594,77.589577,,,,,drain:H103#1203755352
1227968194,1227968194,Baiyyappanahalli Road,residential,underpass,tunnel=yes;layer<0,8,12.991541,77.643496,yes,,-1,,
1227968195,1227968195,Baiyyappanahalli Road,residential,underpass,tunnel=yes;layer<0,3,12.991612,77.643518,yes,,-1,,
1227968196,1227968196,Baiyyappanahalli Road,residential,underpass,tunnel=yes;layer<0,28,12.991642,77.643526,yes,,-1,,
1227968199,1227968199,Baiyyappanahalli Road,residential,underpass,tunnel=yes;layer<0,5,12.992033,77.643663,yes,,-1,,
1227981441,1227981441,11th Cross Road,residential,low_bridge,bridge_over_water,7,12.952233,77.554169,,yes,1,,
1227999864-x1,1227999864,7th Main Road,residential,dip,waterway_crossing,762,12.941418,77.581904,,,,,drain:K111#1203712570
1228559201,1228559201,,residential,low_bridge,bridge_over_water,7,13.110209,77.614081,,yes,1,,
1228561299,1228561299,9th Main Road,residential,low_bridge,bridge_over_water,6,12.969023,77.547251,,yes,1,,
1228570366,1228570366,,service,underpass,layer<0,25,12.95982,77.639768,,,-1,,
1228570367,1228570367,,service,underpass,layer<0,13,12.959194,77.639667,,,-1,,
1228571613,1228571613,,residential,low_bridge,bridge_over_water,6,12.804301,77.621956,,yes,1,,
1228588638-x1,1228588638,,residential,culvert,waterway_crossing,48,13.038261,77.58094,,,,,drain#1349910497
1228590063-x1,1228590063,1st Main Road,tertiary,dip,waterway_crossing,73,13.028989,77.519706,,,,,drain#674181136
1228592558,1228592558,,residential,low_bridge,bridge_over_water,7,12.978887,77.554982,,yes,1,,
1228595326,1228595326,,residential,low_bridge,bridge_over_water,7,13.029864,77.660972,,yes,1,,
1228622693,1228622693,,service,none,tunnel=building_passage,22,12.98629,77.522298,building_passage,,,,
1228777620,1228777620,,service,underpass,layer<0,42,12.97456,77.633193,,,-1,,
1228779425,1228779425,,residential,low_bridge,bridge_over_water,18,12.910977,77.508118,,yes,1,,
1228784420,1228784420,,service,underpass,layer<0,81,12.973622,77.757189,,,-1,,
1228786195-x1,1228786195,,residential,dip,waterway_crossing,68,13.007803,77.478143,,,,,drain#1343674323
1228815120-x1,1228815120,,residential,dip,waterway_crossing,727,12.954578,77.475449,,,,,drain#1241560532
1228821822,1228821822,,service,underpass,layer<0,71,13.05776,77.591211,,,-1,,
1228821823,1228821823,,service,underpass,layer<0,35,13.057665,77.590837,,,-1,,
1228838549,1228838549,,residential,none,tunnel=building_passage,64,12.980705,77.667432,building_passage,,,,
1228976167-x1,1228976167,,residential,dip,waterway_crossing,49,12.916341,77.461531,,,,,drain#1104930794
1228979270,1228979270,,residential,low_bridge,bridge_over_water,8,12.994002,77.690811,,yes,1,,
1228979272,1228979272,,residential,low_bridge,bridge_over_water,14,12.994293,77.690664,,yes,1,,
1228979275,1228979275,4th Cross Road,residential,low_bridge,bridge_over_water,8,12.99396,77.690822,,yes,1,,
1228979277,1228979277,1st Main Road,residential,low_bridge,bridge_over_water,7,12.993622,77.690817,,yes,1,,
1228984364,1228984364,,residential,underpass,tunnel=yes;layer<0,39,13.020817,77.475998,yes,,-1,,
1228986921-x1,1228986921,,residential,culvert,waterway_crossing,90,12.983127,77.765277,,,,,drain#1232428554
1228987324-x1,1228987324,,residential,culvert,waterway_crossing,56,12.982455,77.764622,,,,,drain#1232428541
1228990833,1228990833,,residential,low_bridge,bridge_over_water,7,12.992933,77.490141,,yes,1,,
1229004128-x1,1229004128,,service,culvert,waterway_crossing,48,12.962426,77.70863,,,,,drain#414833861
1229014729-x1,1229014729,,service,culvert,waterway_crossing,121,12.802074,77.603491,,,,,ditch#1229014743
1229014732-x1,1229014732,,service,culvert,waterway_crossing,111,12.801745,77.603544,,,,,ditch#1229014740
1229014733-x1,1229014733,,service,culvert,waterway_crossing,54,12.801374,77.60364,,,,,ditch#1229014738
1229014734-x1,1229014734,,service,culvert,waterway_crossing,143,12.802664,77.60347,,,,,ditch#1229014749
1229014734-x2,1229014734,,service,culvert,waterway_crossing,143,12.802074,77.603491,,,,,ditch#1229014741
1229014736-x1,1229014736,,service,culvert,waterway_crossing,5,12.801314,77.604137,,,,,ditch#1229014747
1229022249,1229022249,,residential,low_bridge,bridge_over_water,7,12.995625,77.67047,,yes,1,,
1229022636,1229022636,,residential,low_bridge,bridge_over_water,6,12.876517,77.65929,,yes,1,,
1229026055-x1,1229026055,,residential,dip,waterway_crossing,773,12.805577,77.76275,,,,,drain#1188688484
1229026064-x1,1229026064,,residential,dip,waterway_crossing,189,12.804029,77.761767,,,,,drain#1188688484
1229026676-x1,1229026676,,residential,culvert,waterway_crossing,203,12.948215,77.731521,,,,,drain#350281358
1229027553-x1,1229027553,,residential,dip,waterway_crossing,180,13.02254,77.713479,,,,,drain#675273503
1229034903,1229034903,,residential,low_bridge,bridge_over_water,7,12.997536,77.471195,,yes,1,,
1229035105,1229035105,,residential,low_bridge,bridge_over_water,7,13.023448,77.464893,,yes,1,,
1229041676,1229041676,2nd Main Road,residential,low_bridge,bridge_over_water,7,13.014728,77.673838,,yes,1,,
1229042436,1229042436,,residential,low_bridge,bridge_over_water,7,12.942344,77.487616,,yes,1,,
1229043858-x1,1229043858,,residential,dip,waterway_crossing,74,13.027274,77.663787,,,,,drain#675389390
1229046377-x1,1229046377,,residential,culvert,waterway_crossing,48,13.074585,77.513985,,,,,drain#135267828
1229046949-x1,1229046949,1st Cross Road,residential,culvert,waterway_crossing,121,13.072483,77.516243,,,,,drain#135267828
1229049071-x1,1229049071,,residential,culvert,waterway_crossing,852,13.020067,77.463625,,,,,drain#1229049079
1229190431,1229190431,Kaggadasapura Main Road,secondary,dip,flood_prone=yes,74,12.986173,77.670471,,,,yes,
1229190432,1229190432,Kaggadasapura Main Road,secondary,dip,flood_prone=yes,108,12.986229,77.669892,,,,yes,
1229190432-x1,1229190432,Kaggadasapura Main Road,secondary,culvert,waterway_crossing,108,12.98622,77.66954,,,,yes,drain#799422499
1229215897,1229215897,,tertiary,low_bridge,bridge_over_water,7,12.903876,77.442437,,yes,1,,
1229215899,1229215899,,tertiary,low_bridge,bridge_over_water,7,12.903766,77.44241,,yes,1,,
1229236110-x1,1229236110,,residential,dip,waterway_crossing,101,12.916153,77.762147,,,,,drain#1092941901
1229238182-x1,1229238182,,tertiary,dip,waterway_crossing,452,12.900232,77.436985,,,,,drain#1365570092
1229244409-x1,1229244409,,tertiary,dip,waterway_crossing,120,12.900143,77.437013,,,,,drain#1365570092
1229252472-x1,1229252472,,tertiary,culvert,waterway_crossing,73,12.908074,77.440207,,,,,drain#1365570121
1229255823,1229255823,,residential,low_bridge,bridge_over_water,6,13.042939,77.481228,,yes,1,,
1229257505,1229257505,Bell Town Layout,tertiary,low_bridge,bridge_over_water,9,13.033185,77.688074,,yes,1,,
1229261975-x1,1229261975,,tertiary,dip,waterway_crossing,395,12.912586,77.437509,,,,,drain#1365570124
1229261977-x1,1229261977,,tertiary,dip,waterway_crossing,316,12.912495,77.437508,,,,,drain#1365570124
1229261984,1229261984,,tertiary,low_bridge,bridge_over_water,10,12.911165,77.446465,,yes,1,,
1229261986,1229261986,,tertiary,low_bridge,bridge_over_water,11,12.911139,77.446361,,yes,1,,
1229271489,1229271489,,residential,low_bridge,bridge_over_water,7,13.059766,77.574733,,yes,1,,
1229271491,1229271491,,residential,low_bridge,bridge_over_water,8,13.059922,77.575351,,yes,1,,
1229278885-x1,1229278885,,residential,dip,waterway_crossing,84,12.999433,77.498495,,,,,drain#1104894211
1229282751,1229282751,,residential,low_bridge,bridge_over_water,6,13.015902,77.704828,,yes,1,,
1229585243,1229585243,,residential,low_bridge,bridge_over_water,6,13.063531,77.55802,,yes,1,,
1229585245,1229585245,,residential,low_bridge,bridge_over_water,6,13.06365,77.558386,,yes,1,,
1229592294,1229592294,"19th Cross, Kaggadasapura",tertiary,low_bridge,bridge_over_water,4,12.980197,77.675812,,yes,1,,
1229594052,1229594052,,residential,low_bridge,bridge_over_water,7,12.965765,77.476776,,yes,1,,
1229594168,1229594168,,tertiary,low_bridge,bridge_over_water,8,12.936801,77.495913,,yes,1,,
1229603694,1229603694,,residential,underpass,tunnel=yes;layer<0,38,12.899151,77.568876,yes,,-1,,
1229627633-x1,1229627633,,residential,culvert,waterway_crossing,150,12.904224,77.567427,,,,,drain#1270568462
1229644066,1229644066,,residential,low_bridge,bridge_over_water,9,12.999732,77.463846,,yes,1,,
1229644069,1229644069,,residential,low_bridge,bridge_over_water,10,13.000136,77.462416,,yes,1,,
1229645319-x1,1229645319,,residential,dip,waterway_crossing,119,13.080143,77.531535,,,,,drain#674735132
1230238249-x1,1230238249,,residential,culvert,waterway_crossing,163,12.89009,77.545059,,,,,drain#1230236260
1230249838,1230249838,,residential,low_bridge,bridge_over_water,7,12.926916,77.738415,,yes,1,,
1230270828-x1,1230270828,,residential,dip,waterway_crossing,434,13.036021,77.714831,,,,,drain#1428692106
1230288740,1230288740,,residential,low_bridge,bridge_over_water,6,13.011613,77.611254,,yes,1,,
1230303786,1230303786,,service,none,tunnel=building_passage,10,12.8968,77.719447,building_passage,,,,
1230309392,1230309392,Agrahara Layout Main Road,tertiary,low_bridge,bridge_over_water,7,13.094372,77.629371,,yes,1,,
1230501400,1230501400,,residential,low_bridge,bridge_over_water,9,13.033392,77.677173,,yes,1,,
1230505748,1230505748,,residential,low_bridge,bridge_over_water,9,13.037069,77.67668,,yes,1,,
1230514654,1230514654,69th Main Road,residential,low_bridge,bridge_over_water,9,12.904526,77.558586,,yes,1,,
1230514657,1230514657,,residential,low_bridge,bridge_over_water,6,12.905119,77.559476,,yes,1,,
1230514659,1230514659,58th Cross Road,residential,low_bridge,bridge_over_water,7,12.905292,77.559809,,yes,1,,
1230518355-x1,1230518355,,residential,culvert,waterway_crossing,64,12.872041,77.556766,,,,,drain#1314354512
1230531811-x1,1230531811,Dodda Gubbi Road,secondary,culvert,waterway_crossing,189,13.054997,77.670781,,,,,drain#1419156984
1230538119-x1,1230538119,,residential,dip,waterway_crossing,46,13.012743,77.7297,,,,,drain#1251508633
1230544183-x1,1230544183,,residential,culvert,waterway_crossing,44,13.05461,77.671684,,,,,drain#1419156984
1230553165,1230553165,,secondary,low_bridge,bridge_over_water,7,12.972759,77.484293,,yes,1,,
1230570523,1230570523,,residential,none,tunnel=building_passage,48,12.971668,77.479205,building_passage,,,,
1230778683,1230778683,,residential,low_bridge,bridge_over_water,8,13.102199,77.60825,,yes,1,,
1230779664,1230779664,,residential,low_bridge,bridge_over_water,7,13.102578,77.609892,,yes,1,,
1230780482,1230780482,,residential,low_bridge,bridge_over_water,7,13.102979,77.61002,,yes,1,,
1230780585,1230780585,,residential,low_bridge,bridge_over_water,7,13.103941,77.610575,,yes,1,,
1230785593,1230785593,,residential,low_bridge,bridge_over_water,18,13.087742,77.616905,,yes,1,,
1230803234,1230803234,,service,underpass,layer<0,35,12.898753,77.544173,,,-1,,
1230991976-x1,1230991976,,tertiary,dip,waterway_crossing,372,12.877022,77.552778,,,,,stream:Suvarnamukhi#781691089
1230992829-x1,1230992829,,residential,dip,waterway_crossing,25,13.062547,77.533037,,,,,drain#674735135
1230992831-x1,1230992831,,residential,dip,waterway_crossing,64,13.061168,77.533104,,,,,drain#674735135
1230992833,1230992833,,residential,low_bridge,bridge_over_water,7,13.062446,77.532789,,yes,1,,
1230992954-x1,1230992954,,residential,dip,waterway_crossing,67,13.060102,77.532762,,,,,drain#674735135
1231014146,1231014146,,residential,low_bridge,bridge_over_water,6,12.883577,77.537241,,yes,1,,
1231027905,1231027905,,service,low_bridge,bridge_over_water,7,13.008148,77.490705,,yes,1,,
1231042090,1231042090,,residential,low_bridge,bridge_over_water,10,13.012138,77.435912,,yes,1,,
1231042753-x1,1231042753,,residential,culvert,waterway_crossing,464,13.090985,77.718263,,,,,stream#412922555
1231043573-x1,1231043573,,residential,culvert,waterway_crossing,215,13.096467,77.717728,,,,,stream#412922555
1231052247,1231052247,,residential,low_bridge,bridge_over_water,24,13.0143,77.452824,,yes,1,,
1231054291,1231054291,,residential,low_bridge,bridge_over_water,5,13.021537,77.489688,,yes,1,,
1231301403-x1,1231301403,,residential,dip,waterway_crossing,53,12.852456,77.687668,,,,,drain#1420326321
1231306936,1231306936,,residential,low_bridge,bridge_over_water,9,13.011775,77.4356,,yes,1,,
1231310071,1231310071,,residential,low_bridge,bridge_over_water,9,13.091224,77.495036,,yes,1,,
1231339450,1231339450,,residential,low_bridge,bridge_over_water,6,13.082823,77.523767,,yes,1,,
1231342026,1231342026,,residential,low_bridge,bridge_over_water,6,13.082837,77.5241,,yes,1,,
1231342028,1231342028,,residential,low_bridge,bridge_over_water,6,13.082848,77.524394,,yes,1,,
1231342030,1231342030,,residential,low_bridge,bridge_over_water,6,13.082858,77.524662,,yes,1,,
1231342032,1231342032,,residential,low_bridge,bridge_over_water,6,13.082867,77.524959,,yes,1,,
1231342034,1231342034,,residential,low_bridge,bridge_over_water,6,13.082928,77.525257,,yes,1,,
1231342036,1231342036,,residential,low_bridge,bridge_over_water,6,13.082931,77.525615,,yes,1,,
1231351582,1231351582,,residential,low_bridge,bridge_over_water,5,12.805091,77.621239,,yes,1,,
1231361007,1231361007,,service,none,tunnel=building_passage,12,13.066338,77.545064,building_passage,,,,
1232078063,1232078063,,tertiary,underpass,tunnel=yes;layer<0,13,13.16279,77.599712,yes,,-1,,
1232094639,1232094639,,tertiary,low_bridge,bridge_over_water,6,12.943895,77.787449,,yes,1,,
1232097488,1232097488,,tertiary,low_bridge,bridge_over_water,57,12.85982,77.717412,,yes,1,,
1232122203,1232122203,,service,none,tunnel=building_passage,3,12.859871,77.734546,building_passage,,,,
1232153146,1232153146,,service,none,tunnel=building_passage,5,12.807212,77.63992,building_passage,,,,
1232157772-x1,1232157772,,residential,culvert,waterway_crossing,11,12.874916,77.800413,,,,,drain#1487510027
1232159919,1232159919,,residential,low_bridge,bridge_over_water,9,12.827633,77.557489,,yes,1,,
1232315533,1232315533,,residential,low_bridge,bridge_over_water,17,12.892473,77.450081,,yes,1,,
1232321295,1232321295,,service,low_bridge,bridge_over_water,9,12.832028,77.573308,,yes,1,,
1232326140,1232326140,,residential,low_bridge,bridge_over_water,8,12.859535,77.691019,,yes,1,,
1232329980-x1,1232329980,,residential,culvert,waterway_crossing,252,12.814427,77.594735,,,,,ditch#1232329993
1232329986-x1,1232329986,,residential,culvert,waterway_crossing,5,12.81499,77.594521,,,,,ditch#1232329995
1232329989-x1,1232329989,,residential,culvert,waterway_crossing,6,12.815053,77.594218,,,,,ditch#1232329997
1232329991-x1,1232329991,,residential,culvert,waterway_crossing,6,12.815087,77.593838,,,,,ditch#1232329999
1232414501,1232414501,,living_street,low_bridge,bridge_over_water,5,12.944769,77.524628,,yes,1,,
1232427286,1232427286,,residential,low_bridge,bridge_over_water,6,12.983214,77.767174,,yes,1,,
1232427292-x1,1232427292,,tertiary,culvert,waterway_crossing,45,12.983401,77.768129,,,,,drain#1232427284
1232427294,1232427294,Channasandra Main Road,secondary,low_bridge,bridge_over_water,56,12.985025,77.776436,,yes,1,,
1232427296,1232427296,,service,low_bridge,bridge_over_water,7,12.983189,77.767014,,yes,1,,
1232427300,1232427300,,residential,low_bridge,bridge_over_water,25,12.996104,77.774587,,yes,1,,
1232427301,1232427301,,residential,low_bridge,bridge_over_water,9,12.987988,77.761649,,yes,1,,
1232427307,1232427307,,residential,low_bridge,bridge_over_water,7,12.987106,77.763649,,yes,1,,
1232427310,1232427310,,residential,low_bridge,bridge_over_water,6,12.987408,77.763063,,yes,1,,
1232428705-x1,1232428705,,secondary,culvert,waterway_crossing,328,12.89508,77.55437,,,,,drain#1558743993
1232598704-x1,1232598704,,residential,dip,waterway_crossing,304,12.926835,77.507797,,,,,drain#1265721160
1232604222,1232604222,,track,low_bridge,bridge_over_water,7,12.933888,77.436943,,yes,1,,
1232608082,1232608082,,service,none,tunnel=building_passage,14,12.912724,77.753342,building_passage,,,,
1232610329,1232610329,,service,none,tunnel=building_passage,16,12.906872,77.596494,building_passage,,,,
1232616457,1232616457,,service,none,tunnel=building_passage,8,12.938171,77.782468,building_passage,,,,
1232621972,1232621972,,tertiary,low_bridge,bridge_over_water,106,13.015639,77.527527,,yes,1,,
1232621975,1232621975,,residential,low_bridge,bridge_over_water,18,13.015508,77.528567,,yes,1,,
1232621977,1232621977,,residential,low_bridge,bridge_over_water,20,13.015371,77.528424,,yes,1,,
1232624476,1232624476,,residential,low_bridge,bridge_over_water,7,12.995511,77.496693,,yes,1,,
1232628356,1232628356,,residential,low_bridge,bridge_over_water,7,13.006927,77.529861,,yes,1,,
1232632442-x1,1232632442,,residential,dip,waterway_crossing,195,12.898761,77.721176,,,,,drain#1116257992
1232826835,1232826835,,residential,low_bridge,bridge_over_water,6,12.926258,77.466212,,yes,1,,
1232839447-x1,1232839447,,residential,dip,waterway_crossing,347,13.002764,77.733505,,,,,drain:MD287#677292068
1232843317-x1,1232843317,,residential,dip,waterway_crossing,89,12.966302,77.771113,,,,,drain#796944022
1232857620,1232857620,,residential,underpass,tunnel=yes;layer<0,10,12.980079,77.824367,yes,,-1,,
1232935344-x1,1232935344,,residential,culvert,waterway_crossing,37,13.066692,77.645024,,,,,drain:BP191#792509582
1232959799-x1,1232959799,,service,culvert,waterway_crossing,176,13.075228,77.565746,,,,,drain#675649187
1233222785,1233222785,,tertiary,low_bridge,bridge_over_water,6,13.142836,77.588618,,yes,1,,
1233236856,1233236856,,secondary,low_bridge,bridge_over_water,3,13.126957,77.675363,,yes,1,,
1233754556,1233754556,,residential,low_bridge,bridge_over_water,2,13.094257,77.578718,,yes,,,
1234233863-x1,1234233863,,residential,dip,waterway_crossing,178,13.111925,77.615585,,,,,drain#1335856136
1234240429-x1,1234240429,Suranjandas Road,primary,dip,waterway_crossing,669,12.976235,77.655354,,,,,drain#673683084
1234274535,1234274535,,service,none,tunnel=building_passage,13,13.121016,77.604293,building_passage,,,,
1234505669,1234505669,,residential,low_bridge,bridge_over_water,7,13.132727,77.682632,,yes,1,,
1234533485,1234533485,,residential,low_bridge,bridge_over_water,6,12.978371,77.503649,,yes,1,,
1234562710,1234562710,Shivaji Road,tertiary,low_bridge,bridge_over_water,6,12.986573,77.60191,,yes,1,,
1235755424,1235755424,,residential,low_bridge,bridge_over_water,16,13.060819,77.691684,,yes,,,
1235755426,1235755426,,residential,low_bridge,bridge_over_water,14,13.061185,77.691923,,yes,,,
1236087646,1236087646,16th Main Road,residential,low_bridge,bridge_over_water,7,12.915565,77.641649,,yes,,,
1236610906-x1,1236610906,Kendriya Vihar Apartments Exit,residential,culvert,waterway_crossing,32,13.106495,77.601636,,,,,stream#1245778215
1236610907-x1,1236610907,Kendriya Vihar Apartments Entry,residential,culvert,waterway_crossing,16,13.106477,77.601503,,,,,stream#1245778215
1236610911-x1,1236610911,,residential,culvert,waterway_crossing,44,13.106345,77.600909,,,,,drain#1235482223
1237037084,1237037084,,service,underpass,tunnel=yes;layer<0,336,12.970693,77.708479,yes,,-1,,
1237217491-x1,1237217491,,residential,culvert,waterway_crossing,44,13.106471,77.601296,,,,,drain#1235482223
1237217493,1237217493,,residential,none,tunnel=building_passage,6,13.106478,77.601323,building_passage,,,,
1237217494,1237217494,,residential,none,tunnel=building_passage,6,13.106439,77.601335,building_passage,,,,
1237254415,1237254415,Sahakar Nagar Railway Underpass,secondary,underpass,tunnel=yes;layer<0,30,13.070591,77.586851,yes,,-1,,
1237460195-x1,1237460195,,service,dip,waterway_crossing,62,12.941935,77.625186,,,,,drain:K113#350053034
1239081218,1239081218,,secondary,low_bridge,bridge_over_water,16,12.867364,77.600975,,yes,1,,
1240046870-x1,1240046870,,service,dip,waterway_crossing,60,13.062375,77.59449,,,,,drain#1220056674
1240788768-x1,1240788768,Begur Lake Road,secondary,culvert,waterway_crossing,342,12.87914,77.632964,,,,,drain#796870509
1240788771-x1,1240788771,Begur Lake Road,secondary,culvert,waterway_crossing,104,12.879334,77.633367,,,,,drain#796870509
1240791776,1240791776,,residential,low_bridge,bridge_over_water,7,12.964597,77.463662,,yes,1,,
1240791796,1240791796,,residential,low_bridge,bridge_over_water,6,12.971103,77.457613,,yes,1,,
1240791804,1240791804,,residential,low_bridge,bridge_over_water,7,12.971573,77.455964,,yes,1,,
1240791806,1240791806,,residential,low_bridge,bridge_over_water,7,12.97001,77.458034,,yes,1,,
1240806708-x1,1240806708,,service,dip,waterway_crossing,136,12.920729,77.459957,,,,,drain#1218956386
1240806724,1240806724,,residential,low_bridge,bridge_over_water,7,12.914924,77.447341,,yes,1,,
1240806780-x1,1240806780,,residential,dip,waterway_crossing,747,12.90071,77.443174,,,,,drain#675662953
1240806780-x2,1240806780,,residential,dip,waterway_crossing,747,12.90074,77.438528,,,,,drain#1365570093
1241445646-x1,1241445646,,service,dip,waterway_crossing,37,12.923915,77.681751,,,,,drain#350098026
1241552543-x1,1241552543,,tertiary,culvert,waterway_crossing,1190,12.983,77.491264,,,,,drain#1112988056
1241578319,1241578319,,residential,low_bridge,bridge_over_water,10,12.91392,77.446917,,yes,1,,
1241578334,1241578334,,residential,low_bridge,bridge_over_water,9,12.921922,77.446858,,yes,1,,
1241578345,1241578345,,residential,low_bridge,bridge_over_water,6,12.922524,77.446417,,yes,1,,
1241582085,1241582085,,residential,low_bridge,bridge_over_water,7,12.944281,77.439686,,yes,1,,
1241582098,1241582098,,residential,low_bridge,bridge_over_water,7,12.946525,77.440327,,yes,1,,
1241632900-x1,1241632900,,service,culvert,waterway_crossing,13895,13.188978,77.680839,,,,,drain#1453071774
1241632900-x2,1241632900,,service,culvert,waterway_crossing,13895,13.187672,77.683594,,,,,drain#1453071775
1241632900-x3,1241632900,,service,dip,waterway_crossing,13895,13.187929,77.702064,,,,,drain#1303880904
1242284243,1242284243,,residential,low_bridge,bridge_over_water,9,13.126738,77.486687,,yes,1,,
1242565627,1242565627,,tertiary,low_bridge,bridge_over_water,14,13.151523,77.638581,,yes,1,,
1242696409,1242696409,,tertiary,low_bridge,bridge_over_water,25,12.932532,77.733745,,yes,1,,
1242696411,1242696411,,tertiary,low_bridge,bridge_over_water,25,12.932595,77.733974,,yes,1,,
1242696413,1242696413,,residential,low_bridge,bridge_over_water,24,12.932763,77.733735,,yes,1,,
1243682772,1243682772,,residential,low_bridge,bridge_over_water,6,12.908499,77.666568,,yes,1,,
1243682774,1243682774,,residential,low_bridge,bridge_over_water,6,12.907853,77.666385,,yes,1,,
1243757197,1243757197,,service,low_bridge,bridge_over_water,23,13.050385,77.618326,,yes,1,,
1243757198,1243757198,,service,low_bridge,bridge_over_water,22,13.050105,77.618201,,yes,1,,
1244084305-x1,1244084305,71st Cross Road,tertiary,culvert,waterway_crossing,241,12.905396,77.56283,,,,,drain#1270623574
1244161052,1244161052,Sankey Road Underpass,tertiary,underpass,layer<0,32,12.991528,77.585455,,,-1,,
1244969461-x1,1244969461,5th Main Road,secondary,dip,waterway_crossing,191,12.886978,77.612213,,,,,drain#179122844
1245242512-x1,1245242512,,service,dip,waterway_crossing,72,12.950292,77.690252,,,,,drain#1188323415
1245875227-x1,1245875227,,service,culvert,waterway_crossing,763,12.929611,77.731237,,,,,drain:MD382#1092680611
1246439920-x1,1246439920,GKVK Road,secondary,dip,waterway_crossing,167,13.069717,77.578797,,,,,drain#674699466
1246816667,1246816667,1st Main Road,residential,low_bridge,bridge_over_water,9,13.024865,77.653942,,yes,1,,
1246817911,1246817911,,residential,low_bridge,bridge_over_water,6,13.026942,77.503746,,yes,1,,
1248258445,1248258445,Mysore Road,tertiary,dip,flood_prone=yes,31,12.945541,77.528692,,,,yes,
1249789879,1249789879,2nd Main Road,tertiary,low_bridge,bridge_over_water,5,12.992013,77.560538,,yes,1,,
1252308160-x1,1252308160,,unclassified,culvert,waterway_crossing,25,12.971364,77.717448,,,,,drain#414833862
1252516690,1252516690,,service,underpass,tunnel=building_passage;layer<0,200,12.987482,77.711666,building_passage,,-1,,
1253348593,1253348593,Yelahanka Old Town BMTC Bus Station,service,none,tunnel=building_passage,30,13.100825,77.594735,building_passage,,,,
1254771465,1254771465,Silk Board Interchange,primary_link,low_bridge,bridge_over_water,620,12.917569,77.624956,,yes,2,,
1255316357-x1,1255316357,SM Krishna Road,tertiary,culvert,waterway_crossing,2723,12.941608,77.449243,,,,,drain#1308088245
1255316357-x2,1255316357,SM Krishna Road,tertiary,dip,waterway_crossing,2723,12.95619,77.452309,,,,,drain#1436954583
1255316358-x1,1255316358,SM Krishna Road,tertiary,culvert,waterway_crossing,511,12.935847,77.450053,,,,,drain#1317332289
1256459777-x1,1256459777,,residential,culvert,waterway_crossing,283,12.978305,77.415282,,,,,drain#1256459762
1256459778-x1,1256459778,,residential,culvert,waterway_crossing,267,12.977312,77.414946,,,,,drain#1256459762
1256459780-x1,1256459780,,residential,culvert,waterway_crossing,262,12.97732,77.41464,,,,,drain#1256459762
1256459789-x1,1256459789,,residential,culvert,waterway_crossing,692,12.978305,77.415282,,,,,drain#1256459762
1256459791-x1,1256459791,,residential,culvert,waterway_crossing,636,12.97732,77.41464,,,,,drain#1256459762
1256551089-x1,1256551089,Mysore Road,trunk,culvert,waterway_crossing,1465,12.919044,77.491515,,,,,drain#1203925642
1256756693,1256756693,,service,underpass,tunnel=yes;layer<0,74,12.975995,77.574944,yes,,-1,,
1257185819,1257185819,Bengaluru-Mysuru Flyover,motorway,low_bridge,bridge_over_water,325,12.872377,77.439588,,yes,2,,
1257185820,1257185820,Bengaluru-Mysuru Flyover,motorway,low_bridge,bridge_over_water,330,12.872443,77.439495,,yes,2,,
1259323925,1259323925,,track,low_bridge,bridge_over_water,6,12.928524,77.646441,,yes,1,,
1259465067,1259465067,,tertiary,dip,flood_prone=yes,16,12.94542,77.528066,,,,yes,
1259589331-x1,1259589331,BTS Main Road,tertiary,dip,waterway_crossing,249,12.950657,77.597832,,,,,drain:K108#131645659
1259593804-x1,1259593804,Varthur Road,primary,culvert,waterway_crossing,759,12.955573,77.690215,,,,,drain#799422492
1259593805-x1,1259593805,Varthur Road,primary,culvert,waterway_crossing,457,12.955276,77.689162,,,,,drain#799422492
1261359822-x1,1261359822,Swamy Vivekananda Road,primary,underpass,under_rail_bridge,257,12.994461,77.664038,,,,,railway#37703193
1261870224-x1,1261870224,Bengaluru-Mysuru Highway,primary,culvert,waterway_crossing,2549,12.887537,77.451832,,,,,drain#675662954
1261923162-x1,1261923162,,service,dip,waterway_crossing,53,12.93365,77.706929,,,,,drain#1559358210
1262873515,1262873515,Bengaluru-Mysuru Expressway,primary,low_bridge,bridge_over_water,82,12.891537,77.455989,,yes,1,,
1262897816-x1,1262897816,Bengaluru-Mysuru Expressway,tertiary,culvert,waterway_crossing,612,12.887733,77.451626,,,,,drain#675662954
1262897817-x1,1262897817,Bengaluru-Mysuru Expressway,primary,culvert,waterway_crossing,617,12.887854,77.451807,,,,,drain#675662954
1263615403,1263615403,,residential,low_bridge,bridge_over_water,9,12.944276,77.716899,,yes,1,,
1264388227,1264388227,,unclassified,low_bridge,bridge_over_water,38,12.883368,77.449944,,yes,1,,
1264396399,1264396399,Bengaluru-Mysuru Expressway,tertiary,low_bridge,bridge_over_water,7,12.873266,77.440711,,yes,1,,
1264396401,1264396401,Bengaluru-Mysuru Expressway,tertiary,low_bridge,bridge_over_water,6,12.873627,77.440554,,yes,1,,
1264396403,1264396403,Bengaluru-Mysuru Expressway,primary,low_bridge,bridge_over_water,6,12.873569,77.440591,,yes,1,,
1264396405,1264396405,Bengaluru-Mysuru Expressway,primary,low_bridge,bridge_over_water,7,12.873317,77.440679,,yes,1,,
1264396407,1264396407,Bengaluru-Mysuru Highway,primary,low_bridge,bridge_over_water,77,12.89099,77.455505,,yes,1,,
1265049662-x1,1265049662,,service,dip,waterway_crossing,8,12.959761,77.511287,,,,,drain#1280602425
1265724886,1265724886,,tertiary,underpass,tunnel=yes;layer<0,36,12.925859,77.499022,yes,,-1,,
1265724887,1265724887,,tertiary,underpass,layer<0,52,12.925462,77.49927,,,-1,,
1265724896,1265724896,,tertiary,low_bridge,bridge_over_water,39,12.917712,77.504063,,yes,1,,
1265724897,1265724897,,tertiary,low_bridge,bridge_over_water,42,12.91747,77.503766,,yes,1,,
1265724914,1265724914,Global Village Road,tertiary,low_bridge,bridge_over_water,45,12.921,77.498857,,yes,1,,
1266425510-x1,1266425510,,trunk_link,culvert,waterway_crossing,891,13.087367,77.821651,,,,,drain#1309912065
1267930648-x1,1267930648,,residential,culvert,waterway_crossing,143,12.90425,77.557981,,,,,drain#1314561738
1268354183,1268354183,,service,underpass,tunnel=yes;layer<0,24,12.959415,77.64161,yes,,-1,,
1268365756,1268365756,,residential,low_bridge,bridge_over_water,12,12.844947,77.732547,,yes,1,,
1268365759,1268365759,,residential,low_bridge,bridge_over_water,8,12.844663,77.732968,,yes,1,,
1268365799-x1,1268365799,,residential,culvert,waterway_crossing,50,12.845809,77.73442,,,,,drain#1386924580
1270568441-x1,1270568441,,residential,culvert,waterway_crossing,112,12.903137,77.559738,,,,,drain#1314554525
1270568465-x1,1270568465,14th Main Road,secondary,culvert,waterway_crossing,126,12.902677,77.561436,,,,,drain#1314554524
1271375006-x1,1271375006,,service,culvert,waterway_crossing,27,12.903491,77.599181,,,,,drain:K209#1314762534
1271431706-x1,1271431706,100 Feet Road,secondary,dip,waterway_crossing,871,13.106609,77.522863,,,,,drain#1410052086
1271431727-x1,1271431727,,tertiary,culvert,waterway_crossing,470,13.101684,77.553867,,,,,stream#1308137484
1271431727-x2,1271431727,,tertiary,dip,waterway_crossing,470,13.100867,77.553869,,,,,drain#1489035921
1271968898,1271968898,Nandini Layout Road,secondary,low_bridge,bridge_over_water,12,13.010529,77.536077,,yes,1,,
1271968900,1271968900,Nandini Layout Road,secondary,low_bridge,bridge_over_water,10,13.011793,77.537855,,yes,,,
1272046108-x1,1272046108,,residential,culvert,waterway_crossing,6,12.970537,77.689265,,,,,drain#770680862
1272642989,1272642989,,residential,low_bridge,bridge_over_water,6,12.999581,77.724319,,yes,1,,
1273628124-x1,1273628124,,service,culvert,waterway_crossing,29,12.971057,77.718882,,,,,drain#414833862
1274389154-x1,1274389154,,unclassified,culvert,waterway_crossing,304,12.965216,77.71937,,,,,ditch#1197055959
1274663101,1274663101,,track,low_bridge,bridge_over_water,16,12.928077,77.663759,,yes,1,,
1274893956-x1,1274893956,Peenya Inner Ring Road,secondary,culvert,waterway_crossing,410,13.021197,77.528076,,,,,drain:Nagarabhavi Thorai#1094685212
1275264637-x1,1275264637,Lake View Road,residential,dip,waterway_crossing,79,12.969158,77.688948,,,,,drain#770680859
1275497827,1275497827,,service,none,tunnel=building_passage,18,13.023636,77.549723,building_passage,,,,
1275535666-x1,1275535666,Rahman Khan Road,tertiary,dip,waterway_crossing,44,13.019908,77.55556,,,,,drain:H200#674362389
1275553800,1275553800,MS Ramaiah Road,residential,low_bridge,bridge_over_water,2,13.037706,77.557369,,yes,1,,
1275566927,1275566927,B Srinivas Murthy Road,tertiary,low_bridge,bridge_over_water,2,13.036926,77.553285,,yes,1,,
1275946382-x1,1275946382,"30th Main road, Banashankari 2nd Stage",secondary,culvert,waterway_crossing,11,12.921648,77.560224,,,,,drain:V305#1112006574
1275948048-x1,1275948048,,trunk_link,culvert,waterway_crossing,32,12.921789,77.559967,,,,,drain:V305#1112006574
1275948049-x1,1275948049,,trunk_link,culvert,waterway_crossing,32,12.921665,77.560329,,,,,drain:V305#1112006574
1275995874-x1,1275995874,,tertiary,dip,waterway_crossing,76,13.03229,77.553701,,,,,drain:H200#1165379280
1275996803,1275996803,,residential,low_bridge,bridge_over_water,6,13.037705,77.55719,,yes,1,,
1275999797,1275999797,Old Madras Road,trunk,low_bridge,bridge_over_water,397,13.026158,77.720219,,yes,1,,
1275999798,1275999798,Old Madras Road,trunk,low_bridge,bridge_over_water,398,13.02429,77.717078,,yes,1,,
1276012704-x1,1276012704,Old Madras Road,trunk,dip,waterway_crossing,716,13.030609,77.728463,,,1,,stream#778170795
1276784690-x1,1276784690,Magrath Road,tertiary,dip,waterway_crossing,64,12.97046,77.610135,,,,,drain:K103#1092674470
1278065301-x1,1278065301,,residential,culvert,waterway_crossing,65,12.96276,77.708685,,,,,drain#414833861
1278379129-x1,1278379129,Haines Road,primary,underpass,under_rail_bridge,45,13.001943,77.612067,,,,,railway#172952782
1278379129-x2,1278379129,Haines Road,primary,underpass,under_rail_bridge,45,13.001943,77.612067,,,,,railway#1111976184
1279004998-x1,1279004998,,trunk_link,culvert,waterway_crossing,32,12.974787,77.69769,,,,,drain#677326093
1279894874-x1,1279894874,,service,dip,waterway_crossing,308,13.189668,77.731276,,,,,ditch#1279894872
1280085066-x1,1280085066,GKVK Road,secondary,culvert,waterway_crossing,1546,13.075505,77.567367,,,,,drain#675649187
1280085066-x2,1280085066,GKVK Road,secondary,culvert,waterway_crossing,1546,13.076453,77.565588,,,,,drain#1232959797
1280086946-x1,1280086946,Belathur Main Road,tertiary,culvert,waterway_crossing,623,13.006084,77.749567,,,,,drain:MD288#1456248500
1280130792,1280130792,Belathur Main Road,tertiary,low_bridge,bridge_over_water,6,13.006174,77.749614,,yes,1,,
1280480851,1280480851,1st Cross Road,residential,low_bridge,bridge_over_water,7,12.943362,77.603318,,yes,1,,
1280500777-x1,1280500777,,residential,culvert,waterway_crossing,16,12.916188,77.618114,,,,,drain:K204#27994476
1280513070-x1,1280513070,,secondary,dip,waterway_crossing,1005,13.034469,77.712206,,,,,drain#1428692106
1280602499-x1,1280602499,,residential,dip,waterway_crossing,311,12.962665,77.510403,,,,,drain#1313424969
1280762044,1280762044,,tertiary,underpass,tunnel=yes;layer<0,40,12.85041,77.522199,yes,,-1,,
1280762050,1280762050,Kanakapura Road,trunk,underpass,tunnel=yes;layer<0,43,12.850413,77.522259,yes,,-1,,
1280762051,1280762051,Kanakapura Road,trunk,underpass,tunnel=yes;layer<0,44,12.850015,77.522399,yes,,-1,,
1280785147,1280785147,Thanisandra Main Road,primary,low_bridge,bridge_over_water,20,13.045443,77.627452,,yes,1,,
1280843809,1280843809,,residential,low_bridge,bridge_over_water,21,12.996053,77.616756,,yes,1,,
1281085916-x1,1281085916,,service,dip,waterway_crossing,82,12.963683,77.578631,,,,,drain:K100#673670439
1281130695,1281130695,,tertiary,underpass,tunnel=yes;layer<0,37,12.907635,77.528121,yes,,-1,,
1281389738-x1,1281389738,1st Main Road,tertiary,dip,waterway_crossing,84,13.028696,77.519709,,,,,drain#674181136
1282000300,1282000300,,residential,low_bridge,bridge_over_water,6,12.915115,77.645842,,yes,1,,
1282361004-x1,1282361004,Mysore Road,trunk,culvert,waterway_crossing,56,12.952626,77.541346,,,,,drain:V120#1110165775
1282709212,1282709212,Hosur Road,trunk,low_bridge,bridge_over_water,17,12.804616,77.700418,,yes,1,,
1282718939,1282718939,Hosur Road,trunk,low_bridge,bridge_over_water,14,12.804591,77.700604,,yes,1,,
1282720553-x1,1282720553,Varthur - Sarjapur Road,primary,culvert,waterway_crossing,221,12.912812,77.73992,,,,,drain#1112430288
1283573970,1283573970,Kommagatta Main Road,secondary,low_bridge,bridge_over_water,24,12.918466,77.478061,,yes,,,
1283573973,1283573973,,residential,low_bridge,bridge_over_water,7,12.916242,77.476749,,yes,,,
1283573977,1283573977,,tertiary,low_bridge,bridge_over_water,33,12.923837,77.477806,,yes,,,
1284167447,1284167447,,secondary,low_bridge,bridge_over_water,23,13.178246,77.637255,,yes,1,,
1284167450,1284167450,,unclassified,low_bridge,bridge_over_water,27,13.178438,77.636919,,yes,1,,
1284302459-x1,1284302459,,motorway_link,culvert,waterway_crossing,573,13.086059,77.82169,,,,,drain#1309912065
1284302464-x1,1284302464,,motorway_link,culvert,waterway_crossing,561,13.081798,77.822359,,,,,drain#1344354663
1284302465-x1,1284302465,,motorway_link,culvert,waterway_crossing,1001,13.080938,77.823436,,,,,drain#1344354664
1284302467-x1,1284302467,Bengaluru Chennai Expressway,motorway,culvert,waterway_crossing,777,13.081046,77.823074,,,,,drain#1344354662
1284302469-x1,1284302469,Bengaluru Chennai Expressway,motorway,culvert,waterway_crossing,603,13.082085,77.822617,,,,,drain#1344354662
1284302472-x1,1284302472,Bengaluru Chennai Expressway,motorway,culvert,waterway_crossing,806,13.069164,77.824865,,,,,drain#1309912080
1284302474-x1,1284302474,Bengaluru Chennai Expressway,motorway,culvert,waterway_crossing,1055,13.070126,77.824437,,,,,drain#1309912080
1284360351,1284360351,100 Feet Road,secondary,low_bridge,bridge_over_water,7,12.968177,77.481473,,yes,1,,
1284360353,1284360353,100 Feet Road,secondary,low_bridge,bridge_over_water,7,12.968312,77.481405,,yes,1,,
1284361767,1284361767,100 Feet Road,secondary,low_bridge,bridge_over_water,6,12.962728,77.479523,,yes,1,,
1284363314,1284363314,,tertiary,low_bridge,bridge_over_water,6,12.967883,77.481543,,yes,1,,
1284367741,1284367741,Ballari Road,trunk,underpass,layer<0,374,13.193729,77.64973,,,-1,,
1284673006,1284673006,,residential,low_bridge,bridge_over_water,13,12.929656,77.635136,,yes,1,,
1284782974-x1,1284782974,Kankanapalya Road,tertiary,dip,waterway_crossing,227,12.943708,77.582183,,,,,drain:K111#1203712570
1284853433,1284853433,,residential,low_bridge,bridge_over_water,105,12.953829,77.788009,,yes,1,,
1284856112,1284856112,,residential,low_bridge,bridge_over_water,7,13.081301,77.502575,,yes,1,,
1285093024,1285093024,Bagalur road,primary,low_bridge,bridge_over_water,24,13.133118,77.652513,,yes,,,
1285829307,1285829307,14th Main Road,residential,low_bridge,bridge_over_water,7,12.879952,77.649454,,yes,1,,
1285829308,1285829308,,residential,low_bridge,bridge_over_water,7,12.879683,77.649958,,yes,1,,
1285829310,1285829310,16th Main Road,residential,low_bridge,bridge_over_water,6,12.879172,77.650396,,yes,1,,
1285829312-x1,1285829312,,residential,culvert,waterway_crossing,4,12.87828,77.651346,,,,,drain#1117538127
1285829314-x1,1285829314,,residential,culvert,waterway_crossing,7,12.878052,77.651589,,,,,drain#1117538127
1285829315-x1,1285829315,20th Main Road,residential,culvert,waterway_crossing,83,12.877726,77.651934,,,,,drain#1117538127
1285829318-x1,1285829318,21st Main Road,residential,culvert,waterway_crossing,7,12.877493,77.652515,,,,,drain#1117538127
1285829320-x1,1285829320,23rd Cross Road,residential,culvert,waterway_crossing,6,12.87706,77.65304,,,,,drain#1117538127
1285829322-x1,1285829322,22nd Main Road,residential,culvert,waterway_crossing,7,12.877328,77.652818,,,,,drain#1117538127
1285829324-x1,1285829324,,residential,culvert,waterway_crossing,7,12.878502,77.651089,,,,,drain#1117538127
1285910125-x1,1285910125,,tertiary,culvert,waterway_crossing,404,12.982308,77.634593,,,,,drain:C104#1409711034
1286537537,1286537537,,primary_link,low_bridge,bridge_over_water,82,12.961545,77.642042,,yes,1,,
1286537539,1286537539,,primary_link,low_bridge,bridge_over_water,10,12.961072,77.643289,,yes,1,,
1286770492-x1,1286770492,Whitefield Main Road,primary,culvert,waterway_crossing,534,12.957103,77.745595,,,,,drain#350173889
1286770492-x2,1286770492,Whitefield Main Road,primary,culvert,waterway_crossing,534,12.958615,77.746206,,,,,drain#1130957360
1286844642-x1,1286844642,,service,culvert,waterway_crossing,246,13.078468,77.737196,,,,,drain:BD411#1311996823
1286844680,1286844680,Budigere Road,primary,low_bridge,bridge_over_water,19,13.145268,77.729226,,yes,1,,
1287042156-x1,1287042156,,residential,culvert,waterway_crossing,944,13.143386,77.572249,,,,,drain#1286741557
1287173591-x1,1287173591,NICE Road,motorway,culvert,waterway_crossing,1137,13.053859,77.476878,,,,,drain#674181120
1287270765,1287270765,,unclassified,low_bridge,bridge_over_water,7,13.058585,77.474787,,yes,1,,
1287270767,1287270767,,residential,low_bridge,bridge_over_water,7,13.061968,77.480557,,yes,1,,
1287270769,1287270769,,residential,low_bridge,bridge_over_water,7,13.060816,77.484326,,yes,1,,
1287284827-x1,1287284827,NICE Road,motorway,culvert,waterway_crossing,397,12.99302,77.473071,,,,,stream#1229034907
1287763853-x1,1287763853,,motorway_link,culvert,waterway_crossing,32,12.857443,77.663688,,,,,ditch#1071407125
1288300142-x1,1288300142,NICE Road,motorway,dip,waterway_crossing,1068,12.873325,77.497668,,,,,drain#231286367
1288300144-x1,1288300144,NICE Road,motorway,dip,waterway_crossing,1060,12.873086,77.498159,,,,,drain#231286367
1288941814,1288941814,Benniganahalli Flyover,trunk,low_bridge,bridge_over_water,222,12.995772,77.665426,,yes,1,,
1290181645-x1,1290181645,,residential,dip,waterway_crossing,30,13.010731,77.701388,,,,,drain#679270111
1290478519-x1,1290478519,Outer Ring Road,trunk,dip,waterway_crossing,142,13.041024,77.545406,,,,,drain:H205#674362394
1290915145,1290915145,Patel Munniswamapa Layout Road,residential,low_bridge,bridge_over_water,18,13.057809,77.645681,,yes,,,
1291974890-x1,1291974890,,residential,culvert,waterway_crossing,37,12.873148,77.696954,,,,,ditch#1240048346
1295374385,1295374385,Doddaballapur Road,primary,low_bridge,bridge_over_water,13,13.142168,77.569371,,yes,1,,
1295374387,1295374387,Doddaballapur Road,primary,low_bridge,bridge_over_water,13,13.142039,77.569461,,yes,1,,
1295718899,1295718899,,unclassified,low_bridge,bridge_over_water,11,12.95889,77.745577,,yes,1,,
1296327259-x1,1296327259,8th Main Road (West),residential,culvert,waterway_crossing,907,13.017986,77.64483,,,,,drain:H401#1316084270
1296334405,1296334405,,residential,low_bridge,bridge_over_water,7,12.976151,77.414862,,yes,1,,
1296398950,1296398950,Kariammana Agrahara Road,tertiary,low_bridge,bridge_over_water,19,12.930196,77.681086,,yes,1,,
1296416076,1296416076,,residential,low_bridge,bridge_over_water,13,12.916901,77.676386,,yes,1,,
1298279417-x1,1298279417,,residential,dip,waterway_crossing,576,12.947893,77.762461,,,,,drain#796944017
1298937461-x1,1298937461,,service,culvert,waterway_crossing,31,13.060078,77.593199,,,,,drain#1244997548
1298937463-x1,1298937463,,service,culvert,waterway_crossing,27,13.060907,77.593226,,,,,drain#1244997548
1298937464-x1,1298937464,,service,culvert,waterway_crossing,27,13.06072,77.593174,,,,,drain#1244997548
1298961748-x1,1298961748,Service Road,secondary,culvert,waterway_crossing,695,13.103628,77.600648,,,,,stream:BP142#1109982709
1299139261-x1,1299139261,,residential,culvert,waterway_crossing,6,13.099393,77.5589,,,,,drain#1299139268
1299568856,1299568856,Central Avenue,tertiary,underpass,tunnel=yes;layer<0,25,12.925258,77.685979,yes,,-1,,
1299568859-x1,1299568859,Central Avenue,tertiary,culvert,waterway_crossing,517,12.922366,77.68566,,,,,drain#1521295529
1299917512,1299917512,Silkboard Double Decker Flyover,primary,low_bridge,bridge_over_water,391,12.916388,77.623475,,yes,1,,
1300083538,1300083538,,residential,low_bridge,bridge_over_water,7,13.06183,77.639709,,yes,1,,
1300908674,1300908674,,residential,low_bridge,bridge_over_water,13,13.063203,77.606873,,yes,1,,
1301708722-x1,1301708722,Channasandra Main Road,secondary,culvert,waterway_crossing,27,12.983514,77.768334,,,,,drain#1232427284
1301730657-x1,1301730657,,tertiary,culvert,waterway_crossing,110,12.862238,77.564134,,,,,drain#1499632467
1301761584,1301761584,,service,none,tunnel=building_passage,41,12.92675,77.591958,building_passage,,,,
1302198647,1302198647,,unclassified,low_bridge,bridge_over_water,12,12.845809,77.654688,,yes,1,,
1302326946-x1,1302326946,Outer Ring Road,trunk,dip,waterway_crossing,151,13.041243,77.545944,,,,,drain:H205#674362394
1302846001-x1,1302846001,Rayasandra Main Road,tertiary,culvert,waterway_crossing,380,12.871627,77.680219,,,,,stream#1302845997
1303068639-x1,1303068639,Srinagar - Kanyakumari Highway,trunk,dip,waterway_crossing,77,12.91676,77.62289,,,,,drain:K209#350053651
1303068639-x2,1303068639,Srinagar - Kanyakumari Highway,trunk,dip,waterway_crossing,77,12.917099,77.622846,,,,,drain:K200#27994478
1303738154-x1,1303738154,Service Road,tertiary,culvert,waterway_crossing,151,12.974836,77.69781,,,,,drain#677326093
1303738162-x1,1303738162,,tertiary,dip,waterway_crossing,160,12.927058,77.679232,,,,,drain#1243270183
1303810047,1303810047,Kogilu Main Road Underpass,secondary,underpass,layer<0,44,13.101424,77.636158,,,-1,,
1304766964-x1,1304766964,,residential,dip,waterway_crossing,99,13.062875,77.568406,,,,,drain#674699472
1305925356,1305925356,Kuduregere Main Road,tertiary,low_bridge,bridge_over_water,4,13.06258,77.492981,,yes,1,,
1306480002-x1,1306480002,Sankey Road Underpass,primary,underpass,under_rail_bridge,90,12.996173,77.584702,,,,,railway#44821433
1306480002-x2,1306480002,Sankey Road Underpass,primary,underpass,under_rail_bridge,90,12.996173,77.584702,,,,,railway#55130582
1306480003-x1,1306480003,Sankey Road Underpass,primary,underpass,under_rail_bridge,88,12.995413,77.584961,,,,,railway#44821433
1306480003-x2,1306480003,Sankey Road Underpass,primary,underpass,under_rail_bridge,88,12.995413,77.584961,,,,,railway#55130582
1306969115,1306969115,,footway,dip,flood_prone=yes,307,12.950968,77.598796,,,,yes,
1306969132-x1,1306969132,,tertiary,dip,waterway_crossing,475,12.952809,77.596632,,,,,drain:K114#1093523672
1306969132-x2,1306969132,,tertiary,culvert,waterway_crossing,475,12.95106,77.598921,,,,,drain:K114#1455373057
1307980399,1307980399,,residential,low_bridge,bridge_over_water,17,12.986047,77.689926,,yes,1,,
1308086659-x1,1308086659,,tertiary,dip,waterway_crossing,981,13.123353,77.552995,,,,,drain#1234206852
1308088211-x1,1308088211,,residential,dip,waterway_crossing,824,12.948065,77.433382,,,,,drain#1479979281
1308088241-x1,1308088241,SM Krishna Road,tertiary,culvert,waterway_crossing,1795,12.97318,77.45342,,,,,drain#1240791798
1308088270,1308088270,SM Krishna Road,trunk,low_bridge,bridge_over_water,165,12.906918,77.454255,,yes,1,,
1308088272,1308088272,SM Krishna Road,trunk,low_bridge,bridge_over_water,164,12.906929,77.454357,,yes,1,,
1308088278,1308088278,SM Krishna Road,tertiary,low_bridge,bridge_over_water,161,12.90687,77.454492,,yes,1,,
1308088704-x1,1308088704,,tertiary,culvert,waterway_crossing,855,13.107935,77.520077,,,,,drain#1528724100
1308090786-x1,1308090786,,residential,culvert,waterway_crossing,73,13.112624,77.556592,,,,,drain#1545079926
1308090807-x1,1308090807,,residential,dip,waterway_crossing,161,13.122334,77.550906,,,,,drain#1308090806
1308090817-x1,1308090817,,secondary,dip,waterway_crossing,683,13.115514,77.556139,,,,,drain#412909372
1308090817-x2,1308090817,,secondary,dip,waterway_crossing,683,13.116234,77.557112,,,,,drain#1419419914
1308093196-x1,1308093196,,residential,dip,waterway_crossing,297,13.100776,77.554245,,,,,drain#1489035921
1308093225-x1,1308093225,,residential,culvert,waterway_crossing,682,13.102374,77.551515,,,,,drain#1489035914
1308118952-x1,1308118952,,tertiary,dip,waterway_crossing,984,13.098982,77.515412,,,,,drain#1423484129
1308118961-x1,1308118961,,residential,dip,waterway_crossing,269,13.099341,77.518088,,,,,drain#1308088688
1308118970-x1,1308118970,,residential,dip,waterway_crossing,887,13.099862,77.517006,,,,,drain#1308088688
1308119006-x1,1308119006,,residential,dip,waterway_crossing,356,13.091366,77.506162,,,,,drain#1271431711
1308137495-x1,1308137495,,tertiary,dip,waterway_crossing,674,13.104688,77.542722,,,,,drain#1308259643
1308137496-x1,1308137496,,residential,dip,waterway_crossing,149,13.103255,77.541154,,,,,drain#1308259643
1308137502-x1,1308137502,,residential,dip,waterway_crossing,292,13.102555,77.541608,,,,,drain#1308259643
1308141548-x1,1308141548,,tertiary,dip,waterway_crossing,256,13.101524,77.520407,,,,,drain#1308088688
1308141559-x1,1308141559,,residential,dip,waterway_crossing,659,13.100889,77.525562,,,,,drain#1410052042
1308144125-x1,1308144125,,residential,culvert,waterway_crossing,428,13.10472,77.520703,,,,,drain#1528724102
1308144125-x2,1308144125,,residential,culvert,waterway_crossing,428,13.104284,77.522772,,,,,drain#1410052054
1308144159-x1,1308144159,,residential,dip,waterway_crossing,222,13.091381,77.513153,,,,,drain#1507512110
1308145192-x1,1308145192,,residential,dip,waterway_crossing,490,13.097993,77.536525,,,,,ditch#1418694189
1308259562-x1,1308259562,,residential,culvert,waterway_crossing,137,13.108117,77.530203,,,,,ditch#1545402567
1308259563-x1,1308259563,,residential,culvert,waterway_crossing,124,13.107758,77.529967,,,,,ditch#1545402565
1308259565-x1,1308259565,,residential,culvert,waterway_crossing,206,13.108626,77.530425,,,,,ditch#1545402571
1308259641-x1,1308259641,,residential,culvert,waterway_crossing,304,13.11015,77.530983,,,,,ditch#1545402575
1308259642-x1,1308259642,,residential,culvert,waterway_crossing,305,13.109865,77.530869,,,,,ditch#1545402573
1308259673-x1,1308259673,,residential,dip,waterway_crossing,357,13.082807,77.52351,,,,,drain#1507512144
1308403350-x1,1308403350,Hesarghatta Pipeline Road,secondary,culvert,waterway_crossing,469,13.065672,77.532866,,,,,drain#1297584678
1309209732,1309209732,,secondary,low_bridge,bridge_over_water,7,13.176208,77.635862,,yes,1,,
1309209734,1309209734,Bellary Road,trunk,low_bridge,bridge_over_water,7,13.176214,77.635625,,yes,1,,
1309209736,1309209736,Ballari Road,trunk,low_bridge,bridge_over_water,7,13.17627,77.635514,,yes,1,,
1309209738,1309209738,,tertiary,low_bridge,bridge_over_water,4,13.176255,77.635314,,yes,1,,
1309209740,1309209740,,tertiary,low_bridge,bridge_over_water,9,13.173604,77.633296,,yes,1,,
1310004864,1310004864,TNR Street,living_street,underpass,layer<0,85,13.115751,77.569731,,,-1,,
1311161161,1311161161,,service,low_bridge,bridge_over_water,19,12.947615,77.649559,,yes,1,,
1311424950-x1,1311424950,,tertiary,culvert,waterway_crossing,353,12.908671,77.478219,,,,,drain#1311424952
1311437751-x1,1311437751,,residential,dip,waterway_crossing,723,13.136936,77.665229,,,,,stream:Ponnaiyar#1187884322
1311664255,1311664255,3rd Main Road,residential,low_bridge,bridge_over_water,7,12.935174,77.556876,,yes,1,,
1311676179,1311676179,,service,none,tunnel=building_passage,18,13.055405,77.507306,building_passage,,,,
1311812125,1311812125,,service,underpass,layer<0,27,12.91747,77.622303,,,-1,,
1311951466-x1,1311951466,,residential,dip,waterway_crossing,12,12.903226,77.606925,,,,,drain:K209#334655248
1311951467-x1,1311951467,,residential,dip,waterway_crossing,11,12.903326,77.606801,,,,,drain:K209#334655248
1311969153,1311969153,,residential,low_bridge,bridge_over_water,15,13.000029,77.720055,,yes,1,,
1311975337-x1,1311975337,Banaswadi Main Road,primary,culvert,waterway_crossing,560,13.017508,77.651859,,,,,drain#1551919321
1311979232-x1,1311979232,11th Cross Road,residential,culvert,waterway_crossing,21,12.934579,77.551348,,,,,drain:V300#224319509
1311986983-x1,1311986983,,service,dip,waterway_crossing,92,13.092076,77.594103,,,,,drain#403024947
1312001887,1312001887,,residential,low_bridge,bridge_over_water,6,12.904453,77.538896,,yes,1,,
1312010950,1312010950,Inner Peripheral Ring Road,primary,low_bridge,bridge_over_water,8,12.93933,77.71787,,yes,1,,
1312014813,1312014813,Old Mysuru Road Underpass,primary,underpass,tunnel=yes;layer<0,28,12.98276,77.569244,yes,,-1,,
1312232278,1312232278,,residential,low_bridge,bridge_over_water,5,12.924658,77.510491,,yes,1,,
1312741153,1312741153,,service,none,tunnel=building_passage,12,12.924263,77.681127,building_passage,,,,
1312753960,1312753960,,residential,low_bridge,bridge_over_water,10,12.967982,77.492806,,yes,1,,
1312783495,1312783495,,service,none,tunnel=building_passage,33,13.078291,77.579476,building_passage,,,,
1312788932,1312788932,,service,underpass,layer<0,109,12.986034,77.69562,,,-1,,
1312788933,1312788933,,unclassified,dip,flood_prone=yes,6,12.98614,77.694599,,,,yes,
1312800259-x1,1312800259,,service,culvert,waterway_crossing,278,12.912527,77.684399,,,,,drain#1457683388
1312808681-x1,1312808681,,service,dip,waterway_crossing,9,12.92324,77.681358,,,,,drain#350098026
1312808684,1312808684,,service,none,tunnel=building_passage,16,12.924101,77.681599,building_passage,,,,
1312808686,1312808686,Pritech Road,service,none,tunnel=building_passage,17,12.924032,77.681537,building_passage,,,,
1312809959,1312809959,,residential,none,tunnel=building_passage,24,13.046584,77.501087,building_passage,,,,
1312809962,1312809962,,residential,none,tunnel=building_passage,28,13.046884,77.500844,building_passage,,,,
1312820025,1312820025,,service,none,tunnel=building_passage,23,13.005776,77.554338,building_passage,,,,
1312956274-x1,1312956274,B.V.K. Iyengar Road,tertiary,dip,waterway_crossing,1196,12.968432,77.574847,,,,,drain:K100#673670438
1312994300,1312994300,Outer Ring Road,trunk_link,low_bridge,bridge_over_water,20,12.945176,77.528582,,yes,1,,
1312998997,1312998997,Bannerghatta Road,primary,low_bridge,bridge_over_water,11,12.931147,77.600538,,yes,1,,
1313139880-x1,1313139880,80 Feet Road,secondary,culvert,waterway_crossing,1004,12.934544,77.546741,,,,,drain:V300#224319509
1313141950,1313141950,,service,none,tunnel=building_passage,15,12.975974,77.597924,building_passage,,,,
1313154530,1313154530,,residential,none,tunnel=building_passage,30,12.958743,77.645214,building_passage,,,,
1313161214,1313161214,3rd Cross Versova Layout,residential,dip,flood_prone=yes,36,12.984671,77.66956,,,,yes,
1313161215,1313161215,3rd Cross Versova Layout,residential,low_bridge,flood_prone=yes;bridge_over_water,6,12.98467,77.66952,,yes,1,yes,
1313162478,1313162478,,residential,underpass,layer<0,5,12.848093,77.650141,,,-1,,
1313184462-x1,1313184462,,residential,culvert,waterway_crossing,69,12.991336,77.668887,,,,,drain#1313184464
1313184571-x1,1313184571,,residential,culvert,waterway_crossing,36,12.990502,77.668688,,,,,drain#1229017858
1313204397,1313204397,Malathhalli Main Road,secondary,low_bridge,bridge_over_water,14,12.970366,77.494698,,yes,1,,
1313221979,1313221979,Hennur Main Road,secondary,low_bridge,bridge_over_water,6,13.023593,77.631012,,yes,1,,
1313221981,1313221981,Hennur Main Road,secondary,low_bridge,bridge_over_water,11,13.023534,77.631188,,yes,1,,
1313403123,1313403123,,residential,none,tunnel=building_passage,80,13.012949,77.673017,building_passage,,,,
1313418619,1313418619,,service,none,tunnel=building_passage,147,13.060752,77.639342,building_passage,,,,
1313427744,1313427744,,service,none,tunnel=building_passage,19,12.933713,77.611512,building_passage,,,,
1313652575,1313652575,,service,none,tunnel=building_passage,9,12.914835,77.585604,building_passage,,,,
1313656482,1313656482,,service,none,tunnel=building_passage,18,13.093029,77.741817,building_passage,,,,
1313663370,1313663370,,service,none,tunnel=building_passage,13,13.012786,77.642753,building_passage,,,,
1313664728-x1,1313664728,Victoria Road,primary,culvert,waterway_crossing,300,12.96655,77.613744,,,,,drain:K103#362418039
1313730385-x1,1313730385,,residential,culvert,waterway_crossing,11,12.90206,77.53579,,,,,drain#1314338857
1313730387-x1,1313730387,29th Main Road,residential,culvert,waterway_crossing,11,12.902135,77.535762,,,,,drain#1314338857
1313756540,1313756540,,service,none,tunnel=building_passage,17,12.929248,77.514216,building_passage,,,,
1313775996,1313775996,,service,none,tunnel=building_passage,13,12.883991,77.596222,building_passage,,,,
1313937312,1313937312,,residential,low_bridge,bridge_over_water,9,13.068354,77.520145,,yes,1,,
1314297634,1314297634,Domlur Flyover Ramp,primary_link,low_bridge,bridge_over_water,88,12.961627,77.641525,,yes,1,,
1314303175-x1,1314303175,,service,dip,waterway_crossing,192,12.911918,77.674236,,,,,drain#1226234880
1314306939,1314306939,,residential,low_bridge,bridge_over_water,11,13.001099,77.511203,,yes,1,,
1314306941,1314306941,,residential,low_bridge,bridge_over_water,5,13.001516,77.510681,,yes,1,,
1314321268,1314321268,,residential,low_bridge,bridge_over_water,4,13.036022,77.670374,,yes,1,,
1314367961,1314367961,,service,none,tunnel=building_passage,15,12.920733,77.620858,building_passage,,,,
1314554520,1314554520,,residential,low_bridge,bridge_over_water,6,12.90341,77.557811,,yes,1,,
1314592446-x1,1314592446,,service,culvert,waterway_crossing,9,12.940964,77.689716,,,,,drain#1314592448
1314593240,1314593240,,residential,low_bridge,bridge_over_water,6,12.880518,77.567768,,yes,1,,
1314609917,1314609917,,service,low_bridge,bridge_over_water,4,13.036565,77.518035,,yes,1,,
1314771939,1314771939,,service,none,tunnel=building_passage,8,12.902465,77.604761,building_passage,,,,
1314771941-x1,1314771941,,service,dip,waterway_crossing,21,12.903123,77.60425,,,,,drain:K209#334655248
1314771942-x1,1314771942,,service,dip,waterway_crossing,19,12.903286,77.604039,,,,,drain:K209#334655248
1314772542-x1,1314772542,,service,dip,waterway_crossing,21,12.903088,77.604385,,,,,drain:K209#334655248
1314838482,1314838482,3rd Cross Road,residential,low_bridge,bridge_over_water,11,12.977402,77.629559,,yes,1,,
1314840214,1314840214,,residential,none,tunnel=building_passage,41,12.8441,77.648861,building_passage,,,,
1314847232,1314847232,,service,none,tunnel=building_passage,35,13.199344,77.680314,building_passage,,,,
1315015202,1315015202,,service,underpass,layer<0,7,13.070672,77.580601,,,-1,,
1315015203,1315015203,,service,none,tunnel=building_passage,13,13.070647,77.580485,building_passage,,,,
1315015205-x1,1315015205,,service,dip,waterway_crossing,245,13.070606,77.579022,,,,,drain#674699466
1315245393-x1,1315245393,,residential,dip,waterway_crossing,108,12.911728,77.628675,,,,,drain#317763264
1315249785,1315249785,,residential,none,tunnel=building_passage,166,12.837137,77.695409,building_passage,,,,
1315690340-x1,1315690340,5th B Main Road,residential,culvert,waterway_crossing,251,13.018853,77.640257,,,,,drain:H401#675933728
1315906706-x1,1315906706,,unclassified,dip,waterway_crossing,9,12.970218,77.717408,,,,,drain#414833864
1315906709-x1,1315906709,,unclassified,culvert,waterway_crossing,12,12.971195,77.717833,,,,,drain#414833862
1316067706,1316067706,,residential,low_bridge,bridge_over_water,12,12.91977,77.54756,,yes,1,,
1316096481,1316096481,,service,low_bridge,bridge_over_water,5,12.954849,77.559772,,yes,1,,
1316123029,1316123029,,residential,none,tunnel=building_passage,10,12.919797,77.587962,building_passage,,,,
1316123030,1316123030,,residential,none,tunnel=building_passage,9,12.91962,77.588139,building_passage,,,,
1316123031,1316123031,,residential,none,tunnel=building_passage,9,12.919821,77.588339,building_passage,,,,
1316123032,1316123032,,residential,none,tunnel=building_passage,8,12.919996,77.588177,building_passage,,,,
1316301080,1316301080,,service,none,tunnel=building_passage,15,12.93809,77.522197,building_passage,,,,
1316309086,1316309086,,residential,none,tunnel=building_passage,17,13.066427,77.575954,building_passage,,,,
1316314045-x1,1316314045,,residential,dip,waterway_crossing,33,12.926163,77.640647,,,,,drain:K200#1300244529
1316334381,1316334381,,residential,low_bridge,bridge_over_water,18,13.065212,77.488215,,yes,1,,
1316342353,1316342353,,residential,none,tunnel=building_passage,32,12.957878,77.644913,building_passage,,,,
1316617022,1316617022,,residential,none,tunnel=building_passage,37,12.922731,77.695494,building_passage,,,,
1316621905,1316621905,,residential,none,tunnel=building_passage,28,12.927703,77.698778,building_passage,,,,
1316621907,1316621907,,residential,none,tunnel=building_passage,27,12.927868,77.698547,building_passage,,,,
1316838097,1316838097,,residential,low_bridge,bridge_over_water,11,13.008877,77.516758,,yes,1,,
1316846946,1316846946,,residential,none,tunnel=building_passage,36,12.966912,77.709044,building_passage,,,,
1316850352-x1,1316850352,,service,culvert,waterway_crossing,12,12.97163,77.715598,,,,,drain#414833862
1316889168,1316889168,,service,none,tunnel=building_passage,15,12.934809,77.696205,building_passage,,,,
1316889170,1316889170,,service,none,tunnel=building_passage,20,12.933708,77.696046,building_passage,,,,
1316889172,1316889172,,service,underpass,tunnel=yes;layer<0,22,12.936471,77.696382,yes,,-1,,
1316889175,1316889175,,service,none,tunnel=building_passage,18,12.932436,77.695684,building_passage,,,,
1316889311-x1,1316889311,,residential,culvert,waterway_crossing,67,13.025668,77.589314,,,,,drain:H104#675496530
1317069372,1317069372,,service,none,tunnel=building_passage,17,12.93414,77.539337,building_passage,,,,
1317098651-x1,1317098651,,track,dip,waterway_crossing,1095,13.171603,77.626951,,,,,drain#1297712134
1317332278-x1,1317332278,,residential,culvert,waterway_crossing,116,12.974121,77.452282,,,,,drain#1317332277
1317498311,1317498311,,residential,low_bridge,bridge_over_water,12,13.040401,77.564273,,yes,1,,
1317540705-x1,1317540705,,residential,dip,waterway_crossing,25,13.05971,77.550731,,,,,drain#1380595582
1317566189-x1,1317566189,,residential,culvert,waterway_crossing,37,13.037488,77.555335,,,,,drain:H200#1317566196
1317566190-x1,1317566190,,residential,culvert,waterway_crossing,52,13.037667,77.55596,,,,,drain:H200#1317566199
1317831282,1317831282,,residential,low_bridge,bridge_over_water,6,12.948887,77.755639,,yes,1,,
1317831285,1317831285,,track,low_bridge,bridge_over_water,6,12.95094,77.753892,,yes,1,,
1318054883-x1,1318054883,,residential,dip,waterway_crossing,31,13.029702,77.555106,,,,,drain:H200#46918823
1318306356,1318306356,,residential,low_bridge,bridge_over_water,7,13.08168,77.638041,,yes,1,,
1318598686-x1,1318598686,,track,underpass,under_rail_bridge,493,13.142603,77.596264,,,,,railway#1318598683
1318766787-x1,1318766787,,residential,culvert,waterway_crossing,250,13.175059,77.669107,,,,,drain#1318766789
1318771194-x1,1318771194,,residential,culvert,waterway_crossing,261,13.175018,77.668823,,,,,drain#1318766789
1318777641-x1,1318777641,,unclassified,culvert,waterway_crossing,216,13.125531,77.653046,,,,,ditch:BD404#1318777643
1318788475-x1,1318788475,,service,dip,waterway_crossing,5,12.935204,77.61576,,,,,drain:K101#673948795
1318944412,1318944412,,service,none,tunnel=building_passage,29,12.958837,77.582494,building_passage,,,,
1318959972,1318959972,,residential,low_bridge,bridge_over_water,5,12.991376,77.769112,,yes,1,,
1319188497-x1,1319188497,,service,dip,waterway_crossing,314,13.025501,77.573221,,,,,drain:H201#674383488
1319419835,1319419835,,service,none,tunnel=building_passage,13,13.048688,77.593001,building_passage,,,,
1319599782-x1,1319599782,,residential,culvert,waterway_crossing,224,13.006685,77.73955,,,,,drain:MD287#1319599784
1319801749,1319801749,,residential,low_bridge,bridge_over_water,6,13.06191,77.488854,,yes,1,,
1319801751,1319801751,,residential,low_bridge,bridge_over_water,6,13.061332,77.490146,,yes,1,,
1319801753,1319801753,,residential,low_bridge,bridge_over_water,5,13.061214,77.491355,,yes,1,,
1319824155,1319824155,,tertiary,low_bridge,bridge_over_water,7,12.806116,77.763252,,yes,1,,
1319824157,1319824157,,tertiary,low_bridge,bridge_over_water,10,12.80616,77.763374,,yes,1,,
1320129045,1320129045,,residential,low_bridge,bridge_over_water,17,13.003208,77.73259,,yes,1,,
1320232253,1320232253,,track,low_bridge,bridge_over_water,7,12.802664,77.759668,,yes,1,,
1323088703,1323088703,,residential,underpass,layer<0,52,12.937204,77.751035,,,-1,,
1323134851-x1,1323134851,,residential,culvert,waterway_crossing,406,13.007362,77.745944,,,,,drain:MD287#1323134849
1323134851-x2,1323134851,,residential,culvert,waterway_crossing,406,13.009867,77.745784,,,,,drain#1323134847
1323677074,1323677074,,residential,low_bridge,bridge_over_water,10,12.803768,77.760892,,yes,1,,
1323677223,1323677223,,tertiary,low_bridge,bridge_over_water,7,12.810041,77.749132,,yes,1,,
1324275884,1324275884,,secondary,low_bridge,bridge_over_water,19,12.893068,77.513655,,yes,1,,
1324275885,1324275885,,secondary,low_bridge,bridge_over_water,19,12.892963,77.513816,,yes,1,,
1324279138,1324279138,Chord Road,primary,low_bridge,bridge_over_water,17,12.974274,77.546739,,yes,1,,
1324279140,1324279140,Magadi Road Tollgate Underpass,primary,low_bridge,bridge_over_water,17,12.974127,77.546595,,yes,1,,
1324279142,1324279142,,primary_link,low_bridge,bridge_over_water,19,12.973949,77.546614,,yes,1,,
1324291066,1324291066,Hesaraghatta Main Road,primary,low_bridge,bridge_over_water,10,13.080386,77.502372,,yes,1,,
1324291067,1324291067,Hesaraghatta Main Road,primary,low_bridge,bridge_over_water,8,13.080273,77.50239,,yes,1,,
1324957781-x1,1324957781,,tertiary,dip,waterway_crossing,236,13.040832,77.545105,,,,,drain:H205#674362394
1326189873-x1,1326189873,,service,dip,waterway_crossing,60,12.95671,77.723751,,,,,drain#1481084195
1326371480,1326371480,SM Krishna Road,trunk,underpass,tunnel=yes;layer<0,347,12.895596,77.458867,yes,,-1,,
1326496636-x1,1326496636,,trunk_link,culvert,waterway_crossing,20,12.916102,77.619575,,,,,drain:K204#27994476
1327276882,1327276882,,residential,low_bridge,bridge_over_water,11,13.049385,77.576576,,yes,,,
1327277007,1327277007,Balaji Layout 6th Cross,residential,low_bridge,bridge_over_water,15,13.049383,77.577874,,yes,,,
1327871150-x1,1327871150,,track,culvert,waterway_crossing,260,13.140896,77.626885,,,,,drain#1333647485
1328053439-x1,1328053439,,residential,culvert,waterway_crossing,77,12.942185,77.680194,,,,,drain#1542831666
1328527199-x1,1328527199,4th Main Road,residential,dip,waterway_crossing,47,13.038544,77.568308,,,,,drain:H201#42377510
1328992365-x1,1328992365,,tertiary,dip,waterway_crossing,214,13.041258,77.545658,,,,,drain:H205#674362394
1329624808-x1,1329624808,3rd Cross Road,residential,dip,waterway_crossing,226,12.985848,77.561031,,,,,drain:V112#38096774
1330935715,1330935715,Patel Thayappa Street,living_street,underpass,layer<0,140,13.113357,77.57189,,,-1,,
1331912215-x1,1331912215,,tertiary,culvert,waterway_crossing,168,13.045026,77.508888,,,,,drain#1353093568
1332592275-x1,1332592275,Namjoshi Road,secondary,culvert,waterway_crossing,558,12.966519,77.682901,,,,,drain#799422497
1332825921-x1,1332825921,2nd Main Road,residential,dip,waterway_crossing,131,12.97218,77.650727,,,,,drain:C105#491562458
1333691529,1333691529,,residential,underpass,tunnel=yes;layer<0,9,13.109898,77.4302,yes,,-1,,
1334683491,1334683491,,residential,underpass,layer<0,42,13.037703,77.517549,,,-1,,
1334685218-x1,1334685218,,residential,dip,waterway_crossing,16,13.006818,77.477209,,,,,drain#1343674323
1334685220-x1,1334685220,,residential,dip,waterway_crossing,25,13.006918,77.47753,,,,,drain#1343674323
1335759265-x1,1335759265,,residential,dip,waterway_crossing,140,12.975393,77.414629,,,,,drain#1256459763
1335867266-x1,1335867266,Siddaiah Road,secondary,dip,waterway_crossing,186,12.949728,77.596965,,,,,drain:K108#131645659
1335925433-x1,1335925433,Nagawara Main Road,secondary,dip,waterway_crossing,563,13.028448,77.620599,,,,,drain:Drain#350182320
1337013074,1337013074,,track,low_bridge,bridge_over_water,9,13.08033,77.669309,,yes,1,,
1338225811,1338225811,,tertiary,underpass,tunnel=yes;layer<0,14,13.132447,77.432307,yes,,-1,,
1338627866,1338627866,,service,underpass,layer<0,121,13.198383,77.713796,,,-1,,
1339101402,1339101402,,residential,low_bridge,bridge_over_water,24,13.057178,77.496741,,yes,1,,
1340000273-x1,1340000273,Kommagatta Main Road,secondary,culvert,waterway_crossing,841,12.927684,77.467019,,,,,drain#1218956387
1340412866,1340412866,,residential,low_bridge,bridge_over_water,4,12.907956,77.568268,,yes,1,,
1340412867,1340412867,,residential,low_bridge,bridge_over_water,3,12.908076,77.568412,,yes,1,,
1341204758,1341204758,8th Main Road,tertiary,low_bridge,bridge_over_water,4,13.037585,77.549575,,yes,1,,
1341204760,1341204760,7th Main Road,residential,low_bridge,bridge_over_water,3,13.03756,77.549875,,yes,1,,
1341204762,1341204762,10th Main Road,residential,low_bridge,bridge_over_water,2,13.037687,77.548995,,yes,1,,
1341204764,1341204764,,residential,low_bridge,bridge_over_water,3,13.037612,77.549275,,yes,1,,
1341204766,1341204766,11th Main Road,residential,low_bridge,bridge_over_water,3,13.03777,77.548724,,yes,1,,
1341204774,1341204774,7th B Main Road,residential,low_bridge,bridge_over_water,2,13.037509,77.55015,,yes,1,,
1341204785,1341204785,,residential,low_bridge,bridge_over_water,2,13.038064,77.548243,,yes,1,,
1343300245-x1,1343300245,Subedar Chatram Road,secondary,underpass,under_rail_bridge,260,12.984656,77.574752,,,,,railway#44821467
1343300245-x2,1343300245,Subedar Chatram Road,secondary,underpass,under_rail_bridge,260,12.984656,77.574752,,,,,railway#55131981
1343300245-x3,1343300245,Subedar Chatram Road,secondary,underpass,under_rail_bridge,260,12.984656,77.574752,,,,,railway#372083768
1343302871,1343302871,Dhanvanthari Road,primary,underpass,tunnel=yes;layer<0,24,12.980429,77.572375,yes,,-1,,
1343302873,1343302873,Dhanvanthari Road,primary,underpass,tunnel=yes;layer<0,24,12.980204,77.572265,yes,,-1,,
1343719082,1343719082,,residential,low_bridge,bridge_over_water,6,12.925518,77.492816,,yes,1,,
1344368425,1344368425,,tertiary,low_bridge,bridge_over_water,7,13.146456,77.694721,,yes,1,,
1344368433-x1,1344368433,,unclassified,culvert,waterway_crossing,1002,13.13988,77.685716,,,,,drain#1247536035
1346025499,1346025499,,tertiary,low_bridge,bridge_over_water,6,12.806938,77.764464,,yes,1,,
1346317768-x1,1346317768,Satellite Town Ring Road,trunk,dip,waterway_crossing,780,13.187568,77.783162,,,,,river:Dakshina Pinakini#1215977794
1346317769-x1,1346317769,Satellite Town Ring Road,trunk,dip,waterway_crossing,795,13.186654,77.783634,,,,,river:Dakshina Pinakini#1215977794
1347244040-x1,1347244040,,tertiary,dip,waterway_crossing,130,13.012645,77.628711,,,,,drain:H300#673959386
1347264544-x1,1347264544,,tertiary,culvert,waterway_crossing,23,13.056905,77.473946,,,,,drain#1287270763
1348172608-x1,1348172608,,residential,culvert,waterway_crossing,49,12.998151,77.531368,,,,,drain:V206#1348172606
1349581376-x1,1349581376,,residential,dip,waterway_crossing,138,13.082779,77.528478,,,,,drain#1507512109
1349581378-x1,1349581378,,residential,dip,waterway_crossing,67,13.082801,77.528839,,,,,drain#1507512109
1349581381,1349581381,,residential,low_bridge,bridge_over_water,19,13.089578,77.527299,,yes,1,,
1349757525-x1,1349757525,Halasahalli Road,secondary,culvert,waterway_crossing,2695,12.937833,77.747152,,,,,drain#1350856701
1349974801-x1,1349974801,,residential,dip,waterway_crossing,177,12.881859,77.538973,,,,,drain#1189440570
1351171430,1351171430,,residential,low_bridge,bridge_over_water,28,12.877181,77.780888,,yes,1,,
1351171432,1351171432,,residential,low_bridge,bridge_over_water,4,12.878137,77.781311,,yes,1,,
1351171433,1351171433,,residential,low_bridge,bridge_over_water,27,12.878575,77.7815,,yes,1,,
1351749148-x1,1351749148,,service,culvert,waterway_crossing,102,13.037048,77.518005,,,,,drain#1351749149
1351758498,1351758498,,residential,low_bridge,bridge_over_water,6,12.938364,77.714462,,yes,1,,
1351771555,1351771555,,residential,low_bridge,bridge_over_water,9,12.959315,77.585901,,yes,1,,
1351780142-x1,1351780142,,residential,culvert,waterway_crossing,113,13.010838,77.437924,,,,,stream#1351780140
1351817017,1351817017,,service,none,tunnel=building_passage,30,13.107588,77.580272,building_passage,,,,
1351862841,1351862841,Yelahanka Old Town BMTC Bus Station,service,none,tunnel=building_passage,30,13.100929,77.594764,building_passage,,,,
1351862842,1351862842,Yelahanka Old Town BMTC Bus Station,service,none,tunnel=building_passage,30,13.100877,77.59475,building_passage,,,,
1351975770,1351975770,,service,underpass,tunnel=yes,4,13.041397,77.620394,yes,,,,
1351994264,1351994264,Ragigudda-Silk Board Integrated Flyover (u/c),primary_link,low_bridge,bridge_over_water,289,12.916274,77.620478,,viaduct,1,,
1352004782,1352004782,,service,underpass,tunnel=yes;layer<0,30,13.19645,77.715101,yes,,-1,,
1352004786,1352004786,,service,underpass,tunnel=yes;layer<0,30,13.196509,77.714678,yes,,-1,,
1352004788,1352004788,,service,underpass,tunnel=yes;layer<0,13,13.196397,77.713516,yes,,-1,,
1352005035-x1,1352005035,Hennur Bagalur Road,primary,underpass,under_rail_bridge,1291,13.04459,77.643491,,,,,railway#30288224
1352005035-x2,1352005035,Hennur Bagalur Road,primary,underpass,under_rail_bridge,1291,13.04459,77.643491,,,,,railway#520581576
1352033528,1352033528,,service,none,tunnel=building_passage,25,12.807196,77.695018,building_passage,,,,
1352492209-x1,1352492209,,tertiary,dip,waterway_crossing,1109,13.18165,77.63335,,,,,stream#1244965480
1352492209-x2,1352492209,,tertiary,dip,waterway_crossing,1109,13.181765,77.634841,,,,,stream#1244965477
1353110852,1353110852,,service,underpass,tunnel=yes;layer<0,11,12.987548,77.595624,yes,,-1,,
1353417449-x1,1353417449,Magadi Road,primary,culvert,waterway_crossing,264,12.986935,77.491053,,,,,drain#1393102039
1353927912-x1,1353927912,,tertiary,dip,waterway_crossing,523,12.928164,77.681577,,,,,drain#350098026
1354144821,1354144821,Dr. Rajkumar Road Underpass,secondary,underpass,tunnel=yes;layer<0,57,13.008454,77.554434,yes,,-1,,
1354689678-x1,1354689678,,service,culvert,waterway_crossing,244,13.071101,77.646896,,,,,drain#792509587
1355096493,1355096493,,service,none,tunnel=building_passage,12,12.965334,77.73317,building_passage,,,,
1355122987,1355122987,,service,none,tunnel=building_passage,9,12.995984,77.604204,building_passage,,,,
1356191564-x1,1356191564,,unclassified,dip,waterway_crossing,632,12.995812,77.665773,,,,,drain#675271461
1359003859,1359003859,,residential,underpass,tunnel=building_passage;layer<0,37,12.93741,77.751261,building_passage,,-1,,
1359003862,1359003862,,residential,underpass,tunnel=building_passage;layer<0,126,12.936282,77.751185,building_passage,,-1,,
1359003868,1359003868,,residential,underpass,tunnel=building_passage;layer<0,129,12.937147,77.750698,building_passage,,-1,,
1359003875,1359003875,,residential,underpass,tunnel=building_passage;layer<0,45,12.937249,77.751526,building_passage,,-1,,
1359583089-x1,1359583089,HAL Old Airport Road,primary,dip,waterway_crossing,899,12.959238,77.657657,,,,,drain:C103#673686636
1360813689-x1,1360813689,,service,dip,waterway_crossing,206,13.1227,77.477343,,,,,stream#1360813687
1360857262,1360857262,,service,low_bridge,bridge_over_water,9,13.092785,77.597833,,yes,1,,
1360857264,1360857264,,service,low_bridge,bridge_over_water,9,13.09343,77.597929,,yes,1,,
1361741143-x1,1361741143,Nagarabhavi Circle Flyover,trunk,dip,waterway_crossing,287,12.963726,77.512371,,,,,drain#1539943355
1361741145-x1,1361741145,Nagarabhavi Circle Flyover,trunk,dip,waterway_crossing,280,12.962711,77.512524,,,,,drain#1539943355
1361741148,1361741148,Outer Ring Road,trunk,low_bridge,bridge_over_water,41,12.959751,77.515663,,yes,1,,
1361741150,1361741150,Outer Ring Road,trunk,low_bridge,bridge_over_water,46,12.95974,77.515424,,yes,1,,
1363519084-x1,1363519084,,residential,culvert,waterway_crossing,4,12.948108,77.62586,,,,,drain#1431913922
1364476981-x1,1364476981,Konanakunte-Uttarahalli Road,secondary,culvert,waterway_crossing,173,12.895119,77.55449,,,,,drain#1558743993
1364721499-x1,1364721499,,tertiary,culvert,waterway_crossing,1030,13.042639,77.513385,,,,,drain#1364721501
1366495608-x1,1366495608,,service,culvert,waterway_crossing,196,12.921327,77.423578,,,,,drain#1366495610
1366719644,1366719644,,residential,low_bridge,bridge_over_water,7,12.82011,77.525808,,yes,1,,
1366719646,1366719646,,residential,low_bridge,bridge_over_water,7,12.822574,77.529032,,yes,1,,
1366719648,1366719648,,track,low_bridge,bridge_over_water,7,12.823811,77.529691,,yes,1,,
1366719650,1366719650,,residential,low_bridge,bridge_over_water,6,12.816038,77.525832,,yes,1,,
1366719652,1366719652,,track,low_bridge,bridge_over_water,5,12.813069,77.524228,,yes,1,,
1366719654,1366719654,,residential,low_bridge,bridge_over_water,6,12.803737,77.518376,,yes,1,,
1366719656,1366719656,,track,low_bridge,bridge_over_water,6,12.834878,77.533018,,yes,1,,
1366719658,1366719658,,tertiary,low_bridge,bridge_over_water,6,12.833045,77.533359,,yes,1,,
1366719660,1366719660,,track,low_bridge,bridge_over_water,6,12.828453,77.531685,,yes,1,,
1366731382,1366731382,,tertiary,low_bridge,bridge_over_water,13,13.1569,77.746647,,yes,1,,
1366731384,1366731384,,tertiary,low_bridge,bridge_over_water,8,13.154798,77.748268,,yes,1,,
1366754318,1366754318,,service,none,tunnel=building_passage,45,13.124426,77.41873,building_passage,,,,
1368339780,1368339780,,tertiary_link,underpass,tunnel=yes;layer<0,149,13.043576,77.618903,yes,,-1,,
1368371835,1368371835,,service,none,tunnel=building_passage,9,13.089772,77.425457,building_passage,,,,
1368988739,1368988739,,residential,low_bridge,bridge_over_water,9,12.862762,77.546725,,yes,1,,
1368989188-x1,1368989188,,residential,culvert,waterway_crossing,720,12.942151,77.78075,,,,,drain#1368989198
1368989191-x1,1368989191,,residential,culvert,waterway_crossing,138,12.941568,77.780184,,,,,drain#1368989195
1368989192-x1,1368989192,,residential,culvert,waterway_crossing,103,12.941993,77.780047,,,,,drain#1368989194
1369147032,1369147032,,service,none,tunnel=building_passage,40,13.132498,77.415225,building_passage,,,,
1369571312-x1,1369571312,Cambridge Road,tertiary,dip,waterway_crossing,43,12.968202,77.628923,,,,,drain:C106#675252713
1369655572-x1,1369655572,,service,dip,waterway_crossing,59,13.028142,77.519974,,,,,drain#674181136
1369863035-x1,1369863035,Banaswadi Main Road,primary,culvert,waterway_crossing,555,13.017666,77.651992,,,,,drain#1551919321
1370281620-x1,1370281620,,residential,dip,waterway_crossing,145,13.053973,77.755807,,,,,drain#1343502841
1370355559,1370355559,,living_street,low_bridge,bridge_over_water,7,12.986583,77.602887,,yes,1,,
1370779918-x1,1370779918,,residential,culvert,waterway_crossing,100,13.080238,77.720123,,,,,stream#412922555
1370779919-x1,1370779919,,residential,culvert,waterway_crossing,36,13.080531,77.719848,,,,,stream#412922555
1370791726-x1,1370791726,,residential,culvert,waterway_crossing,51,13.011762,77.742415,,,,,drain#676097198
1370791727-x1,1370791727,,residential,culvert,waterway_crossing,52,13.011659,77.742728,,,,,drain#676097198
1370791728-x1,1370791728,,residential,culvert,waterway_crossing,54,13.011561,77.743031,,,,,drain#676097198
1370791730-x1,1370791730,,residential,culvert,waterway_crossing,38,13.011512,77.74372,,,,,ditch#676097196
1370819069,1370819069,,tertiary,low_bridge,bridge_over_water,14,12.948917,77.756042,,yes,1,,
1370824435,1370824435,,tertiary,low_bridge,bridge_over_water,7,12.982579,77.51765,,yes,1,,
1370824437,1370824437,,tertiary,low_bridge,bridge_over_water,7,12.982432,77.517963,,yes,1,,
1371020818,1371020818,,service,none,tunnel=building_passage,9,12.953605,77.567222,building_passage,,,,
1371041298,1371041298,,unclassified,low_bridge,bridge_over_water,5,13.051638,77.695852,,yes,1,,
1371043772,1371043772,,residential,low_bridge,bridge_over_water,10,13.057103,77.693904,,yes,1,,
1371158525,1371158525,Dhananayakanahalli Main Road,tertiary,low_bridge,bridge_over_water,7,12.937168,77.474021,,yes,1,,
1371158527,1371158527,Dhananayakanahalli Main Road,tertiary,low_bridge,bridge_over_water,7,12.937239,77.474151,,yes,1,,
1371599413,1371599413,,service,none,tunnel=building_passage,8,13.197003,77.558827,building_passage,,,,
1371969752-x1,1371969752,Singapura Main Road,tertiary,culvert,waterway_crossing,88,13.079988,77.538907,,,,,drain#1115970811
1374015956-x1,1374015956,1st Cross Road,residential,dip,waterway_crossing,461,12.998916,77.555131,,,,,drain:V112#1092672110
1374015956-x2,1374015956,1st Cross Road,residential,culvert,waterway_crossing,461,12.998919,77.556594,,,,,drain:V11X#1219880340
1375592391-x1,1375592391,Hennur Main Road,secondary,culvert,waterway_crossing,284,13.014788,77.628289,,,,,drain:H300#1312015845
1376041738,1376041738,4th Main Road,residential,low_bridge,bridge_over_water,7,12.956386,77.643677,,yes,1,,
1376084001,1376084001,,service,none,tunnel=building_passage,10,12.982208,77.566441,building_passage,,,,
1376108497,1376108497,,service,none,tunnel=building_passage,11,12.952162,77.589334,building_passage,,,,
1376381187,1376381187,,residential,low_bridge,bridge_over_water,30,13.043862,77.497768,,yes,1,,
1377247105-x1,1377247105,,residential,dip,waterway_crossing,216,13.056684,77.620766,,,,,drain#403024950
1377252075,1377252075,Golden Palms Road,tertiary,low_bridge,bridge_over_water,8,13.061827,77.638153,,yes,1,,
1378631983-x1,1378631983,,tertiary,culvert,waterway_crossing,453,13.041423,77.61598,,,,,drain#1343677899
1379091715-x1,1379091715,ISRO Road,tertiary,culvert,waterway_crossing,338,13.034395,77.57039,,,,,drain:H201#1199351483
1379880916,1379880916,,service,none,tunnel=building_passage,25,13.042891,77.60939,building_passage,,,,
1379880918,1379880918,,service,none,tunnel=building_passage,5,13.042828,77.609615,building_passage,,,,
1379880919,1379880919,,service,none,tunnel=building_passage,5,13.042848,77.609379,building_passage,,,,
1379880921,1379880921,,service,none,tunnel=building_passage,4,13.042921,77.609398,building_passage,,,,
1379880922,1379880922,,service,none,tunnel=building_passage,4,13.042828,77.609615,building_passage,,,,
1380124823-x1,1380124823,,residential,dip,waterway_crossing,52,13.063228,77.552635,,,,,drain#1274785025
1380585854,1380585854,,residential,low_bridge,bridge_over_water,15,12.873629,77.44874,,yes,1,,
1382087685-x1,1382087685,Outer Ring Road,trunk,culvert,waterway_crossing,361,13.047206,77.571431,,,,,drain:H200#674699448
1382446458-x1,1382446458,,residential,dip,waterway_crossing,479,13.056685,77.675653,,,,,drain#1383590275
1382484874-x1,1382484874,,residential,culvert,waterway_crossing,62,13.082878,77.527291,,,,,drain#1382484876
1383529725-x1,1383529725,,service,dip,waterway_crossing,173,12.963965,77.578106,,,,,drain:K100#673670439
1384578417-x1,1384578417,,tertiary,dip,waterway_crossing,6,13.032251,77.553737,,,,,drain:H200#46918823
1384578417-x2,1384578417,,tertiary,dip,waterway_crossing,6,13.032251,77.553737,,,,,drain:H200#1165379280
1384917247-x1,1384917247,,residential,dip,waterway_crossing,8,12.908949,77.63244,,,,,drain#350094279
1385699491,1385699491,,residential,low_bridge,bridge_over_water,4,13.039114,77.734688,,yes,1,,
1386528041-x1,1386528041,,residential,culvert,waterway_crossing,8,12.944128,77.707466,,,,,drain#1416493426
1386575302,1386575302,,service,none,tunnel=building_passage,20,13.056757,77.648308,building_passage,,,,
1386924572-x1,1386924572,,residential,culvert,waterway_crossing,161,12.845064,77.735144,,,,,drain#1386924574
1386944934,1386944934,,residential,low_bridge,bridge_over_water,10,12.938356,77.733246,,yes,1,,
1386962528,1386962528,,residential,underpass,layer<0,146,12.938441,77.738418,,,-1,,
1386981149,1386981149,7th Cross Road,residential,low_bridge,bridge_over_water,7,13.042465,77.567969,,yes,1,,
1387376884,1387376884,Arcadia Basement Driveway,service,underpass,tunnel=yes;layer<0,28,13.062552,77.757248,yes,,-1,,
1387376885,1387376885,Ashton Basement Driveway,service,underpass,tunnel=yes;layer<0,69,13.062705,77.757897,yes,,-1,,
1387376886,1387376886,Ashton Basement Driveway,service,underpass,tunnel=yes;layer<0,13,13.062691,77.758,yes,,-1,,
1387376890,1387376890,Ashton Basement Driveway,service,underpass,tunnel=yes;layer<0,11,13.063207,77.758084,yes,,-1,,
1387376891,1387376891,Ashton Basement Driveway,service,underpass,tunnel=yes;layer<0,63,13.063239,77.758225,yes,,-1,,
1387376892,1387376892,Ashton Basement Driveway,service,underpass,tunnel=yes;layer<0,14,13.063259,77.758093,yes,,-1,,
1387376894,1387376894,Ashton Basement Driveway,service,underpass,tunnel=yes;layer<0,14,13.062673,77.758131,yes,,-1,,
1387376895,1387376895,Ashton Basement Driveway,service,underpass,tunnel=yes;layer<0,11,13.062686,77.758158,yes,,-1,,
1387376896,1387376896,Arcadia Basement Driveway,service,underpass,tunnel=yes;layer<0,64,13.063137,77.75758,yes,,-1,,
1387376897,1387376897,Arcadia Basement Driveway,service,underpass,tunnel=yes;layer<0,11,13.062562,77.757489,yes,,-1,,
1387376898,1387376898,Arcadia Basement Driveway,service,underpass,tunnel=yes;layer<0,12,13.063146,77.7575,yes,,-1,,
1387376900,1387376900,Arcadia Basement Driveway,service,underpass,tunnel=yes;layer<0,76,13.063101,77.757238,yes,,-1,,
1387376901,1387376901,Arcadia Basement Driveway,service,underpass,tunnel=yes;layer<0,65,13.06313,77.757398,yes,,-1,,
1387376902,1387376902,Lilac Basement Driveway,service,underpass,tunnel=yes;layer<0,95,13.06157,77.757328,yes,,-1,,
1387376903,1387376903,Lilac Basement Driveway,service,underpass,tunnel=yes;layer<0,83,13.061621,77.757091,yes,,-1,,
1387376905,1387376905,Lilac Basement Driveway,service,underpass,tunnel=yes;layer<0,12,13.061571,77.757219,yes,,-1,,
1387376906,1387376906,Lilac Basement Driveway,service,underpass,tunnel=yes;layer<0,15,13.061571,77.757219,yes,,-1,,
1387376908,1387376908,Lilac Basement Driveway,service,underpass,tunnel=yes;layer<0,11,13.061621,77.757091,yes,,-1,,
1387376909,1387376909,Lilac Basement Driveway,service,underpass,tunnel=yes;layer<0,8,13.062365,77.757137,yes,,-1,,
1387376910,1387376910,Lilac Basement Driveway,service,underpass,tunnel=yes;layer<0,17,13.062388,77.757241,yes,,-1,,
1387376911,1387376911,Lilac Basement Driveway,service,underpass,tunnel=yes;layer<0,12,13.062426,77.757386,yes,,-1,,
1387376912,1387376912,Lilac Basement Driveway,service,underpass,tunnel=yes;layer<0,10,13.062404,77.75736,yes,,-1,,
1387376914,1387376914,Willow Basement Driveway,service,underpass,tunnel=yes;layer<0,111,13.061612,77.757794,yes,,-1,,
1387376915,1387376915,Willow Basement Driveway,service,underpass,tunnel=yes;layer<0,111,13.061624,77.75789,yes,,-1,,
1387376916,1387376916,Willow Basement Driveway,service,underpass,tunnel=yes;layer<0,111,13.061644,77.75807,yes,,-1,,
1387376917,1387376917,Willow Basement Driveway,service,underpass,tunnel=yes;layer<0,16,13.062515,77.757861,yes,,-1,,
1387376918,1387376918,Willow Basement Driveway,service,underpass,tunnel=yes;layer<0,8,13.062543,77.757978,yes,,-1,,
1387376919,1387376919,Willow Basement Driveway,service,underpass,tunnel=yes;layer<0,9,13.062534,77.758062,yes,,-1,,
1387376920,1387376920,Willow Basement Driveway,service,underpass,tunnel=yes;layer<0,7,13.062539,77.758081,yes,,-1,,
1387376921,1387376921,Willow Basement Driveway,service,underpass,tunnel=yes;layer<0,10,13.062554,77.758161,yes,,-1,,
1387376922,1387376922,Willow Basement Driveway,service,underpass,tunnel=yes;layer<0,9,13.062564,77.758252,yes,,-1,,
1387376924,1387376924,Willow Basement Driveway,service,underpass,tunnel=yes;layer<0,9,13.061654,77.758092,yes,,-1,,
1387376926,1387376926,Willow Basement Driveway,service,underpass,tunnel=yes;layer<0,8,13.061633,77.757961,yes,,-1,,
1387960816-x1,1387960816,15th Cross Road,residential,dip,waterway_crossing,415,12.913283,77.632302,,,,,drain#673673530
1388159519,1388159519,Outer Ring Road,trunk,low_bridge,bridge_over_water,6,12.906523,77.575139,,yes,1,,
1388159521,1388159521,Outer Ring Road,trunk,low_bridge,bridge_over_water,7,12.906439,77.575083,,yes,1,,
1391191615,1391191615,,residential,low_bridge,bridge_over_water,7,13.031996,77.488896,,yes,1,,
1392193910,1392193910,,tertiary,low_bridge,bridge_over_water,30,12.907504,77.443735,,yes,1,,
1392193911,1392193911,,tertiary,low_bridge,bridge_over_water,29,12.907545,77.443807,,yes,1,,
1392193985,1392193985,,tertiary,low_bridge,bridge_over_water,7,12.922308,77.444409,,yes,1,,
1392193986,1392193986,,tertiary,low_bridge,bridge_over_water,6,12.922245,77.444459,,yes,1,,
1393101813-x1,1393101813,SM Krishna Road,tertiary,culvert,waterway_crossing,788,12.937108,77.44916,,,,,drain#1317332289
1393101823-x1,1393101823,SM Krishna Road,trunk,culvert,waterway_crossing,592,12.935861,77.449722,,,,,drain#1317332289
1393101824-x1,1393101824,SM Krishna Road,tertiary,culvert,waterway_crossing,2447,12.953771,77.452327,,,,,drain#1308088239
1393101824-x2,1393101824,SM Krishna Road,tertiary,culvert,waterway_crossing,2447,12.93935,77.449896,,,,,drain#1308088245
1393101827-x1,1393101827,SM Krishna Road,tertiary,culvert,waterway_crossing,2372,12.972399,77.454357,,,,,drain#1240791798
1393101827-x2,1393101827,SM Krishna Road,tertiary,dip,waterway_crossing,2372,12.961459,77.454594,,,,,drain#1188681301
1393375225-x1,1393375225,,tertiary,dip,waterway_crossing,777,13.043878,77.600472,,,,,drain:H101#232656628
1394106142,1394106142,,residential,low_bridge,bridge_over_water,2,13.058684,77.57232,,yes,1,,
1394906395-x1,1394906395,,residential,dip,waterway_crossing,328,13.124642,77.555977,,,,,stream#1308088676
1396814594-x1,1396814594,,residential,culvert,waterway_crossing,144,13.096221,77.51258,,,,,drain#1545379169
1409128420,1409128420,,tertiary,low_bridge,bridge_over_water,36,13.101893,77.518688,,yes,1,,
1409128428-x1,1409128428,100 Feet Road,secondary,dip,waterway_crossing,876,13.107292,77.522633,,,,,drain#1410052086
1409216326-x1,1409216326,,residential,dip,waterway_crossing,185,13.095812,77.551859,,,,,drain#1127727170
1409396160-x1,1409396160,100 Feet Road,secondary,culvert,waterway_crossing,817,13.106066,77.521124,,,,,drain#1528724104
1409396161-x1,1409396161,100 Feet Road,secondary,culvert,waterway_crossing,815,13.106165,77.520006,,,,,drain#1528724104
1409396166,1409396166,,tertiary,low_bridge,bridge_over_water,75,13.095662,77.513819,,yes,1,,
1409396167-x1,1409396167,,tertiary,dip,waterway_crossing,533,13.093578,77.518252,,,,,drain#1308088689
1409396207,1409396207,,residential,low_bridge,bridge_over_water,38,13.099193,77.516146,,yes,1,,
1409396208-x1,1409396208,,residential,dip,waterway_crossing,389,13.094389,77.515398,,,,,drain#1308088689
1409657264-x1,1409657264,Outer Ring Road,trunk,culvert,waterway_crossing,246,12.976219,77.514037,,,1,,drain#1486784329
1409948315-x1,1409948315,Outer Ring Road,trunk,culvert,waterway_crossing,168,12.948186,77.523645,,,,,drain:V207#1409948311
1409948316-x1,1409948316,Outer Ring Road,trunk,culvert,waterway_crossing,155,12.947425,77.524371,,,,,drain:V207#1409948311
1409960757-x1,1409960757,IVRI Road,tertiary,dip,waterway_crossing,3494,13.125539,77.556359,,,,,stream#1308088676
1409994944,1409994944,,service,low_bridge,bridge_over_water,39,12.934354,77.680193,,yes,1,,
1409994974,1409994974,,service,low_bridge,bridge_over_water,35,12.934338,77.67986,,yes,1,,
1409994977-x1,1409994977,,unclassified,dip,waterway_crossing,504,12.938102,77.679236,,,,,drain#1245237771
1409994978-x1,1409994978,,unclassified,dip,waterway_crossing,507,12.938045,77.679314,,,,,drain#1245237771
1410037871-x1,1410037871,,track,dip,waterway_crossing,1196,12.951013,77.744768,,,,,stream#1507768218
1410051971-x1,1410051971,,unclassified,dip,waterway_crossing,209,13.12085,77.555658,,,,,drain#1410051972
1410052015,1410052015,,residential,low_bridge,bridge_over_water,76,13.096097,77.514049,,yes,1,,
1410052017,1410052017,,residential,low_bridge,bridge_over_water,20,13.098354,77.515264,,yes,1,,
1410052090-x1,1410052090,Hesarghatta Road,primary,culvert,waterway_crossing,517,13.113381,77.526418,,,,,ditch#1411786102
1410052092,1410052092,,tertiary,low_bridge,bridge_over_water,12,13.107614,77.552142,,yes,1,,
1410052094,1410052094,,residential,low_bridge,bridge_over_water,12,13.107331,77.555404,,yes,1,,
1410052096,1410052096,,residential,low_bridge,bridge_over_water,5,13.107773,77.558337,,yes,1,,
1410052099,1410052099,,residential,low_bridge,bridge_over_water,10,13.106003,77.559009,,yes,1,,
1410052102,1410052102,,residential,low_bridge,bridge_over_water,9,13.104406,77.558285,,yes,1,,
1410052115-x1,1410052115,,residential,culvert,waterway_crossing,186,13.109327,77.558892,,,,,ditch#1545933226
1410079513-x1,1410079513,Manganahalli Road,tertiary,dip,waterway_crossing,656,12.951856,77.473332,,,,,drain#1241560527
1411398445-x1,1411398445,,unclassified,dip,waterway_crossing,198,12.902146,77.631461,,,,,drain#236730227
1411778553,1411778553,,secondary,low_bridge,bridge_over_water,15,13.055157,77.759023,,yes,1,,
1412647490,1412647490,Mysore Road,trunk,dip,flood_prone=yes,79,12.935736,77.513508,,,,yes,
1413414008-x1,1413414008,,secondary,dip,waterway_crossing,119,12.93288,77.452194,,,,,drain#1188681299
1413438518,1413438518,,secondary,low_bridge,bridge_over_water,25,12.932997,77.453075,,yes,1,,
1414809415-x1,1414809415,,residential,dip,waterway_crossing,335,13.048118,77.696336,,,,,stream#794370188
1414809444-x1,1414809444,,residential,dip,waterway_crossing,616,13.048611,77.698097,,,,,stream:BD422#45001110
1415322024,1415322024,,residential,low_bridge,bridge_over_water,8,13.03164,77.685647,,yes,1,,
1415322297,1415322297,,residential,low_bridge,bridge_over_water,7,13.034779,77.689211,,yes,1,,
1416721327-x1,1416721327,,residential,culvert,waterway_crossing,33,12.976637,77.496377,,,,,drain#1313455512
1416911204-x1,1416911204,,tertiary,culvert,waterway_crossing,1250,12.937361,77.447059,,,,,drain#1317332293
1418331260-x1,1418331260,,service,dip,waterway_crossing,28,13.117051,77.60015,,,,,stream:BP141#1182954950
1419156978-x1,1419156978,,residential,culvert,waterway_crossing,147,13.054338,77.673565,,,,,drain#1419156984
1419417184-x1,1419417184,100 Feet Road,secondary,dip,waterway_crossing,370,13.093627,77.518465,,,,,drain#1308088689
1419417185-x1,1419417185,100 Feet Road,secondary,dip,waterway_crossing,367,13.093862,77.518458,,,,,drain#1308088689
1419417206-x1,1419417206,,residential,dip,waterway_crossing,82,13.089202,77.533884,,,,,drain#1419417201
1419422298,1419422298,Kempegowda Road,tertiary,dip,flood_prone=yes,174,13.067796,77.612825,,,,yes,
1419688711-x1,1419688711,,service,culvert,waterway_crossing,152,12.828152,77.681467,,,,,drain#1109924343
1419688712-x1,1419688712,,service,culvert,waterway_crossing,1735,12.828112,77.681419,,,,,drain#1092941870
1419994034-x1,1419994034,,service,dip,waterway_crossing,217,12.856903,77.663331,,,,,ditch#350300586
1420117205-x1,1420117205,,residential,dip,waterway_crossing,263,12.887486,77.68631,,,,,drain#1420117192
1420149759,1420149759,,service,none,tunnel=building_passage,16,13.037104,77.620125,building_passage,,,,
1422286457-x1,1422286457,,residential,dip,waterway_crossing,327,13.19226,77.617237,,,,,stream#1244965475
1422312140,1422312140,,tertiary,low_bridge,bridge_over_water,21,12.898421,77.457827,,yes,1,,
1422312144-x1,1422312144,,residential,dip,waterway_crossing,127,12.901853,77.455977,,,,,drain#798227984
1422500781-x1,1422500781,,tertiary,culvert,waterway_crossing,593,12.9111,77.457875,,,,,drain#798227978
1423484131,1423484131,100 Feet Road,secondary,low_bridge,bridge_over_water,25,13.098868,77.51543,,yes,1,,
1423866960,1423866960,,tertiary,low_bridge,bridge_over_water,35,13.048198,77.592016,,yes,1,,
1423921273,1423921273,,residential,low_bridge,bridge_over_water,7,13.100301,77.537487,,yes,1,,
1423923101,1423923101,,residential,low_bridge,bridge_over_water,10,13.101348,77.534343,,yes,1,,
1424724599,1424724599,,service,none,tunnel=building_passage,14,12.890629,77.645596,building_passage,,,,
1424765705,1424765705,,service,low_bridge,bridge_over_water,7,12.841383,77.77615,,yes,1,,
1424933983-x1,1424933983,,service,dip,waterway_crossing,67,13.045105,77.673117,,,,,stream#1226525982
1424933983-x2,1424933983,,service,dip,waterway_crossing,67,13.045014,77.673171,,,,,drain#1266460895
1426381266-x1,1426381266,,residential,culvert,waterway_crossing,95,12.876808,77.626837,,,,,drain#796870513
1426833410,1426833410,,service,none,tunnel=building_passage,41,13.059022,77.507448,building_passage,,,,
1427080471-x1,1427080471,,tertiary,culvert,waterway_crossing,201,12.880412,77.560153,,,,,drain#1317850443
1427284883,1427284883,,residential,underpass,tunnel=building_passage;layer<0,8,12.984274,77.689402,building_passage,,-1,,
1427859214,1427859214,,tertiary,underpass,tunnel=yes;layer<0,21,12.894315,77.454341,yes,,-1,,
1427900331-x1,1427900331,,residential,dip,waterway_crossing,51,12.992552,77.6977,,,,,drain#1493374066
1427913419-x1,1427913419,Gollahalli Thirupalya Road,tertiary,dip,waterway_crossing,693,12.827842,77.669198,,,,,drain#1092941871
1427953814-x1,1427953814,Sai Baba Temple Road,residential,culvert,waterway_crossing,52,12.948731,77.711583,,,,,drain#350024091
1427963435,1427963435,Kenchenahalli Main Road,secondary,low_bridge,bridge_over_water,10,12.923149,77.514197,,yes,1,,
1427963437,1427963437,Kenchenahalli Main Road,secondary,low_bridge,bridge_over_water,9,12.923073,77.514279,,yes,1,,
1427975667-x1,1427975667,,secondary,culvert,waterway_crossing,2080,12.935105,77.436635,,,,,drain#1227294236
1428009674,1428009674,Chandapura-Dommasandra Main Road,secondary,low_bridge,bridge_over_water,7,12.834887,77.71891,,yes,1,,
1428009696-x1,1428009696,,residential,dip,waterway_crossing,501,12.835072,77.717076,,,,,drain#1428009697
1428219849-x1,1428219849,Seegehalli Main Road,tertiary,culvert,waterway_crossing,192,13.015098,77.711494,,,,,drain#788569763
1428220012,1428220012,,service,none,tunnel=building_passage,12,12.906162,77.702192,building_passage,,,,
1428223151-x1,1428223151,,residential,culvert,waterway_crossing,194,12.946798,77.716722,,,,,drain#1385836581
1428287275-x1,1428287275,,track,dip,waterway_crossing,584,12.870506,77.760512,,,,,drain#1356571122
1428964054-x1,1428964054,Abbigere Road,tertiary,culvert,waterway_crossing,764,13.069722,77.51734,,,,,drain#135267828
1428967964-x1,1428967964,3rd Main Road,tertiary,culvert,waterway_crossing,435,12.951388,77.555637,,,,,drain:V120#411089441
1428978962,1428978962,,residential,low_bridge,bridge_over_water,9,12.90164,77.683239,,yes,1,,
1428984585-x1,1428984585,,unclassified,dip,waterway_crossing,247,13.031946,77.520399,,,,,drain#674181136
1428995443-x1,1428995443,,residential,culvert,waterway_crossing,54,13.067529,77.521087,,,,,drain#135267828
1429002323-x1,1429002323,80 Feet Road,residential,culvert,waterway_crossing,66,13.071963,77.516561,,,,,drain#135267828
1429184631-x1,1429184631,,residential,dip,waterway_crossing,409,12.918154,77.763266,,,,,drain#1241644937
1429211137-x1,1429211137,,residential,dip,waterway_crossing,276,12.940817,77.485886,,,,,drain#150633069
1429445369-x1,1429445369,1st Cross Road,residential,culvert,waterway_crossing,163,12.998296,77.532131,,,,,drain:V206#1228001731
1429879809-x1,1429879809,23rd A Cross Road,residential,dip,waterway_crossing,35,13.062953,77.577435,,,,,drain#674699466
1429879812-x1,1429879812,,residential,dip,waterway_crossing,12,13.063284,77.577405,,,,,drain#674699466
1429948304-x1,1429948304,6th Cross Road,residential,dip,waterway_crossing,58,12.987752,77.547857,,,,,drain:V116A#1092672113
1429949097-x1,1429949097,5th D Main Road,residential,dip,waterway_crossing,73,12.989681,77.544835,,,,,drain:V116#1092672114
1431486459,1431486459,,residential,low_bridge,bridge_over_water,5,12.988047,77.759807,,yes,1,,
1431899910,1431899910,Bannerghatta Road,secondary,low_bridge,bridge_over_water,25,12.950468,77.603408,,yes,1,,
1431899911,1431899911,,secondary,low_bridge,bridge_over_water,26,12.950293,77.603416,,yes,1,,
1431920128,1431920128,21st Cross Road,residential,low_bridge,bridge_over_water,7,12.944572,77.629538,,yes,1,,
1432476316-x1,1432476316,New MICO Link Road,tertiary,dip,waterway_crossing,325,12.944368,77.603529,,,,,drain:K104#673853320
1432476317-x1,1432476317,New MICO Link Road,tertiary,dip,waterway_crossing,323,12.944328,77.602998,,,,,drain:K104#673853320
1432497736,1432497736,,service,none,tunnel=building_passage,11,12.956041,77.72103,building_passage,,,,
1432600220,1432600220,Amruth Nagar Main Road,secondary,low_bridge,bridge_over_water,6,12.88048,77.567158,,yes,1,,
1433511975-x1,1433511975,,motorway_link,culvert,waterway_crossing,24,12.857443,77.663688,,,,,ditch#1071407125
1434292126,1434292126,,service,none,tunnel=building_passage,16,13.021009,77.712003,building_passage,,,,
1435013057-x1,1435013057,Varthur Lake Road,primary,dip,waterway_crossing,624,12.950717,77.745076,,,,,stream#1507768218
1435245945-x1,1435245945,,residential,culvert,waterway_crossing,361,13.090906,77.717905,,,,,stream#412922555
1436907900-x1,1436907900,,track,dip,waterway_crossing,148,12.930775,77.81311,,,,,river:Dakshina Pinakini#316205621
1442330014-x1,1442330014,,residential,culvert,waterway_crossing,56,12.924883,77.607766,,,,,drain:K200#1349545242
1442334889,1442334889,,residential,underpass,tunnel=yes;layer<0,33,13.030851,77.654633,yes,,-1,,
1442524340,1442524340,,residential,low_bridge,bridge_over_water,8,13.018916,77.665284,,yes,1,,
1442524342,1442524342,13th Cross Road,residential,low_bridge,bridge_over_water,9,13.018659,77.665098,,yes,1,,
1442576579,1442576579,Budigere Road,primary,low_bridge,bridge_over_water,10,13.157852,77.724292,,yes,1,,
1443410773-x1,1443410773,SM Krishna Road,trunk,culvert,waterway_crossing,888,12.94105,77.449525,,,,,drain#1308088245
1443410773-x2,1443410773,SM Krishna Road,trunk,dip,waterway_crossing,888,12.943506,77.449885,,,,,drain#1317327053
1443410774-x1,1443410774,SM Krishna Road,trunk,dip,waterway_crossing,887,12.942417,77.449845,,,,,drain#1317327053
1443410774-x2,1443410774,SM Krishna Road,trunk,culvert,waterway_crossing,887,12.939769,77.449533,,,,,drain#1308088245
1443623429-x1,1443623429,,residential,dip,waterway_crossing,27,12.9565,77.657583,,,,,drain:C103#133882612
1445348680-x1,1445348680,,residential,dip,waterway_crossing,357,12.89295,77.497992,,,,,drain#1281359322
1445348682,1445348682,5th Main Road,residential,low_bridge,bridge_over_water,15,12.892884,77.495496,,yes,1,,
1445348684,1445348684,5th Main Road,residential,low_bridge,bridge_over_water,8,12.892996,77.493477,,yes,1,,
1445353265,1445353265,,residential,low_bridge,bridge_over_water,4,12.902507,77.486598,,yes,1,,
1445353268,1445353268,Kodipalya Road,secondary,low_bridge,bridge_over_water,8,12.902188,77.487527,,yes,1,,
1445384635-x1,1445384635,,residential,culvert,waterway_crossing,134,12.871327,77.796185,,,,,drain#1445384644
1445384636-x1,1445384636,,residential,culvert,waterway_crossing,174,12.871259,77.795903,,,,,drain#1445384642
1445384637-x1,1445384637,,residential,culvert,waterway_crossing,157,12.871187,77.7956,,,,,drain#1445384640
1445696897,1445696897,,residential,low_bridge,bridge_over_water,9,12.910823,77.51523,,yes,1,,
1446196118,1446196118,,residential,low_bridge,bridge_over_water,8,13.008259,77.517301,,yes,1,,
1446278829-x1,1446278829,,residential,dip,waterway_crossing,197,12.806789,77.602083,,,,,ditch#413020108
1446278867-x1,1446278867,,residential,dip,waterway_crossing,142,12.815462,77.593343,,,,,ditch#1232329992
1446282379,1446282379,,residential,low_bridge,bridge_over_water,8,12.951337,77.548892,,yes,1,,
1447069169,1447069169,,tertiary,low_bridge,bridge_over_water,10,12.868949,77.531517,,yes,1,,
1447083568-x1,1447083568,,residential,dip,waterway_crossing,104,12.882488,77.537325,,,,,drain#1189440570
1447085950-x1,1447085950,,residential,culvert,waterway_crossing,179,12.883354,77.536511,,,,,drain#1466741432
1447666642,1447666642,100 Feet Road,tertiary,low_bridge,bridge_over_water,7,13.084503,77.514825,,yes,1,,
1447669205,1447669205,,residential,low_bridge,bridge_over_water,7,13.093801,77.521753,,yes,1,,
1447711257,1447711257,,service,none,tunnel=building_passage,29,13.04267,77.556821,building_passage,,,,
1447954527,1447954527,,residential,underpass,layer<0,28,12.963642,77.673487,,,-1,,
1448548516,1448548516,,residential,underpass,layer<0,50,12.969511,77.673667,,,-1,,
1449313337,1449313337,,service,none,tunnel=building_passage,41,13.055425,77.507104,building_passage,,,,
1449595676,1449595676,,residential,low_bridge,bridge_over_water,13,12.838112,77.573265,,yes,1,,
1449598036,1449598036,Doctors Layout,residential,low_bridge,bridge_over_water,6,12.853361,77.58675,,yes,1,,
1449649608-x1,1449649608,,residential,culvert,waterway_crossing,69,12.967446,77.680597,,,,,drain#799422497
1449982782,1449982782,,residential,none,tunnel=building_passage,81,12.899671,77.652441,building_passage,,,,
1450012484,1450012484,,service,none,tunnel=building_passage,20,12.975042,77.602836,building_passage,,,,
1450022677,1450022677,,service,none,tunnel=building_passage,25,12.817007,77.691261,building_passage,,,,
1450450122-x1,1450450122,,residential,culvert,waterway_crossing,48,12.934758,77.549282,,,,,drain:V300#224319509
1450454489-x1,1450454489,,living_street,culvert,waterway_crossing,40,12.934105,77.554343,,,,,drain:V300#224319509
1450455477-x1,1450455477,,residential,dip,waterway_crossing,24,12.982932,77.544643,,,,,drain:V116#1092672114
1450532159-x1,1450532159,,living_street,culvert,waterway_crossing,40,12.904747,77.558935,,,,,drain#1450532162
1450644829-x1,1450644829,,residential,culvert,waterway_crossing,66,12.917528,77.587204,,,,,drain:K209#133134239
1450661037,1450661037,,residential,low_bridge,bridge_over_water,7,12.884267,77.631767,,yes,1,,
1450669782,1450669782,,tertiary,dip,flood_prone=yes,113,13.044403,77.62056,,,,yes,
1450669784,1450669784,,tertiary,dip,flood_prone=yes,53,13.043864,77.620598,,,,yes,
1451602679,1451602679,,service,none,tunnel=building_passage,20,13.026104,77.544271,building_passage,,,,
1452011021-x1,1452011021,,tertiary,culvert,waterway_crossing,138,12.923446,77.490711,,,,,drain#1343719071
1453323938,1453323938,Inner Peripheral Ring Road,primary,low_bridge,bridge_over_water,19,12.907027,77.711117,,yes,1,,
1453323941,1453323941,Inner Peripheral Ring Road,primary,low_bridge,bridge_over_water,19,12.907228,77.711103,,yes,1,,
1453504097-x1,1453504097,,primary,culvert,waterway_crossing,490,13.023924,77.716639,,,,,drain#1456924455
1454159778,1454159778,,tertiary,low_bridge,bridge_over_water,10,13.16961,77.642584,,yes,1,,
1454350454,1454350454,,service,low_bridge,bridge_over_water,6,13.06908,77.560494,,yes,1,,
1454686562-x1,1454686562,,residential,culvert,waterway_crossing,75,12.938628,77.713619,,,,,drain#1454686564
1455060147,1455060147,,footway,dip,flood_prone=yes,18,12.954206,77.594622,,,,yes,
1455060148,1455060148,,footway,dip,flood_prone=yes,168,12.95476,77.593882,,,,yes,
1455366948-x1,1455366948,,tertiary,culvert,waterway_crossing,1063,13.126215,77.52268,,,,,ditch#1157849803
1455373059,1455373059,,footway,dip,flood_prone=yes,14,12.951964,77.597547,,,,yes,
1455373060,1455373060,,footway,dip,flood_prone=yes,133,12.95248,77.596892,,,,yes,
1455373067,1455373067,,footway,low_bridge,flood_prone=yes,4,12.952791,77.596486,,low_water_crossing,1,yes,
1455373068,1455373068,,footway,dip,flood_prone=yes,252,12.95363,77.595384,,,,yes,
1455824072-x1,1455824072,,tertiary,culvert,waterway_crossing,87,13.029509,77.592714,,,,,drain:H104#675496502
1455915994,1455915994,,service,none,tunnel=building_passage,26,12.962327,77.718771,building_passage,,,,
1456175571,1456175571,Dodda Aaladamara Road,secondary,underpass,tunnel=yes;layer<0,174,12.887791,77.449259,yes,,-1,,
1456248475,1456248475,Belathur Main Road,tertiary,low_bridge,bridge_over_water,7,13.007362,77.741102,,yes,1,,
1456248483-x1,1456248483,,track,dip,waterway_crossing,698,13.014598,77.739845,,,,,stream:BD423#1311917062
1456248486-x1,1456248486,,track,dip,waterway_crossing,804,13.013305,77.743498,,,,,stream:BD423#1456248491
1456248486-x2,1456248486,,track,culvert,waterway_crossing,804,13.011969,77.743866,,,,,ditch#676097196
1457101274-x1,1457101274,,track,dip,waterway_crossing,715,13.175387,77.67927,,,,,stream#172937215
1457101287-x1,1457101287,,track,dip,waterway_crossing,1191,13.141332,77.696074,,,,,stream:Ponnaiyar#765689605
1457401979,1457401979,,service,none,tunnel=building_passage,18,12.933595,77.630268,building_passage,,,,
1458230565-x1,1458230565,,residential,culvert,waterway_crossing,109,12.92637,77.737791,,,,,drain#1092680610
1458672911,1458672911,Domlur Flyover,primary,low_bridge,bridge_over_water,97,12.96193,77.64166,,yes,1,,
1458899349,1458899349,,primary,low_bridge,bridge_over_water,1013,12.916884,77.590959,,viaduct,1,,
1458899351,1458899351,Ragigudda-Silk Board Integrated Flyover,primary,low_bridge,bridge_over_water,1012,12.916903,77.594021,,viaduct,1,,
1458955891-x1,1458955891,,residential,dip,waterway_crossing,175,12.989496,77.544915,,,,,drain:V116#1092672114
1458973957-x1,1458973957,,residential,dip,waterway_crossing,443,12.904567,77.455789,,,,,drain#798227984
1458973958-x1,1458973958,,residential,dip,waterway_crossing,450,12.904352,77.456631,,,,,drain#798227984
1459067497,1459067497,Kasturinagar Road Under Bridge,tertiary,underpass,tunnel=yes;layer<0,50,12.99718,77.663725,yes,,-1,,
1459535124,1459535124,,service,low_bridge,bridge_over_water,6,12.988315,77.758934,,yes,1,,
1459535126,1459535126,,service,low_bridge,bridge_over_water,5,12.9891,77.757004,,yes,1,,
1459535128,1459535128,,service,low_bridge,bridge_over_water,7,12.989032,77.757094,,yes,1,,
1459549088,1459549088,,residential,none,tunnel=building_passage,20,12.868313,77.653834,building_passage,,,,
1459793728,1459793728,12th Cross Road,residential,underpass,layer<0,13,12.991931,77.547158,,,-2,,
1459793729,1459793729,12th Cross Road,residential,underpass,layer<0,120,12.992044,77.54711,,,-2,,
1460686799,1460686799,,tertiary,low_bridge,bridge_over_water,6,13.176489,77.484864,,yes,1,,
1461023758,1461023758,,residential,underpass,tunnel=yes;layer<0,29,12.944063,77.450179,yes,,-1,,
1462493973-x1,1462493973,,service,dip,waterway_crossing,120,12.960989,77.599326,,,,,drain:K114#1093523672
1463065412-x1,1463065412,,service,culvert,waterway_crossing,131,13.174069,77.633592,,,,,drain#1533511172
1463745856-x1,1463745856,,residential,dip,waterway_crossing,124,12.902802,77.718794,,,,,drain#1116257992
1463745857-x1,1463745857,,residential,dip,waterway_crossing,130,12.902782,77.718958,,,,,drain#1116257992
1464299762-x1,1464299762,Bandi Reddy Circle,tertiary,dip,waterway_crossing,57,12.991452,77.563896,,,,,drain:V113#1205919941
1464299762-x2,1464299762,Bandi Reddy Circle,tertiary,culvert,waterway_crossing,57,12.991383,77.563795,,,,,drain:V113#1249789894
1464757299,1464757299,,service,low_bridge,bridge_over_water,15,12.928865,77.636024,,yes,1,,
1464757302,1464757302,,service,low_bridge,bridge_over_water,14,12.928925,77.635886,,yes,1,,
1464880575,1464880575,SM Krishna Road,trunk,underpass,tunnel=yes;layer<0,346,12.898092,77.456927,yes,,-1,,
1465290065-x1,1465290065,,primary,dip,waterway_crossing,475,13.021976,77.713156,,,,,drain#675273503
1465654824,1465654824,,residential,low_bridge,bridge_over_water,8,12.903615,77.458983,,yes,1,,
1465654825,1465654825,,residential,low_bridge,bridge_over_water,6,12.903575,77.458868,,yes,1,,
1466372620,1466372620,,service,none,tunnel=building_passage,20,12.975344,77.605238,building_passage,,,,
1467492970,1467492970,,service,low_bridge,bridge_over_water,8,12.974496,77.59553,,yes,1,,
1469028606-x1,1469028606,2nd Main Road,residential,dip,waterway_crossing,219,12.993604,77.666525,,,,,drain#675271461
1469349288-x1,1469349288,Govindapura Road,tertiary,culvert,waterway_crossing,264,13.039581,77.614061,,,,,drain#1343677902
1472556604-x1,1472556604,,residential,dip,waterway_crossing,260,13.181974,77.713965,,,,,drain#1452259060
1473310175,1473310175,,service,underpass,layer<0,4,12.89154,77.750127,,,-1,,
1473496400,1473496400,14th Main Road,secondary,low_bridge,bridge_over_water,22,12.91554,77.638251,,yes,,,
1474063638,1474063638,,service,low_bridge,bridge_over_water,7,12.926832,77.507949,,yes,1,,
1474313161,1474313161,,tertiary,underpass,tunnel=yes,51,13.000901,77.610322,yes,,,,
1474647481-x1,1474647481,,service,dip,waterway_crossing,72,12.938554,77.623986,,,,,drain:K101#673948795
1474647482-x1,1474647482,,service,dip,waterway_crossing,17,12.938639,77.62419,,,,,drain:K101#673948795
1476066581,1476066581,,service,none,tunnel=building_passage,10,12.986289,77.522079,building_passage,,,,
1476066582,1476066582,,service,underpass,layer<0,16,12.986178,77.522315,,,-1,,
1476066583,1476066583,,service,underpass,layer<0,21,12.986284,77.52218,,,-1,,
1476082807,1476082807,,service,none,tunnel=building_passage,11,12.912913,77.665501,building_passage,,,,
1476145822,1476145822,,tertiary,none,tunnel=building_passage,144,12.993931,77.685214,building_passage,,,,
1476384563,1476384563,,service,none,tunnel=building_passage,9,12.941182,77.695909,building_passage,,,,
1478507114,1478507114,,service,none,tunnel=building_passage,17,13.127479,77.667346,building_passage,,,,
1479109366,1479109366,,service,none,tunnel=building_passage,11,12.897166,77.570665,building_passage,,,,
1479491282,1479491282,,secondary,low_bridge,bridge_over_water,7,13.181169,77.669638,,yes,1,,
1479655767-x1,1479655767,,service,dip,waterway_crossing,76,12.951128,77.745087,,,,,stream#1507768218
1479963422-x1,1479963422,80 Feet Road,secondary,dip,waterway_crossing,13,12.935893,77.61528,,,,,drain:K101#673948795
1479978243,1479978243,,tertiary,underpass,tunnel=yes;layer<0,49,12.964075,77.454564,yes,,-1,,
1479979265-x1,1479979265,,tertiary,culvert,waterway_crossing,765,12.939192,77.444179,,,,,drain#1317332290
1479979291-x1,1479979291,,tertiary,culvert,waterway_crossing,1749,12.940292,77.444058,,,,,drain#1317332290
1479979298,1479979298,,tertiary,low_bridge,bridge_over_water,14,12.943083,77.438653,,yes,1,,
1479979300,1479979300,,tertiary,low_bridge,bridge_over_water,12,12.943195,77.438567,,yes,1,,
1481284006,1481284006,,service,none,tunnel=building_passage,11,12.967251,77.523578,building_passage,,,,
1482418066,1482418066,,residential,none,tunnel=building_passage,13,12.913162,77.473492,building_passage,,,,
1482418069,1482418069,,residential,none,tunnel=building_passage,16,12.912937,77.473935,building_passage,,,,
1482444611,1482444611,,service,none,tunnel=building_passage,28,12.934419,77.539291,building_passage,,,,
1482786739,1482786739,,service,none,tunnel=building_passage,19,13.18749,77.667541,building_passage,,,,
1482786748,1482786748,,service,none,tunnel=building_passage,18,13.187531,77.667693,building_passage,,,,
1482878024,1482878024,,service,none,tunnel=building_passage,11,13.051682,77.630701,building_passage,,,,
1483799176,1483799176,,service,none,tunnel=building_passage,14,13.028899,77.536084,building_passage,,,,
1484048199-x1,1484048199,,trunk,culvert,waterway_crossing,4568,12.837896,77.8376,,,,,stream#1546207468
1485595685,1485595685,,residential,low_bridge,bridge_over_water,7,13.093676,77.5068,,yes,1,,
1485595687,1485595687,,tertiary,low_bridge,bridge_over_water,7,13.08955,77.505439,,yes,1,,
1486011295-x1,1486011295,,tertiary,culvert,waterway_crossing,344,12.934772,77.546347,,,,,drain:V300#224319509
1486011297-x1,1486011297,,tertiary_link,culvert,waterway_crossing,11,12.935682,77.544516,,,,,drain:V300#224319509
1487101962,1487101962,,service,none,tunnel=building_passage,15,13.041315,77.613712,building_passage,,,,
1487118495,1487118495,,residential,none,tunnel=building_passage,96,12.896069,77.614264,building_passage,,,,
1487118497,1487118497,,residential,none,tunnel=building_passage,4,12.895949,77.614576,building_passage,,,,
1487118498,1487118498,,residential,none,tunnel=building_passage,3,12.896234,77.614614,building_passage,,,,
1487143455,1487143455,Service Road,tertiary,low_bridge,bridge_over_water,8,12.885762,77.642216,,yes,1,,
1487198229-x1,1487198229,,service,culvert,waterway_crossing,10,12.899657,77.647257,,,,,drain#350185233
1487198245,1487198245,,service,low_bridge,bridge_over_water,8,12.895402,77.647829,,yes,1,,
1487515196,1487515196,,service,none,tunnel=building_passage,14,12.900441,77.651504,building_passage,,,,
1487594877,1487594877,,tertiary,low_bridge,bridge_over_water,8,12.885984,77.641627,,yes,1,,
1487668915-x1,1487668915,,service,culvert,waterway_crossing,11,12.90061,77.646783,,,,,drain#350185233
1487994632,1487994632,,residential,none,tunnel=building_passage,13,12.910337,77.622411,building_passage,,,,
1488047843-x1,1488047843,,track,dip,waterway_crossing,830,12.922478,77.765857,,,,,drain#1092941900
1488047846-x1,1488047846,,track,dip,waterway_crossing,178,12.922353,77.766026,,,,,drain#1092941900
1488651593-x1,1488651593,,service,culvert,waterway_crossing,56,12.951487,77.757097,,,,,drain#1488651628
1488651594-x1,1488651594,,track,culvert,waterway_crossing,261,12.951462,77.756818,,,,,drain#1488651626
1488651595-x1,1488651595,,track,culvert,waterway_crossing,181,12.951473,77.754635,,,,,drain#1488651622
1488763234-x1,1488763234,,residential,culvert,waterway_crossing,76,12.946112,77.703213,,,,,drain#1416493424
1489035948,1489035948,100 Feet Road,secondary,low_bridge,bridge_over_water,48,13.101295,77.538689,,yes,1,,
1489035951,1489035951,100 Feet Road,secondary,low_bridge,bridge_over_water,48,13.101378,77.538724,,yes,1,,
1489035955-x1,1489035955,,secondary,dip,waterway_crossing,157,13.104117,77.530585,,,,,ditch#1418694189
1489035965,1489035965,100 Feet Road,secondary,low_bridge,bridge_over_water,38,13.105729,77.522568,,yes,1,,
1489035968,1489035968,100 Feet Road,secondary,low_bridge,bridge_over_water,38,13.105773,77.522929,,yes,1,,
1489035973,1489035973,100 Feet Road,secondary,low_bridge,bridge_over_water,23,13.104563,77.522682,,yes,1,,
1489035976,1489035976,100 Feet Road,secondary,low_bridge,bridge_over_water,22,13.104533,77.52277,,yes,1,,
1489035978,1489035978,100 Feet Road,secondary,low_bridge,bridge_over_water,25,13.101795,77.523031,,yes,1,,
1489035979,1489035979,100 Feet Road,secondary,low_bridge,bridge_over_water,20,13.101818,77.522942,,yes,1,,
1489129955,1489129955,BWSSB Pipeline Track,residential,underpass,tunnel=yes;layer<0,125,12.985635,77.449714,yes,,-1,,
1489199237,1489199237,,tertiary,low_bridge,bridge_over_water,34,12.921538,77.459187,,yes,1,,
1489199240,1489199240,,tertiary,low_bridge,bridge_over_water,36,12.921176,77.459194,,yes,1,,
1489361500,1489361500,,residential,low_bridge,bridge_over_water,2,13.054708,77.498534,,yes,1,,
1489361502,1489361502,,residential,low_bridge,bridge_over_water,5,13.054382,77.498624,,yes,1,,
1490179991,1490179991,100 Feet Road,secondary,low_bridge,bridge_over_water,7,13.098225,77.552667,,yes,1,,
1490179993,1490179993,100 Feet Road,secondary,low_bridge,bridge_over_water,7,13.098277,77.55275,,yes,1,,
1491392739-x1,1491392739,,service,culvert,waterway_crossing,57,12.903847,77.600057,,,,,drain:K209#1314762534
1491953733-x1,1491953733,,service,dip,waterway_crossing,64,12.903236,77.604523,,,,,drain:K209#334655248
1492048424-x1,1492048424,,unclassified,culvert,waterway_crossing,108,13.105274,77.600117,,,,,stream#1237217495
1494503433,1494503433,,service,none,tunnel=building_passage,38,12.974466,77.617287,building_passage,,,,
1497089836-x1,1497089836,HAL Old Airport Road,primary,dip,waterway_crossing,128,12.959186,77.657369,,,,,drain:C103#673686636
1499394922,1499394922,,residential,low_bridge,bridge_over_water,15,13.064027,77.645194,,yes,1,,
1499407609,1499407609,Blessing Garden Main Road,secondary,low_bridge,bridge_over_water,11,13.049249,77.646659,,yes,1,,
1499632565-x1,1499632565,,residential,culvert,waterway_crossing,315,12.862414,77.568007,,,,,drain#1499632465
1499661038,1499661038,,tertiary,low_bridge,bridge_over_water,9,12.918508,77.734472,,yes,1,,
1501656877,1501656877,,residential,low_bridge,bridge_over_water,9,13.094231,77.604258,,yes,1,,
1501662463,1501662463,,residential,low_bridge,bridge_over_water,7,13.183863,77.714502,,yes,1,,
1501795641,1501795641,,residential,low_bridge,bridge_over_water,17,12.952067,77.618831,,yes,1,,
1501795642,1501795642,,footway,dip,flood_prone=yes,176,12.951951,77.618226,,,,yes,
1504398538-x1,1504398538,Hosur Road,trunk,underpass,under_rail_bridge,197,12.802054,77.7094,,,,,railway#55335023
1505611914-x1,1505611914,,tertiary,culvert,waterway_crossing,1442,13.04514,77.508415,,,,,drain#1353093568
1505643981,1505643981,,residential,low_bridge,bridge_over_water,6,13.059128,77.515956,,yes,1,,
1505643982,1505643982,,residential,low_bridge,bridge_over_water,6,13.060135,77.5148,,yes,1,,
1506845832,1506845832,,service,none,tunnel=building_passage,52,12.975805,77.598621,building_passage,,,,
1507512029,1507512029,,tertiary,low_bridge,bridge_over_water,16,13.107205,77.559704,,yes,1,,
1507512034-x1,1507512034,,residential,dip,waterway_crossing,34,13.098425,77.554644,,,,,ditch#1182962314
1507512067-x1,1507512067,Hesarghatta Road,primary,culvert,waterway_crossing,500,13.114183,77.525787,,,,,ditch#1411786102
1507512085-x1,1507512085,,residential,culvert,waterway_crossing,113,13.107148,77.529363,,,,,ditch#1545402577
1507512092-x1,1507512092,,residential,culvert,waterway_crossing,317,13.107679,77.529125,,,,,ditch#1545402563
1507512101,1507512101,,residential,low_bridge,bridge_over_water,13,13.085802,77.522667,,yes,1,,
1507512129,1507512129,,tertiary,low_bridge,bridge_over_water,28,13.082162,77.520366,,yes,1,,
1507512132-x1,1507512132,,residential,dip,waterway_crossing,131,13.080543,77.521099,,,,,drain#1409128404
1507512148-x1,1507512148,,residential,dip,waterway_crossing,300,13.083706,77.525547,,,,,drain#1507512165
1507512150,1507512150,,residential,low_bridge,bridge_over_water,8,13.088325,77.527779,,yes,1,,
1507512152,1507512152,,residential,low_bridge,bridge_over_water,17,13.091553,77.527838,,yes,1,,
1507512170,1507512170,100 Feet Road,secondary,low_bridge,bridge_over_water,35,13.085426,77.526942,,yes,1,,
1507512171,1507512171,100 Feet Road,secondary,low_bridge,bridge_over_water,33,13.085605,77.526686,,yes,1,,
1507640222-x1,1507640222,Hesarghatta Road,primary,dip,waterway_crossing,137,13.105819,77.528554,,,,,ditch#1271455782
1507768203,1507768203,,tertiary,low_bridge,bridge_over_water,27,12.9548,77.747065,,yes,1,,
1507768204,1507768204,,tertiary,low_bridge,bridge_over_water,28,12.954866,77.747144,,yes,1,,
1507821948-x1,1507821948,,track,dip,waterway_crossing,3104,12.913971,77.739381,,,,,drain#1112430287
1507821948-x2,1507821948,,track,dip,waterway_crossing,3104,12.915203,77.738704,,,,,drain#1364937268
1507821948-x3,1507821948,,track,dip,waterway_crossing,3104,12.918514,77.73767,,,,,drain#1499661040
1507835301,1507835301,,unclassified,low_bridge,bridge_over_water,24,12.938642,77.679748,,yes,1,,
1507835302,1507835302,,unclassified,low_bridge,bridge_over_water,24,12.938488,77.679955,,yes,1,,
1507835315,1507835315,,unclassified,low_bridge,bridge_over_water,47,12.930792,77.680466,,yes,1,,
1507835316,1507835316,,unclassified,low_bridge,bridge_over_water,46,12.931111,77.679956,,yes,1,,
1507835321,1507835321,Prestige Lakeshore Drive Flyover,tertiary,low_bridge,bridge_over_water,271,12.930207,77.680711,,yes,1,,
1507868286-x1,1507868286,,residential,dip,waterway_crossing,162,12.924368,77.445768,,,,,stream#1120291642
1507868300,1507868300,,residential,low_bridge,bridge_over_water,20,12.914288,77.457916,,yes,1,,
1507868309-x1,1507868309,,residential,culvert,waterway_crossing,782,12.939254,77.456612,,,,,drain#792485832
1507868335,1507868335,SM Krishna Road,trunk,low_bridge,bridge_over_water,8,12.955396,77.452376,,yes,1,,
1507868336,1507868336,SM Krishna Road,trunk,low_bridge,bridge_over_water,9,12.955258,77.452429,,yes,1,,
1507868357-x1,1507868357,SM Krishna Road,trunk,dip,waterway_crossing,492,12.962555,77.454261,,,,,drain#1188681301
1507868358-x1,1507868358,SM Krishna Road,trunk,dip,waterway_crossing,493,12.961474,77.454218,,,,,drain#1188681301
1508372420-x1,1508372420,,tertiary,dip,waterway_crossing,1113,13.181711,77.633842,,,,,stream#1244965480
1508372420-x2,1508372420,,tertiary,dip,waterway_crossing,1113,13.181955,77.635904,,,,,stream#1244965477
1508386885,1508386885,,service,low_bridge,bridge_over_water,13,12.983718,77.689731,,yes,1,,
1508386888,1508386888,,service,low_bridge,bridge_over_water,13,12.983539,77.689894,,yes,1,,
1508779444,1508779444,,service,none,tunnel=building_passage,27,13.035798,77.58936,building_passage,,,,
1508779445,1508779445,,service,none,tunnel=building_passage,26,13.035699,77.589314,building_passage,,,,
1509414233,1509414233,,service,none,tunnel=building_passage,43,13.044743,77.618501,building_passage,,,,
1510261244-x1,1510261244,,unclassified,culvert,waterway_crossing,128,12.933667,77.745474,,,,,drain#1274775815
1510261252,1510261252,,service,underpass,tunnel=yes;layer<0,63,12.931268,77.746296,yes,,-1,,
1510346917-x1,1510346917,,residential,culvert,waterway_crossing,351,13.028835,77.796244,,,,,drain#1548332260
1510438585,1510438585,,residential,low_bridge,bridge_over_water,13,13.029172,77.64313,,yes,1,,
1510919770,1510919770,,residential,none,tunnel=building_passage,79,12.877515,77.567874,building_passage,,,,
1511182511,1511182511,Pipeline Road,tertiary,underpass,tunnel=yes;layer<0,35,12.963908,77.543961,yes,,-1,,
1511194489-x1,1511194489,,service,dip,waterway_crossing,87,13.062598,77.63836,,,,,drain:BP194#675403640
1511840706-x1,1511840706,,service,dip,waterway_crossing,248,12.951223,77.689972,,,,,drain#1188323413
1511982079-x1,1511982079,,residential,dip,waterway_crossing,187,12.857081,77.693333,,,,,stream#1188673751
1511982158,1511982158,,residential,low_bridge,bridge_over_water,7,13.042583,77.566457,,yes,1,,
1512353906-x1,1512353906,,residential,culvert,waterway_crossing,37,13.110002,77.557565,,,,,ditch#1545933224
1513325902-x1,1513325902,,tertiary,dip,waterway_crossing,32,12.963684,77.512961,,,,,drain#1539943355
1513452062,1513452062,,service,low_bridge,bridge_over_water,7,12.925628,77.651096,,yes,1,,
1513452064-x1,1513452064,,service,dip,waterway_crossing,170,12.925377,77.651678,,,,,drain#1513448489
1518172808-x1,1518172808,,service,culvert,waterway_crossing,254,12.845669,77.654609,,,,,drain#1518172813
1518172809-x1,1518172809,,service,culvert,waterway_crossing,78,12.84533,77.653623,,,,,drain#1518172811
1518588519-x1,1518588519,,residential,dip,waterway_crossing,27,12.968827,77.688367,,,,,drain#323729568
1521242117,1521242117,,residential,low_bridge,bridge_over_water,4,13.029201,77.494127,,yes,1,,
1521275175-x1,1521275175,,primary_link,underpass,under_rail_bridge,96,13.001569,77.612201,,,,,railway#172952782
1521275175-x2,1521275175,,primary_link,underpass,under_rail_bridge,96,13.001569,77.612201,,,,,railway#1115150287
1521295561,1521295561,Central Avenue,tertiary,underpass,tunnel=yes;layer<0,23,12.925461,77.685897,yes,,-1,,
1521295563-x1,1521295563,Central Avenue,tertiary,culvert,waterway_crossing,275,12.923007,77.685799,,,,,drain#1521295529
1521644512,1521644512,Prestige Lakeshore Drive Flyover,tertiary,low_bridge,bridge_over_water,271,12.930183,77.680662,,yes,1,,
1522665663-x1,1522665663,,service,culvert,waterway_crossing,32,12.990511,77.596194,,,,,drain:C100#673682030
1524243301-x1,1524243301,,unclassified,culvert,waterway_crossing,506,12.827288,77.833483,,,,,stream#1546207478
1524243302-x1,1524243302,,unclassified,culvert,waterway_crossing,811,12.824902,77.828828,,,,,stream#1546207474
1525538708-x1,1525538708,Paduka Mandira Road,tertiary,culvert,waterway_crossing,96,12.896162,77.531688,,,,,drain#1525500125
1525677037,1525677037,,service,none,tunnel=building_passage,5,12.924609,77.499011,building_passage,,,,
1525677038,1525677038,,service,none,tunnel=building_passage,4,12.924585,77.499107,building_passage,,,,
1525677039,1525677039,,service,none,tunnel=building_passage,6,12.924664,77.499003,building_passage,,,,
1525677040,1525677040,,service,none,tunnel=building_passage,7,12.924617,77.499098,building_passage,,,,
1526089428-x1,1526089428,,residential,dip,waterway_crossing,11,12.970084,77.498925,,,,,drain#675682293
1526189633-x1,1526189633,Seegehalli Main Road,tertiary,dip,waterway_crossing,611,13.015274,77.712812,,,,,drain#679270106
1526189633-x2,1526189633,Seegehalli Main Road,tertiary,dip,waterway_crossing,611,13.016054,77.715899,,,,,drain#1526189507
1528051387-x1,1528051387,Bannerghatta Road,secondary,dip,waterway_crossing,94,12.94244,77.602763,,,,,drain:K104#673853318
1528352413-x1,1528352413,,service,culvert,waterway_crossing,14,12.923284,77.688867,,,,,drain#1528352414
1528428263-x1,1528428263,Malathhalli Main Road,secondary,dip,waterway_crossing,166,12.969702,77.498155,,,,,drain#1241556745
1529671022-x1,1529671022,,tertiary,culvert,waterway_crossing,30,12.870092,77.579625,,,,,drain#1501661091
1530839721-x1,1530839721,Devasandra Main Road,secondary,dip,waterway_crossing,276,12.999241,77.71559,,,,,drain#1188439490
1531169793,1531169793,,tertiary,low_bridge,bridge_over_water,7,13.103053,77.518483,,yes,1,,
1531321067-x1,1531321067,80 Feet Road,tertiary,dip,waterway_crossing,217,13.027803,77.574547,,,,,drain:H201#674383488
1532222651,1532222651,,service,underpass,tunnel=yes;layer<0,114,12.982322,77.563791,yes,,-1,,
1534154417,1534154417,,residential,underpass,tunnel=yes;layer<0,18,12.879136,77.569864,yes,,-1,,
1536772297,1536772297,,service,none,tunnel=building_passage,15,13.049526,77.533812,building_passage,,,,
1537269864-x1,1537269864,,service,culvert,waterway_crossing,72,13.062242,77.492804,,,,,drain#1537269866
1537457611-x1,1537457611,,service,dip,waterway_crossing,448,12.890129,77.666256,,,,,drain#350153649
1540003220,1540003220,,service,none,tunnel=building_passage,106,13.033322,77.734416,building_passage,,,,
1540021376,1540021376,,service,none,tunnel=building_passage,26,12.937741,77.611165,building_passage,,,,
1540029369,1540029369,,residential,low_bridge,bridge_over_water,11,12.961919,77.463313,,yes,1,,
1540189002-x1,1540189002,,residential,dip,waterway_crossing,77,12.96455,77.509844,,,,,drain#1313424967
1541058789,1541058789,,residential,none,tunnel=building_passage,28,12.96726,77.710188,building_passage,,,,
1541275488,1541275488,,residential,underpass,tunnel=building_passage;layer<0,13,12.93682,77.751208,building_passage,,-1,,
1541275489,1541275489,,residential,underpass,tunnel=building_passage;layer<0,4,12.93632,77.751047,building_passage,,-1,,
1542831664-x1,1542831664,,residential,culvert,waterway_crossing,76,12.942172,77.680018,,,,,drain#1542831666
1542831671-x1,1542831671,,residential,culvert,waterway_crossing,199,12.941661,77.681225,,,,,drain#1328053428
1542831672-x1,1542831672,,residential,culvert,waterway_crossing,15,12.941775,77.680733,,,,,drain#1328053428
1542831673-x1,1542831673,,residential,culvert,waterway_crossing,24,12.941792,77.680538,,,,,drain#1328053428
1542831674,1542831674,,residential,none,tunnel=building_passage,12,12.941671,77.680619,building_passage,,,,
1543134486,1543134486,,service,none,tunnel=building_passage,16,13.022114,77.714211,building_passage,,,,
1543135031-x1,1543135031,,residential,culvert,waterway_crossing,126,12.978222,77.497525,,,,,drain#1313455518
1543935251-x1,1543935251,,residential,dip,waterway_crossing,278,12.974529,77.493669,,,,,drain#675682297
1544690343-x1,1544690343,,residential,dip,waterway_crossing,335,12.968697,77.491462,,,,,drain#1544690332
1545167196-x1,1545167196,,residential,dip,waterway_crossing,348,12.958704,77.485298,,,,,drain#1241557218
1545379171,1545379171,,residential,low_bridge,bridge_over_water,21,13.094942,77.513272,,yes,1,,
1545402559,1545402559,,residential,low_bridge,bridge_over_water,7,13.105997,77.52892,,yes,1,,
1546207454-x1,1546207454,,trunk,culvert,waterway_crossing,3224,12.837174,77.838173,,,,,stream#1546207468
1547666061,1547666061,Ullal Junction Underpass,primary_link,underpass,tunnel=yes;layer<0,113,12.951846,77.499969,yes,,-1,,
1547708535,1547708535,,service,none,tunnel=building_passage,18,13.012404,77.553812,building_passage,,,,
1548332250,1548332250,,residential,low_bridge,bridge_over_water,7,13.030399,77.797691,,yes,1,,
1548332252,1548332252,,residential,low_bridge,bridge_over_water,6,13.029852,77.797136,,yes,1,,
1548332253,1548332253,,residential,low_bridge,bridge_over_water,7,13.029593,77.7935,,yes,1,,
1548332256,1548332256,,residential,low_bridge,bridge_over_water,5,13.029457,77.79442,,yes,1,,
1548332258,1548332258,,tertiary,low_bridge,bridge_over_water,7,13.029272,77.793331,,yes,1,,
1548526923,1548526923,,tertiary,low_bridge,bridge_over_water,7,12.963521,77.478536,,yes,1,,
1548765178,1548765178,,service,none,tunnel=building_passage,23,12.809767,77.583757,building_passage,,,,
1548834109,1548834109,,service,none,tunnel=building_passage,9,13.061225,77.592303,building_passage,,,,
1548842056,1548842056,,service,none,tunnel=building_passage,29,12.963066,77.43677,building_passage,,,,
1549009034-x1,1549009034,Ullal Upanagara Main Road,tertiary,culvert,waterway_crossing,323,12.971173,77.479015,,,,,drain#1548526716
1549251026-x1,1549251026,,residential,dip,waterway_crossing,212,12.991136,77.47477,,,,,stream#1075569409
1549256218-x1,1549256218,,residential,culvert,waterway_crossing,92,12.882039,77.609084,,,,,ditch#1423501554
1550263847-x1,1550263847,,residential,dip,waterway_crossing,365,13.170547,77.425108,,,,,drain#1550263836
1550742540-x1,1550742540,,tertiary,dip,waterway_crossing,353,13.047798,77.620003,,,,,drain#558306934
1551919285,1551919285,10th A Main Road,residential,low_bridge,bridge_over_water,6,13.017188,77.652519,,yes,1,,
1551971016,1551971016,Anchepalya Road,residential,low_bridge,bridge_over_water,13,13.062946,77.488151,,yes,1,,
1552261874,1552261874,,service,none,tunnel=building_passage,26,12.926617,77.677116,building_passage,,,,
1553121768-x1,1553121768,,service,culvert,waterway_crossing,29,12.940866,77.689764,,,,,drain#1314592448
1553763891-x1,1553763891,Sheshadripuram Main Road,tertiary,dip,waterway_crossing,180,12.994791,77.578463,,,,,drain:V110#38536005
1554945506,1554945506,,residential,none,tunnel=building_passage,15,12.922118,77.477193,building_passage,,,,
1557280005,1557280005,,residential,low_bridge,bridge_over_water,81,13.009064,77.754813,,yes,1,,
1557293787,1557293787,,service,none,tunnel=building_passage,6,12.807918,77.6973,building_passage,,,,
1557785172,1557785172,,service,none,tunnel=building_passage,13,13.011532,77.646031,building_passage,,,,
1557787309,1557787309,,residential,underpass,tunnel=yes;layer<0,30,12.945197,77.526221,yes,,-1,,
1558843911-x1,1558843911,,service,dip,waterway_crossing,121,12.907819,77.709477,,,,,drain#1453323945
1559099138-x1,1559099138,,residential,culvert,waterway_crossing,104,12.928169,77.559133,,,,,drain:V304#41192908
1559187029,1559187029,,unclassified,underpass,layer<0,51,12.968741,77.542181,,,-1,,
1559187655,1559187655,,unclassified,underpass,layer<0,58,12.969174,77.542428,,,-1,,
1559237888-x1,1559237888,,service,dip,waterway_crossing,81,12.965587,77.575479,,,,,drain:K100#673670438
1559271746,1559271746,,service,underpass,tunnel=yes;layer<0,38,13.040311,77.544263,yes,,-1,,
1559271748,1559271748,,service,underpass,tunnel=yes;layer<0,30,13.038473,77.543837,yes,,-1,,
1559276569-x1,1559276569,,residential,dip,waterway_crossing,48,12.935276,77.555072,,,,,drain:V300#172895635
1560062201-x1,1560062201,Kadabeesanahalli Main Road,primary,culvert,waterway_crossing,116,12.926447,77.728383,,,,,drain:MD382#1092680611
1560062212,1560062212,Kadabeesanahalli Main Road,primary,low_bridge,bridge_over_water,7,12.926042,77.731305,,yes,1,,
1560062214,1560062214,Kadabeesanahalli Main Road,primary,low_bridge,bridge_over_water,7,12.926133,77.73143,,yes,1,,
1560062216,1560062216,Kadabeesanahalli Main Road,primary,low_bridge,bridge_over_water,7,12.925917,77.732153,,yes,1,,
1560062218,1560062218,Kadabeesanahalli Main Road,primary,low_bridge,bridge_over_water,7,12.926013,77.732253,,yes,1,,
1561496757-x1,1561496757,,residential,dip,waterway_crossing,97,12.901842,77.597594,,,,,drain:K209#350065881
1561506829-x1,1561506829,Medahalli-Kadugodi Road,tertiary,dip,waterway_crossing,1361,13.015786,77.730364,,,,,drain#1251508633
1561948538,1561948538,,service,low_bridge,bridge_over_water,36,12.914753,77.616741,,yes,1,,
1562160780,1562160780,,residential,low_bridge,bridge_over_water,4,13.041844,77.696479,,yes,1,,
1562581414,1562581414,100 Feet Road,secondary,low_bridge,bridge_over_water,22,13.098842,77.515692,,yes,1,,
1563097977,1563097977,,service,none,tunnel=building_passage,20,12.974646,77.616752,building_passage,,,,
1563444741-x1,1563444741,,service,culvert,waterway_crossing,72,13.060166,77.593214,,,,,drain#1244997548
1563755650,1563755650,,residential,none,tunnel=building_passage,80,13.032146,77.721164,building_passage,,,,
