{"type":"FeatureCollection","name":"chennai_candidates","attribution":"Contains data (c) OpenStreetMap contributors, ODbL 1.0, openstreetmap.org/copyright","extract":{"pbf":"southern-zone.osm.pbf","pbf_timestamp":"2026-10-05T00:00:00Z","source":"https://download.bbbike.org/osm/pbf/region/asia/india/southern-zone.osm.pbf","bbox_w_s_e_n":[80.05,12.85,80.35,13.25]},"features":[{"type":"Feature","id":"22660989-x1","geometry":{"type":"LineString","coordinates":[[80.24771,13.063446],[80.247673,13.062796]]},"properties":{"candidate_id":"22660989-x1","osm_way_id":22660989,"name":"Haddows Road","highway":"primary","structure":"dip","reasons":["waterway_crossing"],"length_m":577,"tags":{"name":"Haddows Road","highway":"primary","oneway":"yes"},"crossing":"drain#28502295"}},{"type":"Feature","id":"22688276-x1","geometry":{"type":"LineString","coordinates":[[80.25441,13.062769],[80.25441,13.062754]]},"properties":{"candidate_id":"22688276-x1","osm_way_id":22688276,"name":"Greams Road","highway":"tertiary","structure":"dip","reasons":["waterway_crossing"],"length_m":797,"tags":{"name":"Greams Road","highway":"tertiary","oneway":"yes","surface":"asphalt"},"crossing":"stream#217688013"}},{"type":"Feature","id":"22977703-x1","geometry":{"type":"LineString","coordinates":[[80.280629,13.06422],[80.27962,13.064429]]},"properties":{"candidate_id":"22977703-x1","osm_way_id":22977703,"name":"Wallajah Road","highway":"secondary","structure":"underpass","reasons":["under_rail_bridge"],"length_m":261,"tags":{"name":"Wallajah Road","highway":"secondary","oneway":"yes"},"crossing":"railway#240340228"}},{"type":"Feature","id":"22977703-x2","geometry":{"type":"LineString","coordinates":[[80.280629,13.06422],[80.27962,13.064429]]},"properties":{"candidate_id":"22977703-x2","osm_way_id":22977703,"name":"Wallajah Road","highway":"secondary","structure":"underpass","reasons":["under_rail_bridge"],"length_m":261,"tags":{"name":"Wallajah Road","highway":"secondary","oneway":"yes"},"crossing":"railway#549727267"}},{"type":"Feature","id":"22977706","geometry":{"type":"LineString","coordinates":[[80.280968,13.064248],[80.280738,13.064229]]},"properties":{"candidate_id":"22977706","osm_way_id":22977706,"name":"","highway":"secondary","structure":"low_bridge","reasons":["bridge_over_water"],"length_m":25,"tags":{"highway":"secondary","bridge":"yes","layer":"1","oneway":"yes"}}},{"type":"Feature","id":"23030553-x1","geometry":{"type":"LineString","coordinates":[[80.248136,13.071335],[80.248096,13.071621]]},"properties":{"candidate_id":"23030553-x1","osm_way_id":23030553,"name":"","highway":"residential","structure":"dip","reasons":["waterway_crossing"],"length_m":279,"tags":{"highway":"residential"},"crossing":"drain#217696076"}},{"type":"Feature","id":"23030841","geometry":{"type":"LineString","coordinates":[[80.268641,13.068523],[80.269269,13.068353]]},"properties":{"candidate_id":"23030841","osm_way_id":23030841,"name":"Harris Bridge","highway":"secondary","structure":"low_bridge","reasons":["bridge_over_water"],"length_m":71,"tags":{"name":"Harris Bridge","highway":"secondary","bridge":"yes","layer":"1","oneway":"yes","surface":"asphalt","lanes":"2"}}},{"type":"Feature","id":"23046393-x1","geometry":{"type":"LineString","coordinates":[[80.252268,13.074172],[80.252386,13.074205]]},"properties":{"candidate_id":"23046393-x1","osm_way_id":23046393,"name":"Mayor Sathiyamoorthy Road","highway":"residential","structure":"dip","reasons":["waterway_crossing"],"length_m":723,"tags":{"name":"Mayor Sathiyamoorthy Road","highway":"residential"},"crossing":"drain#217696076"}},{"type":"Feature","id":"23066164-x1","geometry":{"type":"LineString","coordinates":[[80.252321,13.07405],[80.252268,13.074172]]},"properties":{"candidate_id":"23066164-x1","osm_way_id":23066164,"name":"Gengu Reddy Road","highway":"secondary","structure":"dip","reasons":["waterway_crossing"],"length_m":72,"tags":{"name":"Gengu Reddy Road","highway":"secondary","oneway":"yes"},"crossing":"drain#217696076"}},{"type":"Feature","id":"23110065","geometry":{"type":"LineString","coordinates":[[80.259289,13.014712],[80.259188,13.011645]]},"properties":{"candidate_id":"23110065","osm_way_id":23110065,"name":"Thiru Vi Ka Bridge","highway":"primary","structure":"low_bridge","reasons":["bridge_over_water"],"length_m":339,"tags":{"name":"Thiru Vi Ka Bridge","highway":"primary","bridge":"yes","layer":"1","oneway":"yes","lanes":"3"}}},{"type":"Feature","id":"23110071","geometry":{"type":"LineString","coordinates":[[80.259054,13.01165],[80.259173,13.014715]]},"properties":{"candidate_id":"23110071","osm_way_id":23110071,"name":"Thiru Vi Ka Bridge","highway":"primary","structure":"low_bridge","reasons":["bridge_over_water"],"length_m":339,"tags":{"name":"Thiru Vi Ka Bridge","highway":"primary","bridge":"yes","layer":"1","oneway":"yes","surface":"asphalt","lanes":"3"}}},{"type":"Feature","id":"23186322-x1","geometry":{"type":"LineString","coordinates":[[80.225701,13.028131],[80.224617,13.028352]]},"properties":{"candidate_id":"23186322-x1","osm_way_id":23186322,"name":"Aranganathan Subway","highway":"secondary","structure":"underpass","reasons":["under_rail_bridge"],"length_m":200,"tags":{"name":"Aranganathan Subway","highway":"secondary","oneway":"yes"},"crossing":"railway#240340232"}},{"type":"Feature","id":"23186322-x2","geometry":{"type":"LineString","coordinates":[[80.225741,13.028122],[80.224658,13.028343]]},"properties":{"candidate_id":"23186322-x2","osm_way_id":23186322,"name":"Aranganathan Subway","highway":"secondary","structure":"underpass","reasons":["under_rail_bridge"],"length_m":200,"tags":{"name":"Aranganathan Subway","highway":"secondary","oneway":"yes"},"crossing":"railway#240340262"}},{"type":"Feature","id":"23186322-x3","geometry":{"type":"LineString","coordinates":[[80.22579,13.028113],[80.224707,13.028333]]},"properties":{"candidate_id":"23186322-x3","osm_way_id":23186322,"name":"Aranganathan Subway","highway":"secondary","structure":"underpass","reasons":["under_rail_bridge"],"length_m":200,"tags":{"name":"Aranganathan Subway","highway":"secondary","oneway":"yes"},"crossing":"railway#240340269"}},{"type":"Feature","id":"23186322-x4","geometry":{"type":"LineString","coordinates":[[80.225652,13.028141],[80.224569,13.028362]]},"properties":{"candidate_id":"23186322-x4","osm_way_id":23186322,"name":"Aranganathan Subway","highway":"secondary","structure":"underpass","reasons":["under_rail_bridge"],"length_m":200,"tags":{"name":"Aranganathan Subway","highway":"secondary","oneway":"yes"},"crossing":"railway#240340273"}},{"type":"Feature","id":"23500007-x1","geometry":{"type":"LineString","coordinates":[[80.263835,13.096459],[80.263213,13.09677]]},"properties":{"candidate_id":"23500007-x1","osm_way_id":23500007,"name":"D'Mellows Salai","highway":"secondary","structure":"dip","reasons":["waterway_crossing"],"length_m":703,"tags":{"name":"D'Mellows Salai","highway":"secondary","surface":"asphalt","lanes":"2"},"crossing":"drain#30981164"}},{"type":"Feature","id":"23500025-x1","geometry":{"type":"LineString","coordinates":[[80.254178,13.090665],[80.254194,13.09121]]},"properties":{"candidate_id":"23500025-x1","osm_way_id":23500025,"name":"Tana street","highway":"tertiary","structure":"dip","reasons":["waterway_crossing"],"length_m":420,"tags":{"name":"Tana street","highway":"tertiary","oneway":"no"},"crossing":"drain#30981164"}},{"type":"Feature","id":"23500030-x1","geometry":{"type":"LineString","coordinates":[[80.256435,13.093181],[80.256534,13.092667]]},"properties":{"candidate_id":"23500030-x1","osm_way_id":23500030,"name":"Arunachalam Street","highway":"residential","structure":"dip","reasons":["waterway_crossing"],"length_m":268,"tags":{"name":"Arunachalam Street","highway":"residential"},"crossing":"drain#30981164"}},{"type":"Feature","id":"23647177","geometry":{"type":"LineString","coordinates":[[80.225231,13.016731],[80.224685,13.018111],[80.224441,13.018727]]},"properties":{"candidate_id":"23647177","osm_way_id":23647177,"name":"Maraimalai Adigal Bridge","highway":"primary","structure":"low_bridge","reasons":["bridge_over_water"],"length_m":237,"tags":{"name":"Maraimalai Adigal Bridge","ref":"SHU88","highway":"primary","bridge":"yes","layer":"1","oneway":"yes"}}},{"type":"Feature","id":"23648240-x1","geometry":{"type":"LineString","coordinates":[[80.087396,12.939285],[80.087371,12.939203]]},"properties":{"candidate_id":"23648240-x1","osm_way_id":23648240,"name":"","highway":"residential","structure":"dip","reasons":["waterway_crossing"],"length_m":419,"tags":{"highway":"residential"},"crossing":"drain#383857990"}},{"type":"Feature","id":"23698640-x1","geometry":{"type":"LineString","coordinates":[[80.201907,13.032107],[80.201998,13.032074]]},"properties":{"candidate_id":"23698640-x1","osm_way_id":23698640,"name":"","highway":"residential","structure":"dip","reasons":["waterway_crossing"],"length_m":228,"tags":{"highway":"residential"},"crossing":"canal:Maruthur Gopalan Ramachandran Nagar Canal#25460321"}},{"type":"Feature","id":"23803992-x1","geometry":{"type":"LineString","coordinates":[[80.247625,13.097119],[80.246856,13.096897]]},"properties":{"candidate_id":"23803992-x1","osm_way_id":23803992,"name":"Konnur High Road","highway":"primary","structure":"culvert","reasons":["waterway_crossing"],"length_m":1047,"tags":{"name":"Konnur High Road","highway":"primary","oneway":"yes"},"crossing":"drain:Egankipuram Canal#1202685098"}},{"type":"Feature","id":"23803998-x1","geometry":{"type":"LineString","coordinates":[[80.222068,13.098737],[80.221548,13.098797]]},"properties":{"candidate_id":"23803998-x1","osm_way_id":23803998,"name":"Konnur High Road","highway":"primary","structure":"dip","reasons":["waterway_crossing"],"length_m":1316,"tags":{"name":"Konnur High Road","highway":"primary","oneway":"yes","lanes":"2"},"crossing":"drain#217926516"}},{"type":"Feature","id":"23804006-x1","geometry":{"type":"LineString","coordinates":[[80.231059,13.102542],[80.231032,13.102282]]},"properties":{"candidate_id":"23804006-x1","osm_way_id":23804006,"name":"Portious Road","highway":"secondary","structure":"culvert","reasons":["waterway_crossing"],"length_m":313,"tags":{"name":"Portious Road","highway":"secondary"},"crossing":"drain:Ainsley Canal#1188575636"}},{"type":"Feature","id":"23885100","geometry":{"type":"LineString","coordinates":[[80.275224,13.081399],[80.275272,13.080844],[80.275339,13.080229],[80.275359,13.080057],[80.275367,13.079959],[80.275371,13.079904],[80.275373,13.079867],[80.275373,13.079801],[80.275371,13.079757],[80.275362,13.079665],[80.275334,13.079484],[80.275291,13.079284],[80.275216,13.078977],[80.275206,13.078904],[80.2752,13.07885],[80.275202,13.078786],[80.27522,13.078701],[80.275248,13.078634],[80.275278,13.078576],[80.275329,13.078511],[80.275397,13.078449],[80.275461,13.078409],[80.275531,13.078376],[80.275602,13.078348],[80.275736,13.078305],[80.275881,13.078261],[80.276021,13.078216],[80.276056,13.078198],[80.276117,13.078155],[80.276172,13.078088],[80.276212,13.078013],[80.276224,13.077948],[80.276233,13.077871],[80.276235,13.077754],[80.276259,13.077212]]},"properties":{"candidate_id":"23885100","osm_way_id":23885100,"name":"Stanley Viaduct","highway":"secondary","structure":"low_bridge","reasons":["bridge_over_water"],"length_m":528,"tags":{"name":"Stanley Viaduct","highway":"secondary","bridge":"yes","layer":"2","oneway":"yes"}}},{"type":"Feature","id":"23885101-x1","geometry":{"type":"LineString","coordinates":[[80.275118,13.082165],[80.274834,13.082162]]},"properties":{"candidate_id":"23885101-x1","osm_way_id":23885101,"name":"","highway":"service","structure":"culvert","reasons":["waterway_crossing"],"length_m":163,"tags":{"highway":"service","oneway":"yes","surface":"asphalt"},"crossing":"canal:Buckingham Canal#1080352339"}},{"type":"Feature","id":"23954894","geometry":{"type":"LineString","coordinates":[[80.263865,13.052796],[80.26514,13.052651]]},"properties":{"candidate_id":"23954894","osm_way_id":23954894,"name":"Kasim Street","highway":"residential","structure":"underpass","reasons":["tunnel=yes","layer<0"],"length_m":139,"tags":{"name":"Kasim Street","highway":"residential","tunnel":"yes","layer":"-1"}}},{"type":"Feature","id":"24375561-x1","geometry":{"type":"LineString","coordinates":[[80.249695,13.06234],[80.249784,13.062778]]},"properties":{"candidate_id":"24375561-x1","osm_way_id":24375561,"name":"Wallace Garden 2nd Street","highway":"residential","structure":"dip","reasons":["waterway_crossing"],"length_m":385,"tags":{"name":"Wallace Garden 2nd Street","highway":"residential"},"crossing":"drain#28502295"}},{"type":"Feature","id":"24888589","geometry":{"type":"LineString","coordinates":[[80.284695,13.069432],[80.284364,13.068073]]},"properties":{"candidate_id":"24888589","osm_way_id":24888589,"name":"Napier Bridge","highway":"primary","structure":"low_bridge","reasons":["bridge_over_water"],"length_m":154,"tags":{"name":"Napier Bridge","highway":"primary","bridge":"yes","layer":"1","oneway":"yes"}}},{"type":"Feature","id":"24888594-x1","geometry":{"type":"LineString","coordinates":[[80.280487,13.063306],[80.280629,13.06422]]},"properties":{"candidate_id":"24888594-x1","osm_way_id":24888594,"name":"Victoria Hostel Road","highway":"residential","structure":"underpass","reasons":["under_rail_bridge"],"length_m":752,"tags":{"name":"Victoria Hostel Road","highway":"residential"},"crossing":"railway#240340228"}},{"type":"Feature","id":"24888594-x2","geometry":{"type":"LineString","coordinates":[[80.280487,13.063306],[80.280629,13.06422]]},"properties":{"candidate_id":"24888594-x2","osm_way_id":24888594,"name":"Victoria Hostel Road","highway":"residential","structure":"underpass","reasons":["under_rail_bridge"],"length_m":752,"tags":{"name":"Victoria Hostel Road","highway":"residential"},"crossing":"railway#549727267"}},{"type":"Feature","id":"25392296-x1","geometry":{"type":"LineString","coordinates":[[80.166325,13.113392],[80.16642,13.114308]]},"properties":{"candidate_id":"25392296-x1","osm_way_id":25392296,"name":"Railway Station Road","highway":"residential","structure":"dip","reasons":["waterway_crossing"],"length_m":534,"tags":{"name":"Railway Station Road","highway":"residential"},"crossing":"drain#835007994"}},{"type":"Feature","id":"25459322","geometry":{"type":"LineString","coordinates":[[80.22747,13.03819],[80.227322,13.038233],[80.226889,13.038358],[80.225424,13.038727]]},"properties":{"candidate_id":"25459322","osm_way_id":25459322,"name":"Station Road","highway":"residential","structure":"dip","reasons":["flood_prone=yes"],"length_m":230,"tags":{"name":"Station Road","highway":"residential","flood_prone":"yes","surface":"concrete"}}},{"type":"Feature","id":"25504467-x1","geometry":{"type":"LineString","coordinates":[[80.198884,12.992222],[80.198343,12.992298]]},"properties":{"candidate_id":"25504467-x1","osm_way_id":25504467,"name":"West Karikalan Street","highway":"residential","structure":"culvert","reasons":["waterway_crossing"],"length_m":348,"tags":{"name":"West Karikalan Street","highway":"residential"},"crossing":"drain#881880738"}},{"type":"Feature","id":"25594260-x1","geometry":{"type":"LineString","coordinates":[[80.141273,13.024319],[80.140418,13.02363]]},"properties":{"candidate_id":"25594260-x1","osm_way_id":25594260,"name":"Chennai Bypass Expressway","highway":"trunk","structure":"dip","reasons":["waterway_crossing"],"length_m":1812,"tags":{"name":"Chennai Bypass Expressway","highway":"trunk","oneway":"yes","surface":"asphalt","lanes":"3"},"crossing":"drain:Thanthi Channel#837068308"}},{"type":"Feature","id":"25689776-x1","geometry":{"type":"LineString","coordinates":[[80.211946,13.018446],[80.211838,13.01852]]},"properties":{"candidate_id":"25689776-x1","osm_way_id":25689776,"name":"Nagi Reddy thottam Garden Rd","highway":"residential","structure":"dip","reasons":["waterway_crossing"],"length_m":279,"tags":{"name":"Nagi Reddy thottam Garden Rd","highway":"residential"},"crossing":"stream#32742657"}},{"type":"Feature","id":"26518353-x1","geometry":{"type":"LineString","coordinates":[[80.242118,13.12332],[80.242182,13.123459]]},"properties":{"candidate_id":"26518353-x1","osm_way_id":26518353,"name":"Madhavaram High Road","highway":"primary","structure":"dip","reasons":["waterway_crossing"],"length_m":1743,"tags":{"name":"Madhavaram High Road","highway":"primary","surface":"asphalt","lanes":"2"},"crossing":"drain:Jawahar Canal#102550241"}},{"type":"Feature","id":"26607459-x1","geometry":{"type":"LineString","coordinates":[[80.213407,13.028469],[80.21274,13.028682]]},"properties":{"candidate_id":"26607459-x1","osm_way_id":26607459,"name":"","highway":"residential","structure":"culvert","reasons":["waterway_crossing"],"length_m":226,"tags":{"highway":"residential"},"crossing":"canal:Jafferkhanpet Canal#27709396"}},{"type":"Feature","id":"27319909-x1","geometry":{"type":"LineString","coordinates":[[80.217516,12.981047],[80.218622,12.981097]]},"properties":{"candidate_id":"27319909-x1","osm_way_id":27319909,"name":"","highway":"residential","structure":"culvert","reasons":["waterway_crossing"],"length_m":289,"tags":{"highway":"residential"},"crossing":"canal:drain path#103716694"}},{"type":"Feature","id":"27319921-x1","geometry":{"type":"LineString","coordinates":[[80.218865,12.970911],[80.217994,12.970997]]},"properties":{"candidate_id":"27319921-x1","osm_way_id":27319921,"name":"13th Main Road","highway":"residential","structure":"culvert","reasons":["waterway_crossing"],"length_m":203,"tags":{"name":"13th Main Road","highway":"residential"},"crossing":"canal:drain path#1105956376"}},{"type":"Feature","id":"27320131-x1","geometry":{"type":"LineString","coordinates":[[80.21784,12.984461],[80.217123,12.984413]]},"properties":{"candidate_id":"27320131-x1","osm_way_id":27320131,"name":"Main Road","highway":"residential","structure":"culvert","reasons":["waterway_crossing"],"length_m":141,"tags":{"name":"Main Road","highway":"residential"},"crossing":"canal:drain path#103716694"}},{"type":"Feature","id":"27343720-x1","geometry":{"type":"LineString","coordinates":[[80.217587,12.98528],[80.21785,12.985202]]},"properties":{"candidate_id":"27343720-x1","osm_way_id":27343720,"name":"South Street","highway":"residential","structure":"culvert","reasons":["waterway_crossing"],"length_m":152,"tags":{"name":"South Street","highway":"residential"},"crossing":"canal:drain path#103716694"}},{"type":"Feature","id":"27345485-x1","geometry":{"type":"LineString","coordinates":[[80.198436,12.992854],[80.198343,12.992298]]},"properties":{"candidate_id":"27345485-x1","osm_way_id":27345485,"name":"","highway":"residential","structure":"culvert","reasons":["waterway_crossing"],"length_m":205,"tags":{"highway":"residential"},"crossing":"drain#881880737"}},{"type":"Feature","id":"27345487-x1","geometry":{"type":"LineString","coordinates":[[80.196893,12.992378],[80.196884,12.992657]]},"properties":{"candidate_id":"27345487-x1","osm_way_id":27345487,"name":"","highway":"residential","structure":"culvert","reasons":["waterway_crossing"],"length_m":141,"tags":{"highway":"residential"},"crossing":"drain#881880735"}},{"type":"Feature","id":"27351932-x1","geometry":{"type":"LineString","coordinates":[[80.19396,12.97872],[80.19342,12.978861]]},"properties":{"candidate_id":"27351932-x1","osm_way_id":27351932,"name":"Cholan Street","highway":"residential","structure":"culvert","reasons":["waterway_crossing"],"length_m":169,"tags":{"name":"Cholan Street","highway":"residential","surface":"asphalt"},"crossing":"drain:Veerangal Canal#328358961"}},{"type":"Feature","id":"27351934-x1","geometry":{"type":"LineString","coordinates":[[80.193484,12.979158],[80.194087,12.978971]]},"properties":{"candidate_id":"27351934-x1","osm_way_id":27351934,"name":"V. O. C. Street","highway":"residential","structure":"culvert","reasons":["waterway_crossing"],"length_m":233,"tags":{"name":"V. O. C. Street","highway":"residential","surface":"asphalt"},"crossing":"drain:Veerangal Canal#328358961"}},{"type":"Feature","id":"27351936-x1","geometry":{"type":"LineString","coordinates":[[80.19364,12.979505],[80.194274,12.979292]]},"properties":{"candidate_id":"27351936-x1","osm_way_id":27351936,"name":"John Kennady Street","highway":"residential","structure":"culvert","reasons":["waterway_crossing"],"length_m":246,"tags":{"name":"John Kennady Street","highway":"residential","surface":"asphalt"},"crossing":"drain:Veerangal Canal#328358961"}},{"type":"Feature","id":"27351951-x1","geometry":{"type":"LineString","coordinates":[[80.195028,12.981236],[80.195091,12.981314]]},"properties":{"candidate_id":"27351951-x1","osm_way_id":27351951,"name":"Alex Street","highway":"residential","structure":"culvert","reasons":["waterway_crossing"],"length_m":210,"tags":{"name":"Alex Street","highway":"residential","surface":"asphalt"},"crossing":"drain:Veerangal Canal#328358961"}},{"type":"Feature","id":"27355157-x1","geometry":{"type":"LineString","coordinates":[[80.222453,12.975063],[80.222572,12.97482]]},"properties":{"candidate_id":"27355157-x1","osm_way_id":27355157,"name":"Sarathy Nagar 5th street","highway":"residential","structure":"dip","reasons":["waterway_crossing"],"length_m":139,"tags":{"name":"Sarathy Nagar 5th street","highway":"residential","surface":"asphalt"},"crossing":"drain#384187223"}},{"type":"Feature","id":"27369871-x1","geometry":{"type":"LineString","coordinates":[[80.195554,12.989151],[80.195401,12.989214]]},"properties":{"candidate_id":"27369871-x1","osm_way_id":27369871,"name":"","highway":"tertiary","structure":"underpass","reasons":["under_rail_bridge"],"length_m":198,"tags":{"highway":"tertiary"},"crossing":"railway#28620048"}},{"type":"Feature","id":"27369871-x2","geometry":{"type":"LineString","coordinates":[[80.195554,12.989151],[80.195401,12.989214]]},"properties":{"candidate_id":"27369871-x2","osm_way_id":27369871,"name":"","highway":"tertiary","structure":"underpass","reasons":["under_rail_bridge"],"length_m":198,"tags":{"highway":"tertiary"},"crossing":"railway#235921450"}},{"type":"Feature","id":"27369882-x1","geometry":{"type":"LineString","coordinates":[[80.196077,12.991356],[80.194977,12.991478]]},"properties":{"candidate_id":"27369882-x1","osm_way_id":27369882,"name":"","highway":"residential","structure":"underpass","reasons":["under_rail_bridge"],"length_m":278,"tags":{"highway":"residential"},"crossing":"railway#28620048"}},{"type":"Feature","id":"27369882-x2","geometry":{"type":"LineString","coordinates":[[80.196133,12.99135],[80.195033,12.991472]]},"properties":{"candidate_id":"27369882-x2","osm_way_id":27369882,"name":"","highway":"residential","structure":"underpass","reasons":["under_rail_bridge"],"length_m":278,"tags":{"highway":"residential"},"crossing":"railway#235921450"}},{"type":"Feature","id":"27442494-x1","geometry":{"type":"LineString","coordinates":[[80.213241,13.027896],[80.212205,13.028184]]},"properties":{"candidate_id":"27442494-x1","osm_way_id":27442494,"name":"","highway":"residential","structure":"culvert","reasons":["waterway_crossing"],"length_m":117,"tags":{"highway":"residential"},"crossing":"canal:Jafferkhanpet Canal#27709396"}},{"type":"Feature","id":"27483141-x1","geometry":{"type":"LineString","coordinates":[[80.195259,12.992878],[80.195768,12.993024]]},"properties":{"candidate_id":"27483141-x1","osm_way_id":27483141,"name":"","highway":"residential","structure":"underpass","reasons":["under_rail_bridge"],"length_m":220,"tags":{"highway":"residential"},"crossing":"railway#28620048"}},{"type":"Feature","id":"27483141-x2","geometry":{"type":"LineString","coordinates":[[80.195259,12.992878],[80.195768,12.993024]]},"properties":{"candidate_id":"27483141-x2","osm_way_id":27483141,"name":"","highway":"residential","structure":"underpass","reasons":["under_rail_bridge"],"length_m":220,"tags":{"highway":"residential"},"crossing":"railway#235921450"}},{"type":"Feature","id":"27505292-x1","geometry":{"type":"LineString","coordinates":[[80.268893,13.037218],[80.268676,13.036673]]},"properties":{"candidate_id":"27505292-x1","osm_way_id":27505292,"name":"Kalvivaru Street","highway":"residential","structure":"underpass","reasons":["under_rail_bridge"],"length_m":333,"tags":{"name":"Kalvivaru Street","highway":"residential"},"crossing":"railway#549727229"}},{"type":"Feature","id":"27505292-x2","geometry":{"type":"LineString","coordinates":[[80.268893,13.037218],[80.268676,13.036673]]},"properties":{"candidate_id":"27505292-x2","osm_way_id":27505292,"name":"Kalvivaru Street","highway":"residential","structure":"underpass","reasons":["under_rail_bridge"],"length_m":333,"tags":{"name":"Kalvivaru Street","highway":"residential"},"crossing":"railway#549727259"}},{"type":"Feature","id":"27768972","geometry":{"type":"LineString","coordinates":[[80.270684,13.079782],[80.270529,13.078985]]},"properties":{"candidate_id":"27768972","osm_way_id":27768972,"name":"Laws Bridge","highway":"service","structure":"low_bridge","reasons":["bridge_over_water"],"length_m":90,"tags":{"name":"Laws Bridge","highway":"service","bridge":"yes","layer":"1"}}},{"type":"Feature","id":"27769330","geometry":{"type":"LineString","coordinates":[[80.172066,12.984725],[80.173124,12.985506],[80.173755,12.985931],[80.17442,12.986396],[80.174478,12.986435],[80.174806,12.986659],[80.175588,12.987168],[80.175926,12.987387],[80.17727,12.988335],[80.178073,12.988967],[80.178844,12.989559],[80.182071,12.992033],[80.182196,12.992128],[80.182474,12.992342],[80.183287,12.992907],[80.1853,12.994002]]},"properties":{"candidate_id":"27769330","osm_way_id":27769330,"name":"Grand Southern Trunk Road","highway":"trunk","structure":"underpass","reasons":["layer<0"],"length_m":1766,"tags":{"name":"Grand Southern Trunk Road","ref":"SHU88","highway":"trunk","layer":"-1","oneway":"yes","surface":"asphalt"}}},{"type":"Feature","id":"27838213-x1","geometry":{"type":"LineString","coordinates":[[80.217516,13.062867],[80.217085,13.062913]]},"properties":{"candidate_id":"27838213-x1","osm_way_id":27838213,"name":"","highway":"residential","structure":"dip","reasons":["waterway_crossing"],"length_m":658,"tags":{"highway":"residential"},"crossing":"canal:Virugambakkam Canal#1284526464"}},{"type":"Feature","id":"28067351","geometry":{"type":"LineString","coordinates":[[80.22455,13.018776],[80.225356,13.016783]]},"properties":{"candidate_id":"28067351","osm_way_id":28067351,"name":"Maraimalai Adigal Bridge","highway":"primary","structure":"low_bridge","reasons":["bridge_over_water"],"length_m":237,"tags":{"name":"Maraimalai Adigal Bridge","ref":"SHU88","highway":"primary","bridge":"yes","layer":"1","oneway":"yes"}}},{"type":"Feature","id":"28138946-x1","geometry":{"type":"LineString","coordinates":[[80.273419,13.074624],[80.273907,13.074684]]},"properties":{"candidate_id":"28138946-x1","osm_way_id":28138946,"name":"","highway":"service","structure":"underpass","reasons":["under_rail_bridge"],"length_m":331,"tags":{"highway":"service"},"crossing":"railway#1237151537"}},{"type":"Feature","id":"28138946-x2","geometry":{"type":"LineString","coordinates":[[80.273419,13.074624],[80.273907,13.074684]]},"properties":{"candidate_id":"28138946-x2","osm_way_id":28138946,"name":"","highway":"service","structure":"underpass","reasons":["under_rail_bridge"],"length_m":331,"tags":{"highway":"service"},"crossing":"railway#1237151538"}},{"type":"Feature","id":"28138946-x3","geometry":{"type":"LineString","coordinates":[[80.274204,13.072716],[80.274015,13.072527]]},"properties":{"candidate_id":"28138946-x3","osm_way_id":28138946,"name":"","highway":"service","structure":"underpass","reasons":["under_rail_bridge"],"length_m":331,"tags":{"highway":"service"},"crossing":"railway#240340228"}},{"type":"Feature","id":"28138946-x4","geometry":{"type":"LineString","coordinates":[[80.274204,13.072716],[80.274015,13.072527]]},"properties":{"candidate_id":"28138946-x4","osm_way_id":28138946,"name":"","highway":"service","structure":"underpass","reasons":["under_rail_bridge"],"length_m":331,"tags":{"highway":"service"},"crossing":"railway#549727267"}},{"type":"Feature","id":"28138953","geometry":{"type":"LineString","coordinates":[[80.274623,13.072044],[80.275495,13.072849]]},"properties":{"candidate_id":"28138953","osm_way_id":28138953,"name":"Periyar Bridge","highway":"primary","structure":"low_bridge","reasons":["bridge_over_water"],"length_m":130,"tags":{"name":"Periyar Bridge","ref":"SHU88","highway":"primary","bridge":"yes","layer":"1","oneway":"yes"}}},{"type":"Feature","id":"28138957","geometry":{"type":"LineString","coordinates":[[80.275577,13.072764],[80.274706,13.071959]]},"properties":{"candidate_id":"28138957","osm_way_id":28138957,"name":"Periyar Bridge","highway":"primary","structure":"low_bridge","reasons":["bridge_over_water"],"length_m":130,"tags":{"name":"Periyar Bridge","ref":"SHU88","highway":"primary","bridge":"yes","layer":"1","oneway":"yes"}}},{"type":"Feature","id":"28138961","geometry":{"type":"LineString","coordinates":[[80.281533,13.078539],[80.281863,13.078843]]},"properties":{"candidate_id":"28138961","osm_way_id":28138961,"name":"Quaid-e-Milleth Bridge","highway":"primary","structure":"low_bridge","reasons":["bridge_over_water"],"length_m":49,"tags":{"name":"Quaid-e-Milleth Bridge","ref":"SHU88","highway":"primary","bridge":"yes","layer":"1","oneway":"yes"}}},{"type":"Feature","id":"28138973-x1","geometry":{"type":"LineString","coordinates":[[80.274961,13.071545],[80.274532,13.071208]]},"properties":{"candidate_id":"28138973-x1","osm_way_id":28138973,"name":"","highway":"tertiary","structure":"underpass","reasons":["under_rail_bridge"],"length_m":149,"tags":{"highway":"tertiary","oneway":"yes"},"crossing":"railway#240340228"}},{"type":"Feature","id":"28138973-x2","geometry":{"type":"LineString","coordinates":[[80.274961,13.071545],[80.274532,13.071208]]},"properties":{"candidate_id":"28138973-x2","osm_way_id":28138973,"name":"","highway":"tertiary","structure":"underpass","reasons":["under_rail_bridge"],"length_m":149,"tags":{"highway":"tertiary","oneway":"yes"},"crossing":"railway#549727267"}},{"type":"Feature","id":"28152148","geometry":{"type":"LineString","coordinates":[[80.260874,13.063578],[80.260211,13.063777]]},"properties":{"candidate_id":"28152148","osm_way_id":28152148,"name":"Commander-In-Chief Bridge","highway":"secondary","structure":"low_bridge","reasons":["bridge_over_water"],"length_m":75,"tags":{"name":"Commander-In-Chief Bridge","highway":"secondary","bridge":"yes","layer":"1","oneway":"yes","lanes":"2"}}},{"type":"Feature","id":"28225365-x1","geometry":{"type":"LineString","coordinates":[[80.179105,13.023704],[80.179098,13.023819]]},"properties":{"candidate_id":"28225365-x1","osm_way_id":28225365,"name":"","highway":"service","structure":"culvert","reasons":["waterway_crossing"],"length_m":195,"tags":{"highway":"service"},"crossing":"drain#122063612"}},{"type":"Feature","id":"28225369-x1","geometry":{"type":"LineString","coordinates":[[80.176923,13.024915],[80.17715,13.02554]]},"properties":{"candidate_id":"28225369-x1","osm_way_id":28225369,"name":"Anuradha Paint Road","highway":"tertiary","structure":"culvert","reasons":["waterway_crossing"],"length_m":877,"tags":{"name":"Anuradha Paint Road","ref":"O1690","highway":"tertiary"},"crossing":"drain#122063612"}},{"type":"Feature","id":"28295242","geometry":{"type":"LineString","coordinates":[[80.284229,13.068104],[80.284563,13.069464]]},"properties":{"candidate_id":"28295242","osm_way_id":28295242,"name":"Napier Bridge","highway":"primary","structure":"low_bridge","reasons":["bridge_over_water"],"length_m":155,"tags":{"name":"Napier Bridge","highway":"primary","bridge":"yes","layer":"1","oneway":"yes"}}},{"type":"Feature","id":"28295586-x1","geometry":{"type":"LineString","coordinates":[[80.249241,13.078058],[80.249133,13.078523]]},"properties":{"candidate_id":"28295586-x1","osm_way_id":28295586,"name":"","highway":"living_street","structure":"dip","reasons":["waterway_crossing"],"length_m":247,"tags":{"highway":"living_street"},"crossing":"drain#217696076"}},{"type":"Feature","id":"28295587-x1","geometry":{"type":"LineString","coordinates":[[80.248165,13.078127],[80.248129,13.078355]]},"properties":{"candidate_id":"28295587-x1","osm_way_id":28295587,"name":"","highway":"residential","structure":"dip","reasons":["waterway_crossing"],"length_m":251,"tags":{"highway":"residential"},"crossing":"drain#217696076"}},{"type":"Feature","id":"28534270","geometry":{"type":"LineString","coordinates":[[80.185046,12.990391],[80.185209,12.98956],[80.185264,12.989179],[80.185268,12.989071],[80.185239,12.988331],[80.185239,12.98827]]},"properties":{"candidate_id":"28534270","osm_way_id":28534270,"name":"Nanganallur Road","highway":"tertiary","structure":"underpass","reasons":["tunnel=yes","layer<0"],"length_m":237,"tags":{"name":"Nanganallur Road","ref":"O4318","highway":"tertiary","tunnel":"yes","layer":"-1"}}},{"type":"Feature","id":"28682386","geometry":{"type":"LineString","coordinates":[[80.198921,13.078315],[80.199087,13.077273]]},"properties":{"candidate_id":"28682386","osm_way_id":28682386,"name":"Koyambedu Bridge","highway":"primary","structure":"low_bridge","reasons":["bridge_over_water"],"length_m":117,"tags":{"name":"Koyambedu Bridge","ref":"SH2","highway":"primary","bridge":"yes","layer":"1","oneway":"yes","surface":"asphalt","lanes":"2"}}},{"type":"Feature","id":"28682394","geometry":{"type":"LineString","coordinates":[[80.198926,13.07724],[80.198806,13.078304]]},"properties":{"candidate_id":"28682394","osm_way_id":28682394,"name":"Koyambedu Bridge","highway":"primary","structure":"low_bridge","reasons":["bridge_over_water"],"length_m":118,"tags":{"name":"Koyambedu Bridge","ref":"SH2","highway":"primary","bridge":"yes","layer":"1","oneway":"yes","surface":"asphalt","lanes":"2"}}},{"type":"Feature","id":"28927273","geometry":{"type":"LineString","coordinates":[[80.28193,13.078777],[80.281597,13.078472]]},"properties":{"candidate_id":"28927273","osm_way_id":28927273,"name":"Quaid-e-Milleth Bridge","highway":"primary","structure":"low_bridge","reasons":["bridge_over_water"],"length_m":49,"tags":{"name":"Quaid-e-Milleth Bridge","ref":"SHU88","highway":"primary","bridge":"yes","layer":"1","oneway":"yes"}}},{"type":"Feature","id":"29044820","geometry":{"type":"LineString","coordinates":[[80.254779,13.067296],[80.254361,13.066892]]},"properties":{"candidate_id":"29044820","osm_way_id":29044820,"name":"College Bridge","highway":"secondary","structure":"low_bridge","reasons":["bridge_over_water"],"length_m":64,"tags":{"name":"College Bridge","highway":"secondary","bridge":"yes","layer":"1","oneway":"yes"}}},{"type":"Feature","id":"29044852","geometry":{"type":"LineString","coordinates":[[80.254296,13.066959],[80.254726,13.06735]]},"properties":{"candidate_id":"29044852","osm_way_id":29044852,"name":"College Bridge","highway":"secondary","structure":"low_bridge","reasons":["bridge_over_water"],"length_m":64,"tags":{"name":"College Bridge","highway":"secondary","bridge":"yes","layer":"1","oneway":"yes"}}},{"type":"Feature","id":"29071453","geometry":{"type":"LineString","coordinates":[[80.274416,13.041366],[80.274449,13.041781]]},"properties":{"candidate_id":"29071453","osm_way_id":29071453,"name":"Barbers Bridge","highway":"tertiary","structure":"low_bridge","reasons":["bridge_over_water"],"length_m":46,"tags":{"name":"Barbers Bridge","highway":"tertiary","bridge":"yes","layer":"1"}}},{"type":"Feature","id":"29114655","geometry":{"type":"LineString","coordinates":[[80.211823,13.077378],[80.21201,13.07836],[80.212021,13.078419]]},"properties":{"candidate_id":"29114655","osm_way_id":29114655,"name":"Maduvankarai Bridge","highway":"tertiary","structure":"low_bridge","reasons":["bridge_over_water"],"length_m":117,"tags":{"name":"Maduvankarai Bridge","highway":"tertiary","bridge":"yes","layer":"1"}}},{"type":"Feature","id":"30128611-x1","geometry":{"type":"LineString","coordinates":[[80.069076,12.997018],[80.06954,12.996918]]},"properties":{"candidate_id":"30128611-x1","osm_way_id":30128611,"name":"Chembarambakkam Dam Road","highway":"unclassified","structure":"culvert","reasons":["waterway_crossing"],"length_m":3630,"tags":{"name":"Chembarambakkam Dam Road","highway":"unclassified"},"crossing":"ditch#696533211"}},{"type":"Feature","id":"30128611-x2","geometry":{"type":"LineString","coordinates":[[80.078447,12.997776],[80.07954,12.997945]]},"properties":{"candidate_id":"30128611-x2","osm_way_id":30128611,"name":"Chembarambakkam Dam Road","highway":"unclassified","structure":"culvert","reasons":["waterway_crossing"],"length_m":3630,"tags":{"name":"Chembarambakkam Dam Road","highway":"unclassified"},"crossing":"ditch#696533197"}},{"type":"Feature","id":"30128825-x1","geometry":{"type":"LineString","coordinates":[[80.084927,13.020442],[80.085057,13.020084]]},"properties":{"candidate_id":"30128825-x1","osm_way_id":30128825,"name":"Malyambakkam Harijan Colony Road","highway":"tertiary","structure":"culvert","reasons":["waterway_crossing"],"length_m":3303,"tags":{"name":"Malyambakkam Harijan Colony Road","ref":"O3542","highway":"tertiary"},"crossing":"canal#1151629362"}},{"type":"Feature","id":"30128825-x2","geometry":{"type":"LineString","coordinates":[[80.086462,13.018222],[80.08656,13.018121]]},"properties":{"candidate_id":"30128825-x2","osm_way_id":30128825,"name":"Malyambakkam Harijan Colony Road","highway":"tertiary","structure":"culvert","reasons":["waterway_crossing"],"length_m":3303,"tags":{"name":"Malyambakkam Harijan Colony Road","ref":"O3542","highway":"tertiary"},"crossing":"drain:Chembarambakkam Irrigation canal#1151629364"}},{"type":"Feature","id":"30128825-x3","geometry":{"type":"LineString","coordinates":[[80.086841,13.018003],[80.087004,13.01796]]},"properties":{"candidate_id":"30128825-x3","osm_way_id":30128825,"name":"Malyambakkam Harijan Colony Road","highway":"tertiary","structure":"dip","reasons":["waterway_crossing"],"length_m":3303,"tags":{"name":"Malyambakkam Harijan Colony Road","ref":"O3542","highway":"tertiary"},"crossing":"ditch:Chembarambakkam irrigation canal#383742981"}},{"type":"Feature","id":"30128825-x4","geometry":{"type":"LineString","coordinates":[[80.088428,13.009136],[80.088306,13.0085]]},"properties":{"candidate_id":"30128825-x4","osm_way_id":30128825,"name":"Malyambakkam Harijan Colony Road","highway":"tertiary","structure":"culvert","reasons":["waterway_crossing"],"length_m":3303,"tags":{"name":"Malyambakkam Harijan Colony Road","ref":"O3542","highway":"tertiary"},"crossing":"stream:Chembarampakkam water for irrigation#1151629366"}},{"type":"Feature","id":"30247643-x1","geometry":{"type":"LineString","coordinates":[[80.254631,13.0912],[80.254194,13.09121]]},"properties":{"candidate_id":"30247643-x1","osm_way_id":30247643,"name":"Pudu Manickam Naigar Street","highway":"residential","structure":"dip","reasons":["waterway_crossing"],"length_m":272,"tags":{"name":"Pudu Manickam Naigar Street","highway":"residential"},"crossing":"drain#30981164"}},{"type":"Feature","id":"30437886-x1","geometry":{"type":"LineString","coordinates":[[80.241047,13.028794],[80.240744,13.028871]]},"properties":{"candidate_id":"30437886-x1","osm_way_id":30437886,"name":"Nandanam Main Road","highway":"tertiary","structure":"culvert","reasons":["waterway_crossing"],"length_m":594,"tags":{"name":"Nandanam Main Road","highway":"tertiary","oneway":"yes","surface":"paved"},"crossing":"drain#1229272624"}},{"type":"Feature","id":"30604291-x1","geometry":{"type":"LineString","coordinates":[[80.223187,12.974891],[80.223178,12.975154]]},"properties":{"candidate_id":"30604291-x1","osm_way_id":30604291,"name":"","highway":"residential","structure":"dip","reasons":["waterway_crossing"],"length_m":29,"tags":{"highway":"residential"},"crossing":"drain#384187223"}},{"type":"Feature","id":"30604301-x1","geometry":{"type":"LineString","coordinates":[[80.218075,12.981072],[80.217951,12.981451]]},"properties":{"candidate_id":"30604301-x1","osm_way_id":30604301,"name":"Velachery Bypass Road","highway":"primary","structure":"culvert","reasons":["waterway_crossing"],"length_m":831,"tags":{"name":"Velachery Bypass Road","ref":"SH48C","highway":"primary","oneway":"yes","surface":"asphalt","lanes":"2"},"crossing":"canal:drain path#103716694"}},{"type":"Feature","id":"30604301-x2","geometry":{"type":"LineString","coordinates":[[80.218131,12.98694],[80.218223,12.987462]]},"properties":{"candidate_id":"30604301-x2","osm_way_id":30604301,"name":"Velachery Bypass Road","highway":"primary","structure":"dip","reasons":["waterway_crossing"],"length_m":831,"tags":{"name":"Velachery Bypass Road","ref":"SH48C","highway":"primary","oneway":"yes","surface":"asphalt","lanes":"2"},"crossing":"drain#102550213"}},{"type":"Feature","id":"30606826","geometry":{"type":"LineString","coordinates":[[80.214293,12.991038],[80.214261,12.990988]]},"properties":{"candidate_id":"30606826","osm_way_id":30606826,"name":"","highway":"residential","structure":"low_bridge","reasons":["bridge_over_water"],"length_m":6,"tags":{"highway":"residential","bridge":"yes","layer":"1"}}},{"type":"Feature","id":"30609728-x1","geometry":{"type":"LineString","coordinates":[[80.247971,12.980816],[80.247261,12.980874]]},"properties":{"candidate_id":"30609728-x1","osm_way_id":30609728,"name":"Taramani Link Road","highway":"primary","structure":"underpass","reasons":["under_rail_bridge"],"length_m":840,"tags":{"name":"Taramani Link Road","ref":"SH48B","highway":"primary","oneway":"yes"},"crossing":"railway#59909721"}},{"type":"Feature","id":"30609728-x2","geometry":{"type":"LineString","coordinates":[[80.247971,12.980816],[80.247261,12.980874]]},"properties":{"candidate_id":"30609728-x2","osm_way_id":30609728,"name":"Taramani Link Road","highway":"primary","structure":"underpass","reasons":["under_rail_bridge"],"length_m":840,"tags":{"name":"Taramani Link Road","ref":"SH48B","highway":"primary","oneway":"yes"},"crossing":"railway#235920568"}},{"type":"Feature","id":"30742142","geometry":{"type":"LineString","coordinates":[[80.190281,13.074935],[80.190601,13.074562]]},"properties":{"candidate_id":"30742142","osm_way_id":30742142,"name":"Padikuppam Causeway","highway":"residential","structure":"low_bridge","reasons":["bridge_over_water"],"length_m":54,"tags":{"name":"Padikuppam Causeway","highway":"residential","bridge":"yes","layer":"1"}}},{"type":"Feature","id":"30851278","geometry":{"type":"LineString","coordinates":[[80.22238,13.074156],[80.221834,13.074199]]},"properties":{"candidate_id":"30851278","osm_way_id":30851278,"name":"EVR Periyar Salai","highway":"primary","structure":"low_bridge","reasons":["bridge_over_water"],"length_m":59,"tags":{"name":"EVR Periyar Salai","ref":"SHU86","highway":"primary","bridge":"yes","layer":"1","oneway":"yes","lanes":"2"}}},{"type":"Feature","id":"30852838-x1","geometry":{"type":"LineString","coordinates":[[80.231337,13.08825],[80.231392,13.088426]]},"properties":{"candidate_id":"30852838-x1","osm_way_id":30852838,"name":"Palli Arasan street","highway":"residential","structure":"dip","reasons":["waterway_crossing"],"length_m":184,"tags":{"name":"Palli Arasan street","highway":"residential","surface":"asphalt"},"crossing":"drain#217926518"}},{"type":"Feature","id":"30970591","geometry":{"type":"LineString","coordinates":[[80.231825,13.068656],[80.231689,13.067832]]},"properties":{"candidate_id":"30970591","osm_way_id":30970591,"name":"Choolaimedu Bridge","highway":"tertiary","structure":"low_bridge","reasons":["bridge_over_water"],"length_m":92,"tags":{"name":"Choolaimedu Bridge","highway":"tertiary","bridge":"yes","layer":"1","oneway":"yes"}}},{"type":"Feature","id":"30977345-x1","geometry":{"type":"LineString","coordinates":[[80.256,13.092611],[80.256093,13.092519]]},"properties":{"candidate_id":"30977345-x1","osm_way_id":30977345,"name":"Errand Street","highway":"residential","structure":"dip","reasons":["waterway_crossing"],"length_m":274,"tags":{"name":"Errand Street","highway":"residential"},"crossing":"drain#30981164"}},{"type":"Feature","id":"30977348-x1","geometry":{"type":"LineString","coordinates":[[80.255648,13.092308],[80.255478,13.092918]]},"properties":{"candidate_id":"30977348-x1","osm_way_id":30977348,"name":"Chinnathambi Street","highway":"residential","structure":"dip","reasons":["waterway_crossing"],"length_m":490,"tags":{"name":"Chinnathambi Street","highway":"residential"},"crossing":"drain#30981164"}},{"type":"Feature","id":"30981165-x1","geometry":{"type":"LineString","coordinates":[[80.262793,13.094608],[80.261689,13.094533]]},"properties":{"candidate_id":"30981165-x1","osm_way_id":30981165,"name":"KM Garden Street","highway":"residential","structure":"dip","reasons":["waterway_crossing"],"length_m":284,"tags":{"name":"KM Garden Street","highway":"residential"},"crossing":"drain#30981164"}},{"type":"Feature","id":"31011617-x1","geometry":{"type":"LineString","coordinates":[[80.257572,13.247939],[80.257529,13.247571]]},"properties":{"candidate_id":"31011617-x1","osm_way_id":31011617,"name":"","highway":"track","structure":"dip","reasons":["waterway_crossing"],"length_m":235,"tags":{"highway":"track","ford":"yes"},"crossing":"river:Kortallaiyar River#133599488"}},{"type":"Feature","id":"31011632-x1","geometry":{"type":"LineString","coordinates":[[80.271776,13.230127],[80.272143,13.23005]]},"properties":{"candidate_id":"31011632-x1","osm_way_id":31011632,"name":"","highway":"track","structure":"dip","reasons":["waterway_crossing"],"length_m":297,"tags":{"highway":"track"},"crossing":"river:Kortallaiyar River#133599488"}},{"type":"Feature","id":"31020449-x1","geometry":{"type":"LineString","coordinates":[[80.251464,13.16646],[80.252143,13.166113]]},"properties":{"candidate_id":"31020449-x1","osm_way_id":31020449,"name":"Kamarajar Salai","highway":"secondary","structure":"culvert","reasons":["waterway_crossing"],"length_m":5304,"tags":{"name":"Kamarajar Salai","ref":"MDR1018","highway":"secondary"},"crossing":"drain#1201028112"}},{"type":"Feature","id":"31241503","geometry":{"type":"LineString","coordinates":[[80.120802,12.985409],[80.119341,12.986419]]},"properties":{"candidate_id":"31241503","osm_way_id":31241503,"name":"Poonamallee - Kundrathur - Pallavaram Road","highway":"primary","structure":"low_bridge","reasons":["bridge_over_water"],"length_m":194,"tags":{"name":"Poonamallee - Kundrathur - Pallavaram Road","ref":"SH113A","highway":"primary","bridge":"yes","layer":"1"}}},{"type":"Feature","id":"31242168-x1","geometry":{"type":"LineString","coordinates":[[80.127409,13.006548],[80.127394,13.005463]]},"properties":{"candidate_id":"31242168-x1","osm_way_id":31242168,"name":"Chennai Bypass Expressway","highway":"trunk","structure":"culvert","reasons":["waterway_crossing"],"length_m":1655,"tags":{"name":"Chennai Bypass Expressway","highway":"trunk","oneway":"yes","surface":"asphalt","lanes":"3"},"crossing":"drain#1255150780"}},{"type":"Feature","id":"31242169-x1","geometry":{"type":"LineString","coordinates":[[80.13064,13.015714],[80.131514,13.016379]]},"properties":{"candidate_id":"31242169-x1","osm_way_id":31242169,"name":"Chennai Bypass Expressway","highway":"trunk","structure":"dip","reasons":["waterway_crossing"],"length_m":1348,"tags":{"name":"Chennai Bypass Expressway","highway":"trunk","oneway":"yes","surface":"asphalt","lanes":"3"},"crossing":"canal:Chembarambakkam irrigation canal#837068336"}},{"type":"Feature","id":"31243202","geometry":{"type":"LineString","coordinates":[[80.096818,12.998862],[80.094593,12.998978],[80.094385,12.998982]]},"properties":{"candidate_id":"31243202","osm_way_id":31243202,"name":"Small Street","highway":"residential","structure":"underpass","reasons":["layer<0"],"length_m":264,"tags":{"name":"Small Street","highway":"residential","layer":"-1"}}},{"type":"Feature","id":"31243205-x1","geometry":{"type":"LineString","coordinates":[[80.091109,13.004749],[80.090994,13.004354]]},"properties":{"candidate_id":"31243205-x1","osm_way_id":31243205,"name":"Ponniamman Koil Street","highway":"residential","structure":"culvert","reasons":["waterway_crossing"],"length_m":866,"tags":{"name":"Ponniamman Koil Street","highway":"residential"},"crossing":"stream#836320336"}},{"type":"Feature","id":"31243205-x2","geometry":{"type":"LineString","coordinates":[[80.091448,13.002733],[80.091781,13.002163]]},"properties":{"candidate_id":"31243205-x2","osm_way_id":31243205,"name":"Ponniamman Koil Street","highway":"residential","structure":"culvert","reasons":["waterway_crossing"],"length_m":866,"tags":{"name":"Ponniamman Koil Street","highway":"residential"},"crossing":"drain#836326670"}},{"type":"Feature","id":"31243211-x1","geometry":{"type":"LineString","coordinates":[[80.089927,13.001085],[80.089862,13.001108]]},"properties":{"candidate_id":"31243211-x1","osm_way_id":31243211,"name":"Gangai Amman Koil Street","highway":"residential","structure":"culvert","reasons":["waterway_crossing"],"length_m":348,"tags":{"name":"Gangai Amman Koil Street","highway":"residential"},"crossing":"drain#836320338"}},{"type":"Feature","id":"31897157","geometry":{"type":"LineString","coordinates":[[80.280742,13.064391],[80.281008,13.064399]]},"properties":{"candidate_id":"31897157","osm_way_id":31897157,"name":"","highway":"secondary","structure":"low_bridge","reasons":["bridge_over_water"],"length_m":29,"tags":{"highway":"secondary","bridge":"yes","layer":"1","oneway":"yes"}}},{"type":"Feature","id":"31956734","geometry":{"type":"LineString","coordinates":[[80.199335,13.061317],[80.199413,13.061151]]},"properties":{"candidate_id":"31956734","osm_way_id":31956734,"name":"Krishna Street","highway":"residential","structure":"low_bridge","reasons":["bridge_over_water"],"length_m":20,"tags":{"name":"Krishna Street","highway":"residential","bridge":"yes","layer":"1"}}},{"type":"Feature","id":"31959760","geometry":{"type":"LineString","coordinates":[[80.260228,13.027053],[80.260283,13.027039]]},"properties":{"candidate_id":"31959760","osm_way_id":31959760,"name":"RA Puram 2nd Main Road","highway":"secondary","structure":"none","reasons":["tunnel=building_passage"],"length_m":6,"tags":{"name":"RA Puram 2nd Main Road","highway":"secondary","tunnel":"building_passage"}}},{"type":"Feature","id":"32015994-x1","geometry":{"type":"LineString","coordinates":[[80.091545,13.218513],[80.091319,13.218797]]},"properties":{"candidate_id":"32015994-x1","osm_way_id":32015994,"name":"","highway":"tertiary","structure":"culvert","reasons":["waterway_crossing"],"length_m":1911,"tags":{"highway":"tertiary"},"crossing":"canal#1191352300"}},{"type":"Feature","id":"32142576","geometry":{"type":"LineString","coordinates":[[80.242748,13.067864],[80.242544,13.068569]]},"properties":{"candidate_id":"32142576","osm_way_id":32142576,"name":"Munro Bridge","highway":"primary","structure":"low_bridge","reasons":["bridge_over_water"],"length_m":81,"tags":{"name":"Munro Bridge","highway":"primary","bridge":"yes","layer":"1","oneway":"yes"}}},{"type":"Feature","id":"32142586","geometry":{"type":"LineString","coordinates":[[80.242629,13.06859],[80.242825,13.067884]]},"properties":{"candidate_id":"32142586","osm_way_id":32142586,"name":"Munro Bridge","highway":"primary","structure":"low_bridge","reasons":["bridge_over_water"],"length_m":81,"tags":{"name":"Munro Bridge","highway":"primary","bridge":"yes","layer":"1","oneway":"yes"}}},{"type":"Feature","id":"32424222","geometry":{"type":"LineString","coordinates":[[80.20707,13.025657],[80.20713,13.025795],[80.207191,13.02593],[80.207261,13.026062],[80.207378,13.026269],[80.207477,13.026442],[80.208168,13.027602],[80.208283,13.027796],[80.208347,13.027918],[80.208403,13.02804],[80.208457,13.02821],[80.208579,13.02864]]},"properties":{"candidate_id":"32424222","osm_way_id":32424222,"name":"Jafferkhanpet Bridge","highway":"primary","structure":"low_bridge","reasons":["bridge_over_water"],"length_m":370,"tags":{"name":"Jafferkhanpet Bridge","ref":"SH2","highway":"primary","bridge":"yes","layer":"1","oneway":"yes","surface":"asphalt"}}},{"type":"Feature","id":"32427417","geometry":{"type":"LineString","coordinates":[[80.186581,13.0186],[80.185838,13.019861]]},"properties":{"candidate_id":"32427417","osm_way_id":32427417,"name":"Mount - Poonamallee - Avadi Road","highway":"primary","structure":"low_bridge","reasons":["bridge_over_water"],"length_m":161,"tags":{"name":"Mount - Poonamallee - Avadi Road","ref":"SH55","highway":"primary","bridge":"yes","layer":"1","oneway":"yes","surface":"asphalt","lanes":"2"}}},{"type":"Feature","id":"32427418","geometry":{"type":"LineString","coordinates":[[80.185977,13.019918],[80.186702,13.018681]]},"properties":{"candidate_id":"32427418","osm_way_id":32427418,"name":"Mount - Poonamallee - Avadi Road","highway":"primary","structure":"low_bridge","reasons":["bridge_over_water"],"length_m":158,"tags":{"name":"Mount - Poonamallee - Avadi Road","ref":"SH55","highway":"primary","bridge":"yes","layer":"1","oneway":"yes","surface":"asphalt","lanes":"2"}}},{"type":"Feature","id":"32427461-x1","geometry":{"type":"LineString","coordinates":[[80.185996,13.02292],[80.186222,13.02357]]},"properties":{"candidate_id":"32427461-x1","osm_way_id":32427461,"name":"Miot International Hospital road","highway":"service","structure":"culvert","reasons":["waterway_crossing"],"length_m":302,"tags":{"name":"Miot International Hospital road","highway":"service","oneway":"yes"},"crossing":"drain#1123838348"}},{"type":"Feature","id":"32427668","geometry":{"type":"LineString","coordinates":[[80.208666,13.028642],[80.208545,13.028224],[80.20847,13.028003],[80.208432,13.027907],[80.208352,13.027748],[80.208245,13.02756],[80.207533,13.026379],[80.207416,13.02618],[80.207344,13.026048],[80.207273,13.025906],[80.207207,13.025769],[80.207122,13.025575]]},"properties":{"candidate_id":"32427668","osm_way_id":32427668,"name":"Jafferkhanpet Bridge","highway":"primary","structure":"low_bridge","reasons":["bridge_over_water"],"length_m":380,"tags":{"name":"Jafferkhanpet Bridge","ref":"SH2","highway":"primary","bridge":"yes","layer":"1","oneway":"yes","surface":"asphalt"}}},{"type":"Feature","id":"32520563-x1","geometry":{"type":"LineString","coordinates":[[80.199212,13.120162],[80.199251,13.120247]]},"properties":{"candidate_id":"32520563-x1","osm_way_id":32520563,"name":"Jawaharlal Nehru Road (100 Feet Road)","highway":"primary","structure":"culvert","reasons":["waterway_crossing"],"length_m":1724,"tags":{"name":"Jawaharlal Nehru Road (100 Feet Road)","ref":"SH2","highway":"primary","oneway":"yes","surface":"asphalt","lanes":"5"},"crossing":"drain#1282455640"}},{"type":"Feature","id":"32543791","geometry":{"type":"LineString","coordinates":[[80.218711,13.018308],[80.218268,13.017846],[80.218173,13.017748],[80.218107,13.017685],[80.218048,13.017637],[80.217988,13.017593],[80.216957,13.016907],[80.216703,13.016762]]},"properties":{"candidate_id":"32543791","osm_way_id":32543791,"name":"Abraham Bridge","highway":"secondary","structure":"low_bridge","reasons":["bridge_over_water"],"length_m":278,"tags":{"name":"Abraham Bridge","highway":"secondary","bridge":"yes","layer":"1"}}},{"type":"Feature","id":"32613670-x1","geometry":{"type":"LineString","coordinates":[[80.200719,13.032048],[80.200723,13.031777]]},"properties":{"candidate_id":"32613670-x1","osm_way_id":32613670,"name":"K Karunanidhi Road","highway":"tertiary","structure":"dip","reasons":["waterway_crossing"],"length_m":546,"tags":{"name":"K Karunanidhi Road","highway":"tertiary"},"crossing":"canal:Maruthur Gopalan Ramachandran Nagar Canal#25460321"}},{"type":"Feature","id":"32724324-x1","geometry":{"type":"LineString","coordinates":[[80.148836,12.977843],[80.148713,12.977832]]},"properties":{"candidate_id":"32724324-x1","osm_way_id":32724324,"name":"","highway":"residential","structure":"culvert","reasons":["waterway_crossing"],"length_m":616,"tags":{"highway":"residential"},"crossing":"drain#1147391893"}},{"type":"Feature","id":"32801767-x1","geometry":{"type":"LineString","coordinates":[[80.209313,13.016644],[80.209288,13.016951]]},"properties":{"candidate_id":"32801767-x1","osm_way_id":32801767,"name":"","highway":"tertiary","structure":"dip","reasons":["waterway_crossing"],"length_m":199,"tags":{"highway":"tertiary"},"crossing":"stream#32742657"}},{"type":"Feature","id":"33276954","geometry":{"type":"LineString","coordinates":[[80.243068,13.024221],[80.243954,13.026783]]},"properties":{"candidate_id":"33276954","osm_way_id":33276954,"name":"Kotturpuram Bridge","highway":"secondary","structure":"low_bridge","reasons":["bridge_over_water"],"length_m":299,"tags":{"name":"Kotturpuram Bridge","highway":"secondary","bridge":"yes","layer":"1","oneway":"yes"}}},{"type":"Feature","id":"33631856-x1","geometry":{"type":"LineString","coordinates":[[80.125506,13.049083],[80.125414,13.049001]]},"properties":{"candidate_id":"33631856-x1","osm_way_id":33631856,"name":"","highway":"residential","structure":"dip","reasons":["waterway_crossing"],"length_m":330,"tags":{"highway":"residential"},"crossing":"drain#102575799"}},{"type":"Feature","id":"33876055","geometry":{"type":"LineString","coordinates":[[80.219173,13.068182],[80.219156,13.068064]]},"properties":{"candidate_id":"33876055","osm_way_id":33876055,"name":"","highway":"residential","structure":"low_bridge","reasons":["bridge_over_water"],"length_m":13,"tags":{"highway":"residential","bridge":"yes","layer":"1"}}},{"type":"Feature","id":"33876622","geometry":{"type":"LineString","coordinates":[[80.218198,13.066037],[80.21799,13.066036]]},"properties":{"candidate_id":"33876622","osm_way_id":33876622,"name":"","highway":"residential","structure":"low_bridge","reasons":["bridge_over_water"],"length_m":23,"tags":{"highway":"residential","bridge":"yes","layer":"1"}}},{"type":"Feature","id":"33876623","geometry":{"type":"LineString","coordinates":[[80.217087,13.066537],[80.217279,13.06652]]},"properties":{"candidate_id":"33876623","osm_way_id":33876623,"name":"","highway":"residential","structure":"low_bridge","reasons":["bridge_over_water"],"length_m":21,"tags":{"highway":"residential","bridge":"yes","layer":"1"}}},{"type":"Feature","id":"33876629","geometry":{"type":"LineString","coordinates":[[80.218216,13.068005],[80.217991,13.068]]},"properties":{"candidate_id":"33876629","osm_way_id":33876629,"name":"","highway":"residential","structure":"low_bridge","reasons":["bridge_over_water"],"length_m":24,"tags":{"highway":"residential","bridge":"yes","layer":"1"}}},{"type":"Feature","id":"33876631","geometry":{"type":"LineString","coordinates":[[80.220019,13.068102],[80.219989,13.067959]]},"properties":{"candidate_id":"33876631","osm_way_id":33876631,"name":"","highway":"residential","structure":"low_bridge","reasons":["bridge_over_water"],"length_m":16,"tags":{"highway":"residential","bridge":"yes","layer":"1"}}},{"type":"Feature","id":"33876634","geometry":{"type":"LineString","coordinates":[[80.220351,13.068492],[80.22056,13.068457]]},"properties":{"candidate_id":"33876634","osm_way_id":33876634,"name":"Collectorate Colony 6th Cross Street","highway":"residential","structure":"low_bridge","reasons":["bridge_over_water"],"length_m":23,"tags":{"name":"Collectorate Colony 6th Cross Street","highway":"residential","bridge":"yes","layer":"1"}}},{"type":"Feature","id":"33876635","geometry":{"type":"LineString","coordinates":[[80.222072,13.06791],[80.222151,13.068115]]},"properties":{"candidate_id":"33876635","osm_way_id":33876635,"name":"","highway":"residential","structure":"low_bridge","reasons":["bridge_over_water"],"length_m":24,"tags":{"highway":"residential","bridge":"yes","layer":"1"}}},{"type":"Feature","id":"33876639","geometry":{"type":"LineString","coordinates":[[80.223259,13.067786],[80.223207,13.067589]]},"properties":{"candidate_id":"33876639","osm_way_id":33876639,"name":"Anna High Road","highway":"residential","structure":"low_bridge","reasons":["bridge_over_water"],"length_m":22,"tags":{"name":"Anna High Road","highway":"residential","bridge":"yes","layer":"1"}}},{"type":"Feature","id":"33876641","geometry":{"type":"LineString","coordinates":[[80.224231,13.067422],[80.224202,13.067348]]},"properties":{"candidate_id":"33876641","osm_way_id":33876641,"name":"","highway":"residential","structure":"low_bridge","reasons":["bridge_over_water"],"length_m":9,"tags":{"highway":"residential","bridge":"yes","layer":"1"}}},{"type":"Feature","id":"33876643","geometry":{"type":"LineString","coordinates":[[80.225685,13.067174],[80.22561,13.06697]]},"properties":{"candidate_id":"33876643","osm_way_id":33876643,"name":"Vada Agaram Road","highway":"tertiary","structure":"low_bridge","reasons":["bridge_over_water"],"length_m":24,"tags":{"name":"Vada Agaram Road","highway":"tertiary","bridge":"yes","layer":"1"}}},{"type":"Feature","id":"33876646","geometry":{"type":"LineString","coordinates":[[80.227059,13.065381],[80.22674,13.065449]]},"properties":{"candidate_id":"33876646","osm_way_id":33876646,"name":"","highway":"residential","structure":"low_bridge","reasons":["bridge_over_water"],"length_m":35,"tags":{"highway":"residential","bridge":"yes","layer":"1"}}},{"type":"Feature","id":"33876648","geometry":{"type":"LineString","coordinates":[[80.227213,13.065845],[80.226933,13.065955]]},"properties":{"candidate_id":"33876648","osm_way_id":33876648,"name":"Thiruvenkata Puram 1st Street","highway":"residential","structure":"low_bridge","reasons":["bridge_over_water"],"length_m":33,"tags":{"name":"Thiruvenkata Puram 1st Street","highway":"residential","bridge":"yes","layer":"1"}}},{"type":"Feature","id":"33876649","geometry":{"type":"LineString","coordinates":[[80.227269,13.06628],[80.226997,13.066376]]},"properties":{"candidate_id":"33876649","osm_way_id":33876649,"name":"","highway":"residential","structure":"low_bridge","reasons":["bridge_over_water"],"length_m":31,"tags":{"highway":"residential","bridge":"yes","layer":"1"}}},{"type":"Feature","id":"33876651","geometry":{"type":"LineString","coordinates":[[80.227373,13.066688],[80.227139,13.066777]]},"properties":{"candidate_id":"33876651","osm_way_id":33876651,"name":"","highway":"residential","structure":"low_bridge","reasons":["bridge_over_water"],"length_m":27,"tags":{"highway":"residential","bridge":"yes","layer":"1"}}},{"type":"Feature","id":"33876661","geometry":{"type":"LineString","coordinates":[[80.226285,13.060883],[80.226553,13.060837]]},"properties":{"candidate_id":"33876661","osm_way_id":33876661,"name":"","highway":"residential","structure":"low_bridge","reasons":["bridge_over_water"],"length_m":30,"tags":{"highway":"residential","bridge":"yes","layer":"1"}}},{"type":"Feature","id":"33876669","geometry":{"type":"LineString","coordinates":[[80.226197,13.058717],[80.226038,13.058712]]},"properties":{"candidate_id":"33876669","osm_way_id":33876669,"name":"Vanniyar Street","highway":"tertiary","structure":"low_bridge","reasons":["bridge_over_water"],"length_m":17,"tags":{"name":"Vanniyar Street","highway":"tertiary","bridge":"yes","layer":"1"}}},{"type":"Feature","id":"33876672","geometry":{"type":"LineString","coordinates":[[80.226433,13.057826],[80.226302,13.057827]]},"properties":{"candidate_id":"33876672","osm_way_id":33876672,"name":"3rd Cross Street","highway":"residential","structure":"low_bridge","reasons":["bridge_over_water"],"length_m":14,"tags":{"name":"3rd Cross Street","highway":"residential","bridge":"yes","layer":"1"}}},{"type":"Feature","id":"33876673","geometry":{"type":"LineString","coordinates":[[80.226438,13.05814],[80.226274,13.058139]]},"properties":{"candidate_id":"33876673","osm_way_id":33876673,"name":"","highway":"residential","structure":"low_bridge","reasons":["bridge_over_water"],"length_m":18,"tags":{"highway":"residential","bridge":"yes","layer":"1"}}},{"type":"Feature","id":"33876674","geometry":{"type":"LineString","coordinates":[[80.226317,13.05639],[80.226092,13.056413]]},"properties":{"candidate_id":"33876674","osm_way_id":33876674,"name":"","highway":"residential","structure":"low_bridge","reasons":["bridge_over_water"],"length_m":25,"tags":{"highway":"residential","bridge":"yes","layer":"1"}}},{"type":"Feature","id":"34618003","geometry":{"type":"LineString","coordinates":[[80.10869,13.083809],[80.108656,13.085033]]},"properties":{"candidate_id":"34618003","osm_way_id":34618003,"name":"Mount - Poonamallee - Avadi Road","highway":"primary","structure":"low_bridge","reasons":["bridge_over_water"],"length_m":135,"tags":{"name":"Mount - Poonamallee - Avadi Road","ref":"SH55","highway":"primary","bridge":"yes","layer":"1","oneway":"yes"}}},{"type":"Feature","id":"34622008-x1","geometry":{"type":"LineString","coordinates":[[80.201622,13.128819],[80.200898,13.128993]]},"properties":{"candidate_id":"34622008-x1","osm_way_id":34622008,"name":"Santhosh Nagar 5th Street","highway":"residential","structure":"dip","reasons":["waterway_crossing"],"length_m":329,"tags":{"name":"Santhosh Nagar 5th Street","highway":"residential","surface":"asphalt"},"crossing":"drain#1289814513"}},{"type":"Feature","id":"34622008-x2","geometry":{"type":"LineString","coordinates":[[80.201622,13.128819],[80.200898,13.128993]]},"properties":{"candidate_id":"34622008-x2","osm_way_id":34622008,"name":"Santhosh Nagar 5th Street","highway":"residential","structure":"dip","reasons":["waterway_crossing"],"length_m":329,"tags":{"name":"Santhosh Nagar 5th Street","highway":"residential","surface":"asphalt"},"crossing":"drain#1290230925"}},{"type":"Feature","id":"34622008-x3","geometry":{"type":"LineString","coordinates":[[80.200396,13.12932],[80.200008,13.129416]]},"properties":{"candidate_id":"34622008-x3","osm_way_id":34622008,"name":"Santhosh Nagar 5th Street","highway":"residential","structure":"dip","reasons":["waterway_crossing"],"length_m":329,"tags":{"name":"Santhosh Nagar 5th Street","highway":"residential","surface":"asphalt"},"crossing":"drain#1096754048"}},{"type":"Feature","id":"34622008-x4","geometry":{"type":"LineString","coordinates":[[80.200008,13.129416],[80.198967,13.129779]]},"properties":{"candidate_id":"34622008-x4","osm_way_id":34622008,"name":"Santhosh Nagar 5th Street","highway":"residential","structure":"dip","reasons":["waterway_crossing"],"length_m":329,"tags":{"name":"Santhosh Nagar 5th Street","highway":"residential","surface":"asphalt"},"crossing":"drain#1290230927"}},{"type":"Feature","id":"34622026-x1","geometry":{"type":"LineString","coordinates":[[80.202258,13.129972],[80.20233,13.130378]]},"properties":{"candidate_id":"34622026-x1","osm_way_id":34622026,"name":"","highway":"secondary","structure":"dip","reasons":["waterway_crossing"],"length_m":260,"tags":{"highway":"secondary"},"crossing":"drain#1089712389"}},{"type":"Feature","id":"34690168-x1","geometry":{"type":"LineString","coordinates":[[80.212319,13.025284],[80.212325,13.025076]]},"properties":{"candidate_id":"34690168-x1","osm_way_id":34690168,"name":"Gangai Amman Koil Street","highway":"tertiary","structure":"culvert","reasons":["waterway_crossing"],"length_m":337,"tags":{"name":"Gangai Amman Koil Street","ref":"Gangai Amman Koil Street","highway":"tertiary"},"crossing":"canal:Jafferkhanpet Canal#1225579229"}},{"type":"Feature","id":"34828498","geometry":{"type":"LineString","coordinates":[[80.26434,13.033205],[80.264182,13.033368]]},"properties":{"candidate_id":"34828498","osm_way_id":34828498,"name":"Venkatesa Agraharam Road","highway":"tertiary","structure":"low_bridge","reasons":["bridge_over_water"],"length_m":25,"tags":{"name":"Venkatesa Agraharam Road","highway":"tertiary","bridge":"yes","layer":"1","surface":"paved"}}},{"type":"Feature","id":"47800425-x1","geometry":{"type":"LineString","coordinates":[[80.131292,13.016377],[80.130413,13.015718]]},"properties":{"candidate_id":"47800425-x1","osm_way_id":47800425,"name":"","highway":"tertiary","structure":"dip","reasons":["waterway_crossing"],"length_m":375,"tags":{"highway":"tertiary"},"crossing":"canal:Chembarambakkam irrigation canal#837068336"}},{"type":"Feature","id":"47800435-x1","geometry":{"type":"LineString","coordinates":[[80.140194,13.023658],[80.141049,13.024349]]},"properties":{"candidate_id":"47800435-x1","osm_way_id":47800435,"name":"Chennai Bypass Expressway","highway":"trunk","structure":"dip","reasons":["waterway_crossing"],"length_m":1806,"tags":{"name":"Chennai Bypass Expressway","highway":"trunk","oneway":"yes","surface":"asphalt","lanes":"3"},"crossing":"drain:Thanthi Channel#837068308"}},{"type":"Feature","id":"47800437-x1","geometry":{"type":"LineString","coordinates":[[80.131747,13.016379],[80.130872,13.015714]]},"properties":{"candidate_id":"47800437-x1","osm_way_id":47800437,"name":"Chennai Bypass Expressway","highway":"trunk","structure":"dip","reasons":["waterway_crossing"],"length_m":1345,"tags":{"name":"Chennai Bypass Expressway","highway":"trunk","oneway":"yes","surface":"asphalt","lanes":"3"},"crossing":"canal:Chembarambakkam irrigation canal#837068336"}},{"type":"Feature","id":"47997854-x1","geometry":{"type":"LineString","coordinates":[[80.266169,13.096979],[80.26612,13.09682]]},"properties":{"candidate_id":"47997854-x1","osm_way_id":47997854,"name":"Motilal Nehru Street","highway":"residential","structure":"dip","reasons":["waterway_crossing"],"length_m":199,"tags":{"name":"Motilal Nehru Street","highway":"residential"},"crossing":"drain#30981164"}},{"type":"Feature","id":"48042297-x1","geometry":{"type":"LineString","coordinates":[[80.264853,13.097189],[80.264829,13.097065]]},"properties":{"candidate_id":"48042297-x1","osm_way_id":48042297,"name":"","highway":"living_street","structure":"dip","reasons":["waterway_crossing"],"length_m":201,"tags":{"highway":"living_street"},"crossing":"drain#30981164"}},{"type":"Feature","id":"48042310-x1","geometry":{"type":"LineString","coordinates":[[80.265602,13.097197],[80.265557,13.096974]]},"properties":{"candidate_id":"48042310-x1","osm_way_id":48042310,"name":"Main Road","highway":"residential","structure":"dip","reasons":["waterway_crossing"],"length_m":163,"tags":{"name":"Main Road","highway":"residential"},"crossing":"drain#30981164"}},{"type":"Feature","id":"48042328-x1","geometry":{"type":"LineString","coordinates":[[80.266822,13.09706],[80.266259,13.097221]]},"properties":{"candidate_id":"48042328-x1","osm_way_id":48042328,"name":"","highway":"living_street","structure":"dip","reasons":["waterway_crossing"],"length_m":110,"tags":{"highway":"living_street"},"crossing":"drain#30981164"}},{"type":"Feature","id":"48042332-x1","geometry":{"type":"LineString","coordinates":[[80.266747,13.096807],[80.266169,13.096979]]},"properties":{"candidate_id":"48042332-x1","osm_way_id":48042332,"name":"","highway":"living_street","structure":"dip","reasons":["waterway_crossing"],"length_m":105,"tags":{"highway":"living_street"},"crossing":"drain#30981164"}},{"type":"Feature","id":"48057010-x1","geometry":{"type":"LineString","coordinates":[[80.254631,13.0912],[80.254716,13.091668]]},"properties":{"candidate_id":"48057010-x1","osm_way_id":48057010,"name":"Venkatadri Street","highway":"residential","structure":"dip","reasons":["waterway_crossing"],"length_m":553,"tags":{"name":"Venkatadri Street","highway":"residential"},"crossing":"drain#30981164"}},{"type":"Feature","id":"48115222-x1","geometry":{"type":"LineString","coordinates":[[80.256508,13.09321],[80.25667,13.093275]]},"properties":{"candidate_id":"48115222-x1","osm_way_id":48115222,"name":"Venkatesa Street","highway":"residential","structure":"dip","reasons":["waterway_crossing"],"length_m":335,"tags":{"name":"Venkatesa Street","highway":"residential"},"crossing":"drain#30981164"}},{"type":"Feature","id":"48737655-x1","geometry":{"type":"LineString","coordinates":[[80.246926,13.101632],[80.246891,13.101632]]},"properties":{"candidate_id":"48737655-x1","osm_way_id":48737655,"name":"","highway":"residential","structure":"dip","reasons":["waterway_crossing"],"length_m":419,"tags":{"highway":"residential"},"crossing":"drain:Egankipuram Canal#346285803"}},{"type":"Feature","id":"48738636-x1","geometry":{"type":"LineString","coordinates":[[80.226533,13.092944],[80.226394,13.092797]]},"properties":{"candidate_id":"48738636-x1","osm_way_id":48738636,"name":"","highway":"tertiary","structure":"dip","reasons":["waterway_crossing"],"length_m":849,"tags":{"highway":"tertiary"},"crossing":"drain#240869135"}},{"type":"Feature","id":"48738642-x1","geometry":{"type":"LineString","coordinates":[[80.224421,13.094289],[80.224495,13.094366]]},"properties":{"candidate_id":"48738642-x1","osm_way_id":48738642,"name":"","highway":"residential","structure":"dip","reasons":["waterway_crossing"],"length_m":85,"tags":{"highway":"residential"},"crossing":"drain#240869135"}},{"type":"Feature","id":"48738651-x1","geometry":{"type":"LineString","coordinates":[[80.234593,13.087742],[80.234766,13.087748]]},"properties":{"candidate_id":"48738651-x1","osm_way_id":48738651,"name":"","highway":"residential","structure":"dip","reasons":["waterway_crossing"],"length_m":639,"tags":{"highway":"residential"},"crossing":"drain#217926518"}},{"type":"Feature","id":"48738662-x1","geometry":{"type":"LineString","coordinates":[[80.221513,13.096459],[80.22173,13.096573]]},"properties":{"candidate_id":"48738662-x1","osm_way_id":48738662,"name":"Vellala Street","highway":"tertiary","structure":"dip","reasons":["waterway_crossing"],"length_m":586,"tags":{"name":"Vellala Street","highway":"tertiary"},"crossing":"drain#217926516"}},{"type":"Feature","id":"48741289-x1","geometry":{"type":"LineString","coordinates":[[80.22165,13.097198],[80.222322,13.097062]]},"properties":{"candidate_id":"48741289-x1","osm_way_id":48741289,"name":"","highway":"residential","structure":"dip","reasons":["waterway_crossing"],"length_m":74,"tags":{"highway":"residential"},"crossing":"drain#217926516"}},{"type":"Feature","id":"48741295-x1","geometry":{"type":"LineString","coordinates":[[80.221837,13.098368],[80.222578,13.098216]]},"properties":{"candidate_id":"48741295-x1","osm_way_id":48741295,"name":"","highway":"residential","structure":"dip","reasons":["waterway_crossing"],"length_m":1219,"tags":{"highway":"residential"},"crossing":"drain#217926516"}},{"type":"Feature","id":"48741374-x1","geometry":{"type":"LineString","coordinates":[[80.22707,13.103234],[80.227046,13.102934]]},"properties":{"candidate_id":"48741374-x1","osm_way_id":48741374,"name":"","highway":"residential","structure":"culvert","reasons":["waterway_crossing"],"length_m":356,"tags":{"highway":"residential"},"crossing":"drain:Ainsley Canal#1188575632"}},{"type":"Feature","id":"48753878-x1","geometry":{"type":"LineString","coordinates":[[80.227867,13.091734],[80.227498,13.091412]]},"properties":{"candidate_id":"48753878-x1","osm_way_id":48753878,"name":"","highway":"residential","structure":"dip","reasons":["waterway_crossing"],"length_m":305,"tags":{"highway":"residential"},"crossing":"drain#217926518"}},{"type":"Feature","id":"48756731-x1","geometry":{"type":"LineString","coordinates":[[80.249534,13.097118],[80.249484,13.09757]]},"properties":{"candidate_id":"48756731-x1","osm_way_id":48756731,"name":"","highway":"residential","structure":"culvert","reasons":["waterway_crossing"],"length_m":272,"tags":{"highway":"residential"},"crossing":"drain:Egankipuram Canal#1202685104"}},{"type":"Feature","id":"48756751-x1","geometry":{"type":"LineString","coordinates":[[80.250294,13.097765],[80.250308,13.097003]]},"properties":{"candidate_id":"48756751-x1","osm_way_id":48756751,"name":"","highway":"living_street","structure":"culvert","reasons":["waterway_crossing"],"length_m":165,"tags":{"highway":"living_street"},"crossing":"drain:Egankipuram Canal#1202685100"}},{"type":"Feature","id":"51541652","geometry":{"type":"LineString","coordinates":[[80.224611,13.0253],[80.224099,13.025273]]},"properties":{"candidate_id":"51541652","osm_way_id":51541652,"name":"Jones Subway","highway":"tertiary","structure":"underpass","reasons":["tunnel=yes","layer<0"],"length_m":56,"tags":{"name":"Jones Subway","highway":"tertiary","tunnel":"yes","layer":"-1"}}},{"type":"Feature","id":"52873389-x1","geometry":{"type":"LineString","coordinates":[[80.172426,13.015167],[80.172195,13.015204]]},"properties":{"candidate_id":"52873389-x1","osm_way_id":52873389,"name":"Periyar salai","highway":"residential","structure":"dip","reasons":["waterway_crossing"],"length_m":417,"tags":{"name":"Periyar salai","highway":"residential","surface":"concrete"},"crossing":"drain:Open drain#210934230"}},{"type":"Feature","id":"59294072","geometry":{"type":"LineString","coordinates":[[80.161111,13.064256],[80.161121,13.06295],[80.161141,13.06209],[80.161157,13.060797]]},"properties":{"candidate_id":"59294072","osm_way_id":59294072,"name":"Maduravoyal Interchange","highway":"trunk","structure":"low_bridge","reasons":["bridge_over_water"],"length_m":382,"tags":{"name":"Maduravoyal Interchange","highway":"trunk","bridge":"yes","layer":"1","oneway":"yes","surface":"asphalt","lanes":"3"}}},{"type":"Feature","id":"59909741","geometry":{"type":"LineString","coordinates":[[80.195998,12.983893],[80.195955,12.984108],[80.195945,12.984426],[80.19595,12.985604],[80.195899,12.985926],[80.195844,12.986197],[80.195726,12.986624]]},"properties":{"candidate_id":"59909741","osm_way_id":59909741,"name":"Inner Ring Road (Southern Sector)","highway":"primary","structure":"low_bridge","reasons":["bridge_over_water"],"length_m":305,"tags":{"name":"Inner Ring Road (Southern Sector)","ref":"SH2A","highway":"primary","bridge":"yes","layer":"1","oneway":"yes"}}},{"type":"Feature","id":"84100987-x1","geometry":{"type":"LineString","coordinates":[[80.19545,12.990496],[80.195572,12.990119]]},"properties":{"candidate_id":"84100987-x1","osm_way_id":84100987,"name":"Inner Ring Road (Southern Sector)","highway":"primary","structure":"underpass","reasons":["under_rail_bridge"],"length_m":268,"tags":{"name":"Inner Ring Road (Southern Sector)","ref":"SH2A","highway":"primary","oneway":"yes"},"crossing":"railway#28620048"}},{"type":"Feature","id":"84100987-x2","geometry":{"type":"LineString","coordinates":[[80.19545,12.990496],[80.195572,12.990119]]},"properties":{"candidate_id":"84100987-x2","osm_way_id":84100987,"name":"Inner Ring Road (Southern Sector)","highway":"primary","structure":"underpass","reasons":["under_rail_bridge"],"length_m":268,"tags":{"name":"Inner Ring Road (Southern Sector)","ref":"SH2A","highway":"primary","oneway":"yes"},"crossing":"railway#235921450"}},{"type":"Feature","id":"85857843-x1","geometry":{"type":"LineString","coordinates":[[80.242195,13.030074],[80.241322,13.030452]]},"properties":{"candidate_id":"85857843-x1","osm_way_id":85857843,"name":"Pasumpon Muthuramalingar Thevar Salai (Chamiers Road)","highway":"secondary","structure":"culvert","reasons":["waterway_crossing"],"length_m":650,"tags":{"name":"Pasumpon Muthuramalingar Thevar Salai (Chamiers Road)","highway":"secondary","oneway":"yes","surface":"asphalt","lanes":"2"},"crossing":"drain#1229272626"}},{"type":"Feature","id":"85862576","geometry":{"type":"LineString","coordinates":[[80.244037,13.026755],[80.243143,13.024196]]},"properties":{"candidate_id":"85862576","osm_way_id":85862576,"name":"Kotturpuram Bridge","highway":"secondary","structure":"low_bridge","reasons":["bridge_over_water"],"length_m":299,"tags":{"name":"Kotturpuram Bridge","highway":"secondary","bridge":"yes","layer":"1","oneway":"yes"}}},{"type":"Feature","id":"85863030-x1","geometry":{"type":"LineString","coordinates":[[80.242174,13.029998],[80.241289,13.030375]]},"properties":{"candidate_id":"85863030-x1","osm_way_id":85863030,"name":"Pasumpon Muthuramalingar Thevar Salai (Chamiers Road)","highway":"secondary","structure":"culvert","reasons":["waterway_crossing"],"length_m":629,"tags":{"name":"Pasumpon Muthuramalingar Thevar Salai (Chamiers Road)","highway":"secondary","oneway":"yes","surface":"asphalt","lanes":"2"},"crossing":"drain#1229272626"}},{"type":"Feature","id":"95641751-x1","geometry":{"type":"LineString","coordinates":[[80.252014,12.985198],[80.251739,12.98625]]},"properties":{"candidate_id":"95641751-x1","osm_way_id":95641751,"name":"Rajiv Gandhi IT Expressway","highway":"primary","structure":"underpass","reasons":["under_rail_bridge"],"length_m":506,"tags":{"name":"Rajiv Gandhi IT Expressway","ref":"SH49A","highway":"primary","oneway":"yes","lanes":"3"},"crossing":"railway#59909721"}},{"type":"Feature","id":"95641751-x2","geometry":{"type":"LineString","coordinates":[[80.251951,12.985437],[80.251677,12.986489]]},"properties":{"candidate_id":"95641751-x2","osm_way_id":95641751,"name":"Rajiv Gandhi IT Expressway","highway":"primary","structure":"underpass","reasons":["under_rail_bridge"],"length_m":506,"tags":{"name":"Rajiv Gandhi IT Expressway","ref":"SH49A","highway":"primary","oneway":"yes","lanes":"3"},"crossing":"railway#235920568"}},{"type":"Feature","id":"96936232-x1","geometry":{"type":"LineString","coordinates":[[80.213659,13.149213],[80.213053,13.14972]]},"properties":{"candidate_id":"96936232-x1","osm_way_id":96936232,"name":"Grand Northern Trunk Road","highway":"trunk","structure":"dip","reasons":["waterway_crossing"],"length_m":1367,"tags":{"name":"Grand Northern Trunk Road","ref":"NH16","highway":"trunk","oneway":"yes"},"crossing":"drain#102553767"}},{"type":"Feature","id":"96944712","geometry":{"type":"LineString","coordinates":[[80.138523,13.062616],[80.138431,13.061699]]},"properties":{"candidate_id":"96944712","osm_way_id":96944712,"name":"Thiruverkadu - Ambattur Road","highway":"secondary","structure":"low_bridge","reasons":["bridge_over_water"],"length_m":102,"tags":{"name":"Thiruverkadu - Ambattur Road","ref":"MDR1166","highway":"secondary","bridge":"yes","layer":"1"}}},{"type":"Feature","id":"97000446","geometry":{"type":"LineString","coordinates":[[80.101704,12.912965],[80.101512,12.913027],[80.10135,12.913128]]},"properties":{"candidate_id":"97000446","osm_way_id":97000446,"name":"Chennai Bypass Entry","highway":"trunk_link","structure":"underpass","reasons":["tunnel=yes","layer<0"],"length_m":43,"tags":{"name":"Chennai Bypass Entry","highway":"trunk_link","tunnel":"yes","layer":"-1","oneway":"yes","lanes":"2"}}},{"type":"Feature","id":"97554149-x1","geometry":{"type":"LineString","coordinates":[[80.199537,13.131714],[80.199426,13.131742]]},"properties":{"candidate_id":"97554149-x1","osm_way_id":97554149,"name":"Kadappa Road","highway":"secondary","structure":"dip","reasons":["waterway_crossing"],"length_m":934,"tags":{"name":"Kadappa Road","ref":"O194","highway":"secondary","surface":"asphalt","lanes":"2"},"crossing":"drain#1089517860"}},{"type":"Feature","id":"97554149-x2","geometry":{"type":"LineString","coordinates":[[80.196742,13.132317],[80.196557,13.132349]]},"properties":{"candidate_id":"97554149-x2","osm_way_id":97554149,"name":"Kadappa Road","highway":"secondary","structure":"dip","reasons":["waterway_crossing"],"length_m":934,"tags":{"name":"Kadappa Road","ref":"O194","highway":"secondary","surface":"asphalt","lanes":"2"},"crossing":"drain#1316676520"}},{"type":"Feature","id":"100857266","geometry":{"type":"LineString","coordinates":[[80.22178,13.074379],[80.222409,13.074298]]},"properties":{"candidate_id":"100857266","osm_way_id":100857266,"name":"EVR Periyar Salai","highway":"primary","structure":"low_bridge","reasons":["bridge_over_water"],"length_m":69,"tags":{"name":"EVR Periyar Salai","ref":"SHU86","highway":"primary","bridge":"yes","layer":"1","oneway":"yes","surface":"asphalt","lanes":"2"}}},{"type":"Feature","id":"102030553","geometry":{"type":"LineString","coordinates":[[80.252011,13.076873],[80.252071,13.076189]]},"properties":{"candidate_id":"102030553","osm_way_id":102030553,"name":"Gengu Reddy Subway","highway":"secondary","structure":"underpass","reasons":["tunnel=yes","layer<0"],"length_m":76,"tags":{"name":"Gengu Reddy Subway","highway":"secondary","tunnel":"yes","layer":"-1"}}},{"type":"Feature","id":"102032962","geometry":{"type":"LineString","coordinates":[[80.150721,12.965133],[80.150418,12.965254]]},"properties":{"candidate_id":"102032962","osm_way_id":102032962,"name":"Darga Road","highway":"tertiary","structure":"underpass","reasons":["tunnel=yes","layer<0"],"length_m":36,"tags":{"name":"Darga Road","ref":"O1070","highway":"tertiary","tunnel":"yes","layer":"-1"}}},{"type":"Feature","id":"102454746-x1","geometry":{"type":"LineString","coordinates":[[80.187207,13.138797],[80.188201,13.139275]]},"properties":{"candidate_id":"102454746-x1","osm_way_id":102454746,"name":"Chennai Bypass","highway":"trunk","structure":"culvert","reasons":["waterway_crossing"],"length_m":1036,"tags":{"name":"Chennai Bypass","highway":"trunk","oneway":"yes","surface":"asphalt","lanes":"3"},"crossing":"drain:Underpass#1289631730"}},{"type":"Feature","id":"102457951","geometry":{"type":"LineString","coordinates":[[80.22956,13.02493],[80.229256,13.024686]]},"properties":{"candidate_id":"102457951","osm_way_id":102457951,"name":"Mambalam Canal Bridge","highway":"primary","structure":"low_bridge","reasons":["bridge_over_water"],"length_m":43,"tags":{"name":"Mambalam Canal Bridge","ref":"SHU88","highway":"primary","bridge":"yes","layer":"1","oneway":"yes"}}},{"type":"Feature","id":"102457956","geometry":{"type":"LineString","coordinates":[[80.261093,13.029174],[80.260915,13.029241]]},"properties":{"candidate_id":"102457956","osm_way_id":102457956,"name":"St Mary's Road","highway":"secondary","structure":"low_bridge","reasons":["bridge_over_water"],"length_m":21,"tags":{"name":"St Mary's Road","highway":"secondary","bridge":"yes","layer":"1"}}},{"type":"Feature","id":"102457958","geometry":{"type":"LineString","coordinates":[[80.229122,13.024843],[80.229421,13.025082]]},"properties":{"candidate_id":"102457958","osm_way_id":102457958,"name":"Mambalam Canal Bridge","highway":"primary","structure":"low_bridge","reasons":["bridge_over_water"],"length_m":42,"tags":{"name":"Mambalam Canal Bridge","ref":"SHU88","highway":"primary","bridge":"yes","layer":"1","oneway":"yes"}}},{"type":"Feature","id":"102469908","geometry":{"type":"LineString","coordinates":[[80.195909,12.986686],[80.195976,12.986522],[80.196035,12.986302],[80.196132,12.985976],[80.196172,12.985714],[80.196165,12.984095],[80.196202,12.983921]]},"properties":{"candidate_id":"102469908","osm_way_id":102469908,"name":"Inner Ring Road (Southern Sector)","highway":"primary","structure":"low_bridge","reasons":["bridge_over_water"],"length_m":310,"tags":{"name":"Inner Ring Road (Southern Sector)","ref":"SH2A","highway":"primary","bridge":"yes","layer":"1","oneway":"yes"}}},{"type":"Feature","id":"102469913","geometry":{"type":"LineString","coordinates":[[80.247828,13.00677],[80.248077,13.006765]]},"properties":{"candidate_id":"102469913","osm_way_id":102469913,"name":"Sardar Patel Road","highway":"primary","structure":"low_bridge","reasons":["bridge_over_water"],"length_m":27,"tags":{"name":"Sardar Patel Road","highway":"primary","bridge":"yes","layer":"1","oneway":"yes"}}},{"type":"Feature","id":"102469927","geometry":{"type":"LineString","coordinates":[[80.248046,13.00666],[80.247822,13.006659]]},"properties":{"candidate_id":"102469927","osm_way_id":102469927,"name":"Sardar Patel Road","highway":"primary","structure":"low_bridge","reasons":["bridge_over_water"],"length_m":24,"tags":{"name":"Sardar Patel Road","highway":"primary","bridge":"yes","layer":"1","oneway":"yes"}}},{"type":"Feature","id":"102469934","geometry":{"type":"LineString","coordinates":[[80.2482,13.015263],[80.24857,13.015241]]},"properties":{"candidate_id":"102469934","osm_way_id":102469934,"name":"Canal Bank Road","highway":"tertiary","structure":"low_bridge","reasons":["bridge_over_water"],"length_m":40,"tags":{"name":"Canal Bank Road","highway":"tertiary","bridge":"yes","layer":"1"}}},{"type":"Feature","id":"102469935-x1","geometry":{"type":"LineString","coordinates":[[80.247822,13.006659],[80.247637,13.006654]]},"properties":{"candidate_id":"102469935-x1","osm_way_id":102469935,"name":"Sardar Patel Road","highway":"primary","structure":"underpass","reasons":["under_rail_bridge"],"length_m":20,"tags":{"name":"Sardar Patel Road","highway":"primary","oneway":"yes","surface":"asphalt","lanes":"1"},"crossing":"railway#549727236"}},{"type":"Feature","id":"102470559","geometry":{"type":"LineString","coordinates":[[80.230501,12.923476],[80.23062,12.924387]]},"properties":{"candidate_id":"102470559","osm_way_id":102470559,"name":"Rajiv Gandhi Salai","highway":"primary","structure":"low_bridge","reasons":["bridge_over_water"],"length_m":102,"tags":{"name":"Rajiv Gandhi Salai","ref":"SH49A","highway":"primary","bridge":"yes","layer":"1","oneway":"yes","lanes":"2"}}},{"type":"Feature","id":"102472718-x1","geometry":{"type":"LineString","coordinates":[[80.25197,12.985045],[80.251683,12.986093]]},"properties":{"candidate_id":"102472718-x1","osm_way_id":102472718,"name":"OMR Service Road","highway":"service","structure":"underpass","reasons":["under_rail_bridge"],"length_m":340,"tags":{"name":"OMR Service Road","highway":"service","oneway":"yes"},"crossing":"railway#59909721"}},{"type":"Feature","id":"102472718-x2","geometry":{"type":"LineString","coordinates":[[80.25191,12.985264],[80.251622,12.986312]]},"properties":{"candidate_id":"102472718-x2","osm_way_id":102472718,"name":"OMR Service Road","highway":"service","structure":"underpass","reasons":["under_rail_bridge"],"length_m":340,"tags":{"name":"OMR Service Road","highway":"service","oneway":"yes"},"crossing":"railway#235920568"}},{"type":"Feature","id":"102479294","geometry":{"type":"LineString","coordinates":[[80.28058,13.056268],[80.280356,13.056283]]},"properties":{"candidate_id":"102479294","osm_way_id":102479294,"name":"Mattankuppam Foot Bridge","highway":"residential","structure":"low_bridge","reasons":["bridge_over_water"],"length_m":24,"tags":{"name":"Mattankuppam Foot Bridge","highway":"residential","bridge":"yes","layer":"1"}}},{"type":"Feature","id":"102479297-x1","geometry":{"type":"LineString","coordinates":[[80.277232,13.04661],[80.277473,13.046583]]},"properties":{"candidate_id":"102479297-x1","osm_way_id":102479297,"name":"Avvai Shanmugam Salai","highway":"tertiary","structure":"underpass","reasons":["under_rail_bridge"],"length_m":331,"tags":{"name":"Avvai Shanmugam Salai","highway":"tertiary"},"crossing":"railway#549727226"}},{"type":"Feature","id":"102479297-x2","geometry":{"type":"LineString","coordinates":[[80.277232,13.04661],[80.277473,13.046583]]},"properties":{"candidate_id":"102479297-x2","osm_way_id":102479297,"name":"Avvai Shanmugam Salai","highway":"tertiary","structure":"underpass","reasons":["under_rail_bridge"],"length_m":331,"tags":{"name":"Avvai Shanmugam Salai","highway":"tertiary"},"crossing":"railway#549727262"}},{"type":"Feature","id":"102479302","geometry":{"type":"LineString","coordinates":[[80.280444,13.053236],[80.280228,13.053334]]},"properties":{"candidate_id":"102479302","osm_way_id":102479302,"name":"Sunkuwar Street","highway":"residential","structure":"low_bridge","reasons":["bridge_over_water"],"length_m":26,"tags":{"name":"Sunkuwar Street","highway":"residential","bridge":"yes","layer":"1"}}},{"type":"Feature","id":"102479303","geometry":{"type":"LineString","coordinates":[[80.217841,13.080968],[80.217821,13.08041]]},"properties":{"candidate_id":"102479303","osm_way_id":102479303,"name":"Anna Nagar Bridge","highway":"secondary","structure":"low_bridge","reasons":["bridge_over_water"],"length_m":62,"tags":{"name":"Anna Nagar Bridge","highway":"secondary","bridge":"yes","layer":"1","oneway":"yes","surface":"concrete","lanes":"2"}}},{"type":"Feature","id":"102479306-x1","geometry":{"type":"LineString","coordinates":[[80.274819,13.071638],[80.274737,13.071635]]},"properties":{"candidate_id":"102479306-x1","osm_way_id":102479306,"name":"Swami Sivananda Salai","highway":"tertiary","structure":"underpass","reasons":["under_rail_bridge"],"length_m":986,"tags":{"name":"Swami Sivananda Salai","highway":"tertiary","oneway":"yes"},"crossing":"railway#549727267"}},{"type":"Feature","id":"102479306-x2","geometry":{"type":"LineString","coordinates":[[80.274737,13.071635],[80.274614,13.071611]]},"properties":{"candidate_id":"102479306-x2","osm_way_id":102479306,"name":"Swami Sivananda Salai","highway":"tertiary","structure":"underpass","reasons":["under_rail_bridge"],"length_m":986,"tags":{"name":"Swami Sivananda Salai","highway":"tertiary","oneway":"yes"},"crossing":"railway#240340228"}},{"type":"Feature","id":"102479309","geometry":{"type":"LineString","coordinates":[[80.252873,13.022021],[80.252863,13.02226]]},"properties":{"candidate_id":"102479309","osm_way_id":102479309,"name":"Greenways Road","highway":"tertiary","structure":"low_bridge","reasons":["bridge_over_water"],"length_m":26,"tags":{"name":"Greenways Road","highway":"tertiary","bridge":"yes","layer":"1"}}},{"type":"Feature","id":"102479310","geometry":{"type":"LineString","coordinates":[[80.268583,13.036453],[80.268817,13.036326]]},"properties":{"candidate_id":"102479310","osm_way_id":102479310,"name":"Kutchery Road","highway":"secondary","structure":"low_bridge","reasons":["bridge_over_water"],"length_m":29,"tags":{"name":"Kutchery Road","highway":"secondary","bridge":"yes","layer":"1"}}},{"type":"Feature","id":"102479318","geometry":{"type":"LineString","coordinates":[[80.25815,13.024468],[80.258018,13.02474]]},"properties":{"candidate_id":"102479318","osm_way_id":102479318,"name":"Kamarajar Salai","highway":"tertiary","structure":"low_bridge","reasons":["bridge_over_water"],"length_m":33,"tags":{"name":"Kamarajar Salai","highway":"tertiary","bridge":"yes","layer":"1"}}},{"type":"Feature","id":"102479321","geometry":{"type":"LineString","coordinates":[[80.217746,13.080413],[80.217769,13.080971]]},"properties":{"candidate_id":"102479321","osm_way_id":102479321,"name":"Anna Nagar Bridge","highway":"secondary","structure":"low_bridge","reasons":["bridge_over_water"],"length_m":62,"tags":{"name":"Anna Nagar Bridge","highway":"secondary","bridge":"yes","layer":"1","oneway":"yes","surface":"concrete","lanes":"2"}}},{"type":"Feature","id":"102479323","geometry":{"type":"LineString","coordinates":[[80.276413,13.043277],[80.276142,13.043298]]},"properties":{"candidate_id":"102479323","osm_way_id":102479323,"name":"Dr Radhakrishnan Salai","highway":"primary","structure":"low_bridge","reasons":["bridge_over_water"],"length_m":29,"tags":{"name":"Dr Radhakrishnan Salai","highway":"primary","bridge":"yes","layer":"1","oneway":"yes"}}},{"type":"Feature","id":"102479329","geometry":{"type":"LineString","coordinates":[[80.27881,13.050938],[80.279092,13.050816]]},"properties":{"candidate_id":"102479329","osm_way_id":102479329,"name":"Besant Road","highway":"secondary","structure":"low_bridge","reasons":["bridge_over_water"],"length_m":33,"tags":{"name":"Besant Road","highway":"secondary","bridge":"yes","layer":"1"}}},{"type":"Feature","id":"102479331","geometry":{"type":"LineString","coordinates":[[80.276961,13.04664],[80.277232,13.04661]]},"properties":{"candidate_id":"102479331","osm_way_id":102479331,"name":"Avvai Shanmugam Salai","highway":"tertiary","structure":"low_bridge","reasons":["bridge_over_water"],"length_m":30,"tags":{"name":"Avvai Shanmugam Salai","highway":"tertiary","bridge":"yes","layer":"1"}}},{"type":"Feature","id":"102479333","geometry":{"type":"LineString","coordinates":[[80.269679,13.039279],[80.269464,13.039327]]},"properties":{"candidate_id":"102479333","osm_way_id":102479333,"name":"Mundakanniamman Koil Street","highway":"residential","structure":"low_bridge","reasons":["bridge_over_water"],"length_m":24,"tags":{"name":"Mundakanniamman Koil Street","highway":"residential","bridge":"yes","layer":"1"}}},{"type":"Feature","id":"102479337","geometry":{"type":"LineString","coordinates":[[80.282371,13.067898],[80.282612,13.067896]]},"properties":{"candidate_id":"102479337","osm_way_id":102479337,"name":"Swami Sivananda Salai","highway":"tertiary","structure":"low_bridge","reasons":["bridge_over_water"],"length_m":26,"tags":{"name":"Swami Sivananda Salai","highway":"tertiary","bridge":"yes","layer":"1","oneway":"yes"}}},{"type":"Feature","id":"102479338","geometry":{"type":"LineString","coordinates":[[80.282609,13.067813],[80.282368,13.067816]]},"properties":{"candidate_id":"102479338","osm_way_id":102479338,"name":"Swami Sivananda Salai","highway":"tertiary","structure":"low_bridge","reasons":["bridge_over_water"],"length_m":26,"tags":{"name":"Swami Sivananda Salai","highway":"tertiary","bridge":"yes","layer":"1","oneway":"yes"}}},{"type":"Feature","id":"102479339","geometry":{"type":"LineString","coordinates":[[80.276111,13.043349],[80.276418,13.04338]]},"properties":{"candidate_id":"102479339","osm_way_id":102479339,"name":"Dr Radhakrishnan Salai","highway":"primary","structure":"low_bridge","reasons":["bridge_over_water"],"length_m":33,"tags":{"name":"Dr Radhakrishnan Salai","highway":"primary","bridge":"yes","layer":"1","oneway":"yes"}}},{"type":"Feature","id":"102479341","geometry":{"type":"LineString","coordinates":[[80.267844,13.035979],[80.267889,13.035768]]},"properties":{"candidate_id":"102479341","osm_way_id":102479341,"name":"RK Mutt Road","highway":"secondary","structure":"low_bridge","reasons":["bridge_over_water"],"length_m":24,"tags":{"name":"RK Mutt Road","highway":"secondary","bridge":"yes","layer":"1","oneway":"yes"}}},{"type":"Feature","id":"102479343","geometry":{"type":"LineString","coordinates":[[80.267817,13.035662],[80.26777,13.035953]]},"properties":{"candidate_id":"102479343","osm_way_id":102479343,"name":"RK Mutt Road","highway":"secondary","structure":"low_bridge","reasons":["bridge_over_water"],"length_m":33,"tags":{"name":"RK Mutt Road","highway":"secondary","bridge":"yes","layer":"1","oneway":"yes"}}},{"type":"Feature","id":"102484452","geometry":{"type":"LineString","coordinates":[[80.185919,13.072079],[80.185776,13.072826]]},"properties":{"candidate_id":"102484452","osm_way_id":102484452,"name":"Coovam Bridge","highway":"residential","structure":"low_bridge","reasons":["bridge_over_water"],"length_m":84,"tags":{"name":"Coovam Bridge","highway":"residential","bridge":"yes","layer":"1"}}},{"type":"Feature","id":"102484457","geometry":{"type":"LineString","coordinates":[[80.18215,13.071535],[80.182035,13.072505]]},"properties":{"candidate_id":"102484457","osm_way_id":102484457,"name":"Thiruvalluvar Saalai","highway":"secondary","structure":"low_bridge","reasons":["bridge_over_water"],"length_m":108,"tags":{"name":"Thiruvalluvar Saalai","highway":"secondary","bridge":"yes","layer":"1","oneway":"yes","surface":"asphalt"}}},{"type":"Feature","id":"102547857","geometry":{"type":"LineString","coordinates":[[80.211759,13.061325],[80.211749,13.061078]]},"properties":{"candidate_id":"102547857","osm_way_id":102547857,"name":"Jawaharlal Nehru Road (100 Feet Road)","highway":"primary","structure":"low_bridge","reasons":["bridge_over_water"],"length_m":27,"tags":{"name":"Jawaharlal Nehru Road (100 Feet Road)","ref":"SH2","highway":"primary","bridge":"yes","layer":"1","oneway":"yes"}}},{"type":"Feature","id":"102547860","geometry":{"type":"LineString","coordinates":[[80.192048,13.087528],[80.192222,13.087516]]},"properties":{"candidate_id":"102547860","osm_way_id":102547860,"name":"Thirumangalam \u2013 Mogappair Road","highway":"primary","structure":"low_bridge","reasons":["bridge_over_water"],"length_m":19,"tags":{"name":"Thirumangalam \u2013 Mogappair Road","ref":"SH112","highway":"primary","bridge":"yes","layer":"1","oneway":"yes","surface":"asphalt"}}},{"type":"Feature","id":"102547881","geometry":{"type":"LineString","coordinates":[[80.211534,13.061058],[80.211544,13.061323]]},"properties":{"candidate_id":"102547881","osm_way_id":102547881,"name":"Jawaharlal Nehru Road (100 Feet Road)","highway":"primary","structure":"low_bridge","reasons":["bridge_over_water"],"length_m":29,"tags":{"name":"Jawaharlal Nehru Road (100 Feet Road)","ref":"SH2","highway":"primary","bridge":"yes","layer":"1","oneway":"yes"}}},{"type":"Feature","id":"102547891","geometry":{"type":"LineString","coordinates":[[80.192161,13.08738],[80.19202,13.087401]]},"properties":{"candidate_id":"102547891","osm_way_id":102547891,"name":"Thirumangalam \u2013 Mogappair Road","highway":"primary","structure":"low_bridge","reasons":["bridge_over_water"],"length_m":15,"tags":{"name":"Thirumangalam \u2013 Mogappair Road","ref":"SH112","highway":"primary","bridge":"yes","layer":"1","oneway":"yes","surface":"asphalt"}}},{"type":"Feature","id":"102550192","geometry":{"type":"LineString","coordinates":[[80.190356,13.060828],[80.1902,13.060941]]},"properties":{"candidate_id":"102550192","osm_way_id":102550192,"name":"","highway":"residential","structure":"low_bridge","reasons":["bridge_over_water"],"length_m":21,"tags":{"highway":"residential","bridge":"yes","layer":"1"}}},{"type":"Feature","id":"102550195","geometry":{"type":"LineString","coordinates":[[80.204027,13.035949],[80.203911,13.035965]]},"properties":{"candidate_id":"102550195","osm_way_id":102550195,"name":"Anna Main Road","highway":"secondary","structure":"low_bridge","reasons":["bridge_over_water"],"length_m":13,"tags":{"name":"Anna Main Road","highway":"secondary","bridge":"yes","layer":"1","oneway":"yes"}}},{"type":"Feature","id":"102550197","geometry":{"type":"LineString","coordinates":[[80.084659,13.176296],[80.08466,13.176513]]},"properties":{"candidate_id":"102550197","osm_way_id":102550197,"name":"Kovilpadagai Main Road","highway":"secondary","structure":"low_bridge","reasons":["bridge_over_water"],"length_m":24,"tags":{"name":"Kovilpadagai Main Road","ref":"MDR575","highway":"secondary","bridge":"yes","layer":"1"}}},{"type":"Feature","id":"102550198","geometry":{"type":"LineString","coordinates":[[80.174472,13.194082],[80.174171,13.193926]]},"properties":{"candidate_id":"102550198","osm_way_id":102550198,"name":"Singaperumalkoil - Sriperumbudur - Thiruvallur - Red Hills Road","highway":"primary","structure":"low_bridge","reasons":["bridge_over_water"],"length_m":37,"tags":{"name":"Singaperumalkoil - Sriperumbudur - Thiruvallur - Red Hills Road","ref":"SH57","highway":"primary","bridge":"yes","layer":"1","oneway":"yes"}}},{"type":"Feature","id":"102550204","geometry":{"type":"LineString","coordinates":[[80.192014,13.185318],[80.192046,13.186248]]},"properties":{"candidate_id":"102550204","osm_way_id":102550204,"name":"Grand Northern Trunk Road:old NH5","highway":"trunk","structure":"low_bridge","reasons":["bridge_over_water"],"length_m":103,"tags":{"name":"Grand Northern Trunk Road:old NH5","ref":"NH16","highway":"trunk","bridge":"yes","layer":"1","oneway":"yes","lanes":"2"}}},{"type":"Feature","id":"102550205","geometry":{"type":"LineString","coordinates":[[80.192148,13.186243],[80.192123,13.185306]]},"properties":{"candidate_id":"102550205","osm_way_id":102550205,"name":"Grand Northern Trunk Road","highway":"trunk","structure":"low_bridge","reasons":["bridge_over_water"],"length_m":104,"tags":{"name":"Grand Northern Trunk Road","ref":"NH16","highway":"trunk","bridge":"yes","layer":"1","oneway":"yes","lanes":"2"}}},{"type":"Feature","id":"102550215","geometry":{"type":"LineString","coordinates":[[80.182096,13.021827],[80.181896,13.021947]]},"properties":{"candidate_id":"102550215","osm_way_id":102550215,"name":"Mount - Poonamallee - Avadi Road","highway":"primary","structure":"low_bridge","reasons":["bridge_over_water"],"length_m":25,"tags":{"name":"Mount - Poonamallee - Avadi Road","ref":"SH55","highway":"primary","bridge":"yes","layer":"1","oneway":"yes"}}},{"type":"Feature","id":"102550218","geometry":{"type":"LineString","coordinates":[[80.250116,13.130864],[80.250197,13.130722]]},"properties":{"candidate_id":"102550218","osm_way_id":102550218,"name":"South Avenue","highway":"tertiary","structure":"low_bridge","reasons":["bridge_over_water"],"length_m":18,"tags":{"name":"South Avenue","highway":"tertiary","bridge":"yes","layer":"1"}}},{"type":"Feature","id":"102550219","geometry":{"type":"LineString","coordinates":[[80.193264,13.061938],[80.192971,13.061895]]},"properties":{"candidate_id":"102550219","osm_way_id":102550219,"name":"","highway":"tertiary","structure":"low_bridge","reasons":["bridge_over_water"],"length_m":32,"tags":{"highway":"tertiary","bridge":"yes","layer":"1","oneway":"yes"}}},{"type":"Feature","id":"102550227","geometry":{"type":"LineString","coordinates":[[80.059382,13.107084],[80.059838,13.10774]]},"properties":{"candidate_id":"102550227","osm_way_id":102550227,"name":"Poonamallee - Pattabiram Road","highway":"tertiary","structure":"low_bridge","reasons":["bridge_over_water"],"length_m":88,"tags":{"name":"Poonamallee - Pattabiram Road","ref":"SH206","highway":"tertiary","bridge":"yes","layer":"1","surface":"asphalt"}}},{"type":"Feature","id":"102550228","geometry":{"type":"LineString","coordinates":[[80.203934,13.036078],[80.204044,13.036061]]},"properties":{"candidate_id":"102550228","osm_way_id":102550228,"name":"Anna Main Road","highway":"secondary","structure":"low_bridge","reasons":["bridge_over_water"],"length_m":12,"tags":{"name":"Anna Main Road","highway":"secondary","bridge":"yes","layer":"1","oneway":"yes"}}},{"type":"Feature","id":"102550229","geometry":{"type":"LineString","coordinates":[[80.08436,13.176013],[80.084075,13.176085]]},"properties":{"candidate_id":"102550229","osm_way_id":102550229,"name":"Morai Road","highway":"tertiary","structure":"low_bridge","reasons":["bridge_over_water"],"length_m":32,"tags":{"name":"Morai Road","ref":"O4025","highway":"tertiary","bridge":"yes","layer":"1"}}},{"type":"Feature","id":"102550230","geometry":{"type":"LineString","coordinates":[[80.238191,13.131415],[80.238534,13.131173]]},"properties":{"candidate_id":"102550230","osm_way_id":102550230,"name":"Grand Northern Trunk Road","highway":"trunk","structure":"low_bridge","reasons":["bridge_over_water"],"length_m":46,"tags":{"name":"Grand Northern Trunk Road","ref":"SHU87","highway":"trunk","bridge":"yes","layer":"1","oneway":"yes"}}},{"type":"Feature","id":"102550233","geometry":{"type":"LineString","coordinates":[[80.182008,13.022079],[80.18225,13.021934]]},"properties":{"candidate_id":"102550233","osm_way_id":102550233,"name":"Mount - Poonamallee - Avadi Road","highway":"primary","structure":"low_bridge","reasons":["bridge_over_water"],"length_m":31,"tags":{"name":"Mount - Poonamallee - Avadi Road","ref":"SH55","highway":"primary","bridge":"yes","layer":"1","oneway":"yes"}}},{"type":"Feature","id":"102550239","geometry":{"type":"LineString","coordinates":[[80.248697,13.123284],[80.249028,13.123021]]},"properties":{"candidate_id":"102550239","osm_way_id":102550239,"name":"Grand Northern Trunk Road","highway":"trunk","structure":"low_bridge","reasons":["bridge_over_water"],"length_m":46,"tags":{"name":"Grand Northern Trunk Road","ref":"SHU87","highway":"trunk","bridge":"yes","layer":"1","oneway":"yes"}}},{"type":"Feature","id":"102550244","geometry":{"type":"LineString","coordinates":[[80.091137,13.102566],[80.091461,13.103008]]},"properties":{"candidate_id":"102550244","osm_way_id":102550244,"name":"","highway":"residential","structure":"low_bridge","reasons":["bridge_over_water"],"length_m":60,"tags":{"highway":"residential","bridge":"yes","layer":"1"}}},{"type":"Feature","id":"102550245","geometry":{"type":"LineString","coordinates":[[80.195871,13.060677],[80.195993,13.060872]]},"properties":{"candidate_id":"102550245","osm_way_id":102550245,"name":"Kaliamman Koil Street","highway":"secondary","structure":"low_bridge","reasons":["bridge_over_water"],"length_m":25,"tags":{"name":"Kaliamman Koil Street","highway":"secondary","bridge":"yes","layer":"1","oneway":"yes"}}},{"type":"Feature","id":"102553763","geometry":{"type":"LineString","coordinates":[[80.270065,13.180774],[80.270095,13.180324]]},"properties":{"candidate_id":"102553763","osm_way_id":102553763,"name":"Thiruvottriyur \u2013 Ponneri \u2013 Panchetty Road","highway":"primary","structure":"low_bridge","reasons":["bridge_over_water"],"length_m":50,"tags":{"name":"Thiruvottriyur \u2013 Ponneri \u2013 Panchetty Road","ref":"SH56","highway":"primary","bridge":"yes","layer":"1","oneway":"yes"}}},{"type":"Feature","id":"102553786","geometry":{"type":"LineString","coordinates":[[80.269961,13.180331],[80.269951,13.180771]]},"properties":{"candidate_id":"102553786","osm_way_id":102553786,"name":"Thiruvottriyur \u2013 Ponneri \u2013 Panchetty Road","highway":"primary","structure":"low_bridge","reasons":["bridge_over_water"],"length_m":49,"tags":{"name":"Thiruvottriyur \u2013 Ponneri \u2013 Panchetty Road","ref":"SH56","highway":"primary","bridge":"yes","layer":"1","oneway":"yes"}}},{"type":"Feature","id":"102553792","geometry":{"type":"LineString","coordinates":[[80.235414,13.178138],[80.235466,13.177247]]},"properties":{"candidate_id":"102553792","osm_way_id":102553792,"name":"Kosapur Road","highway":"tertiary","structure":"low_bridge","reasons":["bridge_over_water"],"length_m":99,"tags":{"name":"Kosapur Road","ref":"O613","highway":"tertiary","bridge":"yes","layer":"1"}}},{"type":"Feature","id":"102553814","geometry":{"type":"LineString","coordinates":[[80.221413,13.170305],[80.221774,13.169742]]},"properties":{"candidate_id":"102553814","osm_way_id":102553814,"name":"Madhavaram - Red Hills Road","highway":"primary","structure":"low_bridge","reasons":["bridge_over_water"],"length_m":74,"tags":{"name":"Madhavaram - Red Hills Road","ref":"SH111","highway":"primary","bridge":"yes","layer":"1"}}},{"type":"Feature","id":"102553828","geometry":{"type":"LineString","coordinates":[[80.214613,13.131234],[80.214435,13.130897],[80.214282,13.130624],[80.214102,13.130336],[80.213803,13.129974],[80.213493,13.12973],[80.213016,13.129356],[80.212849,13.12926],[80.212556,13.129115],[80.212176,13.128909],[80.211455,13.128527]]},"properties":{"candidate_id":"102553828","osm_way_id":102553828,"name":"Jawaharlal Nehru Road (100 Feet Road)","highway":"primary","structure":"low_bridge","reasons":["bridge_over_water"],"length_m":467,"tags":{"name":"Jawaharlal Nehru Road (100 Feet Road)","ref":"SH2","highway":"primary","bridge":"yes","layer":"1","oneway":"yes"}}},{"type":"Feature","id":"102553835","geometry":{"type":"LineString","coordinates":[[80.219049,13.169162],[80.219138,13.169837]]},"properties":{"candidate_id":"102553835","osm_way_id":102553835,"name":"Gandhi Salai","highway":"tertiary","structure":"low_bridge","reasons":["bridge_over_water"],"length_m":75,"tags":{"name":"Gandhi Salai","highway":"tertiary","bridge":"yes","layer":"1"}}},{"type":"Feature","id":"102553847","geometry":{"type":"LineString","coordinates":[[80.25641,13.179932],[80.256056,13.179801]]},"properties":{"candidate_id":"102553847","osm_way_id":102553847,"name":"Inner Ring Road","highway":"primary","structure":"low_bridge","reasons":["bridge_over_water"],"length_m":41,"tags":{"name":"Inner Ring Road","ref":"SH2","highway":"primary","bridge":"yes","layer":"1","oneway":"yes"}}},{"type":"Feature","id":"102554327","geometry":{"type":"LineString","coordinates":[[80.272301,13.216054],[80.272346,13.216325],[80.272393,13.216609],[80.272522,13.217315]]},"properties":{"candidate_id":"102554327","osm_way_id":102554327,"name":"Thiruvottriyur \u2013 Ponneri \u2013 Panchetty Road","highway":"primary","structure":"low_bridge","reasons":["bridge_over_water"],"length_m":141,"tags":{"name":"Thiruvottriyur \u2013 Ponneri \u2013 Panchetty Road","ref":"SH56","highway":"primary","bridge":"yes","oneway":"yes"}}},{"type":"Feature","id":"102559087","geometry":{"type":"LineString","coordinates":[[80.1858,12.950569],[80.185697,12.950257]]},"properties":{"candidate_id":"102559087","osm_way_id":102559087,"name":"Mount - Medavakkam Road","highway":"primary","structure":"low_bridge","reasons":["bridge_over_water"],"length_m":36,"tags":{"name":"Mount - Medavakkam Road","ref":"SH48A","highway":"primary","bridge":"yes","oneway":"yes"}}},{"type":"Feature","id":"102574433","geometry":{"type":"LineString","coordinates":[[80.123898,13.067145],[80.123859,13.066204]]},"properties":{"candidate_id":"102574433","osm_way_id":102574433,"name":"","highway":"tertiary","structure":"low_bridge","reasons":["bridge_over_water"],"length_m":104,"tags":{"highway":"tertiary","bridge":"yes","layer":"1"}}},{"type":"Feature","id":"102574493-x1","geometry":{"type":"LineString","coordinates":[[80.157654,13.108588],[80.157932,13.10861]]},"properties":{"candidate_id":"102574493-x1","osm_way_id":102574493,"name":"","highway":"unclassified","structure":"dip","reasons":["waterway_crossing"],"length_m":919,"tags":{"highway":"unclassified"},"crossing":"drain#102574446"}},{"type":"Feature","id":"102574541","geometry":{"type":"LineString","coordinates":[[80.179671,13.108504],[80.179894,13.108488]]},"properties":{"candidate_id":"102574541","osm_way_id":102574541,"name":"","highway":"secondary","structure":"low_bridge","reasons":["bridge_over_water"],"length_m":24,"tags":{"highway":"secondary","bridge":"yes","layer":"1","oneway":"yes"}}},{"type":"Feature","id":"102574566","geometry":{"type":"LineString","coordinates":[[80.113346,13.074161],[80.112746,13.073957]]},"properties":{"candidate_id":"102574566","osm_way_id":102574566,"name":"","highway":"residential","structure":"low_bridge","reasons":["bridge_over_water"],"length_m":69,"tags":{"highway":"residential","bridge":"yes"}}},{"type":"Feature","id":"102657791","geometry":{"type":"LineString","coordinates":[[80.180713,13.005731],[80.179831,13.006133]]},"properties":{"candidate_id":"102657791","osm_way_id":102657791,"name":"","highway":"service","structure":"low_bridge","reasons":["bridge_over_water"],"length_m":105,"tags":{"highway":"service","bridge":"yes","layer":"1"}}},{"type":"Feature","id":"102658264-x1","geometry":{"type":"LineString","coordinates":[[80.121172,13.016509],[80.121007,13.016902]]},"properties":{"candidate_id":"102658264-x1","osm_way_id":102658264,"name":"Chinnapanicheri Road","highway":"tertiary","structure":"culvert","reasons":["waterway_crossing"],"length_m":1423,"tags":{"name":"Chinnapanicheri Road","ref":"O862","highway":"tertiary"},"crossing":"canal:Chembarambakkam irrigation canal#1151035780"}},{"type":"Feature","id":"102661703","geometry":{"type":"LineString","coordinates":[[80.217217,13.063878],[80.217056,13.063909]]},"properties":{"candidate_id":"102661703","osm_way_id":102661703,"name":"","highway":"residential","structure":"low_bridge","reasons":["bridge_over_water"],"length_m":18,"tags":{"highway":"residential","bridge":"yes","layer":"1"}}},{"type":"Feature","id":"102661705","geometry":{"type":"LineString","coordinates":[[80.215674,13.061718],[80.215669,13.061544]]},"properties":{"candidate_id":"102661705","osm_way_id":102661705,"name":"Kosumani Street","highway":"residential","structure":"low_bridge","reasons":["bridge_over_water"],"length_m":19,"tags":{"name":"Kosumani Street","highway":"residential","bridge":"yes","layer":"1"}}},{"type":"Feature","id":"102661706","geometry":{"type":"LineString","coordinates":[[80.216941,13.063366],[80.217127,13.063378]]},"properties":{"candidate_id":"102661706","osm_way_id":102661706,"name":"","highway":"residential","structure":"low_bridge","reasons":["bridge_over_water"],"length_m":20,"tags":{"highway":"residential","bridge":"yes","layer":"1"}}},{"type":"Feature","id":"102661712","geometry":{"type":"LineString","coordinates":[[80.216281,13.061581],[80.216258,13.061435]]},"properties":{"candidate_id":"102661712","osm_way_id":102661712,"name":"","highway":"living_street","structure":"low_bridge","reasons":["bridge_over_water"],"length_m":16,"tags":{"highway":"living_street","bridge":"yes","layer":"1"}}},{"type":"Feature","id":"102661714","geometry":{"type":"LineString","coordinates":[[80.217293,13.064245],[80.217122,13.064279]]},"properties":{"candidate_id":"102661714","osm_way_id":102661714,"name":"3rd Street","highway":"residential","structure":"low_bridge","reasons":["bridge_over_water"],"length_m":19,"tags":{"name":"3rd Street","highway":"residential","bridge":"yes","layer":"1"}}},{"type":"Feature","id":"103716678-x1","geometry":{"type":"LineString","coordinates":[[80.195598,12.987476],[80.195456,12.987428]]},"properties":{"candidate_id":"103716678-x1","osm_way_id":103716678,"name":"","highway":"primary_link","structure":"underpass","reasons":["under_rail_bridge"],"length_m":16,"tags":{"highway":"primary_link"},"crossing":"railway#28620048"}},{"type":"Feature","id":"103716678-x2","geometry":{"type":"LineString","coordinates":[[80.195598,12.987476],[80.195456,12.987428]]},"properties":{"candidate_id":"103716678-x2","osm_way_id":103716678,"name":"","highway":"primary_link","structure":"underpass","reasons":["under_rail_bridge"],"length_m":16,"tags":{"highway":"primary_link"},"crossing":"railway#235921450"}},{"type":"Feature","id":"103716681","geometry":{"type":"LineString","coordinates":[[80.193458,12.9928],[80.193467,12.99252]]},"properties":{"candidate_id":"103716681","osm_way_id":103716681,"name":"Thillaiganga Nagar Subway","highway":"primary","structure":"underpass","reasons":["tunnel=yes","layer<0"],"length_m":31,"tags":{"name":"Thillaiganga Nagar Subway","ref":"SH2A","highway":"primary","tunnel":"yes","layer":"-1","oneway":"yes"}}},{"type":"Feature","id":"103716688","geometry":{"type":"LineString","coordinates":[[80.193376,12.992481],[80.193357,12.992771]]},"properties":{"candidate_id":"103716688","osm_way_id":103716688,"name":"Thillaiganga Nagar Subway","highway":"primary","structure":"underpass","reasons":["tunnel=yes","layer<0"],"length_m":32,"tags":{"name":"Thillaiganga Nagar Subway","ref":"SH2A","highway":"primary","tunnel":"yes","layer":"-1","oneway":"yes"}}},{"type":"Feature","id":"103716703","geometry":{"type":"LineString","coordinates":[[80.201093,12.99583],[80.201176,12.995424]]},"properties":{"candidate_id":"103716703","osm_way_id":103716703,"name":"St Thomas Mount Subway","highway":"primary","structure":"underpass","reasons":["tunnel=yes","layer<0"],"length_m":46,"tags":{"name":"St Thomas Mount Subway","ref":"SH48A","highway":"primary","tunnel":"yes","layer":"-1"}}},{"type":"Feature","id":"103730451-x1","geometry":{"type":"LineString","coordinates":[[80.196477,12.992313],[80.196419,12.992582]]},"properties":{"candidate_id":"103730451-x1","osm_way_id":103730451,"name":"","highway":"residential","structure":"culvert","reasons":["waterway_crossing"],"length_m":125,"tags":{"highway":"residential"},"crossing":"drain#881880733"}},{"type":"Feature","id":"103730453-x1","geometry":{"type":"LineString","coordinates":[[80.195743,12.990901],[80.195035,12.990934]]},"properties":{"candidate_id":"103730453-x1","osm_way_id":103730453,"name":"","highway":"residential","structure":"underpass","reasons":["under_rail_bridge"],"length_m":130,"tags":{"highway":"residential"},"crossing":"railway#28620048"}},{"type":"Feature","id":"103730453-x2","geometry":{"type":"LineString","coordinates":[[80.195743,12.990901],[80.195035,12.990934]]},"properties":{"candidate_id":"103730453-x2","osm_way_id":103730453,"name":"","highway":"residential","structure":"underpass","reasons":["under_rail_bridge"],"length_m":130,"tags":{"highway":"residential"},"crossing":"railway#235921450"}},{"type":"Feature","id":"108150167-x1","geometry":{"type":"LineString","coordinates":[[80.180752,13.022773],[80.180784,13.022882]]},"properties":{"candidate_id":"108150167-x1","osm_way_id":108150167,"name":"Church Road","highway":"service","structure":"culvert","reasons":["waterway_crossing"],"length_m":70,"tags":{"name":"Church Road","highway":"service"},"crossing":"drain#122063612"}},{"type":"Feature","id":"112716535-x1","geometry":{"type":"LineString","coordinates":[[80.24955,13.071642],[80.249443,13.072054]]},"properties":{"candidate_id":"112716535-x1","osm_way_id":112716535,"name":"Dr. Santosham Road","highway":"residential","structure":"dip","reasons":["waterway_crossing"],"length_m":255,"tags":{"name":"Dr. Santosham Road","highway":"residential"},"crossing":"drain#217696076"}},{"type":"Feature","id":"112716549-x1","geometry":{"type":"LineString","coordinates":[[80.247216,13.077706],[80.247247,13.077838]]},"properties":{"candidate_id":"112716549-x1","osm_way_id":112716549,"name":"","highway":"living_street","structure":"dip","reasons":["waterway_crossing"],"length_m":394,"tags":{"highway":"living_street"},"crossing":"drain#217696076"}},{"type":"Feature","id":"112716562-x1","geometry":{"type":"LineString","coordinates":[[80.248638,13.077969],[80.248521,13.078426]]},"properties":{"candidate_id":"112716562-x1","osm_way_id":112716562,"name":"","highway":"living_street","structure":"dip","reasons":["waterway_crossing"],"length_m":245,"tags":{"highway":"living_street"},"crossing":"drain#217696076"}},{"type":"Feature","id":"112716566-x1","geometry":{"type":"LineString","coordinates":[[80.247296,13.077796],[80.247247,13.077838]]},"properties":{"candidate_id":"112716566-x1","osm_way_id":112716566,"name":"","highway":"residential","structure":"dip","reasons":["waterway_crossing"],"length_m":290,"tags":{"highway":"residential"},"crossing":"drain#217696076"}},{"type":"Feature","id":"121120057","geometry":{"type":"LineString","coordinates":[[80.204194,12.97883],[80.204192,12.978687]]},"properties":{"candidate_id":"121120057","osm_way_id":121120057,"name":"Balaji Nagar Main Road","highway":"tertiary","structure":"low_bridge","reasons":["bridge_over_water"],"length_m":16,"tags":{"name":"Balaji Nagar Main Road","highway":"tertiary","bridge":"yes","layer":"1","surface":"asphalt"}}},{"type":"Feature","id":"121120060-x1","geometry":{"type":"LineString","coordinates":[[80.20138,12.97949],[80.202385,12.979035]]},"properties":{"candidate_id":"121120060-x1","osm_way_id":121120060,"name":"Inner Ring Road (Southern Sector)","highway":"primary","structure":"culvert","reasons":["waterway_crossing"],"length_m":675,"tags":{"name":"Inner Ring Road (Southern Sector)","ref":"SH2A","highway":"primary","oneway":"yes","surface":"asphalt"},"crossing":"drain:Veerangal Canal#1080320415"}},{"type":"Feature","id":"125180613","geometry":{"type":"LineString","coordinates":[[80.266147,13.127618],[80.265969,13.127364],[80.265932,13.127245]]},"properties":{"candidate_id":"125180613","osm_way_id":125180613,"name":"MKB Nagar East Avenue","highway":"secondary","structure":"low_bridge","reasons":["bridge_over_water"],"length_m":48,"tags":{"name":"MKB Nagar East Avenue","highway":"secondary","bridge":"yes","layer":"1","oneway":"yes"}}},{"type":"Feature","id":"125180623","geometry":{"type":"LineString","coordinates":[[80.259092,13.12677],[80.259101,13.12662],[80.25912,13.126311]]},"properties":{"candidate_id":"125180623","osm_way_id":125180623,"name":"MKB Nagar Bridge","highway":"secondary","structure":"low_bridge","reasons":["bridge_over_water"],"length_m":51,"tags":{"name":"MKB Nagar Bridge","highway":"secondary","bridge":"yes","layer":"1","surface":"ground","lanes":"2"}}},{"type":"Feature","id":"125180629","geometry":{"type":"LineString","coordinates":[[80.269813,13.127937],[80.269684,13.128038]]},"properties":{"candidate_id":"125180629","osm_way_id":125180629,"name":"Manali Road","highway":"secondary","structure":"low_bridge","reasons":["bridge_over_water"],"length_m":18,"tags":{"name":"Manali Road","highway":"secondary","bridge":"yes","layer":"1","oneway":"yes"}}},{"type":"Feature","id":"126679756-x1","geometry":{"type":"LineString","coordinates":[[80.200797,12.979731],[80.200788,12.979554]]},"properties":{"candidate_id":"126679756-x1","osm_way_id":126679756,"name":"","highway":"residential","structure":"underpass","reasons":["under_rail_bridge"],"length_m":50,"tags":{"highway":"residential"},"crossing":"railway#28620048"}},{"type":"Feature","id":"126679756-x2","geometry":{"type":"LineString","coordinates":[[80.200797,12.979731],[80.200788,12.979554]]},"properties":{"candidate_id":"126679756-x2","osm_way_id":126679756,"name":"","highway":"residential","structure":"underpass","reasons":["under_rail_bridge"],"length_m":50,"tags":{"highway":"residential"},"crossing":"railway#235921450"}},{"type":"Feature","id":"132191984-x1","geometry":{"type":"LineString","coordinates":[[80.243289,12.978999],[80.243311,12.978641]]},"properties":{"candidate_id":"132191984-x1","osm_way_id":132191984,"name":"Dr MGR Main Road","highway":"secondary","structure":"underpass","reasons":["under_rail_bridge"],"length_m":1946,"tags":{"name":"Dr MGR Main Road","ref":"MDR452","highway":"secondary","oneway":"yes"},"crossing":"railway#59909721"}},{"type":"Feature","id":"132191984-x2","geometry":{"type":"LineString","coordinates":[[80.243289,12.978999],[80.243311,12.978641]]},"properties":{"candidate_id":"132191984-x2","osm_way_id":132191984,"name":"Dr MGR Main Road","highway":"secondary","structure":"underpass","reasons":["under_rail_bridge"],"length_m":1946,"tags":{"name":"Dr MGR Main Road","ref":"MDR452","highway":"secondary","oneway":"yes"},"crossing":"railway#235920568"}},{"type":"Feature","id":"132510307-x1","geometry":{"type":"LineString","coordinates":[[80.239568,12.978521],[80.239573,12.979177]]},"properties":{"candidate_id":"132510307-x1","osm_way_id":132510307,"name":"Taramani Station Road","highway":"residential","structure":"underpass","reasons":["under_rail_bridge"],"length_m":339,"tags":{"name":"Taramani Station Road","highway":"residential"},"crossing":"railway#558926035"}},{"type":"Feature","id":"132510307-x2","geometry":{"type":"LineString","coordinates":[[80.239568,12.978521],[80.239573,12.979177]]},"properties":{"candidate_id":"132510307-x2","osm_way_id":132510307,"name":"Taramani Station Road","highway":"residential","structure":"underpass","reasons":["under_rail_bridge"],"length_m":339,"tags":{"name":"Taramani Station Road","highway":"residential"},"crossing":"railway#558926036"}},{"type":"Feature","id":"133602693-x1","geometry":{"type":"LineString","coordinates":[[80.141334,13.01786],[80.141196,13.017765]]},"properties":{"candidate_id":"133602693-x1","osm_way_id":133602693,"name":"Kodambakkam \u2013 Sriperumbudur Road","highway":"primary","structure":"dip","reasons":["waterway_crossing"],"length_m":2583,"tags":{"name":"Kodambakkam \u2013 Sriperumbudur Road","ref":"SH113","highway":"primary","oneway":"yes","surface":"asphalt"},"crossing":"drain#102657803"}},{"type":"Feature","id":"133602703-x1","geometry":{"type":"LineString","coordinates":[[80.199384,13.128789],[80.199148,13.128736]]},"properties":{"candidate_id":"133602703-x1","osm_way_id":133602703,"name":"","highway":"residential","structure":"dip","reasons":["waterway_crossing"],"length_m":168,"tags":{"highway":"residential"},"crossing":"drain#1288582910"}},{"type":"Feature","id":"157911938-x1","geometry":{"type":"LineString","coordinates":[[80.245929,13.039411],[80.24572,13.039471]]},"properties":{"candidate_id":"157911938-x1","osm_way_id":157911938,"name":"Sir Thyagaraya Road","highway":"secondary","structure":"culvert","reasons":["waterway_crossing"],"length_m":326,"tags":{"name":"Sir Thyagaraya Road","highway":"secondary","oneway":"yes"},"crossing":"canal:Mambalam Canal#1272450539"}},{"type":"Feature","id":"157911939","geometry":{"type":"LineString","coordinates":[[80.247207,13.049264],[80.246892,13.049011]]},"properties":{"candidate_id":"157911939","osm_way_id":157911939,"name":"","highway":"secondary","structure":"low_bridge","reasons":["bridge_over_water"],"length_m":44,"tags":{"highway":"secondary","bridge":"yes","layer":"1","oneway":"yes"}}},{"type":"Feature","id":"157989487","geometry":{"type":"LineString","coordinates":[[80.246971,13.046485],[80.24706,13.046494]]},"properties":{"candidate_id":"157989487","osm_way_id":157989487,"name":"Blackers Road","highway":"residential","structure":"low_bridge","reasons":["bridge_over_water"],"length_m":10,"tags":{"name":"Blackers Road","highway":"residential","bridge":"yes","layer":"1"}}},{"type":"Feature","id":"163384124-x1","geometry":{"type":"LineString","coordinates":[[80.172195,13.015204],[80.172152,13.014753]]},"properties":{"candidate_id":"163384124-x1","osm_way_id":163384124,"name":"3rd Street Krishna Nagar, Periyar Road","highway":"residential","structure":"dip","reasons":["waterway_crossing"],"length_m":50,"tags":{"name":"3rd Street Krishna Nagar, Periyar Road","highway":"residential"},"crossing":"drain:Open drain#210934230"}},{"type":"Feature","id":"165273142-x1","geometry":{"type":"LineString","coordinates":[[80.222529,12.971098],[80.222531,12.970819]]},"properties":{"candidate_id":"165273142-x1","osm_way_id":165273142,"name":"","highway":"residential","structure":"culvert","reasons":["waterway_crossing"],"length_m":34,"tags":{"highway":"residential","surface":"sand"},"crossing":"drain:Stormwater Drain#835785681"}},{"type":"Feature","id":"177370720","geometry":{"type":"LineString","coordinates":[[80.151949,13.06263],[80.151645,13.061815]]},"properties":{"candidate_id":"177370720","osm_way_id":177370720,"name":"Vanagaram Bridge","highway":"primary","structure":"low_bridge","reasons":["bridge_over_water"],"length_m":96,"tags":{"name":"Vanagaram Bridge","ref":"SH205","highway":"primary","bridge":"yes","layer":"1","surface":"asphalt","lanes":"2"}}},{"type":"Feature","id":"178751017-x1","geometry":{"type":"LineString","coordinates":[[80.111769,13.017768],[80.111777,13.018099]]},"properties":{"candidate_id":"178751017-x1","osm_way_id":178751017,"name":"","highway":"residential","structure":"culvert","reasons":["waterway_crossing"],"length_m":1237,"tags":{"highway":"residential"},"crossing":"canal:Chembarambakkam irrigation canal#1151035774"}},{"type":"Feature","id":"178751018-x1","geometry":{"type":"LineString","coordinates":[[80.118004,13.01746],[80.118025,13.017379]]},"properties":{"candidate_id":"178751018-x1","osm_way_id":178751018,"name":"","highway":"residential","structure":"culvert","reasons":["waterway_crossing"],"length_m":755,"tags":{"highway":"residential"},"crossing":"canal:Chembarambakkam irrigation canal#1151035778"}},{"type":"Feature","id":"178751023-x1","geometry":{"type":"LineString","coordinates":[[80.079298,12.960925],[80.079431,12.961358]]},"properties":{"candidate_id":"178751023-x1","osm_way_id":178751023,"name":"Palanthandalam Road","highway":"tertiary","structure":"culvert","reasons":["waterway_crossing"],"length_m":2845,"tags":{"name":"Palanthandalam Road","ref":"O4708","highway":"tertiary"},"crossing":"ditch#1191369637"}},{"type":"Feature","id":"178752244-x1","geometry":{"type":"LineString","coordinates":[[80.102701,13.022987],[80.103052,13.022915]]},"properties":{"candidate_id":"178752244-x1","osm_way_id":178752244,"name":"","highway":"residential","structure":"culvert","reasons":["waterway_crossing"],"length_m":823,"tags":{"highway":"residential"},"crossing":"drain:Thanthi Channel#1301947367"}},{"type":"Feature","id":"179253585","geometry":{"type":"LineString","coordinates":[[80.185619,12.950285],[80.185725,12.950598]]},"properties":{"candidate_id":"179253585","osm_way_id":179253585,"name":"Mount - Medavakkam Road","highway":"primary","structure":"low_bridge","reasons":["bridge_over_water"],"length_m":36,"tags":{"name":"Mount - Medavakkam Road","ref":"SH48A","highway":"primary","bridge":"yes","oneway":"yes"}}},{"type":"Feature","id":"181313783-x1","geometry":{"type":"LineString","coordinates":[[80.167377,13.113789],[80.167469,13.114871]]},"properties":{"candidate_id":"181313783-x1","osm_way_id":181313783,"name":"","highway":"residential","structure":"dip","reasons":["waterway_crossing"],"length_m":318,"tags":{"highway":"residential"},"crossing":"drain#835007994"}},{"type":"Feature","id":"184110366","geometry":{"type":"LineString","coordinates":[[80.23091,12.92435],[80.230787,12.923447]]},"properties":{"candidate_id":"184110366","osm_way_id":184110366,"name":"Rajiv Gandhi Salai","highway":"primary","structure":"low_bridge","reasons":["bridge_over_water"],"length_m":101,"tags":{"name":"Rajiv Gandhi Salai","ref":"SH49A","highway":"primary","bridge":"yes","layer":"1","oneway":"yes","lanes":"2"}}},{"type":"Feature","id":"184913295","geometry":{"type":"LineString","coordinates":[[80.226805,13.062895],[80.226615,13.062923],[80.226503,13.06294]]},"properties":{"candidate_id":"184913295","osm_way_id":184913295,"name":"Athreyapuram 3rd Street","highway":"residential","structure":"low_bridge","reasons":["bridge_over_water"],"length_m":33,"tags":{"name":"Athreyapuram 3rd Street","highway":"residential","bridge":"yes","layer":"1"}}},{"type":"Feature","id":"184913302","geometry":{"type":"LineString","coordinates":[[80.215043,13.061583],[80.215062,13.061767]]},"properties":{"candidate_id":"184913302","osm_way_id":184913302,"name":"","highway":"residential","structure":"low_bridge","reasons":["bridge_over_water"],"length_m":20,"tags":{"highway":"residential","bridge":"yes","layer":"1"}}},{"type":"Feature","id":"185024071-x1","geometry":{"type":"LineString","coordinates":[[80.17699,13.023268],[80.176953,13.023657]]},"properties":{"candidate_id":"185024071-x1","osm_way_id":185024071,"name":"DLF IT Park Road","highway":"service","structure":"culvert","reasons":["waterway_crossing"],"length_m":747,"tags":{"name":"DLF IT Park Road","highway":"service","oneway":"yes","surface":"asphalt"},"crossing":"drain#1123838338"}},{"type":"Feature","id":"198549091-x1","geometry":{"type":"LineString","coordinates":[[80.185423,12.94907],[80.184322,12.949176]]},"properties":{"candidate_id":"198549091-x1","osm_way_id":198549091,"name":"Pallavaram - Thoraipakkam Road","highway":"primary","structure":"dip","reasons":["waterway_crossing"],"length_m":515,"tags":{"name":"Pallavaram - Thoraipakkam Road","ref":"SH109","highway":"primary","oneway":"yes","surface":"asphalt"},"crossing":"drain#102559098"}},{"type":"Feature","id":"204215366","geometry":{"type":"LineString","coordinates":[[80.181706,13.015229],[80.182741,13.015232]]},"properties":{"candidate_id":"204215366","osm_way_id":204215366,"name":"road to Manapakkam","highway":"tertiary","structure":"low_bridge","reasons":["bridge_over_water"],"length_m":112,"tags":{"name":"road to Manapakkam","highway":"tertiary","bridge":"yes","layer":"1","surface":"asphalt"}}},{"type":"Feature","id":"205773150-x1","geometry":{"type":"LineString","coordinates":[[80.217087,12.994928],[80.216889,12.99523]]},"properties":{"candidate_id":"205773150-x1","osm_way_id":205773150,"name":"Velachery Main Road","highway":"secondary","structure":"dip","reasons":["waterway_crossing"],"length_m":280,"tags":{"name":"Velachery Main Road","highway":"secondary","oneway":"yes","surface":"asphalt","lanes":"2"},"crossing":"drain:Raj Bhavan Canal#102580561"}},{"type":"Feature","id":"206398437-x1","geometry":{"type":"LineString","coordinates":[[80.17109,13.015318],[80.171059,13.015187]]},"properties":{"candidate_id":"206398437-x1","osm_way_id":206398437,"name":"4th Street, Krishna Nagar, Periyar Salai, Manapakkam","highway":"residential","structure":"dip","reasons":["waterway_crossing"],"length_m":84,"tags":{"name":"4th Street, Krishna Nagar, Periyar Salai, Manapakkam","highway":"residential","surface":"concrete"},"crossing":"drain:Open drain#210934230"}},{"type":"Feature","id":"206644476-x1","geometry":{"type":"LineString","coordinates":[[80.25696,13.11828],[80.257079,13.11864]]},"properties":{"candidate_id":"206644476-x1","osm_way_id":206644476,"name":"","highway":"residential","structure":"culvert","reasons":["waterway_crossing"],"length_m":193,"tags":{"highway":"residential"},"crossing":"drain:Vyasarpadi Canal#1202708872"}},{"type":"Feature","id":"206653804-x1","geometry":{"type":"LineString","coordinates":[[80.201283,12.979146],[80.201277,12.979106]]},"properties":{"candidate_id":"206653804-x1","osm_way_id":206653804,"name":"","highway":"residential","structure":"culvert","reasons":["waterway_crossing"],"length_m":90,"tags":{"highway":"residential"},"crossing":"drain:Veerangal Canal#328358961"}},{"type":"Feature","id":"206829526-x1","geometry":{"type":"LineString","coordinates":[[80.177223,13.023594],[80.177214,13.02346]]},"properties":{"candidate_id":"206829526-x1","osm_way_id":206829526,"name":"","highway":"service","structure":"culvert","reasons":["waterway_crossing"],"length_m":212,"tags":{"highway":"service","surface":"dirt"},"crossing":"drain#1123838344"}},{"type":"Feature","id":"206836573-x1","geometry":{"type":"LineString","coordinates":[[80.171252,13.028525],[80.171099,13.028151]]},"properties":{"candidate_id":"206836573-x1","osm_way_id":206836573,"name":"","highway":"residential","structure":"culvert","reasons":["waterway_crossing"],"length_m":72,"tags":{"highway":"residential"},"crossing":"drain#122063612"}},{"type":"Feature","id":"206856293-x1","geometry":{"type":"LineString","coordinates":[[80.220658,13.10399],[80.220375,13.103068]]},"properties":{"candidate_id":"206856293-x1","osm_way_id":206856293,"name":"","highway":"tertiary","structure":"culvert","reasons":["waterway_crossing"],"length_m":540,"tags":{"ref":"Apperentices Ave","highway":"tertiary"},"crossing":"drain:Ainsley Canal#1188575628"}},{"type":"Feature","id":"207135952-x1","geometry":{"type":"LineString","coordinates":[[80.262957,13.095691],[80.26308,13.095641]]},"properties":{"candidate_id":"207135952-x1","osm_way_id":207135952,"name":"Ayyavu Street","highway":"living_street","structure":"dip","reasons":["waterway_crossing"],"length_m":73,"tags":{"name":"Ayyavu Street","highway":"living_street"},"crossing":"drain#30981164"}},{"type":"Feature","id":"207897634-x1","geometry":{"type":"LineString","coordinates":[[80.052494,12.856141],[80.052835,12.856128]]},"properties":{"candidate_id":"207897634-x1","osm_way_id":207897634,"name":"","highway":"residential","structure":"culvert","reasons":["waterway_crossing"],"length_m":612,"tags":{"highway":"residential"},"crossing":"drain#1151570549"}},{"type":"Feature","id":"207897652-x1","geometry":{"type":"LineString","coordinates":[[80.05195,12.857395],[80.053057,12.857381]]},"properties":{"candidate_id":"207897652-x1","osm_way_id":207897652,"name":"","highway":"residential","structure":"culvert","reasons":["waterway_crossing"],"length_m":354,"tags":{"highway":"residential"},"crossing":"drain#1151570543"}},{"type":"Feature","id":"207897657-x1","geometry":{"type":"LineString","coordinates":[[80.052374,12.858247],[80.05222,12.858264]]},"properties":{"candidate_id":"207897657-x1","osm_way_id":207897657,"name":"","highway":"residential","structure":"culvert","reasons":["waterway_crossing"],"length_m":487,"tags":{"highway":"residential"},"crossing":"drain#1302997346"}},{"type":"Feature","id":"207897660-x1","geometry":{"type":"LineString","coordinates":[[80.052014,12.860159],[80.051912,12.860201]]},"properties":{"candidate_id":"207897660-x1","osm_way_id":207897660,"name":"","highway":"residential","structure":"culvert","reasons":["waterway_crossing"],"length_m":715,"tags":{"highway":"residential"},"crossing":"drain#1151570535"}},{"type":"Feature","id":"208168416-x1","geometry":{"type":"LineString","coordinates":[[80.079946,12.894259],[80.079947,12.894236]]},"properties":{"candidate_id":"208168416-x1","osm_way_id":208168416,"name":"","highway":"residential","structure":"dip","reasons":["waterway_crossing"],"length_m":1178,"tags":{"highway":"residential"},"crossing":"drain#383861895"}},{"type":"Feature","id":"208168501-x1","geometry":{"type":"LineString","coordinates":[[80.079375,12.894008],[80.079424,12.894275]]},"properties":{"candidate_id":"208168501-x1","osm_way_id":208168501,"name":"","highway":"residential","structure":"dip","reasons":["waterway_crossing"],"length_m":273,"tags":{"highway":"residential"},"crossing":"drain#383861895"}},{"type":"Feature","id":"208168510-x1","geometry":{"type":"LineString","coordinates":[[80.081125,12.89419],[80.081117,12.894159]]},"properties":{"candidate_id":"208168510-x1","osm_way_id":208168510,"name":"","highway":"residential","structure":"dip","reasons":["waterway_crossing"],"length_m":302,"tags":{"highway":"residential"},"crossing":"drain#383861895"}},{"type":"Feature","id":"208832404-x1","geometry":{"type":"LineString","coordinates":[[80.129239,12.957972],[80.128685,12.957595]]},"properties":{"candidate_id":"208832404-x1","osm_way_id":208832404,"name":"","highway":"residential","structure":"dip","reasons":["waterway_crossing"],"length_m":200,"tags":{"highway":"residential"},"crossing":"drain:Naattu Kaalvaai#30118691"}},{"type":"Feature","id":"209317534-x1","geometry":{"type":"LineString","coordinates":[[80.148966,12.977406],[80.148826,12.977416]]},"properties":{"candidate_id":"209317534-x1","osm_way_id":209317534,"name":"","highway":"residential","structure":"culvert","reasons":["waterway_crossing"],"length_m":84,"tags":{"highway":"residential"},"crossing":"drain#1147391895"}},{"type":"Feature","id":"209513213","geometry":{"type":"LineString","coordinates":[[80.229925,13.040992],[80.22889,13.041222],[80.228511,13.041296],[80.227371,13.041596]]},"properties":{"candidate_id":"209513213","osm_way_id":209513213,"name":"Doraiswamy Subway","highway":"secondary","structure":"underpass","reasons":["tunnel=yes","layer<0"],"length_m":285,"tags":{"name":"Doraiswamy Subway","highway":"secondary","tunnel":"yes","layer":"-1"}}},{"type":"Feature","id":"209549883-x1","geometry":{"type":"LineString","coordinates":[[80.210069,12.973739],[80.209969,12.973591]]},"properties":{"candidate_id":"209549883-x1","osm_way_id":209549883,"name":"Inner Ring Road (Southern Sector)","highway":"primary","structure":"underpass","reasons":["under_rail_bridge"],"length_m":20,"tags":{"name":"Inner Ring Road (Southern Sector)","ref":"SH2A","highway":"primary","oneway":"yes"},"crossing":"railway#28620048"}},{"type":"Feature","id":"209549883-x2","geometry":{"type":"LineString","coordinates":[[80.210069,12.973739],[80.209969,12.973591]]},"properties":{"candidate_id":"209549883-x2","osm_way_id":209549883,"name":"Inner Ring Road (Southern Sector)","highway":"primary","structure":"underpass","reasons":["under_rail_bridge"],"length_m":20,"tags":{"name":"Inner Ring Road (Southern Sector)","ref":"SH2A","highway":"primary","oneway":"yes"},"crossing":"railway#235921450"}},{"type":"Feature","id":"210441982","geometry":{"type":"LineString","coordinates":[[80.185461,12.993919],[80.185214,12.993786],[80.184769,12.993546],[80.183359,12.992788],[80.182737,12.992376],[80.182582,12.992273],[80.180964,12.991015],[80.179885,12.990176],[80.179247,12.98968],[80.178939,12.98944],[80.177948,12.988669],[80.177296,12.988181],[80.176025,12.987276],[80.175985,12.987244],[80.175922,12.987194],[80.175882,12.987167],[80.1748,12.986428],[80.174097,12.985945],[80.17311,12.985267],[80.171065,12.983979],[80.169888,12.983268],[80.168177,12.982218],[80.167249,12.981663],[80.167099,12.981578],[80.167004,12.981524],[80.166831,12.98143],[80.166686,12.98135],[80.165492,12.980684],[80.165066,12.980503],[80.165058,12.9805],[80.164635,12.980341],[80.16339,12.980004],[80.162948,12.97987],[80.162636,12.979724],[80.162319,12.979537]]},"properties":{"candidate_id":"210441982","osm_way_id":210441982,"name":"Grand Southern Trunk Road","highway":"trunk","structure":"underpass","reasons":["layer<0"],"length_m":2986,"tags":{"name":"Grand Southern Trunk Road","ref":"SHU88","highway":"trunk","layer":"-1","oneway":"yes","surface":"asphalt","lanes":"3","covered":"no"}}},{"type":"Feature","id":"211260243-x1","geometry":{"type":"LineString","coordinates":[[80.247586,13.07112],[80.248136,13.071335]]},"properties":{"candidate_id":"211260243-x1","osm_way_id":211260243,"name":"Mayor Ramanathan Road (Spur Tank Road)","highway":"secondary","structure":"dip","reasons":["waterway_crossing"],"length_m":878,"tags":{"name":"Mayor Ramanathan Road (Spur Tank Road)","highway":"secondary","oneway":"yes"},"crossing":"drain#217696076"}},{"type":"Feature","id":"211435489-x1","geometry":{"type":"LineString","coordinates":[[80.279654,13.064531],[80.280317,13.064378]]},"properties":{"candidate_id":"211435489-x1","osm_way_id":211435489,"name":"Wallajah Road","highway":"secondary","structure":"underpass","reasons":["under_rail_bridge"],"length_m":262,"tags":{"name":"Wallajah Road","highway":"secondary","oneway":"yes"},"crossing":"railway#240340228"}},{"type":"Feature","id":"211435489-x2","geometry":{"type":"LineString","coordinates":[[80.279654,13.064531],[80.280317,13.064378]]},"properties":{"candidate_id":"211435489-x2","osm_way_id":211435489,"name":"Wallajah Road","highway":"secondary","structure":"underpass","reasons":["under_rail_bridge"],"length_m":262,"tags":{"name":"Wallajah Road","highway":"secondary","oneway":"yes"},"crossing":"railway#549727267"}},{"type":"Feature","id":"214180580","geometry":{"type":"LineString","coordinates":[[80.223356,13.021406],[80.222773,13.021074]]},"properties":{"candidate_id":"214180580","osm_way_id":214180580,"name":"Bazaar Road Subway","highway":"tertiary","structure":"underpass","reasons":["tunnel=yes","layer<0"],"length_m":73,"tags":{"name":"Bazaar Road Subway","highway":"tertiary","tunnel":"yes","layer":"-1"}}},{"type":"Feature","id":"214202908","geometry":{"type":"LineString","coordinates":[[80.226975,13.035383],[80.227358,13.035304]]},"properties":{"candidate_id":"214202908","osm_way_id":214202908,"name":"Madley subway","highway":"tertiary","structure":"underpass","reasons":["tunnel=yes","layer<0"],"length_m":42,"tags":{"name":"Madley subway","highway":"tertiary","tunnel":"yes","layer":"-1"}}},{"type":"Feature","id":"214356690-x1","geometry":{"type":"LineString","coordinates":[[80.224635,13.028423],[80.225718,13.028201]]},"properties":{"candidate_id":"214356690-x1","osm_way_id":214356690,"name":"","highway":"secondary","structure":"underpass","reasons":["under_rail_bridge"],"length_m":539,"tags":{"highway":"secondary","oneway":"yes"},"crossing":"railway#240340232"}},{"type":"Feature","id":"214356690-x2","geometry":{"type":"LineString","coordinates":[[80.224678,13.028414],[80.225761,13.028192]]},"properties":{"candidate_id":"214356690-x2","osm_way_id":214356690,"name":"","highway":"secondary","structure":"underpass","reasons":["under_rail_bridge"],"length_m":539,"tags":{"highway":"secondary","oneway":"yes"},"crossing":"railway#240340262"}},{"type":"Feature","id":"214356690-x3","geometry":{"type":"LineString","coordinates":[[80.224726,13.028405],[80.225809,13.028183]]},"properties":{"candidate_id":"214356690-x3","osm_way_id":214356690,"name":"","highway":"secondary","structure":"underpass","reasons":["under_rail_bridge"],"length_m":539,"tags":{"highway":"secondary","oneway":"yes"},"crossing":"railway#240340269"}},{"type":"Feature","id":"214356690-x4","geometry":{"type":"LineString","coordinates":[[80.224588,13.028433],[80.225672,13.028211]]},"properties":{"candidate_id":"214356690-x4","osm_way_id":214356690,"name":"","highway":"secondary","structure":"underpass","reasons":["under_rail_bridge"],"length_m":539,"tags":{"highway":"secondary","oneway":"yes"},"crossing":"railway#240340273"}},{"type":"Feature","id":"214413838-x1","geometry":{"type":"LineString","coordinates":[[80.251636,12.987953],[80.251803,12.987986]]},"properties":{"candidate_id":"214413838-x1","osm_way_id":214413838,"name":"West Avenue Road","highway":"primary","structure":"underpass","reasons":["under_rail_bridge"],"length_m":42,"tags":{"name":"West Avenue Road","highway":"primary","oneway":"yes"},"crossing":"railway#59909721"}},{"type":"Feature","id":"214413838-x2","geometry":{"type":"LineString","coordinates":[[80.251636,12.987953],[80.251803,12.987986]]},"properties":{"candidate_id":"214413838-x2","osm_way_id":214413838,"name":"West Avenue Road","highway":"primary","structure":"underpass","reasons":["under_rail_bridge"],"length_m":42,"tags":{"name":"West Avenue Road","highway":"primary","oneway":"yes"},"crossing":"railway#235920568"}},{"type":"Feature","id":"214698554","geometry":{"type":"LineString","coordinates":[[80.27618,13.077207],[80.27615,13.077834],[80.276146,13.077898],[80.276137,13.077954],[80.276117,13.078001],[80.276084,13.078054],[80.27604,13.078098],[80.275988,13.078133],[80.275926,13.078156],[80.275726,13.078214],[80.275644,13.07824],[80.275557,13.078274],[80.275459,13.078314],[80.275389,13.078352],[80.275311,13.078411],[80.275245,13.078479],[80.275197,13.078543],[80.275172,13.078589],[80.275146,13.078659],[80.27513,13.078719],[80.275123,13.078773],[80.275121,13.078844],[80.275125,13.078914],[80.275136,13.078987],[80.275157,13.079084],[80.275253,13.079509],[80.275269,13.079581],[80.27527,13.079585],[80.275282,13.079657],[80.275289,13.079723],[80.275293,13.07981],[80.275294,13.079879],[80.275292,13.079931],[80.275284,13.080028],[80.275273,13.080138],[80.275141,13.081429]]},"properties":{"candidate_id":"214698554","osm_way_id":214698554,"name":"Stanley Viaduct","highway":"secondary","structure":"low_bridge","reasons":["bridge_over_water"],"length_m":531,"tags":{"name":"Stanley Viaduct","highway":"secondary","bridge":"yes","layer":"2","oneway":"yes"}}},{"type":"Feature","id":"214698601-x1","geometry":{"type":"LineString","coordinates":[[80.273966,13.078178],[80.27381,13.078377]]},"properties":{"candidate_id":"214698601-x1","osm_way_id":214698601,"name":"","highway":"service","structure":"underpass","reasons":["under_rail_bridge"],"length_m":67,"tags":{"highway":"service"},"crossing":"railway#549727222"}},{"type":"Feature","id":"214698601-x2","geometry":{"type":"LineString","coordinates":[[80.273966,13.078178],[80.27381,13.078377]]},"properties":{"candidate_id":"214698601-x2","osm_way_id":214698601,"name":"","highway":"service","structure":"underpass","reasons":["under_rail_bridge"],"length_m":67,"tags":{"highway":"service"},"crossing":"railway#549727268"}},{"type":"Feature","id":"215762558-x1","geometry":{"type":"LineString","coordinates":[[80.213296,13.028085],[80.212619,13.028291]]},"properties":{"candidate_id":"215762558-x1","osm_way_id":215762558,"name":"","highway":"residential","structure":"culvert","reasons":["waterway_crossing"],"length_m":232,"tags":{"highway":"residential"},"crossing":"canal:Jafferkhanpet Canal#27709396"}},{"type":"Feature","id":"217723251-x1","geometry":{"type":"LineString","coordinates":[[80.262649,13.094681],[80.26262,13.094924]]},"properties":{"candidate_id":"217723251-x1","osm_way_id":217723251,"name":"Angalamman Kovli Street","highway":"tertiary","structure":"dip","reasons":["waterway_crossing"],"length_m":564,"tags":{"name":"Angalamman Kovli Street","highway":"tertiary"},"crossing":"drain#30981164"}},{"type":"Feature","id":"217745270","geometry":{"type":"LineString","coordinates":[[80.229085,13.071069],[80.22912,13.071071],[80.229145,13.071075],[80.229199,13.071088],[80.229229,13.071099],[80.229255,13.071115],[80.229276,13.071131],[80.229299,13.071153],[80.229319,13.071182],[80.229339,13.07122],[80.229364,13.071267],[80.229403,13.071358],[80.229645,13.071945],[80.229656,13.071965],[80.229667,13.071985],[80.229677,13.071999],[80.229694,13.07202],[80.229715,13.072038],[80.229732,13.07205]]},"properties":{"candidate_id":"217745270","osm_way_id":217745270,"name":"Mehta Nagar Bridge","highway":"residential","structure":"low_bridge","reasons":["bridge_over_water"],"length_m":136,"tags":{"name":"Mehta Nagar Bridge","highway":"residential","bridge":"yes","layer":"1"}}},{"type":"Feature","id":"217747519","geometry":{"type":"LineString","coordinates":[[80.217439,13.061489],[80.217395,13.061815]]},"properties":{"candidate_id":"217747519","osm_way_id":217747519,"name":"","highway":"residential","structure":"low_bridge","reasons":["bridge_over_water"],"length_m":36,"tags":{"highway":"residential","bridge":"yes","layer":"1"}}},{"type":"Feature","id":"217920502","geometry":{"type":"LineString","coordinates":[[80.206563,13.109991],[80.206719,13.111375]]},"properties":{"candidate_id":"217920502","osm_way_id":217920502,"name":"","highway":"tertiary","structure":"underpass","reasons":["tunnel=yes","layer<0"],"length_m":154,"tags":{"highway":"tertiary","tunnel":"yes","layer":"-1","lanes":"2"}}},{"type":"Feature","id":"217936096-x1","geometry":{"type":"LineString","coordinates":[[80.251337,13.121319],[80.251461,13.121792]]},"properties":{"candidate_id":"217936096-x1","osm_way_id":217936096,"name":"Main Road","highway":"residential","structure":"culvert","reasons":["waterway_crossing"],"length_m":242,"tags":{"name":"Main Road","highway":"residential"},"crossing":"drain:Vyasarpadi Canal#1202708880"}},{"type":"Feature","id":"232401914-x1","geometry":{"type":"LineString","coordinates":[[80.252233,13.074874],[80.252037,13.074862]]},"properties":{"candidate_id":"232401914-x1","osm_way_id":232401914,"name":"","highway":"service","structure":"dip","reasons":["waterway_crossing"],"length_m":145,"tags":{"highway":"service"},"crossing":"drain#217696076"}},{"type":"Feature","id":"232401915-x1","geometry":{"type":"LineString","coordinates":[[80.251433,13.078676],[80.251416,13.078608]]},"properties":{"candidate_id":"232401915-x1","osm_way_id":232401915,"name":"","highway":"service","structure":"dip","reasons":["waterway_crossing"],"length_m":39,"tags":{"highway":"service"},"crossing":"drain#217696076"}},{"type":"Feature","id":"237376085-x1","geometry":{"type":"LineString","coordinates":[[80.212682,13.1501],[80.213545,13.14942]]},"properties":{"candidate_id":"237376085-x1","osm_way_id":237376085,"name":"Grand Northern Trunk Road","highway":"trunk","structure":"dip","reasons":["waterway_crossing"],"length_m":1395,"tags":{"name":"Grand Northern Trunk Road","ref":"NH16","highway":"trunk","oneway":"yes"},"crossing":"drain#102553767"}},{"type":"Feature","id":"240340223","geometry":{"type":"LineString","coordinates":[[80.233213,13.070074],[80.234047,13.069707]]},"properties":{"candidate_id":"240340223","osm_way_id":240340223,"name":"Harrington Road","highway":"tertiary","structure":"underpass","reasons":["tunnel=yes","layer<0"],"length_m":99,"tags":{"name":"Harrington Road","highway":"tertiary","tunnel":"yes","layer":"-1","oneway":"yes"}}},{"type":"Feature","id":"240340224","geometry":{"type":"LineString","coordinates":[[80.234031,13.069681],[80.233206,13.070047]]},"properties":{"candidate_id":"240340224","osm_way_id":240340224,"name":"Harrington Road","highway":"tertiary","structure":"underpass","reasons":["tunnel=yes","layer<0"],"length_m":98,"tags":{"name":"Harrington Road","highway":"tertiary","tunnel":"yes","layer":"-1","oneway":"yes"}}},{"type":"Feature","id":"240472105","geometry":{"type":"LineString","coordinates":[[80.260236,13.063854],[80.260899,13.063657]]},"properties":{"candidate_id":"240472105","osm_way_id":240472105,"name":"Commander-In-Chief Bridge","highway":"secondary","structure":"low_bridge","reasons":["bridge_over_water"],"length_m":75,"tags":{"name":"Commander-In-Chief Bridge","highway":"secondary","bridge":"yes","layer":"1","oneway":"yes","lanes":"2"}}},{"type":"Feature","id":"241218778-x1","geometry":{"type":"LineString","coordinates":[[80.274538,13.071692],[80.274661,13.07175]]},"properties":{"candidate_id":"241218778-x1","osm_way_id":241218778,"name":"Swami Sivananda Salai","highway":"tertiary","structure":"underpass","reasons":["under_rail_bridge"],"length_m":980,"tags":{"name":"Swami Sivananda Salai","highway":"tertiary","oneway":"yes"},"crossing":"railway#240340228"}},{"type":"Feature","id":"241218778-x2","geometry":{"type":"LineString","coordinates":[[80.274538,13.071692],[80.274661,13.07175]]},"properties":{"candidate_id":"241218778-x2","osm_way_id":241218778,"name":"Swami Sivananda Salai","highway":"tertiary","structure":"underpass","reasons":["under_rail_bridge"],"length_m":980,"tags":{"name":"Swami Sivananda Salai","highway":"tertiary","oneway":"yes"},"crossing":"railway#549727267"}},{"type":"Feature","id":"244466147-x1","geometry":{"type":"LineString","coordinates":[[80.202261,12.978942],[80.201242,12.979365]]},"properties":{"candidate_id":"244466147-x1","osm_way_id":244466147,"name":"Inner Ring Road (Southern Sector)","highway":"primary","structure":"culvert","reasons":["waterway_crossing"],"length_m":647,"tags":{"name":"Inner Ring Road (Southern Sector)","ref":"SH2A","highway":"primary","oneway":"yes","surface":"asphalt"},"crossing":"drain:Veerangal Canal#1080320415"}},{"type":"Feature","id":"262230672-x1","geometry":{"type":"LineString","coordinates":[[80.171189,13.015308],[80.171166,13.015372]]},"properties":{"candidate_id":"262230672-x1","osm_way_id":262230672,"name":"","highway":"track","structure":"dip","reasons":["waterway_crossing"],"length_m":43,"tags":{"highway":"track"},"crossing":"drain:Open drain#210934230"}},{"type":"Feature","id":"263458094","geometry":{"type":"LineString","coordinates":[[80.234115,13.101696],[80.234153,13.101965]]},"properties":{"candidate_id":"263458094","osm_way_id":263458094,"name":"","highway":"residential","structure":"low_bridge","reasons":["bridge_over_water"],"length_m":30,"tags":{"highway":"residential","bridge":"yes","layer":"1","surface":"metal"}}},{"type":"Feature","id":"275459532","geometry":{"type":"LineString","coordinates":[[80.232585,13.066188],[80.233314,13.065948]]},"properties":{"candidate_id":"275459532","osm_way_id":275459532,"name":"Nungambakkam Subway","highway":"secondary","structure":"underpass","reasons":["tunnel=yes","layer<0"],"length_m":83,"tags":{"name":"Nungambakkam Subway","highway":"secondary","tunnel":"yes","layer":"-1","oneway":"yes","lanes":"2"}}},{"type":"Feature","id":"275459533","geometry":{"type":"LineString","coordinates":[[80.233285,13.065882],[80.232562,13.066119]]},"properties":{"candidate_id":"275459533","osm_way_id":275459533,"name":"Nungambakkam Subway","highway":"secondary","structure":"underpass","reasons":["tunnel=yes","layer<0"],"length_m":83,"tags":{"name":"Nungambakkam Subway","highway":"secondary","tunnel":"yes","layer":"-1","oneway":"yes","lanes":"2"}}},{"type":"Feature","id":"306732037","geometry":{"type":"LineString","coordinates":[[80.084102,12.994593],[80.084018,12.994614]]},"properties":{"candidate_id":"306732037","osm_way_id":306732037,"name":"Kodambakkam \u2013 Sriperumbudur Road","highway":"primary","structure":"low_bridge","reasons":["bridge_over_water"],"length_m":9,"tags":{"name":"Kodambakkam \u2013 Sriperumbudur Road","ref":"SH113","highway":"primary","bridge":"yes","layer":"1","oneway":"yes"}}},{"type":"Feature","id":"306732038","geometry":{"type":"LineString","coordinates":[[80.094713,12.997516],[80.094487,12.997467]]},"properties":{"candidate_id":"306732038","osm_way_id":306732038,"name":"Kodambakkam \u2013 Sriperumbudur Road","highway":"primary","structure":"low_bridge","reasons":["bridge_over_water"],"length_m":25,"tags":{"name":"Kodambakkam \u2013 Sriperumbudur Road","ref":"SH113","highway":"primary","bridge":"yes","layer":"1"}}},{"type":"Feature","id":"306732041","geometry":{"type":"LineString","coordinates":[[80.09444,12.99811],[80.094624,12.998134]]},"properties":{"candidate_id":"306732041","osm_way_id":306732041,"name":"","highway":"residential","structure":"low_bridge","reasons":["bridge_over_water"],"length_m":20,"tags":{"highway":"residential","bridge":"yes","layer":"1"}}},{"type":"Feature","id":"306732042","geometry":{"type":"LineString","coordinates":[[80.105577,13.0212],[80.105802,13.021437]]},"properties":{"candidate_id":"306732042","osm_way_id":306732042,"name":"Poonamallee - Kundrathur - Pallavaram Road","highway":"primary","structure":"low_bridge","reasons":["bridge_over_water"],"length_m":36,"tags":{"name":"Poonamallee - Kundrathur - Pallavaram Road","ref":"SH113A","highway":"primary","bridge":"yes","layer":"1","oneway":"yes"}}},{"type":"Feature","id":"306732043","geometry":{"type":"LineString","coordinates":[[80.094385,12.998982],[80.094202,12.999007]]},"properties":{"candidate_id":"306732043","osm_way_id":306732043,"name":"","highway":"residential","structure":"low_bridge","reasons":["bridge_over_water"],"length_m":20,"tags":{"highway":"residential","bridge":"yes","layer":"1"}}},{"type":"Feature","id":"312878631-x1","geometry":{"type":"LineString","coordinates":[[80.19594,12.992653],[80.195313,12.992522]]},"properties":{"candidate_id":"312878631-x1","osm_way_id":312878631,"name":"","highway":"residential","structure":"underpass","reasons":["under_rail_bridge"],"length_m":70,"tags":{"highway":"residential"},"crossing":"railway#28620048"}},{"type":"Feature","id":"312878631-x2","geometry":{"type":"LineString","coordinates":[[80.19594,12.992653],[80.195313,12.992522]]},"properties":{"candidate_id":"312878631-x2","osm_way_id":312878631,"name":"","highway":"residential","structure":"underpass","reasons":["under_rail_bridge"],"length_m":70,"tags":{"highway":"residential"},"crossing":"railway#235921450"}},{"type":"Feature","id":"313423388","geometry":{"type":"LineString","coordinates":[[80.174111,13.111228],[80.174295,13.113137],[80.174378,13.114078],[80.174411,13.114542],[80.174443,13.1151],[80.174443,13.115343],[80.174407,13.115539],[80.174358,13.115734],[80.174274,13.115944],[80.174152,13.11611],[80.173989,13.116291],[80.1738,13.11644],[80.173596,13.116559],[80.173405,13.116627],[80.173221,13.116686]]},"properties":{"candidate_id":"313423388","osm_way_id":313423388,"name":"Pattaravakam ROB","highway":"secondary","structure":"low_bridge","reasons":["bridge_over_water"],"length_m":670,"tags":{"name":"Pattaravakam ROB","highway":"secondary","bridge":"yes","layer":"1","lanes":"2"}}},{"type":"Feature","id":"315524594","geometry":{"type":"LineString","coordinates":[[80.128237,12.959841],[80.128381,12.959822]]},"properties":{"candidate_id":"315524594","osm_way_id":315524594,"name":"","highway":"residential","structure":"low_bridge","reasons":["bridge_over_water"],"length_m":16,"tags":{"highway":"residential","bridge":"yes","layer":"1"}}},{"type":"Feature","id":"321738507","geometry":{"type":"LineString","coordinates":[[80.128993,12.958599],[80.128757,12.958423]]},"properties":{"candidate_id":"321738507","osm_way_id":321738507,"name":"Tiruneermalai Main Road","highway":"secondary","structure":"low_bridge","reasons":["bridge_over_water"],"length_m":32,"tags":{"name":"Tiruneermalai Main Road","ref":"MDR1163","highway":"secondary","bridge":"yes","layer":"1"}}},{"type":"Feature","id":"331658840","geometry":{"type":"LineString","coordinates":[[80.261696,13.126557],[80.261627,13.127196]]},"properties":{"candidate_id":"331658840","osm_way_id":331658840,"name":"KKD Nagar Service Bridge","highway":"residential","structure":"low_bridge","reasons":["bridge_over_water"],"length_m":71,"tags":{"name":"KKD Nagar Service Bridge","highway":"residential","bridge":"yes","layer":"1","oneway":"no","surface":"concrete"}}},{"type":"Feature","id":"331901996","geometry":{"type":"LineString","coordinates":[[80.221505,12.96747],[80.22151,12.967437],[80.221543,12.96722]]},"properties":{"candidate_id":"331901996","osm_way_id":331901996,"name":"Velachery MRTS","highway":"tertiary","structure":"underpass","reasons":["tunnel=yes","layer<0"],"length_m":28,"tags":{"name":"Velachery MRTS","highway":"tertiary","tunnel":"yes","layer":"-1"}}},{"type":"Feature","id":"354099036-x1","geometry":{"type":"LineString","coordinates":[[80.201235,12.97872],[80.201277,12.979106]]},"properties":{"candidate_id":"354099036-x1","osm_way_id":354099036,"name":"Vidhya Nagar Main Road","highway":"residential","structure":"culvert","reasons":["waterway_crossing"],"length_m":43,"tags":{"name":"Vidhya Nagar Main Road","highway":"residential"},"crossing":"drain:Veerangal Canal#328358961"}},{"type":"Feature","id":"354200286","geometry":{"type":"LineString","coordinates":[[80.302709,13.172955],[80.302501,13.173052]]},"properties":{"candidate_id":"354200286","osm_way_id":354200286,"name":"","highway":"tertiary","structure":"underpass","reasons":["tunnel=yes","layer<0"],"length_m":25,"tags":{"highway":"tertiary","tunnel":"yes","layer":"-1"}}},{"type":"Feature","id":"363759251-x1","geometry":{"type":"LineString","coordinates":[[80.102372,13.116279],[80.101279,13.116447]]},"properties":{"candidate_id":"363759251-x1","osm_way_id":363759251,"name":"Mount - Poonamallee - Avadi Road","highway":"primary","structure":"culvert","reasons":["waterway_crossing"],"length_m":323,"tags":{"name":"Mount - Poonamallee - Avadi Road","ref":"SH55","highway":"primary","oneway":"yes"},"crossing":"drain#1040499033"}},{"type":"Feature","id":"364383368-x1","geometry":{"type":"LineString","coordinates":[[80.186845,13.054676],[80.186527,13.054826]]},"properties":{"candidate_id":"364383368-x1","osm_way_id":364383368,"name":"kamarajar Salai, AVM Avenue 1st Main Road","highway":"tertiary","structure":"culvert","reasons":["waterway_crossing"],"length_m":1480,"tags":{"name":"kamarajar Salai, AVM Avenue 1st Main Road","highway":"tertiary","oneway":"no","surface":"paved"},"crossing":"drain:Virugambakkam Canal#1298345128"}},{"type":"Feature","id":"367465307","geometry":{"type":"LineString","coordinates":[[80.110667,12.965594],[80.109841,12.965789]]},"properties":{"candidate_id":"367465307","osm_way_id":367465307,"name":"Thirumudivakkam High Road","highway":"secondary","structure":"low_bridge","reasons":["bridge_over_water"],"length_m":92,"tags":{"name":"Thirumudivakkam High Road","ref":"MDR1163","highway":"secondary","bridge":"yes","layer":"1"}}},{"type":"Feature","id":"367465308-x1","geometry":{"type":"LineString","coordinates":[[80.09396,12.989777],[80.094071,12.990004]]},"properties":{"candidate_id":"367465308-x1","osm_way_id":367465308,"name":"Kundrathur Road","highway":"tertiary","structure":"culvert","reasons":["waterway_crossing"],"length_m":3688,"tags":{"name":"Kundrathur Road","ref":"O3278","highway":"tertiary"},"crossing":"drain#1150294716"}},{"type":"Feature","id":"377123628","geometry":{"type":"LineString","coordinates":[[80.241805,12.99015],[80.241814,12.990207],[80.24193,12.99023],[80.241926,12.990495]]},"properties":{"candidate_id":"377123628","osm_way_id":377123628,"name":"","highway":"service","structure":"none","reasons":["tunnel=building_passage"],"length_m":48,"tags":{"highway":"service","tunnel":"building_passage"}}},{"type":"Feature","id":"383730516","geometry":{"type":"LineString","coordinates":[[80.115909,12.991024],[80.115747,12.991182]]},"properties":{"candidate_id":"383730516","osm_way_id":383730516,"name":"Poonamallee - Kundrathur - Pallavaram Road","highway":"primary","structure":"low_bridge","reasons":["bridge_over_water"],"length_m":25,"tags":{"name":"Poonamallee - Kundrathur - Pallavaram Road","ref":"SH113A","highway":"primary","bridge":"yes","layer":"1"}}},{"type":"Feature","id":"383754560","geometry":{"type":"LineString","coordinates":[[80.104683,13.004895],[80.104416,13.004828]]},"properties":{"candidate_id":"383754560","osm_way_id":383754560,"name":"Kodambakkam \u2013 Sriperumbudur Road","highway":"primary","structure":"low_bridge","reasons":["bridge_over_water"],"length_m":30,"tags":{"name":"Kodambakkam \u2013 Sriperumbudur Road","ref":"SH113","highway":"primary","bridge":"yes","layer":"1","oneway":"yes","surface":"asphalt"}}},{"type":"Feature","id":"383833226-x1","geometry":{"type":"LineString","coordinates":[[80.085418,13.014496],[80.085314,13.014508]]},"properties":{"candidate_id":"383833226-x1","osm_way_id":383833226,"name":"","highway":"residential","structure":"culvert","reasons":["waterway_crossing"],"length_m":277,"tags":{"highway":"residential"},"crossing":"ditch:Chembarambakkam irrigation canal#836320369"}},{"type":"Feature","id":"383833226-x2","geometry":{"type":"LineString","coordinates":[[80.083054,13.014697],[80.08291,13.014778]]},"properties":{"candidate_id":"383833226-x2","osm_way_id":383833226,"name":"","highway":"residential","structure":"dip","reasons":["waterway_crossing"],"length_m":277,"tags":{"highway":"residential"},"crossing":"drain:Chembarambakkam Irrigation canal#383730513"}},{"type":"Feature","id":"384143084-x1","geometry":{"type":"LineString","coordinates":[[80.089022,12.997896],[80.088823,12.997977]]},"properties":{"candidate_id":"384143084-x1","osm_way_id":384143084,"name":"","highway":"residential","structure":"dip","reasons":["waterway_crossing"],"length_m":135,"tags":{"highway":"residential"},"crossing":"drain#1150294708"}},{"type":"Feature","id":"384143088-x1","geometry":{"type":"LineString","coordinates":[[80.080966,12.992327],[80.081127,12.992732]]},"properties":{"candidate_id":"384143088-x1","osm_way_id":384143088,"name":"","highway":"residential","structure":"culvert","reasons":["waterway_crossing"],"length_m":257,"tags":{"highway":"residential"},"crossing":"ditch#696533232"}},{"type":"Feature","id":"384228967-x1","geometry":{"type":"LineString","coordinates":[[80.087257,13.006787],[80.086933,13.005748]]},"properties":{"candidate_id":"384228967-x1","osm_way_id":384228967,"name":"","highway":"unclassified","structure":"culvert","reasons":["waterway_crossing"],"length_m":365,"tags":{"highway":"unclassified"},"crossing":"stream#836320342"}},{"type":"Feature","id":"384228971-x1","geometry":{"type":"LineString","coordinates":[[80.085749,13.005854],[80.085721,13.006192]]},"properties":{"candidate_id":"384228971-x1","osm_way_id":384228971,"name":"","highway":"unclassified","structure":"culvert","reasons":["waterway_crossing"],"length_m":401,"tags":{"highway":"unclassified"},"crossing":"drain#836326675"}},{"type":"Feature","id":"384228971-x2","geometry":{"type":"LineString","coordinates":[[80.08574,13.006649],[80.086017,13.007519]]},"properties":{"candidate_id":"384228971-x2","osm_way_id":384228971,"name":"","highway":"unclassified","structure":"culvert","reasons":["waterway_crossing"],"length_m":401,"tags":{"highway":"unclassified"},"crossing":"stream#836320358"}},{"type":"Feature","id":"384228987-x1","geometry":{"type":"LineString","coordinates":[[80.089568,13.013599],[80.089659,13.013795]]},"properties":{"candidate_id":"384228987-x1","osm_way_id":384228987,"name":"","highway":"track","structure":"dip","reasons":["waterway_crossing"],"length_m":488,"tags":{"highway":"track"},"crossing":"canal#383833229"}},{"type":"Feature","id":"384228994-x1","geometry":{"type":"LineString","coordinates":[[80.085625,13.01296],[80.08568,13.012926]]},"properties":{"candidate_id":"384228994-x1","osm_way_id":384228994,"name":"","highway":"residential","structure":"culvert","reasons":["waterway_crossing"],"length_m":270,"tags":{"highway":"residential"},"crossing":"ditch:Chembarambakkam irrigation canal#836320367"}},{"type":"Feature","id":"384311375-x1","geometry":{"type":"LineString","coordinates":[[80.201827,12.949793],[80.202077,12.949722]]},"properties":{"candidate_id":"384311375-x1","osm_way_id":384311375,"name":"","highway":"track","structure":"dip","reasons":["waterway_crossing"],"length_m":405,"tags":{"highway":"track"},"crossing":"drain#102559091"}},{"type":"Feature","id":"384337756","geometry":{"type":"LineString","coordinates":[[80.075669,12.920865],[80.075741,12.920603]]},"properties":{"candidate_id":"384337756","osm_way_id":384337756,"name":"","highway":"residential","structure":"low_bridge","reasons":["bridge_over_water"],"length_m":30,"tags":{"highway":"residential","bridge":"yes","layer":"1"}}},{"type":"Feature","id":"384412008-x1","geometry":{"type":"LineString","coordinates":[[80.115666,13.004906],[80.115616,13.004421]]},"properties":{"candidate_id":"384412008-x1","osm_way_id":384412008,"name":"","highway":"residential","structure":"dip","reasons":["waterway_crossing"],"length_m":384,"tags":{"highway":"residential"},"crossing":"drain#102658265"}},{"type":"Feature","id":"384412132-x1","geometry":{"type":"LineString","coordinates":[[80.129458,13.006113],[80.129197,13.006132]]},"properties":{"candidate_id":"384412132-x1","osm_way_id":384412132,"name":"","highway":"residential","structure":"dip","reasons":["waterway_crossing"],"length_m":206,"tags":{"highway":"residential"},"crossing":"drain#102658271"}},{"type":"Feature","id":"384412150-x1","geometry":{"type":"LineString","coordinates":[[80.119141,13.017144],[80.11927,13.017444]]},"properties":{"candidate_id":"384412150-x1","osm_way_id":384412150,"name":"","highway":"residential","structure":"dip","reasons":["waterway_crossing"],"length_m":335,"tags":{"highway":"residential"},"crossing":"canal:Chembarambakkam irrigation canal#1151035779"}},{"type":"Feature","id":"384437274-x1","geometry":{"type":"LineString","coordinates":[[80.079906,12.961781],[80.079998,12.961763]]},"properties":{"candidate_id":"384437274-x1","osm_way_id":384437274,"name":"","highway":"residential","structure":"culvert","reasons":["waterway_crossing"],"length_m":474,"tags":{"highway":"residential"},"crossing":"ditch#1191369641"}},{"type":"Feature","id":"384466797-x1","geometry":{"type":"LineString","coordinates":[[80.070196,12.986772],[80.070413,12.986808]]},"properties":{"candidate_id":"384466797-x1","osm_way_id":384466797,"name":"","highway":"residential","structure":"culvert","reasons":["waterway_crossing"],"length_m":675,"tags":{"highway":"residential"},"crossing":"drain#696363613"}},{"type":"Feature","id":"384466798-x1","geometry":{"type":"LineString","coordinates":[[80.070155,12.986403],[80.070391,12.986382]]},"properties":{"candidate_id":"384466798-x1","osm_way_id":384466798,"name":"","highway":"residential","structure":"culvert","reasons":["waterway_crossing"],"length_m":670,"tags":{"highway":"residential"},"crossing":"drain#696533217"}},{"type":"Feature","id":"384478264-x1","geometry":{"type":"LineString","coordinates":[[80.085002,13.010172],[80.085382,13.009876]]},"properties":{"candidate_id":"384478264-x1","osm_way_id":384478264,"name":"","highway":"track","structure":"culvert","reasons":["waterway_crossing"],"length_m":741,"tags":{"highway":"track"},"crossing":"stream:Chembarampakkam water for irrigation#706900387"}},{"type":"Feature","id":"384478272-x1","geometry":{"type":"LineString","coordinates":[[80.081943,13.019533],[80.081939,13.019486]]},"properties":{"candidate_id":"384478272-x1","osm_way_id":384478272,"name":"","highway":"unclassified","structure":"culvert","reasons":["waterway_crossing"],"length_m":584,"tags":{"highway":"unclassified"},"crossing":"canal#706900380"}},{"type":"Feature","id":"384479660-x1","geometry":{"type":"LineString","coordinates":[[80.086886,13.009527],[80.086664,13.0093]]},"properties":{"candidate_id":"384479660-x1","osm_way_id":384479660,"name":"","highway":"unclassified","structure":"culvert","reasons":["waterway_crossing"],"length_m":316,"tags":{"highway":"unclassified"},"crossing":"stream:Chembarampakkam water for irrigation#836326673"}},{"type":"Feature","id":"384491033-x1","geometry":{"type":"LineString","coordinates":[[80.0753,12.982181],[80.075996,12.981804]]},"properties":{"candidate_id":"384491033-x1","osm_way_id":384491033,"name":"","highway":"track","structure":"culvert","reasons":["waterway_crossing"],"length_m":386,"tags":{"highway":"track"},"crossing":"ditch#696533227"}},{"type":"Feature","id":"384529827-x1","geometry":{"type":"LineString","coordinates":[[80.187208,13.109724],[80.187203,13.109849]]},"properties":{"candidate_id":"384529827-x1","osm_way_id":384529827,"name":"","highway":"residential","structure":"dip","reasons":["waterway_crossing"],"length_m":439,"tags":{"highway":"residential"},"crossing":"drain#102574544"}},{"type":"Feature","id":"384610997-x1","geometry":{"type":"LineString","coordinates":[[80.273716,13.11021],[80.273814,13.110356]]},"properties":{"candidate_id":"384610997-x1","osm_way_id":384610997,"name":"Cochrane Basin Road","highway":"secondary","structure":"underpass","reasons":["under_rail_bridge"],"length_m":422,"tags":{"name":"Cochrane Basin Road","highway":"secondary"},"crossing":"railway#23966126"}},{"type":"Feature","id":"384610997-x2","geometry":{"type":"LineString","coordinates":[[80.273716,13.11021],[80.273814,13.110356]]},"properties":{"candidate_id":"384610997-x2","osm_way_id":384610997,"name":"Cochrane Basin Road","highway":"secondary","structure":"underpass","reasons":["under_rail_bridge"],"length_m":422,"tags":{"name":"Cochrane Basin Road","highway":"secondary"},"crossing":"railway#53349203"}},{"type":"Feature","id":"384976472-x1","geometry":{"type":"LineString","coordinates":[[80.091919,13.002798],[80.092361,13.002833]]},"properties":{"candidate_id":"384976472-x1","osm_way_id":384976472,"name":"","highway":"residential","structure":"culvert","reasons":["waterway_crossing"],"length_m":201,"tags":{"highway":"residential"},"crossing":"stream#836320341"}},{"type":"Feature","id":"384986793-x1","geometry":{"type":"LineString","coordinates":[[80.09385,12.992368],[80.093954,12.992399]]},"properties":{"candidate_id":"384986793-x1","osm_way_id":384986793,"name":"","highway":"residential","structure":"culvert","reasons":["waterway_crossing"],"length_m":429,"tags":{"highway":"residential"},"crossing":"drain#1150294714"}},{"type":"Feature","id":"385085292-x1","geometry":{"type":"LineString","coordinates":[[80.05184,12.858622],[80.052134,12.858625]]},"properties":{"candidate_id":"385085292-x1","osm_way_id":385085292,"name":"","highway":"residential","structure":"culvert","reasons":["waterway_crossing"],"length_m":212,"tags":{"highway":"residential"},"crossing":"drain#1151570514"}},{"type":"Feature","id":"385085299-x1","geometry":{"type":"LineString","coordinates":[[80.052413,12.853343],[80.052494,12.853372]]},"properties":{"candidate_id":"385085299-x1","osm_way_id":385085299,"name":"","highway":"residential","structure":"culvert","reasons":["waterway_crossing"],"length_m":704,"tags":{"highway":"residential"},"crossing":"drain#1151570508"}},{"type":"Feature","id":"385085307-x1","geometry":{"type":"LineString","coordinates":[[80.05451,12.8653],[80.054633,12.865276]]},"properties":{"candidate_id":"385085307-x1","osm_way_id":385085307,"name":"","highway":"residential","structure":"culvert","reasons":["waterway_crossing"],"length_m":194,"tags":{"highway":"residential"},"crossing":"drain#1151570523"}},{"type":"Feature","id":"385085308-x1","geometry":{"type":"LineString","coordinates":[[80.054617,12.866073],[80.054972,12.866074]]},"properties":{"candidate_id":"385085308-x1","osm_way_id":385085308,"name":"","highway":"residential","structure":"culvert","reasons":["waterway_crossing"],"length_m":277,"tags":{"highway":"residential"},"crossing":"drain#1151570521"}},{"type":"Feature","id":"385177408","geometry":{"type":"LineString","coordinates":[[80.090321,13.174708],[80.090317,13.174433]]},"properties":{"candidate_id":"385177408","osm_way_id":385177408,"name":"","highway":"tertiary","structure":"low_bridge","reasons":["bridge_over_water"],"length_m":30,"tags":{"highway":"tertiary","bridge":"yes","layer":"1"}}},{"type":"Feature","id":"385231083","geometry":{"type":"LineString","coordinates":[[80.174048,13.194133],[80.174311,13.194301]]},"properties":{"candidate_id":"385231083","osm_way_id":385231083,"name":"Singaperumalkoil - Sriperumbudur - Thiruvallur - Red Hills Road","highway":"primary","structure":"low_bridge","reasons":["bridge_over_water"],"length_m":34,"tags":{"name":"Singaperumalkoil - Sriperumbudur - Thiruvallur - Red Hills Road","ref":"SH57","highway":"primary","bridge":"yes","layer":"1","oneway":"yes"}}},{"type":"Feature","id":"385267357","geometry":{"type":"LineString","coordinates":[[80.190129,13.186203],[80.190067,13.186313],[80.189989,13.18646],[80.189893,13.186694],[80.189885,13.186714],[80.189791,13.186959],[80.189729,13.187121],[80.189614,13.187368]]},"properties":{"candidate_id":"385267357","osm_way_id":385267357,"name":"Grand Northern Trunk Road (Old NH5)","highway":"primary","structure":"low_bridge","reasons":["bridge_over_water"],"length_m":141,"tags":{"name":"Grand Northern Trunk Road (Old NH5)","ref":"SHU15","highway":"primary","bridge":"yes","layer":"1","oneway":"yes"}}},{"type":"Feature","id":"385279993-x1","geometry":{"type":"LineString","coordinates":[[80.072664,13.163522],[80.07253,13.163089]]},"properties":{"candidate_id":"385279993-x1","osm_way_id":385279993,"name":"","highway":"track","structure":"dip","reasons":["waterway_crossing"],"length_m":1320,"tags":{"highway":"track"},"crossing":"canal#385279995"}},{"type":"Feature","id":"385279993-x2","geometry":{"type":"LineString","coordinates":[[80.070904,13.15891],[80.070872,13.158612]]},"properties":{"candidate_id":"385279993-x2","osm_way_id":385279993,"name":"","highway":"track","structure":"dip","reasons":["waterway_crossing"],"length_m":1320,"tags":{"highway":"track"},"crossing":"canal#385279994"}},{"type":"Feature","id":"385393412","geometry":{"type":"LineString","coordinates":[[80.095007,12.937638],[80.094713,12.937731]]},"properties":{"candidate_id":"385393412","osm_way_id":385393412,"name":"Darkas Road","highway":"secondary","structure":"low_bridge","reasons":["bridge_over_water"],"length_m":34,"tags":{"name":"Darkas Road","ref":"MDR1164","highway":"secondary","bridge":"yes","layer":"1"}}},{"type":"Feature","id":"385687044-x1","geometry":{"type":"LineString","coordinates":[[80.192815,13.130584],[80.193027,13.130667]]},"properties":{"candidate_id":"385687044-x1","osm_way_id":385687044,"name":"","highway":"residential","structure":"dip","reasons":["waterway_crossing"],"length_m":360,"tags":{"highway":"residential"},"crossing":"drain#1283482441"}},{"type":"Feature","id":"385687048-x1","geometry":{"type":"LineString","coordinates":[[80.194365,13.133239],[80.194371,13.133267]]},"properties":{"candidate_id":"385687048-x1","osm_way_id":385687048,"name":"","highway":"residential","structure":"dip","reasons":["waterway_crossing"],"length_m":119,"tags":{"highway":"residential"},"crossing":"drain#1289269138"}},{"type":"Feature","id":"385687049-x1","geometry":{"type":"LineString","coordinates":[[80.19387,13.133367],[80.193878,13.133398]]},"properties":{"candidate_id":"385687049-x1","osm_way_id":385687049,"name":"","highway":"residential","structure":"dip","reasons":["waterway_crossing"],"length_m":50,"tags":{"highway":"residential"},"crossing":"drain#1289269138"}},{"type":"Feature","id":"385687050-x1","geometry":{"type":"LineString","coordinates":[[80.191864,13.132902],[80.192899,13.132995]]},"properties":{"candidate_id":"385687050-x1","osm_way_id":385687050,"name":"","highway":"residential","structure":"culvert","reasons":["waterway_crossing"],"length_m":208,"tags":{"highway":"residential"},"crossing":"drain#1283482443"}},{"type":"Feature","id":"385687050-x2","geometry":{"type":"LineString","coordinates":[[80.193295,13.133534],[80.193324,13.133547]]},"properties":{"candidate_id":"385687050-x2","osm_way_id":385687050,"name":"","highway":"residential","structure":"dip","reasons":["waterway_crossing"],"length_m":208,"tags":{"highway":"residential"},"crossing":"drain#1289269138"}},{"type":"Feature","id":"385687052-x1","geometry":{"type":"LineString","coordinates":[[80.194118,13.133335],[80.194112,13.133309]]},"properties":{"candidate_id":"385687052-x1","osm_way_id":385687052,"name":"","highway":"residential","structure":"dip","reasons":["waterway_crossing"],"length_m":54,"tags":{"highway":"residential"},"crossing":"drain#1289269138"}},{"type":"Feature","id":"385687056-x1","geometry":{"type":"LineString","coordinates":[[80.194622,13.133141],[80.194631,13.133168]]},"properties":{"candidate_id":"385687056-x1","osm_way_id":385687056,"name":"","highway":"residential","structure":"dip","reasons":["waterway_crossing"],"length_m":85,"tags":{"highway":"residential"},"crossing":"drain#1289269138"}},{"type":"Feature","id":"385688605-x1","geometry":{"type":"LineString","coordinates":[[80.197479,13.132119],[80.197469,13.132073]]},"properties":{"candidate_id":"385688605-x1","osm_way_id":385688605,"name":"","highway":"residential","structure":"dip","reasons":["waterway_crossing"],"length_m":176,"tags":{"highway":"residential"},"crossing":"drain#1289269137"}},{"type":"Feature","id":"385688607-x1","geometry":{"type":"LineString","coordinates":[[80.197833,13.131997],[80.197778,13.131812]]},"properties":{"candidate_id":"385688607-x1","osm_way_id":385688607,"name":"","highway":"residential","structure":"dip","reasons":["waterway_crossing"],"length_m":71,"tags":{"highway":"residential"},"crossing":"drain#1289269137"}},{"type":"Feature","id":"385688609-x1","geometry":{"type":"LineString","coordinates":[[80.198657,13.13083],[80.199729,13.130564]]},"properties":{"candidate_id":"385688609-x1","osm_way_id":385688609,"name":"Annai Theresa Street","highway":"residential","structure":"dip","reasons":["waterway_crossing"],"length_m":121,"tags":{"name":"Annai Theresa Street","highway":"residential"},"crossing":"drain#1089517860"}},{"type":"Feature","id":"385688610-x1","geometry":{"type":"LineString","coordinates":[[80.199014,13.129999],[80.200075,13.12974]]},"properties":{"candidate_id":"385688610-x1","osm_way_id":385688610,"name":"Santhosh Nagar 4th Street","highway":"residential","structure":"dip","reasons":["waterway_crossing"],"length_m":119,"tags":{"name":"Santhosh Nagar 4th Street","highway":"residential","surface":"asphalt"},"crossing":"drain#1089517860"}},{"type":"Feature","id":"385688611-x1","geometry":{"type":"LineString","coordinates":[[80.199108,13.130403],[80.199495,13.13029]]},"properties":{"candidate_id":"385688611-x1","osm_way_id":385688611,"name":"Thiruvalluvar Street","highway":"residential","structure":"dip","reasons":["waterway_crossing"],"length_m":122,"tags":{"name":"Thiruvalluvar Street","highway":"residential"},"crossing":"drain#1089517860"}},{"type":"Feature","id":"385688612-x1","geometry":{"type":"LineString","coordinates":[[80.19927,13.131085],[80.199821,13.130946]]},"properties":{"candidate_id":"385688612-x1","osm_way_id":385688612,"name":"Santhosh Nagar Annex","highway":"residential","structure":"dip","reasons":["waterway_crossing"],"length_m":170,"tags":{"name":"Santhosh Nagar Annex","highway":"residential"},"crossing":"drain#1089517860"}},{"type":"Feature","id":"385688614-x1","geometry":{"type":"LineString","coordinates":[[80.200458,13.129529],[80.200396,13.12932]]},"properties":{"candidate_id":"385688614-x1","osm_way_id":385688614,"name":"Teachers Colony 7th Cross Street","highway":"residential","structure":"dip","reasons":["waterway_crossing"],"length_m":159,"tags":{"name":"Teachers Colony 7th Cross Street","highway":"residential"},"crossing":"drain#1289814514"}},{"type":"Feature","id":"385688614-x2","geometry":{"type":"LineString","coordinates":[[80.200458,13.129529],[80.200396,13.12932]]},"properties":{"candidate_id":"385688614-x2","osm_way_id":385688614,"name":"Teachers Colony 7th Cross Street","highway":"residential","structure":"dip","reasons":["waterway_crossing"],"length_m":159,"tags":{"name":"Teachers Colony 7th Cross Street","highway":"residential"},"crossing":"drain#1290230926"}},{"type":"Feature","id":"385688615-x1","geometry":{"type":"LineString","coordinates":[[80.201113,13.130405],[80.201069,13.130171]]},"properties":{"candidate_id":"385688615-x1","osm_way_id":385688615,"name":"","highway":"residential","structure":"dip","reasons":["waterway_crossing"],"length_m":112,"tags":{"highway":"residential"},"crossing":"drain#1089712389"}},{"type":"Feature","id":"385688616-x1","geometry":{"type":"LineString","coordinates":[[80.201729,13.129623],[80.202182,13.129548]]},"properties":{"candidate_id":"385688616-x1","osm_way_id":385688616,"name":"","highway":"residential","structure":"dip","reasons":["waterway_crossing"],"length_m":458,"tags":{"highway":"residential"},"crossing":"drain#1460011776"}},{"type":"Feature","id":"385688616-x2","geometry":{"type":"LineString","coordinates":[[80.201668,13.129635],[80.202759,13.12945]]},"properties":{"candidate_id":"385688616-x2","osm_way_id":385688616,"name":"","highway":"residential","structure":"dip","reasons":["waterway_crossing"],"length_m":458,"tags":{"highway":"residential"},"crossing":"drain#1286550656"}},{"type":"Feature","id":"385688618-x1","geometry":{"type":"LineString","coordinates":[[80.200458,13.129529],[80.200883,13.129421]]},"properties":{"candidate_id":"385688618-x1","osm_way_id":385688618,"name":"","highway":"residential","structure":"dip","reasons":["waterway_crossing"],"length_m":136,"tags":{"highway":"residential"},"crossing":"drain#1089517858"}},{"type":"Feature","id":"385688618-x2","geometry":{"type":"LineString","coordinates":[[80.200458,13.129529],[80.200883,13.129421]]},"properties":{"candidate_id":"385688618-x2","osm_way_id":385688618,"name":"","highway":"residential","structure":"dip","reasons":["waterway_crossing"],"length_m":136,"tags":{"highway":"residential"},"crossing":"drain#1089712389"}},{"type":"Feature","id":"385688618-x3","geometry":{"type":"LineString","coordinates":[[80.201452,13.129275],[80.201675,13.129218]]},"properties":{"candidate_id":"385688618-x3","osm_way_id":385688618,"name":"","highway":"residential","structure":"culvert","reasons":["waterway_crossing"],"length_m":136,"tags":{"highway":"residential"},"crossing":"drain#1089712381"}},{"type":"Feature","id":"385688619-x1","geometry":{"type":"LineString","coordinates":[[80.201785,13.130044],[80.202258,13.129972]]},"properties":{"candidate_id":"385688619-x1","osm_way_id":385688619,"name":"","highway":"residential","structure":"dip","reasons":["waterway_crossing"],"length_m":257,"tags":{"highway":"residential"},"crossing":"drain#1460011776"}},{"type":"Feature","id":"385688619-x2","geometry":{"type":"LineString","coordinates":[[80.201743,13.130063],[80.202831,13.12987]]},"properties":{"candidate_id":"385688619-x2","osm_way_id":385688619,"name":"","highway":"residential","structure":"dip","reasons":["waterway_crossing"],"length_m":257,"tags":{"highway":"residential"},"crossing":"drain#1286550656"}},{"type":"Feature","id":"385688620-x1","geometry":{"type":"LineString","coordinates":[[80.20233,13.130378],[80.203147,13.130236]]},"properties":{"candidate_id":"385688620-x1","osm_way_id":385688620,"name":"","highway":"residential","structure":"dip","reasons":["waterway_crossing"],"length_m":325,"tags":{"highway":"residential"},"crossing":"drain#1286550656"}},{"type":"Feature","id":"385688622-x1","geometry":{"type":"LineString","coordinates":[[80.204029,13.128489],[80.204085,13.128834]]},"properties":{"candidate_id":"385688622-x1","osm_way_id":385688622,"name":"","highway":"residential","structure":"dip","reasons":["waterway_crossing"],"length_m":263,"tags":{"highway":"residential"},"crossing":"drain#1286550657"}},{"type":"Feature","id":"385688625-x1","geometry":{"type":"LineString","coordinates":[[80.204697,13.128158],[80.204759,13.129242]]},"properties":{"candidate_id":"385688625-x1","osm_way_id":385688625,"name":"Jayanti nagar main road","highway":"residential","structure":"dip","reasons":["waterway_crossing"],"length_m":399,"tags":{"name":"Jayanti nagar main road","highway":"residential","surface":"asphalt"},"crossing":"drain#1286550657"}},{"type":"Feature","id":"385688626-x1","geometry":{"type":"LineString","coordinates":[[80.203109,13.126821],[80.203144,13.127639]]},"properties":{"candidate_id":"385688626-x1","osm_way_id":385688626,"name":"","highway":"residential","structure":"dip","reasons":["waterway_crossing"],"length_m":118,"tags":{"highway":"residential"},"crossing":"drain#1089517854"}},{"type":"Feature","id":"385688628-x1","geometry":{"type":"LineString","coordinates":[[80.203435,13.12631],[80.203574,13.127387]]},"properties":{"candidate_id":"385688628-x1","osm_way_id":385688628,"name":"","highway":"residential","structure":"dip","reasons":["waterway_crossing"],"length_m":146,"tags":{"highway":"residential"},"crossing":"drain#1285837634"}},{"type":"Feature","id":"385688629-x1","geometry":{"type":"LineString","coordinates":[[80.203847,13.126313],[80.203937,13.127395]]},"properties":{"candidate_id":"385688629-x1","osm_way_id":385688629,"name":"","highway":"residential","structure":"dip","reasons":["waterway_crossing"],"length_m":134,"tags":{"highway":"residential"},"crossing":"drain#1285837634"}},{"type":"Feature","id":"385688641-x1","geometry":{"type":"LineString","coordinates":[[80.201575,13.127944],[80.201603,13.127945]]},"properties":{"candidate_id":"385688641-x1","osm_way_id":385688641,"name":"","highway":"residential","structure":"dip","reasons":["waterway_crossing"],"length_m":292,"tags":{"highway":"residential","surface":"asphalt"},"crossing":"drain#1289814513"}},{"type":"Feature","id":"385688641-x2","geometry":{"type":"LineString","coordinates":[[80.201575,13.127944],[80.201603,13.127945]]},"properties":{"candidate_id":"385688641-x2","osm_way_id":385688641,"name":"","highway":"residential","structure":"dip","reasons":["waterway_crossing"],"length_m":292,"tags":{"highway":"residential","surface":"asphalt"},"crossing":"drain#1290230925"}},{"type":"Feature","id":"385688642-x1","geometry":{"type":"LineString","coordinates":[[80.201323,13.126838],[80.201549,13.126833]]},"properties":{"candidate_id":"385688642-x1","osm_way_id":385688642,"name":"","highway":"residential","structure":"dip","reasons":["waterway_crossing"],"length_m":256,"tags":{"highway":"residential","surface":"asphalt","lanes":"1"},"crossing":"drain#1289814513"}},{"type":"Feature","id":"385688642-x2","geometry":{"type":"LineString","coordinates":[[80.201323,13.126838],[80.201549,13.126833]]},"properties":{"candidate_id":"385688642-x2","osm_way_id":385688642,"name":"","highway":"residential","structure":"dip","reasons":["waterway_crossing"],"length_m":256,"tags":{"highway":"residential","surface":"asphalt","lanes":"1"},"crossing":"drain#1290230925"}},{"type":"Feature","id":"385688644-x1","geometry":{"type":"LineString","coordinates":[[80.201534,13.126075],[80.201557,13.126076]]},"properties":{"candidate_id":"385688644-x1","osm_way_id":385688644,"name":"","highway":"residential","structure":"dip","reasons":["waterway_crossing"],"length_m":203,"tags":{"highway":"residential","surface":"asphalt"},"crossing":"drain#1289814513"}},{"type":"Feature","id":"385688644-x2","geometry":{"type":"LineString","coordinates":[[80.201534,13.126075],[80.201557,13.126076]]},"properties":{"candidate_id":"385688644-x2","osm_way_id":385688644,"name":"","highway":"residential","structure":"dip","reasons":["waterway_crossing"],"length_m":203,"tags":{"highway":"residential","surface":"asphalt"},"crossing":"drain#1290230925"}},{"type":"Feature","id":"385688645-x1","geometry":{"type":"LineString","coordinates":[[80.201544,13.126438],[80.201566,13.126437]]},"properties":{"candidate_id":"385688645-x1","osm_way_id":385688645,"name":"","highway":"residential","structure":"dip","reasons":["waterway_crossing"],"length_m":141,"tags":{"highway":"residential","surface":"asphalt"},"crossing":"drain#1289814513"}},{"type":"Feature","id":"385688645-x2","geometry":{"type":"LineString","coordinates":[[80.201544,13.126438],[80.201566,13.126437]]},"properties":{"candidate_id":"385688645-x2","osm_way_id":385688645,"name":"","highway":"residential","structure":"dip","reasons":["waterway_crossing"],"length_m":141,"tags":{"highway":"residential","surface":"asphalt"},"crossing":"drain#1290230925"}},{"type":"Feature","id":"385688647-x1","geometry":{"type":"LineString","coordinates":[[80.201018,13.125466],[80.201049,13.125887]]},"properties":{"candidate_id":"385688647-x1","osm_way_id":385688647,"name":"Ganapathy nagar","highway":"residential","structure":"dip","reasons":["waterway_crossing"],"length_m":66,"tags":{"name":"Ganapathy nagar","highway":"residential","surface":"asphalt"},"crossing":"drain#1285452582"}},{"type":"Feature","id":"385688647-x2","geometry":{"type":"LineString","coordinates":[[80.201049,13.125887],[80.201064,13.126063]]},"properties":{"candidate_id":"385688647-x2","osm_way_id":385688647,"name":"Ganapathy nagar","highway":"residential","structure":"dip","reasons":["waterway_crossing"],"length_m":66,"tags":{"name":"Ganapathy nagar","highway":"residential","surface":"asphalt"},"crossing":"drain#1285452584"}},{"type":"Feature","id":"385691679-x1","geometry":{"type":"LineString","coordinates":[[80.199585,13.125198],[80.199647,13.125194]]},"properties":{"candidate_id":"385691679-x1","osm_way_id":385691679,"name":"Jupiter street","highway":"residential","structure":"dip","reasons":["waterway_crossing"],"length_m":113,"tags":{"name":"Jupiter street","highway":"residential","surface":"asphalt","lanes":"1"},"crossing":"drain#1285452581"}},{"type":"Feature","id":"385691681-x1","geometry":{"type":"LineString","coordinates":[[80.199595,13.124807],[80.199664,13.124802]]},"properties":{"candidate_id":"385691681-x1","osm_way_id":385691681,"name":"Emerald street","highway":"residential","structure":"dip","reasons":["waterway_crossing"],"length_m":91,"tags":{"name":"Emerald street","highway":"residential","surface":"asphalt","lanes":"1"},"crossing":"drain#1285452581"}},{"type":"Feature","id":"385691686-x1","geometry":{"type":"LineString","coordinates":[[80.200392,13.124054],[80.200399,13.12441]]},"properties":{"candidate_id":"385691686-x1","osm_way_id":385691686,"name":"","highway":"residential","structure":"dip","reasons":["waterway_crossing"],"length_m":92,"tags":{"highway":"residential"},"crossing":"drain#1287938300"}},{"type":"Feature","id":"385691706-x1","geometry":{"type":"LineString","coordinates":[[80.194077,13.12764],[80.194643,13.127766]]},"properties":{"candidate_id":"385691706-x1","osm_way_id":385691706,"name":"","highway":"residential","structure":"dip","reasons":["waterway_crossing"],"length_m":407,"tags":{"highway":"residential"},"crossing":"drain#1288635134"}},{"type":"Feature","id":"385691719-x1","geometry":{"type":"LineString","coordinates":[[80.197068,13.126673],[80.197142,13.126676]]},"properties":{"candidate_id":"385691719-x1","osm_way_id":385691719,"name":"","highway":"residential","structure":"dip","reasons":["waterway_crossing"],"length_m":114,"tags":{"highway":"residential"},"crossing":"drain#1290286348"}},{"type":"Feature","id":"385691721-x1","geometry":{"type":"LineString","coordinates":[[80.198271,13.127238],[80.198791,13.127253]]},"properties":{"candidate_id":"385691721-x1","osm_way_id":385691721,"name":"","highway":"residential","structure":"dip","reasons":["waterway_crossing"],"length_m":135,"tags":{"highway":"residential","surface":"asphalt"},"crossing":"drain#1288582911"}},{"type":"Feature","id":"385691723-x1","geometry":{"type":"LineString","coordinates":[[80.197131,13.125598],[80.197145,13.125307]]},"properties":{"candidate_id":"385691723-x1","osm_way_id":385691723,"name":"Nehru Street","highway":"residential","structure":"dip","reasons":["waterway_crossing"],"length_m":185,"tags":{"name":"Nehru Street","highway":"residential","surface":"asphalt"},"crossing":"drain#1290248752"}},{"type":"Feature","id":"385691730-x1","geometry":{"type":"LineString","coordinates":[[80.19772,13.125128],[80.197965,13.125123]]},"properties":{"candidate_id":"385691730-x1","osm_way_id":385691730,"name":"","highway":"residential","structure":"dip","reasons":["waterway_crossing"],"length_m":202,"tags":{"highway":"residential","surface":"asphalt"},"crossing":"drain#1290286350"}},{"type":"Feature","id":"385691734-x1","geometry":{"type":"LineString","coordinates":[[80.198804,13.131842],[80.19889,13.132287]]},"properties":{"candidate_id":"385691734-x1","osm_way_id":385691734,"name":"Singaravelan Nagar Main Road","highway":"residential","structure":"dip","reasons":["waterway_crossing"],"length_m":186,"tags":{"name":"Singaravelan Nagar Main Road","highway":"residential"},"crossing":"drain#1316676520"}},{"type":"Feature","id":"385691752-x1","geometry":{"type":"LineString","coordinates":[[80.199371,13.12923],[80.199916,13.129097]]},"properties":{"candidate_id":"385691752-x1","osm_way_id":385691752,"name":"Mullai Street","highway":"residential","structure":"dip","reasons":["waterway_crossing"],"length_m":142,"tags":{"name":"Mullai Street","highway":"residential","surface":"asphalt","lanes":"2"},"crossing":"drain#1290230927"}},{"type":"Feature","id":"385691754-x1","geometry":{"type":"LineString","coordinates":[[80.199384,13.128789],[80.19935,13.129005]]},"properties":{"candidate_id":"385691754-x1","osm_way_id":385691754,"name":"","highway":"residential","structure":"dip","reasons":["waterway_crossing"],"length_m":24,"tags":{"highway":"residential"},"crossing":"drain#1289814517"}},{"type":"Feature","id":"385691754-x2","geometry":{"type":"LineString","coordinates":[[80.199384,13.128789],[80.19935,13.129005]]},"properties":{"candidate_id":"385691754-x2","osm_way_id":385691754,"name":"","highway":"residential","structure":"dip","reasons":["waterway_crossing"],"length_m":24,"tags":{"highway":"residential"},"crossing":"drain#1290230928"}},{"type":"Feature","id":"385691760-x1","geometry":{"type":"LineString","coordinates":[[80.199246,13.125807],[80.199242,13.1255]]},"properties":{"candidate_id":"385691760-x1","osm_way_id":385691760,"name":"","highway":"residential","structure":"dip","reasons":["waterway_crossing"],"length_m":57,"tags":{"highway":"residential","surface":"concrete"},"crossing":"drain#1285452582"}},{"type":"Feature","id":"385691764-x1","geometry":{"type":"LineString","coordinates":[[80.197105,13.126002],[80.197473,13.125997]]},"properties":{"candidate_id":"385691764-x1","osm_way_id":385691764,"name":"","highway":"residential","structure":"dip","reasons":["waterway_crossing"],"length_m":40,"tags":{"highway":"residential"},"crossing":"drain#1290286348"}},{"type":"Feature","id":"385691768-x1","geometry":{"type":"LineString","coordinates":[[80.197092,13.126276],[80.197387,13.126283]]},"properties":{"candidate_id":"385691768-x1","osm_way_id":385691768,"name":"","highway":"residential","structure":"dip","reasons":["waterway_crossing"],"length_m":32,"tags":{"highway":"residential"},"crossing":"drain#1290286348"}},{"type":"Feature","id":"385691779-x1","geometry":{"type":"LineString","coordinates":[[80.199584,13.125093],[80.199595,13.124807]]},"properties":{"candidate_id":"385691779-x1","osm_way_id":385691779,"name":"","highway":"residential","structure":"dip","reasons":["waterway_crossing"],"length_m":119,"tags":{"highway":"residential","surface":"asphalt"},"crossing":"drain#1287938299"}},{"type":"Feature","id":"385691783-x1","geometry":{"type":"LineString","coordinates":[[80.198342,13.124378],[80.198356,13.123973]]},"properties":{"candidate_id":"385691783-x1","osm_way_id":385691783,"name":"","highway":"residential","structure":"dip","reasons":["waterway_crossing"],"length_m":193,"tags":{"highway":"residential","surface":"asphalt"},"crossing":"drain#1287938300"}},{"type":"Feature","id":"385691789-x1","geometry":{"type":"LineString","coordinates":[[80.19928,13.124075],[80.199281,13.124407]]},"properties":{"candidate_id":"385691789-x1","osm_way_id":385691789,"name":"","highway":"residential","structure":"dip","reasons":["waterway_crossing"],"length_m":37,"tags":{"highway":"residential"},"crossing":"drain#1287938300"}},{"type":"Feature","id":"385695080-x1","geometry":{"type":"LineString","coordinates":[[80.193054,13.130002],[80.193592,13.130096]]},"properties":{"candidate_id":"385695080-x1","osm_way_id":385695080,"name":"","highway":"residential","structure":"culvert","reasons":["waterway_crossing"],"length_m":168,"tags":{"highway":"residential"},"crossing":"drain#1283482445"}},{"type":"Feature","id":"385695082-x1","geometry":{"type":"LineString","coordinates":[[80.193176,13.129713],[80.193455,13.129776]]},"properties":{"candidate_id":"385695082-x1","osm_way_id":385695082,"name":"","highway":"residential","structure":"dip","reasons":["waterway_crossing"],"length_m":343,"tags":{"highway":"residential"},"crossing":"drain#1283482444"}},{"type":"Feature","id":"385695083-x1","geometry":{"type":"LineString","coordinates":[[80.193462,13.128963],[80.193622,13.12898]]},"properties":{"candidate_id":"385695083-x1","osm_way_id":385695083,"name":"Sakthi Nagar 9th Street","highway":"residential","structure":"dip","reasons":["waterway_crossing"],"length_m":205,"tags":{"name":"Sakthi Nagar 9th Street","highway":"residential"},"crossing":"drain#1288635133"}},{"type":"Feature","id":"385704276-x1","geometry":{"type":"LineString","coordinates":[[80.195339,13.123948],[80.195354,13.124051]]},"properties":{"candidate_id":"385704276-x1","osm_way_id":385704276,"name":"","highway":"residential","structure":"dip","reasons":["waterway_crossing"],"length_m":149,"tags":{"highway":"residential"},"crossing":"drain#1324096389"}},{"type":"Feature","id":"385704279-x1","geometry":{"type":"LineString","coordinates":[[80.19278,13.122866],[80.193883,13.122787]]},"properties":{"candidate_id":"385704279-x1","osm_way_id":385704279,"name":"6th Cross Street,TVS Nagar","highway":"residential","structure":"dip","reasons":["waterway_crossing"],"length_m":224,"tags":{"name":"6th Cross Street,TVS Nagar","highway":"residential"},"crossing":"drain#1324096389"}},{"type":"Feature","id":"385706154-x1","geometry":{"type":"LineString","coordinates":[[80.197131,13.125598],[80.197708,13.12554]]},"properties":{"candidate_id":"385706154-x1","osm_way_id":385706154,"name":"","highway":"tertiary","structure":"dip","reasons":["waterway_crossing"],"length_m":589,"tags":{"highway":"tertiary","surface":"asphalt"},"crossing":"drain#1290286348"}},{"type":"Feature","id":"385706154-x2","geometry":{"type":"LineString","coordinates":[[80.198067,13.126471],[80.198114,13.126639]]},"properties":{"candidate_id":"385706154-x2","osm_way_id":385706154,"name":"","highway":"tertiary","structure":"dip","reasons":["waterway_crossing"],"length_m":589,"tags":{"highway":"tertiary","surface":"asphalt"},"crossing":"drain#1290286347"}},{"type":"Feature","id":"385706155-x1","geometry":{"type":"LineString","coordinates":[[80.194941,13.125632],[80.195303,13.125814]]},"properties":{"candidate_id":"385706155-x1","osm_way_id":385706155,"name":"3rd Main Road","highway":"residential","structure":"dip","reasons":["waterway_crossing"],"length_m":106,"tags":{"name":"3rd Main Road","highway":"residential"},"crossing":"drain#1283482446"}},{"type":"Feature","id":"385706156-x1","geometry":{"type":"LineString","coordinates":[[80.194727,13.126129],[80.195105,13.126223]]},"properties":{"candidate_id":"385706156-x1","osm_way_id":385706156,"name":"","highway":"residential","structure":"dip","reasons":["waterway_crossing"],"length_m":131,"tags":{"highway":"residential"},"crossing":"drain#1283482446"}},{"type":"Feature","id":"385706158-x1","geometry":{"type":"LineString","coordinates":[[80.200332,13.131507],[80.200432,13.131962]]},"properties":{"candidate_id":"385706158-x1","osm_way_id":385706158,"name":"","highway":"residential","structure":"dip","reasons":["waterway_crossing"],"length_m":155,"tags":{"highway":"residential"},"crossing":"drain#1316676520"}},{"type":"Feature","id":"385706164-x1","geometry":{"type":"LineString","coordinates":[[80.193326,13.123006],[80.194176,13.123008]]},"properties":{"candidate_id":"385706164-x1","osm_way_id":385706164,"name":"","highway":"residential","structure":"dip","reasons":["waterway_crossing"],"length_m":92,"tags":{"highway":"residential"},"crossing":"drain#1324096389"}},{"type":"Feature","id":"386395452-x1","geometry":{"type":"LineString","coordinates":[[80.198447,13.14275],[80.198925,13.142658]]},"properties":{"candidate_id":"386395452-x1","osm_way_id":386395452,"name":"","highway":"residential","structure":"culvert","reasons":["waterway_crossing"],"length_m":264,"tags":{"highway":"residential"},"crossing":"drain#1089517862"}},{"type":"Feature","id":"386495718","geometry":{"type":"LineString","coordinates":[[80.202782,13.146432],[80.204029,13.146869]]},"properties":{"candidate_id":"386495718","osm_way_id":386495718,"name":"","highway":"tertiary","structure":"low_bridge","reasons":["bridge_over_water"],"length_m":144,"tags":{"highway":"tertiary","bridge":"yes","layer":"1"}}},{"type":"Feature","id":"386499098-x1","geometry":{"type":"LineString","coordinates":[[80.187629,13.139173],[80.187774,13.139254]]},"properties":{"candidate_id":"386499098-x1","osm_way_id":386499098,"name":"","highway":"tertiary","structure":"culvert","reasons":["waterway_crossing"],"length_m":398,"tags":{"highway":"tertiary"},"crossing":"drain:Underpass#1289631729"}},{"type":"Feature","id":"386499771-x1","geometry":{"type":"LineString","coordinates":[[80.187828,13.138775],[80.188006,13.138861]]},"properties":{"candidate_id":"386499771-x1","osm_way_id":386499771,"name":"","highway":"tertiary","structure":"culvert","reasons":["waterway_crossing"],"length_m":329,"tags":{"highway":"tertiary"},"crossing":"drain:Underpass#386500119"}},{"type":"Feature","id":"388889244-x1","geometry":{"type":"LineString","coordinates":[[80.263881,13.229127],[80.264019,13.229127]]},"properties":{"candidate_id":"388889244-x1","osm_way_id":388889244,"name":"","highway":"unclassified","structure":"dip","reasons":["waterway_crossing"],"length_m":455,"tags":{"highway":"unclassified"},"crossing":"river#25450426"}},{"type":"Feature","id":"388889478-x1","geometry":{"type":"LineString","coordinates":[[80.266276,13.225192],[80.266196,13.224921]]},"properties":{"candidate_id":"388889478-x1","osm_way_id":388889478,"name":"","highway":"unclassified","structure":"dip","reasons":["waterway_crossing"],"length_m":547,"tags":{"highway":"unclassified"},"crossing":"river#25450426"}},{"type":"Feature","id":"388892149-x1","geometry":{"type":"LineString","coordinates":[[80.256327,13.237125],[80.25652,13.237212]]},"properties":{"candidate_id":"388892149-x1","osm_way_id":388892149,"name":"","highway":"unclassified","structure":"dip","reasons":["waterway_crossing"],"length_m":505,"tags":{"highway":"unclassified"},"crossing":"river#25450426"}},{"type":"Feature","id":"388923638","geometry":{"type":"LineString","coordinates":[[80.191297,12.865918],[80.191274,12.866374]]},"properties":{"candidate_id":"388923638","osm_way_id":388923638,"name":"Ottiambakkam Road","highway":"tertiary","structure":"low_bridge","reasons":["bridge_over_water"],"length_m":51,"tags":{"name":"Ottiambakkam Road","ref":"O4625","highway":"tertiary","bridge":"yes","layer":"1"}}},{"type":"Feature","id":"388923648","geometry":{"type":"LineString","coordinates":[[80.199685,12.863646],[80.199727,12.864116]]},"properties":{"candidate_id":"388923648","osm_way_id":388923648,"name":"Wing Haven Road","highway":"tertiary","structure":"low_bridge","reasons":["bridge_over_water"],"length_m":52,"tags":{"name":"Wing Haven Road","highway":"tertiary","bridge":"yes","layer":"1","surface":"paved","lanes":"2"}}},{"type":"Feature","id":"389706572-x1","geometry":{"type":"LineString","coordinates":[[80.116117,13.134792],[80.116431,13.134687]]},"properties":{"candidate_id":"389706572-x1","osm_way_id":389706572,"name":"","highway":"residential","structure":"culvert","reasons":["waterway_crossing"],"length_m":242,"tags":{"highway":"residential"},"crossing":"ditch#1271899739"}},{"type":"Feature","id":"389719100-x1","geometry":{"type":"LineString","coordinates":[[80.116522,13.134669],[80.116555,13.134862]]},"properties":{"candidate_id":"389719100-x1","osm_way_id":389719100,"name":"","highway":"residential","structure":"culvert","reasons":["waterway_crossing"],"length_m":148,"tags":{"highway":"residential"},"crossing":"ditch#1271899740"}},{"type":"Feature","id":"389889729-x1","geometry":{"type":"LineString","coordinates":[[80.201741,13.137827],[80.202748,13.137558]]},"properties":{"candidate_id":"389889729-x1","osm_way_id":389889729,"name":"","highway":"residential","structure":"culvert","reasons":["waterway_crossing"],"length_m":216,"tags":{"highway":"residential"},"crossing":"drain#1089517861"}},{"type":"Feature","id":"389891997-x1","geometry":{"type":"LineString","coordinates":[[80.202783,13.140822],[80.202558,13.140078]]},"properties":{"candidate_id":"389891997-x1","osm_way_id":389891997,"name":"","highway":"residential","structure":"culvert","reasons":["waterway_crossing"],"length_m":235,"tags":{"highway":"residential"},"crossing":"drain#1089517862"}},{"type":"Feature","id":"389892052-x1","geometry":{"type":"LineString","coordinates":[[80.200494,13.140612],[80.200653,13.141322]]},"properties":{"candidate_id":"389892052-x1","osm_way_id":389892052,"name":"","highway":"residential","structure":"culvert","reasons":["waterway_crossing"],"length_m":121,"tags":{"highway":"residential"},"crossing":"drain#1089517862"}},{"type":"Feature","id":"389892703-x1","geometry":{"type":"LineString","coordinates":[[80.200259,13.134947],[80.200947,13.135043]]},"properties":{"candidate_id":"389892703-x1","osm_way_id":389892703,"name":"","highway":"residential","structure":"dip","reasons":["waterway_crossing"],"length_m":164,"tags":{"highway":"residential"},"crossing":"drain#1089517860"}},{"type":"Feature","id":"389892749-x1","geometry":{"type":"LineString","coordinates":[[80.200377,13.133944],[80.200007,13.134048]]},"properties":{"candidate_id":"389892749-x1","osm_way_id":389892749,"name":"Sriram Nagar 1st Street","highway":"residential","structure":"dip","reasons":["waterway_crossing"],"length_m":142,"tags":{"name":"Sriram Nagar 1st Street","highway":"residential"},"crossing":"drain#1089517860"}},{"type":"Feature","id":"391979738-x1","geometry":{"type":"LineString","coordinates":[[80.127108,13.00615],[80.127105,13.005855]]},"properties":{"candidate_id":"391979738-x1","osm_way_id":391979738,"name":"","highway":"tertiary","structure":"culvert","reasons":["waterway_crossing"],"length_m":1511,"tags":{"highway":"tertiary"},"crossing":"drain#1255150774"}},{"type":"Feature","id":"395885019","geometry":{"type":"LineString","coordinates":[[80.160989,13.062922],[80.160976,13.064249]]},"properties":{"candidate_id":"395885019","osm_way_id":395885019,"name":"Maduravoyal Interchange","highway":"trunk","structure":"low_bridge","reasons":["bridge_over_water"],"length_m":147,"tags":{"name":"Maduravoyal Interchange","highway":"trunk","bridge":"yes","layer":"1","oneway":"yes","surface":"asphalt","lanes":"3"}}},{"type":"Feature","id":"441931827-x1","geometry":{"type":"LineString","coordinates":[[80.160378,12.997124],[80.160438,12.997229]]},"properties":{"candidate_id":"441931827-x1","osm_way_id":441931827,"name":"Airport Service Road","highway":"service","structure":"culvert","reasons":["waterway_crossing"],"length_m":5038,"tags":{"name":"Airport Service Road","highway":"service"},"crossing":"drain#535357239"}},{"type":"Feature","id":"442101101-x1","geometry":{"type":"LineString","coordinates":[[80.152626,13.241426],[80.152394,13.241482]]},"properties":{"candidate_id":"442101101-x1","osm_way_id":442101101,"name":"","highway":"unclassified","structure":"dip","reasons":["waterway_crossing"],"length_m":1029,"tags":{"highway":"unclassified","surface":"asphalt"},"crossing":"stream#637279656"}},{"type":"Feature","id":"442833312","geometry":{"type":"LineString","coordinates":[[80.154603,13.221616],[80.154512,13.221416]]},"properties":{"candidate_id":"442833312","osm_way_id":442833312,"name":"","highway":"track","structure":"low_bridge","reasons":["bridge_over_water"],"length_m":24,"tags":{"highway":"track","bridge":"yes","layer":"1"}}},{"type":"Feature","id":"443997612","geometry":{"type":"LineString","coordinates":[[80.115328,12.922977],[80.115111,12.923223]]},"properties":{"candidate_id":"443997612","osm_way_id":443997612,"name":"","highway":"tertiary","structure":"underpass","reasons":["tunnel=yes","layer<0"],"length_m":36,"tags":{"highway":"tertiary","tunnel":"yes","layer":"-1","oneway":"yes","surface":"concrete","lanes":"2"}}},{"type":"Feature","id":"446253108","geometry":{"type":"LineString","coordinates":[[80.154411,12.969965],[80.154308,12.970061],[80.154039,12.970323]]},"properties":{"candidate_id":"446253108","osm_way_id":446253108,"name":"Easwari Nagar Subway Underpass","highway":"residential","structure":"underpass","reasons":["tunnel=yes","layer<0"],"length_m":57,"tags":{"name":"Easwari Nagar Subway Underpass","highway":"residential","tunnel":"yes","layer":"-1"}}},{"type":"Feature","id":"447993882-x1","geometry":{"type":"LineString","coordinates":[[80.233016,12.976653],[80.232996,12.977024]]},"properties":{"candidate_id":"447993882-x1","osm_way_id":447993882,"name":"Bharani Street","highway":"tertiary","structure":"underpass","reasons":["under_rail_bridge"],"length_m":72,"tags":{"name":"Bharani Street","highway":"tertiary","surface":"paved"},"crossing":"railway#25619829"}},{"type":"Feature","id":"447993882-x2","geometry":{"type":"LineString","coordinates":[[80.233016,12.976653],[80.232996,12.977024]]},"properties":{"candidate_id":"447993882-x2","osm_way_id":447993882,"name":"Bharani Street","highway":"tertiary","structure":"underpass","reasons":["under_rail_bridge"],"length_m":72,"tags":{"name":"Bharani Street","highway":"tertiary","surface":"paved"},"crossing":"railway#551159595"}},{"type":"Feature","id":"452784067-x1","geometry":{"type":"LineString","coordinates":[[80.192295,12.976221],[80.192521,12.976029]]},"properties":{"candidate_id":"452784067-x1","osm_way_id":452784067,"name":"MGR 2nd Cross Street","highway":"residential","structure":"culvert","reasons":["waterway_crossing"],"length_m":71,"tags":{"name":"MGR 2nd Cross Street","highway":"residential","surface":"asphalt"},"crossing":"drain:Veerangal Canal#328358961"}},{"type":"Feature","id":"482596741","geometry":{"type":"LineString","coordinates":[[80.237789,13.00793],[80.237795,13.007934],[80.23782,13.007941],[80.237847,13.007939],[80.237874,13.007927],[80.237884,13.007917]]},"properties":{"candidate_id":"482596741","osm_way_id":482596741,"name":"","highway":"service","structure":"none","reasons":["tunnel=building_passage"],"length_m":11,"tags":{"highway":"service","tunnel":"building_passage"}}},{"type":"Feature","id":"496847201","geometry":{"type":"LineString","coordinates":[[80.176645,12.985731],[80.176718,12.985576],[80.176863,12.98514],[80.176876,12.985061]]},"properties":{"candidate_id":"496847201","osm_way_id":496847201,"name":"3rd Main Road","highway":"tertiary","structure":"underpass","reasons":["tunnel=yes","layer<0"],"length_m":78,"tags":{"name":"3rd Main Road","highway":"tertiary","tunnel":"yes","layer":"-1"}}},{"type":"Feature","id":"503337817-x1","geometry":{"type":"LineString","coordinates":[[80.112866,13.006529],[80.112823,13.005445]]},"properties":{"candidate_id":"503337817-x1","osm_way_id":503337817,"name":"","highway":"service","structure":"dip","reasons":["waterway_crossing"],"length_m":249,"tags":{"highway":"service","oneway":"yes"},"crossing":"drain#102658265"}},{"type":"Feature","id":"503337818-x1","geometry":{"type":"LineString","coordinates":[[80.112785,13.005906],[80.112787,13.005999]]},"properties":{"candidate_id":"503337818-x1","osm_way_id":503337818,"name":"","highway":"service","structure":"dip","reasons":["waterway_crossing"],"length_m":245,"tags":{"highway":"service","oneway":"yes"},"crossing":"drain#102658265"}},{"type":"Feature","id":"515560211","geometry":{"type":"LineString","coordinates":[[80.14334,13.038439],[80.143545,13.03839]]},"properties":{"candidate_id":"515560211","osm_way_id":515560211,"name":"","highway":"service","structure":"none","reasons":["tunnel=building_passage"],"length_m":23,"tags":{"highway":"service","tunnel":"building_passage","oneway":"yes","covered":"yes"}}},{"type":"Feature","id":"535357150","geometry":{"type":"LineString","coordinates":[[80.063368,12.868348],[80.063011,12.868444]]},"properties":{"candidate_id":"535357150","osm_way_id":535357150,"name":"Kilambakkam - Athanur Road","highway":"tertiary","structure":"low_bridge","reasons":["bridge_over_water"],"length_m":40,"tags":{"name":"Kilambakkam - Athanur Road","ref":"O5871","highway":"tertiary","bridge":"yes","layer":"1"}}},{"type":"Feature","id":"535357155","geometry":{"type":"LineString","coordinates":[[80.065168,12.860156],[80.06506,12.860179]]},"properties":{"candidate_id":"535357155","osm_way_id":535357155,"name":"","highway":"tertiary","structure":"low_bridge","reasons":["bridge_over_water"],"length_m":12,"tags":{"highway":"tertiary","bridge":"yes","layer":"1"}}},{"type":"Feature","id":"535357179","geometry":{"type":"LineString","coordinates":[[80.062582,12.865739],[80.062472,12.865752]]},"properties":{"candidate_id":"535357179","osm_way_id":535357179,"name":"","highway":"residential","structure":"low_bridge","reasons":["bridge_over_water"],"length_m":12,"tags":{"highway":"residential","bridge":"yes","layer":"1"}}},{"type":"Feature","id":"535357191","geometry":{"type":"LineString","coordinates":[[80.053862,12.850339],[80.05377,12.850564]]},"properties":{"candidate_id":"535357191","osm_way_id":535357191,"name":"Erikarai road","highway":"tertiary","structure":"low_bridge","reasons":["bridge_over_water"],"length_m":27,"tags":{"name":"Erikarai road","ref":"O44","highway":"tertiary","bridge":"yes","layer":"1"}}},{"type":"Feature","id":"535357193","geometry":{"type":"LineString","coordinates":[[80.05954,12.860531],[80.05942,12.860552]]},"properties":{"candidate_id":"535357193","osm_way_id":535357193,"name":"","highway":"tertiary","structure":"low_bridge","reasons":["bridge_over_water"],"length_m":13,"tags":{"highway":"tertiary","bridge":"yes","layer":"1"}}},{"type":"Feature","id":"535357197","geometry":{"type":"LineString","coordinates":[[80.064319,12.862559],[80.064391,12.862521]]},"properties":{"candidate_id":"535357197","osm_way_id":535357197,"name":"","highway":"residential","structure":"low_bridge","reasons":["bridge_over_water"],"length_m":9,"tags":{"highway":"residential","bridge":"yes","layer":"1"}}},{"type":"Feature","id":"535357199","geometry":{"type":"LineString","coordinates":[[80.062534,12.864536],[80.062617,12.864528]]},"properties":{"candidate_id":"535357199","osm_way_id":535357199,"name":"","highway":"residential","structure":"low_bridge","reasons":["bridge_over_water"],"length_m":9,"tags":{"highway":"residential","bridge":"yes","layer":"1"}}},{"type":"Feature","id":"535357203","geometry":{"type":"LineString","coordinates":[[80.061518,12.864617],[80.061852,12.864613]]},"properties":{"candidate_id":"535357203","osm_way_id":535357203,"name":"","highway":"residential","structure":"low_bridge","reasons":["bridge_over_water"],"length_m":36,"tags":{"highway":"residential","bridge":"yes","layer":"1"}}},{"type":"Feature","id":"535357206","geometry":{"type":"LineString","coordinates":[[80.06037,12.869678],[80.05997,12.869712]]},"properties":{"candidate_id":"535357206","osm_way_id":535357206,"name":"Kilambakkam - Athanur Road","highway":"tertiary","structure":"low_bridge","reasons":["bridge_over_water"],"length_m":44,"tags":{"name":"Kilambakkam - Athanur Road","ref":"O5871","highway":"tertiary","bridge":"yes","layer":"1"}}},{"type":"Feature","id":"535357221","geometry":{"type":"LineString","coordinates":[[80.057795,12.895314],[80.059182,12.895247]]},"properties":{"candidate_id":"535357221","osm_way_id":535357221,"name":"Marmalong Bridge - Irumbuliyur - Vandalur - Mudichur - Oragadam - Walajabad Road","highway":"primary","structure":"low_bridge","reasons":["bridge_over_water"],"length_m":151,"tags":{"name":"Marmalong Bridge - Irumbuliyur - Vandalur - Mudichur - Oragadam - Walajabad Road","ref":"SH48","highway":"primary","bridge":"yes","layer":"1","oneway":"yes"}}},{"type":"Feature","id":"535357223","geometry":{"type":"LineString","coordinates":[[80.064741,12.91616],[80.06518,12.916075]]},"properties":{"candidate_id":"535357223","osm_way_id":535357223,"name":"Tambaram - Mudichur - Sriperumbudur Road","highway":"primary","structure":"low_bridge","reasons":["bridge_over_water"],"length_m":49,"tags":{"name":"Tambaram - Mudichur - Sriperumbudur Road","ref":"SH110","highway":"primary","bridge":"yes","layer":"1","oneway":"no","lanes":"2"}}},{"type":"Feature","id":"535357232","geometry":{"type":"LineString","coordinates":[[80.162199,13.001025],[80.160592,13.001875]]},"properties":{"candidate_id":"535357232","osm_way_id":535357232,"name":"Airport Service Road","highway":"service","structure":"low_bridge","reasons":["bridge_over_water"],"length_m":198,"tags":{"name":"Airport Service Road","highway":"service","bridge":"yes","layer":"1","surface":"concrete","lanes":"2"}}},{"type":"Feature","id":"535357236","geometry":{"type":"LineString","coordinates":[[80.163318,13.004826],[80.164985,13.003983]]},"properties":{"candidate_id":"535357236","osm_way_id":535357236,"name":"Airport Service Road","highway":"service","structure":"low_bridge","reasons":["bridge_over_water"],"length_m":203,"tags":{"name":"Airport Service Road","highway":"service","bridge":"yes","layer":"1","surface":"concrete","lanes":"2"}}},{"type":"Feature","id":"543813021-x1","geometry":{"type":"LineString","coordinates":[[80.178601,13.020908],[80.179004,13.021919]]},"properties":{"candidate_id":"543813021-x1","osm_way_id":543813021,"name":"TC2","highway":"service","structure":"culvert","reasons":["waterway_crossing"],"length_m":186,"tags":{"name":"TC2","highway":"service"},"crossing":"drain#1123838336"}},{"type":"Feature","id":"543822032-x1","geometry":{"type":"LineString","coordinates":[[80.096083,13.114128],[80.095959,13.113573]]},"properties":{"candidate_id":"543822032-x1","osm_way_id":543822032,"name":"Kamarajanagar Main Road","highway":"secondary","structure":"culvert","reasons":["waterway_crossing"],"length_m":1652,"tags":{"name":"Kamarajanagar Main Road","highway":"secondary"},"crossing":"drain#1040499043"}},{"type":"Feature","id":"543822033","geometry":{"type":"LineString","coordinates":[[80.092596,13.102807],[80.092537,13.101708]]},"properties":{"candidate_id":"543822033","osm_way_id":543822033,"name":"","highway":"secondary","structure":"low_bridge","reasons":["bridge_over_water"],"length_m":122,"tags":{"highway":"secondary","bridge":"yes","layer":"1"}}},{"type":"Feature","id":"549921647-x1","geometry":{"type":"LineString","coordinates":[[80.246491,13.043074],[80.246796,13.043026]]},"properties":{"candidate_id":"549921647-x1","osm_way_id":549921647,"name":"Vijayaraghavachari Road","highway":"tertiary","structure":"culvert","reasons":["waterway_crossing"],"length_m":329,"tags":{"name":"Vijayaraghavachari Road","highway":"tertiary","oneway":"yes","surface":"asphalt"},"crossing":"canal:Mambalam Canal#1272450538"}},{"type":"Feature","id":"553708947","geometry":{"type":"LineString","coordinates":[[80.284111,13.081914],[80.284263,13.081939]]},"properties":{"candidate_id":"553708947","osm_way_id":553708947,"name":"St George Gate","highway":"service","structure":"none","reasons":["tunnel=building_passage"],"length_m":17,"tags":{"name":"St George Gate","highway":"service","tunnel":"building_passage"}}},{"type":"Feature","id":"553708948","geometry":{"type":"LineString","coordinates":[[80.283918,13.081913],[80.284111,13.081914]]},"properties":{"candidate_id":"553708948","osm_way_id":553708948,"name":"St George Gate","highway":"service","structure":"low_bridge","reasons":["bridge_over_water"],"length_m":21,"tags":{"name":"St George Gate","highway":"service","bridge":"yes","layer":"1"}}},{"type":"Feature","id":"553708949","geometry":{"type":"LineString","coordinates":[[80.283415,13.078831],[80.283221,13.078924]]},"properties":{"candidate_id":"553708949","osm_way_id":553708949,"name":"Wallajah Gate","highway":"service","structure":"low_bridge","reasons":["bridge_over_water"],"length_m":23,"tags":{"name":"Wallajah Gate","highway":"service","bridge":"yes","layer":"1"}}},{"type":"Feature","id":"553708950","geometry":{"type":"LineString","coordinates":[[80.283556,13.078764],[80.283415,13.078831]]},"properties":{"candidate_id":"553708950","osm_way_id":553708950,"name":"Wallajah Gate","highway":"service","structure":"none","reasons":["tunnel=building_passage"],"length_m":17,"tags":{"name":"Wallajah Gate","highway":"service","tunnel":"building_passage"}}},{"type":"Feature","id":"560048822-x1","geometry":{"type":"LineString","coordinates":[[80.052552,12.858738],[80.052112,12.858759]]},"properties":{"candidate_id":"560048822-x1","osm_way_id":560048822,"name":"","highway":"residential","structure":"culvert","reasons":["waterway_crossing"],"length_m":788,"tags":{"highway":"residential"},"crossing":"drain#1151570539"}},{"type":"Feature","id":"566855322-x1","geometry":{"type":"LineString","coordinates":[[80.244885,13.06272],[80.244731,13.062973]]},"properties":{"candidate_id":"566855322-x1","osm_way_id":566855322,"name":"Haddows Road","highway":"primary","structure":"dip","reasons":["waterway_crossing"],"length_m":264,"tags":{"name":"Haddows Road","highway":"primary","oneway":"yes"},"crossing":"drain#28502295"}},{"type":"Feature","id":"581319733-x1","geometry":{"type":"LineString","coordinates":[[80.250124,12.994467],[80.250047,12.994418]]},"properties":{"candidate_id":"581319733-x1","osm_way_id":581319733,"name":"","highway":"primary_link","structure":"underpass","reasons":["under_rail_bridge"],"length_m":44,"tags":{"highway":"primary_link","oneway":"yes"},"crossing":"railway#1201897667"}},{"type":"Feature","id":"586255586-x1","geometry":{"type":"LineString","coordinates":[[80.184226,12.905824],[80.184304,12.905666]]},"properties":{"candidate_id":"586255586-x1","osm_way_id":586255586,"name":"","highway":"residential","structure":"culvert","reasons":["waterway_crossing"],"length_m":309,"tags":{"highway":"residential","oneway":"yes"},"crossing":"canal#1022416524"}},{"type":"Feature","id":"588981083","geometry":{"type":"LineString","coordinates":[[80.191615,13.133331],[80.191361,13.133931]]},"properties":{"candidate_id":"588981083","osm_way_id":588981083,"name":"Canal Bridge","highway":"secondary","structure":"low_bridge","reasons":["bridge_over_water"],"length_m":72,"tags":{"name":"Canal Bridge","highway":"secondary","bridge":"yes","layer":"1","oneway":"yes"}}},{"type":"Feature","id":"598296564-x1","geometry":{"type":"LineString","coordinates":[[80.187732,13.056862],[80.186884,13.056871]]},"properties":{"candidate_id":"598296564-x1","osm_way_id":598296564,"name":"Natesan Nagar Main Road","highway":"residential","structure":"culvert","reasons":["waterway_crossing"],"length_m":493,"tags":{"name":"Natesan Nagar Main Road","highway":"residential","oneway":"no","surface":"paved","lanes":"2"},"crossing":"drain:Virugambakkam Canal#1298345132"}},{"type":"Feature","id":"604135768","geometry":{"type":"LineString","coordinates":[[80.204387,13.038193],[80.204237,13.038219]]},"properties":{"candidate_id":"604135768","osm_way_id":604135768,"name":"Lakshmanasamy Salai","highway":"tertiary","structure":"low_bridge","reasons":["bridge_over_water"],"length_m":17,"tags":{"name":"Lakshmanasamy Salai","highway":"tertiary","bridge":"yes","layer":"1"}}},{"type":"Feature","id":"604714208-x1","geometry":{"type":"LineString","coordinates":[[80.287467,13.082735],[80.287758,13.083019]]},"properties":{"candidate_id":"604714208-x1","osm_way_id":604714208,"name":"North Gate","highway":"service","structure":"dip","reasons":["waterway_crossing"],"length_m":44,"tags":{"name":"North Gate","highway":"service"},"crossing":"drain#28746681"}},{"type":"Feature","id":"626271197","geometry":{"type":"LineString","coordinates":[[80.241153,12.988577],[80.241204,12.988789],[80.241461,12.989893],[80.241496,12.98995],[80.241534,12.989991],[80.241559,12.990009],[80.241594,12.990035],[80.241676,12.990047],[80.241767,12.990044]]},"properties":{"candidate_id":"626271197","osm_way_id":626271197,"name":"Industry-Academia Bridge","highway":"service","structure":"low_bridge","reasons":["bridge_over_water"],"length_m":190,"tags":{"name":"Industry-Academia Bridge","highway":"service","bridge":"yes","layer":"1"}}},{"type":"Feature","id":"645720479","geometry":{"type":"LineString","coordinates":[[80.058397,12.929543],[80.058391,12.929377]]},"properties":{"candidate_id":"645720479","osm_way_id":645720479,"name":"","highway":"unclassified","structure":"low_bridge","reasons":["bridge_over_water"],"length_m":18,"tags":{"highway":"unclassified","bridge":"yes","layer":"1"}}},{"type":"Feature","id":"645733800","geometry":{"type":"LineString","coordinates":[[80.234092,13.031193],[80.234087,13.031084]]},"properties":{"candidate_id":"645733800","osm_way_id":645733800,"name":"Annasalai Street","highway":"tertiary","structure":"low_bridge","reasons":["bridge_over_water"],"length_m":12,"tags":{"name":"Annasalai Street","highway":"tertiary","bridge":"yes","layer":"1"}}},{"type":"Feature","id":"650571895","geometry":{"type":"LineString","coordinates":[[80.22762,13.028351],[80.227821,13.028322]]},"properties":{"candidate_id":"650571895","osm_way_id":650571895,"name":"North Road","highway":"residential","structure":"low_bridge","reasons":["bridge_over_water"],"length_m":22,"tags":{"name":"North Road","highway":"residential","bridge":"yes","layer":"1","surface":"asphalt"}}},{"type":"Feature","id":"665536012","geometry":{"type":"LineString","coordinates":[[80.267782,13.242295],[80.269161,13.243024]]},"properties":{"candidate_id":"665536012","osm_way_id":665536012,"name":"","highway":"tertiary","structure":"low_bridge","reasons":["bridge_over_water"],"length_m":170,"tags":{"highway":"tertiary","bridge":"yes","layer":"1","surface":"paved"}}},{"type":"Feature","id":"666393460","geometry":{"type":"LineString","coordinates":[[80.286222,13.107259],[80.286288,13.107555]]},"properties":{"candidate_id":"666393460","osm_way_id":666393460,"name":"Monegar Choultry Road","highway":"tertiary","structure":"underpass","reasons":["tunnel=yes","layer<0"],"length_m":34,"tags":{"name":"Monegar Choultry Road","highway":"tertiary","tunnel":"yes","layer":"-1"}}},{"type":"Feature","id":"667073822-x1","geometry":{"type":"LineString","coordinates":[[80.206635,12.976167],[80.206716,12.976276]]},"properties":{"candidate_id":"667073822-x1","osm_way_id":667073822,"name":"","highway":"primary_link","structure":"underpass","reasons":["under_rail_bridge"],"length_m":15,"tags":{"highway":"primary_link","surface":"asphalt"},"crossing":"railway#28620048"}},{"type":"Feature","id":"667073822-x2","geometry":{"type":"LineString","coordinates":[[80.206635,12.976167],[80.206716,12.976276]]},"properties":{"candidate_id":"667073822-x2","osm_way_id":667073822,"name":"","highway":"primary_link","structure":"underpass","reasons":["under_rail_bridge"],"length_m":15,"tags":{"highway":"primary_link","surface":"asphalt"},"crossing":"railway#235921450"}},{"type":"Feature","id":"667076805","geometry":{"type":"LineString","coordinates":[[80.208823,12.948753],[80.208819,12.948681]]},"properties":{"candidate_id":"667076805","osm_way_id":667076805,"name":"","highway":"service","structure":"low_bridge","reasons":["bridge_over_water"],"length_m":8,"tags":{"highway":"service","bridge":"yes","layer":"1"}}},{"type":"Feature","id":"670042888","geometry":{"type":"LineString","coordinates":[[80.271027,13.105042],[80.27091,13.105296]]},"properties":{"candidate_id":"670042888","osm_way_id":670042888,"name":"Basin Bridge","highway":"trunk","structure":"low_bridge","reasons":["bridge_over_water"],"length_m":31,"tags":{"name":"Basin Bridge","ref":"SHU87","highway":"trunk","bridge":"yes","layer":"1","oneway":"yes"}}},{"type":"Feature","id":"670042896","geometry":{"type":"LineString","coordinates":[[80.270982,13.105331],[80.271093,13.105078]]},"properties":{"candidate_id":"670042896","osm_way_id":670042896,"name":"Basin Bridge","highway":"trunk","structure":"low_bridge","reasons":["bridge_over_water"],"length_m":30,"tags":{"name":"Basin Bridge","ref":"SHU87","highway":"trunk","bridge":"yes","layer":"1","oneway":"yes"}}},{"type":"Feature","id":"670042903","geometry":{"type":"LineString","coordinates":[[80.269048,13.105635],[80.26905,13.105368]]},"properties":{"candidate_id":"670042903","osm_way_id":670042903,"name":"","highway":"service","structure":"low_bridge","reasons":["bridge_over_water"],"length_m":29,"tags":{"highway":"service","bridge":"yes","layer":"1"}}},{"type":"Feature","id":"670057492","geometry":{"type":"LineString","coordinates":[[80.243516,13.034689],[80.243639,13.034653],[80.243654,13.034655]]},"properties":{"candidate_id":"670057492","osm_way_id":670057492,"name":"","highway":"residential","structure":"low_bridge","reasons":["bridge_over_water"],"length_m":16,"tags":{"highway":"residential","bridge":"yes","layer":"1"}}},{"type":"Feature","id":"670384691-x1","geometry":{"type":"LineString","coordinates":[[80.274691,13.071935],[80.274538,13.071692]]},"properties":{"candidate_id":"670384691-x1","osm_way_id":670384691,"name":"Anna Salai (Mount Road)","highway":"primary","structure":"underpass","reasons":["under_rail_bridge"],"length_m":505,"tags":{"name":"Anna Salai (Mount Road)","ref":"SHU88","highway":"primary","oneway":"yes"},"crossing":"railway#240340228"}},{"type":"Feature","id":"670384691-x2","geometry":{"type":"LineString","coordinates":[[80.274691,13.071935],[80.274538,13.071692]]},"properties":{"candidate_id":"670384691-x2","osm_way_id":670384691,"name":"Anna Salai (Mount Road)","highway":"primary","structure":"underpass","reasons":["under_rail_bridge"],"length_m":505,"tags":{"name":"Anna Salai (Mount Road)","ref":"SHU88","highway":"primary","oneway":"yes"},"crossing":"railway#549727267"}},{"type":"Feature","id":"672478354-x1","geometry":{"type":"LineString","coordinates":[[80.197155,13.148341],[80.196974,13.147874]]},"properties":{"candidate_id":"672478354-x1","osm_way_id":672478354,"name":"","highway":"residential","structure":"dip","reasons":["waterway_crossing"],"length_m":552,"tags":{"highway":"residential"},"crossing":"drain#1323146587"}},{"type":"Feature","id":"673268226-x1","geometry":{"type":"LineString","coordinates":[[80.052637,12.855336],[80.052332,12.855377]]},"properties":{"candidate_id":"673268226-x1","osm_way_id":673268226,"name":"","highway":"residential","structure":"culvert","reasons":["waterway_crossing"],"length_m":169,"tags":{"highway":"residential"},"crossing":"drain#1151570510"}},{"type":"Feature","id":"673324270-x1","geometry":{"type":"LineString","coordinates":[[80.202387,13.130768],[80.202379,13.130649]]},"properties":{"candidate_id":"673324270-x1","osm_way_id":673324270,"name":"","highway":"residential","structure":"dip","reasons":["waterway_crossing"],"length_m":101,"tags":{"highway":"residential"},"crossing":"drain#1285521229"}},{"type":"Feature","id":"673324271-x1","geometry":{"type":"LineString","coordinates":[[80.202764,13.131274],[80.202675,13.130728]]},"properties":{"candidate_id":"673324271-x1","osm_way_id":673324271,"name":"","highway":"residential","structure":"dip","reasons":["waterway_crossing"],"length_m":108,"tags":{"highway":"residential"},"crossing":"drain#1285521228"}},{"type":"Feature","id":"673354275-x1","geometry":{"type":"LineString","coordinates":[[80.198688,13.140942],[80.198724,13.141092]]},"properties":{"candidate_id":"673354275-x1","osm_way_id":673354275,"name":"","highway":"tertiary","structure":"culvert","reasons":["waterway_crossing"],"length_m":459,"tags":{"highway":"tertiary"},"crossing":"drain#1089517862"}},{"type":"Feature","id":"673508803-x1","geometry":{"type":"LineString","coordinates":[[80.202137,13.137396],[80.201075,13.137701]]},"properties":{"candidate_id":"673508803-x1","osm_way_id":673508803,"name":"","highway":"residential","structure":"culvert","reasons":["waterway_crossing"],"length_m":121,"tags":{"highway":"residential"},"crossing":"drain#1089517861"}},{"type":"Feature","id":"673508804-x1","geometry":{"type":"LineString","coordinates":[[80.20296,13.138294],[80.202275,13.138652]]},"properties":{"candidate_id":"673508804-x1","osm_way_id":673508804,"name":"","highway":"residential","structure":"culvert","reasons":["waterway_crossing"],"length_m":84,"tags":{"highway":"residential"},"crossing":"drain#1089517861"}},{"type":"Feature","id":"675828229","geometry":{"type":"LineString","coordinates":[[80.236308,13.022349],[80.236229,13.022071]]},"properties":{"candidate_id":"675828229","osm_way_id":675828229,"name":"","highway":"residential","structure":"low_bridge","reasons":["bridge_over_water"],"length_m":32,"tags":{"highway":"residential","bridge":"yes","layer":"1"}}},{"type":"Feature","id":"676026672","geometry":{"type":"LineString","coordinates":[[80.246977,13.049199],[80.247162,13.049314]]},"properties":{"candidate_id":"676026672","osm_way_id":676026672,"name":"Gopathi Narayanaswami Road","highway":"secondary","structure":"low_bridge","reasons":["bridge_over_water"],"length_m":24,"tags":{"name":"Gopathi Narayanaswami Road","highway":"secondary","bridge":"yes","layer":"1","oneway":"yes"}}},{"type":"Feature","id":"692274684-x1","geometry":{"type":"LineString","coordinates":[[80.175551,13.025678],[80.175564,13.025744]]},"properties":{"candidate_id":"692274684-x1","osm_way_id":692274684,"name":"","highway":"residential","structure":"culvert","reasons":["waterway_crossing"],"length_m":410,"tags":{"highway":"residential","oneway":"yes"},"crossing":"drain#122063612"}},{"type":"Feature","id":"692670681-x1","geometry":{"type":"LineString","coordinates":[[80.203466,12.978545],[80.203393,12.978437]]},"properties":{"candidate_id":"692670681-x1","osm_way_id":692670681,"name":"","highway":"primary_link","structure":"underpass","reasons":["under_rail_bridge"],"length_m":14,"tags":{"highway":"primary_link","surface":"asphalt"},"crossing":"railway#28620048"}},{"type":"Feature","id":"692670681-x2","geometry":{"type":"LineString","coordinates":[[80.203466,12.978545],[80.203393,12.978437]]},"properties":{"candidate_id":"692670681-x2","osm_way_id":692670681,"name":"","highway":"primary_link","structure":"underpass","reasons":["under_rail_bridge"],"length_m":14,"tags":{"highway":"primary_link","surface":"asphalt"},"crossing":"railway#235921450"}},{"type":"Feature","id":"693509698-x1","geometry":{"type":"LineString","coordinates":[[80.198808,12.980695],[80.198769,12.980524]]},"properties":{"candidate_id":"693509698-x1","osm_way_id":693509698,"name":"","highway":"primary_link","structure":"underpass","reasons":["under_rail_bridge"],"length_m":19,"tags":{"highway":"primary_link","surface":"asphalt"},"crossing":"railway#28620048"}},{"type":"Feature","id":"693509698-x2","geometry":{"type":"LineString","coordinates":[[80.198808,12.980695],[80.198769,12.980524]]},"properties":{"candidate_id":"693509698-x2","osm_way_id":693509698,"name":"","highway":"primary_link","structure":"underpass","reasons":["under_rail_bridge"],"length_m":19,"tags":{"highway":"primary_link","surface":"asphalt"},"crossing":"railway#235921450"}},{"type":"Feature","id":"696363489-x1","geometry":{"type":"LineString","coordinates":[[80.07028,12.986004],[80.070339,12.986008]]},"properties":{"candidate_id":"696363489-x1","osm_way_id":696363489,"name":"","highway":"track","structure":"culvert","reasons":["waterway_crossing"],"length_m":6,"tags":{"highway":"track"},"crossing":"drain#696363487"}},{"type":"Feature","id":"696377458-x1","geometry":{"type":"LineString","coordinates":[[80.277441,13.069861],[80.277317,13.069702]]},"properties":{"candidate_id":"696377458-x1","osm_way_id":696377458,"name":"","highway":"service","structure":"underpass","reasons":["under_rail_bridge"],"length_m":189,"tags":{"highway":"service"},"crossing":"railway#240340228"}},{"type":"Feature","id":"696377458-x2","geometry":{"type":"LineString","coordinates":[[80.277441,13.069861],[80.277317,13.069702]]},"properties":{"candidate_id":"696377458-x2","osm_way_id":696377458,"name":"","highway":"service","structure":"underpass","reasons":["under_rail_bridge"],"length_m":189,"tags":{"highway":"service"},"crossing":"railway#549727267"}},{"type":"Feature","id":"696532174","geometry":{"type":"LineString","coordinates":[[80.071778,12.990531],[80.071883,12.990602]]},"properties":{"candidate_id":"696532174","osm_way_id":696532174,"name":"","highway":"residential","structure":"low_bridge","reasons":["bridge_over_water"],"length_m":14,"tags":{"highway":"residential","bridge":"yes","layer":"1"}}},{"type":"Feature","id":"696533194","geometry":{"type":"LineString","coordinates":[[80.081044,12.995301],[80.080577,12.995404]]},"properties":{"candidate_id":"696533194","osm_way_id":696533194,"name":"Kodambakkam \u2013 Sriperumbudur Road","highway":"primary","structure":"low_bridge","reasons":["bridge_over_water"],"length_m":52,"tags":{"name":"Kodambakkam \u2013 Sriperumbudur Road","ref":"SH113","highway":"primary","bridge":"yes","layer":"1"}}},{"type":"Feature","id":"696533201","geometry":{"type":"LineString","coordinates":[[80.081443,12.999351],[80.081918,12.999808]]},"properties":{"candidate_id":"696533201","osm_way_id":696533201,"name":"Chembarambakkam Dam Road","highway":"unclassified","structure":"low_bridge","reasons":["bridge_over_water"],"length_m":72,"tags":{"name":"Chembarambakkam Dam Road","highway":"unclassified","bridge":"yes","layer":"1"}}},{"type":"Feature","id":"696533202-x1","geometry":{"type":"LineString","coordinates":[[80.081496,13.008467],[80.081084,13.008885]]},"properties":{"candidate_id":"696533202-x1","osm_way_id":696533202,"name":"Chembarambakkam Dam Road","highway":"unclassified","structure":"culvert","reasons":["waterway_crossing"],"length_m":4847,"tags":{"name":"Chembarambakkam Dam Road","highway":"unclassified"},"crossing":"stream#706896507"}},{"type":"Feature","id":"696533216","geometry":{"type":"LineString","coordinates":[[80.070039,12.987774],[80.070103,12.987829]]},"properties":{"candidate_id":"696533216","osm_way_id":696533216,"name":"","highway":"unclassified","structure":"low_bridge","reasons":["bridge_over_water"],"length_m":9,"tags":{"highway":"unclassified","bridge":"yes","layer":"1"}}},{"type":"Feature","id":"696560654","geometry":{"type":"LineString","coordinates":[[80.138252,12.954819],[80.138264,12.954862],[80.13844,12.955503]]},"properties":{"candidate_id":"696560654","osm_way_id":696560654,"name":"","highway":"service","structure":"underpass","reasons":["layer<0"],"length_m":78,"tags":{"highway":"service","layer":"-2"}}},{"type":"Feature","id":"696622067","geometry":{"type":"LineString","coordinates":[[80.221984,12.897261],[80.221908,12.897272],[80.221462,12.897336],[80.221435,12.897339],[80.22142,12.897507],[80.21998,12.89764]]},"properties":{"candidate_id":"696622067","osm_way_id":696622067,"name":"","highway":"residential","structure":"underpass","reasons":["layer<0"],"length_m":236,"tags":{"highway":"residential","layer":"-1"}}},{"type":"Feature","id":"701495777","geometry":{"type":"LineString","coordinates":[[80.169565,13.025087],[80.16959,13.025198]]},"properties":{"candidate_id":"701495777","osm_way_id":701495777,"name":"2nd Main Road","highway":"residential","structure":"low_bridge","reasons":["bridge_over_water"],"length_m":13,"tags":{"name":"2nd Main Road","highway":"residential","bridge":"yes","layer":"1"}}},{"type":"Feature","id":"701580191-x1","geometry":{"type":"LineString","coordinates":[[80.191193,12.975427],[80.19149,12.975254]]},"properties":{"candidate_id":"701580191-x1","osm_way_id":701580191,"name":"","highway":"residential","structure":"culvert","reasons":["waterway_crossing"],"length_m":37,"tags":{"highway":"residential"},"crossing":"drain:Veerangal Canal#1232632861"}},{"type":"Feature","id":"701740777","geometry":{"type":"LineString","coordinates":[[80.182138,13.072522],[80.182238,13.071533]]},"properties":{"candidate_id":"701740777","osm_way_id":701740777,"name":"","highway":"secondary","structure":"low_bridge","reasons":["bridge_over_water"],"length_m":110,"tags":{"highway":"secondary","bridge":"yes","layer":"1","oneway":"yes","surface":"asphalt"}}},{"type":"Feature","id":"702376138","geometry":{"type":"LineString","coordinates":[[80.18973,13.079705],[80.189572,13.079502]]},"properties":{"candidate_id":"702376138","osm_way_id":702376138,"name":"Padikuppam Road","highway":"tertiary","structure":"low_bridge","reasons":["bridge_over_water"],"length_m":28,"tags":{"name":"Padikuppam Road","highway":"tertiary","bridge":"yes","layer":"1","oneway":"no","surface":"asphalt","lanes":"1"}}},{"type":"Feature","id":"706900383","geometry":{"type":"LineString","coordinates":[[80.084691,13.00753],[80.084553,13.007406]]},"properties":{"candidate_id":"706900383","osm_way_id":706900383,"name":"","highway":"unclassified","structure":"low_bridge","reasons":["bridge_over_water"],"length_m":20,"tags":{"highway":"unclassified","bridge":"yes","layer":"1"}}},{"type":"Feature","id":"706900384-x1","geometry":{"type":"LineString","coordinates":[[80.08233,13.007704],[80.081808,13.007706]]},"properties":{"candidate_id":"706900384-x1","osm_way_id":706900384,"name":"","highway":"unclassified","structure":"culvert","reasons":["waterway_crossing"],"length_m":322,"tags":{"highway":"unclassified"},"crossing":"ditch#706900385"}},{"type":"Feature","id":"718447784-x1","geometry":{"type":"LineString","coordinates":[[80.186755,13.023081],[80.186596,13.022713]]},"properties":{"candidate_id":"718447784-x1","osm_way_id":718447784,"name":"","highway":"service","structure":"culvert","reasons":["waterway_crossing"],"length_m":151,"tags":{"highway":"service","oneway":"yes"},"crossing":"drain#1123838350"}},{"type":"Feature","id":"718910059","geometry":{"type":"LineString","coordinates":[[80.228501,12.909079],[80.228349,12.909126],[80.227578,12.909366],[80.227374,12.90935],[80.227326,12.909326],[80.227247,12.90933],[80.226249,12.909665],[80.22637,12.910005],[80.227392,12.909698],[80.227439,12.909671],[80.227475,12.909638],[80.22748,12.909586],[80.227422,12.909452],[80.227374,12.90935]]},"properties":{"candidate_id":"718910059","osm_way_id":718910059,"name":"","highway":"service","structure":"underpass","reasons":["layer<0"],"length_m":457,"tags":{"highway":"service","layer":"-1"}}},{"type":"Feature","id":"719967915-x1","geometry":{"type":"LineString","coordinates":[[80.217839,12.983921],[80.217673,12.983922]]},"properties":{"candidate_id":"719967915-x1","osm_way_id":719967915,"name":"","highway":"service","structure":"culvert","reasons":["waterway_crossing"],"length_m":129,"tags":{"highway":"service"},"crossing":"canal:drain path#103716694"}},{"type":"Feature","id":"720223990-x1","geometry":{"type":"LineString","coordinates":[[80.201512,13.123974],[80.201322,13.123983]]},"properties":{"candidate_id":"720223990-x1","osm_way_id":720223990,"name":"","highway":"residential","structure":"dip","reasons":["waterway_crossing"],"length_m":110,"tags":{"highway":"residential"},"crossing":"drain#1285837635"}},{"type":"Feature","id":"720223992-x1","geometry":{"type":"LineString","coordinates":[[80.201508,13.123458],[80.200989,13.123469]]},"properties":{"candidate_id":"720223992-x1","osm_way_id":720223992,"name":"","highway":"residential","structure":"dip","reasons":["waterway_crossing"],"length_m":236,"tags":{"highway":"residential","surface":"asphalt"},"crossing":"drain#1285837635"}},{"type":"Feature","id":"721872369","geometry":{"type":"LineString","coordinates":[[80.199303,12.95141],[80.199331,12.951576],[80.199358,12.951748]]},"properties":{"candidate_id":"721872369","osm_way_id":721872369,"name":"Dr.Ambedkar Salai","highway":"residential","structure":"low_bridge","reasons":["bridge_over_water"],"length_m":38,"tags":{"name":"Dr.Ambedkar Salai","ref":"O9197","highway":"residential","bridge":"yes","layer":"1"}}},{"type":"Feature","id":"721922451-x1","geometry":{"type":"LineString","coordinates":[[80.214861,12.989159],[80.215136,12.988928]]},"properties":{"candidate_id":"721922451-x1","osm_way_id":721922451,"name":"Marudupandi Street","highway":"tertiary","structure":"dip","reasons":["waterway_crossing"],"length_m":454,"tags":{"name":"Marudupandi Street","highway":"tertiary"},"crossing":"drain:Raj Bhavan Canal#102580558"}},{"type":"Feature","id":"721922454-x1","geometry":{"type":"LineString","coordinates":[[80.218327,12.987285],[80.218147,12.986457]]},"properties":{"candidate_id":"721922454-x1","osm_way_id":721922454,"name":"Velachery Bypass Road","highway":"primary","structure":"dip","reasons":["waterway_crossing"],"length_m":999,"tags":{"name":"Velachery Bypass Road","ref":"SH48C","highway":"primary","oneway":"yes","surface":"asphalt","lanes":"2"},"crossing":"drain#102550213"}},{"type":"Feature","id":"722195657","geometry":{"type":"LineString","coordinates":[[80.113711,12.994214],[80.113945,12.994476]]},"properties":{"candidate_id":"722195657","osm_way_id":722195657,"name":"","highway":"residential","structure":"low_bridge","reasons":["bridge_over_water"],"length_m":39,"tags":{"highway":"residential","bridge":"yes","layer":"1"}}},{"type":"Feature","id":"722213741","geometry":{"type":"LineString","coordinates":[[80.197338,12.865041],[80.197262,12.86476]]},"properties":{"candidate_id":"722213741","osm_way_id":722213741,"name":"","highway":"residential","structure":"low_bridge","reasons":["bridge_over_water"],"length_m":32,"tags":{"highway":"residential","bridge":"yes","layer":"1"}}},{"type":"Feature","id":"722415779-x1","geometry":{"type":"LineString","coordinates":[[80.163735,13.112622],[80.163559,13.11262]]},"properties":{"candidate_id":"722415779-x1","osm_way_id":722415779,"name":"Godrej Road","highway":"service","structure":"culvert","reasons":["waterway_crossing"],"length_m":515,"tags":{"name":"Godrej Road","highway":"service"},"crossing":"drain#835007995"}},{"type":"Feature","id":"722482012","geometry":{"type":"LineString","coordinates":[[80.066636,12.859],[80.066458,12.859061],[80.066359,12.859109]]},"properties":{"candidate_id":"722482012","osm_way_id":722482012,"name":"","highway":"tertiary","structure":"underpass","reasons":["tunnel=yes","layer<0"],"length_m":33,"tags":{"highway":"tertiary","tunnel":"yes","layer":"-1"}}},{"type":"Feature","id":"723297365","geometry":{"type":"LineString","coordinates":[[80.216002,13.130808],[80.21602,13.130934]]},"properties":{"candidate_id":"723297365","osm_way_id":723297365,"name":"","highway":"residential","structure":"low_bridge","reasons":["bridge_over_water"],"length_m":14,"tags":{"highway":"residential","bridge":"yes","layer":"1"}}},{"type":"Feature","id":"723297377","geometry":{"type":"LineString","coordinates":[[80.220136,13.130264],[80.220129,13.130396]]},"properties":{"candidate_id":"723297377","osm_way_id":723297377,"name":"","highway":"residential","structure":"low_bridge","reasons":["bridge_over_water"],"length_m":15,"tags":{"highway":"residential","bridge":"yes","layer":"1"}}},{"type":"Feature","id":"723314701","geometry":{"type":"LineString","coordinates":[[80.244721,13.086194],[80.244465,13.086539]]},"properties":{"candidate_id":"723314701","osm_way_id":723314701,"name":"Medavakkam Tank Road","highway":"secondary","structure":"low_bridge","reasons":["bridge_over_water"],"length_m":47,"tags":{"name":"Medavakkam Tank Road","highway":"secondary","bridge":"yes","layer":"1","oneway":"yes"}}},{"type":"Feature","id":"723477928","geometry":{"type":"LineString","coordinates":[[80.230069,13.045783],[80.230063,13.045767],[80.230053,13.045761],[80.230037,13.045758],[80.229898,13.045779],[80.229595,13.045832]]},"properties":{"candidate_id":"723477928","osm_way_id":723477928,"name":"Rangarajapuram Main Road","highway":"residential","structure":"underpass","reasons":["tunnel=yes","layer<0"],"length_m":54,"tags":{"name":"Rangarajapuram Main Road","highway":"residential","tunnel":"yes","layer":"-1"}}},{"type":"Feature","id":"723504198","geometry":{"type":"LineString","coordinates":[[80.12721,12.935898],[80.128028,12.936837],[80.128408,12.937381]]},"properties":{"candidate_id":"723504198","osm_way_id":723504198,"name":"Kumaran Street","highway":"service","structure":"underpass","reasons":["layer<0"],"length_m":209,"tags":{"name":"Kumaran Street","highway":"service","layer":"-1","surface":"asphalt"}}},{"type":"Feature","id":"723718322","geometry":{"type":"LineString","coordinates":[[80.102295,12.97022],[80.102498,12.970826]]},"properties":{"candidate_id":"723718322","osm_way_id":723718322,"name":"Kundrathur Road","highway":"tertiary","structure":"low_bridge","reasons":["bridge_over_water"],"length_m":71,"tags":{"name":"Kundrathur Road","ref":"O3278","highway":"tertiary","bridge":"yes","layer":"1"}}},{"type":"Feature","id":"723933444","geometry":{"type":"LineString","coordinates":[[80.155944,13.10785],[80.155915,13.108111]]},"properties":{"candidate_id":"723933444","osm_way_id":723933444,"name":"","highway":"residential","structure":"low_bridge","reasons":["bridge_over_water"],"length_m":29,"tags":{"highway":"residential","bridge":"yes","layer":"1"}}},{"type":"Feature","id":"724052337-x1","geometry":{"type":"LineString","coordinates":[[80.117276,12.925384],[80.117218,12.925448]]},"properties":{"candidate_id":"724052337-x1","osm_way_id":724052337,"name":"","highway":"service","structure":"culvert","reasons":["waterway_crossing"],"length_m":9,"tags":{"highway":"service"},"crossing":"drain#1356673373"}},{"type":"Feature","id":"724220826","geometry":{"type":"LineString","coordinates":[[80.273656,13.023787],[80.272255,13.022756]]},"properties":{"candidate_id":"724220826","osm_way_id":724220826,"name":"Santhome High Road","highway":"primary","structure":"low_bridge","reasons":["bridge_over_water"],"length_m":190,"tags":{"name":"Santhome High Road","highway":"primary","bridge":"yes","layer":"1","oneway":"yes"}}},{"type":"Feature","id":"724220829","geometry":{"type":"LineString","coordinates":[[80.27221,13.022825],[80.273555,13.023823]]},"properties":{"candidate_id":"724220829","osm_way_id":724220829,"name":"Santhome High Road","highway":"primary","structure":"low_bridge","reasons":["bridge_over_water"],"length_m":183,"tags":{"name":"Santhome High Road","highway":"primary","bridge":"yes","layer":"1","oneway":"yes"}}},{"type":"Feature","id":"724224056","geometry":{"type":"LineString","coordinates":[[80.180421,13.110399],[80.18043,13.110552],[80.180436,13.110587]]},"properties":{"candidate_id":"724224056","osm_way_id":724224056,"name":"","highway":"residential","structure":"low_bridge","reasons":["bridge_over_water"],"length_m":21,"tags":{"highway":"residential","bridge":"yes","layer":"1"}}},{"type":"Feature","id":"724260860","geometry":{"type":"LineString","coordinates":[[80.117717,12.991336],[80.117599,12.991282]]},"properties":{"candidate_id":"724260860","osm_way_id":724260860,"name":"Irandamkattalai - Karaimanagar Road","highway":"residential","structure":"low_bridge","reasons":["bridge_over_water"],"length_m":14,"tags":{"name":"Irandamkattalai - Karaimanagar Road","ref":"O2561","highway":"residential","bridge":"yes","layer":"1"}}},{"type":"Feature","id":"725256820","geometry":{"type":"LineString","coordinates":[[80.152289,13.108831],[80.152284,13.108662]]},"properties":{"candidate_id":"725256820","osm_way_id":725256820,"name":"Chennai - Tiruttani - Renigunta Road","highway":"primary","structure":"low_bridge","reasons":["bridge_over_water"],"length_m":19,"tags":{"name":"Chennai - Tiruttani - Renigunta Road","ref":"SHU148","highway":"primary","bridge":"yes","layer":"1","oneway":"yes","surface":"asphalt","lanes":"2"}}},{"type":"Feature","id":"725256822","geometry":{"type":"LineString","coordinates":[[80.152196,13.108657],[80.15219,13.10881]]},"properties":{"candidate_id":"725256822","osm_way_id":725256822,"name":"Chennai - Tiruttani - Renigunta Road","highway":"primary","structure":"low_bridge","reasons":["bridge_over_water"],"length_m":17,"tags":{"name":"Chennai - Tiruttani - Renigunta Road","ref":"SHU148","highway":"primary","bridge":"yes","layer":"1","oneway":"yes","surface":"asphalt","lanes":"2"}}},{"type":"Feature","id":"725264957","geometry":{"type":"LineString","coordinates":[[80.183084,13.024133],[80.183085,13.024512]]},"properties":{"candidate_id":"725264957","osm_way_id":725264957,"name":"Valluvar Road","highway":"secondary","structure":"low_bridge","reasons":["bridge_over_water"],"length_m":42,"tags":{"name":"Valluvar Road","ref":"MDR1020","highway":"secondary","bridge":"yes","layer":"1"}}},{"type":"Feature","id":"725333479","geometry":{"type":"LineString","coordinates":[[80.177759,13.075452],[80.177929,13.075457]]},"properties":{"candidate_id":"725333479","osm_way_id":725333479,"name":"","highway":"tertiary","structure":"low_bridge","reasons":["bridge_over_water"],"length_m":19,"tags":{"highway":"tertiary","bridge":"yes","layer":"1","surface":"asphalt"}}},{"type":"Feature","id":"726035083","geometry":{"type":"LineString","coordinates":[[80.224884,13.091636],[80.224732,13.091482]]},"properties":{"candidate_id":"726035083","osm_way_id":726035083,"name":"","highway":"residential","structure":"low_bridge","reasons":["bridge_over_water"],"length_m":24,"tags":{"highway":"residential","bridge":"yes","layer":"1"}}},{"type":"Feature","id":"726141115","geometry":{"type":"LineString","coordinates":[[80.197317,12.988661],[80.197522,12.988594]]},"properties":{"candidate_id":"726141115","osm_way_id":726141115,"name":"","highway":"tertiary","structure":"low_bridge","reasons":["bridge_over_water"],"length_m":23,"tags":{"highway":"tertiary","bridge":"yes","layer":"1"}}},{"type":"Feature","id":"726773105","geometry":{"type":"LineString","coordinates":[[80.197761,12.894352],[80.197728,12.894016]]},"properties":{"candidate_id":"726773105","osm_way_id":726773105,"name":"Nookampalayam Road","highway":"tertiary","structure":"low_bridge","reasons":["bridge_over_water"],"length_m":37,"tags":{"name":"Nookampalayam Road","highway":"tertiary","bridge":"yes","layer":"1"}}},{"type":"Feature","id":"727631739-x1","geometry":{"type":"LineString","coordinates":[[80.197001,13.132237],[80.196995,13.132183]]},"properties":{"candidate_id":"727631739-x1","osm_way_id":727631739,"name":"","highway":"residential","structure":"dip","reasons":["waterway_crossing"],"length_m":171,"tags":{"highway":"residential"},"crossing":"drain#1289269137"}},{"type":"Feature","id":"727734262-x1","geometry":{"type":"LineString","coordinates":[[80.274342,13.071976],[80.274405,13.071974]]},"properties":{"candidate_id":"727734262-x1","osm_way_id":727734262,"name":"","highway":"primary_link","structure":"underpass","reasons":["under_rail_bridge"],"length_m":84,"tags":{"highway":"primary_link","oneway":"yes"},"crossing":"railway#240340228"}},{"type":"Feature","id":"727734262-x2","geometry":{"type":"LineString","coordinates":[[80.274405,13.071974],[80.274471,13.071984]]},"properties":{"candidate_id":"727734262-x2","osm_way_id":727734262,"name":"","highway":"primary_link","structure":"underpass","reasons":["under_rail_bridge"],"length_m":84,"tags":{"highway":"primary_link","oneway":"yes"},"crossing":"railway#549727267"}},{"type":"Feature","id":"729835696","geometry":{"type":"LineString","coordinates":[[80.059176,12.895131],[80.057791,12.895208]]},"properties":{"candidate_id":"729835696","osm_way_id":729835696,"name":"Marmalong Bridge - Irumbuliyur - Vandalur - Mudichur - Oragadam - Walajabad Road","highway":"primary","structure":"low_bridge","reasons":["bridge_over_water"],"length_m":150,"tags":{"name":"Marmalong Bridge - Irumbuliyur - Vandalur - Mudichur - Oragadam - Walajabad Road","ref":"SH48","highway":"primary","bridge":"yes","layer":"1","oneway":"yes"}}},{"type":"Feature","id":"731255015-x1","geometry":{"type":"LineString","coordinates":[[80.158777,12.980747],[80.158695,12.981088]]},"properties":{"candidate_id":"731255015-x1","osm_way_id":731255015,"name":"","highway":"service","structure":"culvert","reasons":["waterway_crossing"],"length_m":352,"tags":{"highway":"service"},"crossing":"drain#1132154729"}},{"type":"Feature","id":"740105149","geometry":{"type":"LineString","coordinates":[[80.056889,12.960246],[80.056985,12.960226]]},"properties":{"candidate_id":"740105149","osm_way_id":740105149,"name":"","highway":"service","structure":"underpass","reasons":["tunnel=building_passage","layer<0"],"length_m":11,"tags":{"highway":"service","tunnel":"building_passage","layer":"-1"}}},{"type":"Feature","id":"740105153","geometry":{"type":"LineString","coordinates":[[80.057375,12.960134],[80.057503,12.960108]]},"properties":{"candidate_id":"740105153","osm_way_id":740105153,"name":"","highway":"service","structure":"underpass","reasons":["tunnel=building_passage","layer<0"],"length_m":14,"tags":{"highway":"service","tunnel":"building_passage","layer":"-1"}}},{"type":"Feature","id":"740146563","geometry":{"type":"LineString","coordinates":[[80.053164,12.960661],[80.053138,12.96075],[80.053134,12.960842]]},"properties":{"candidate_id":"740146563","osm_way_id":740146563,"name":"","highway":"service","structure":"underpass","reasons":["tunnel=building_passage","layer<0"],"length_m":20,"tags":{"highway":"service","tunnel":"building_passage","bridge":"yes","layer":"-1"}}},{"type":"Feature","id":"740146570","geometry":{"type":"LineString","coordinates":[[80.053246,12.960743],[80.052939,12.960719]]},"properties":{"candidate_id":"740146570","osm_way_id":740146570,"name":"","highway":"service","structure":"underpass","reasons":["tunnel=building_passage","layer<0"],"length_m":33,"tags":{"highway":"service","tunnel":"building_passage","layer":"-2"}}},{"type":"Feature","id":"746467411","geometry":{"type":"LineString","coordinates":[[80.237086,13.031781],[80.237107,13.031579]]},"properties":{"candidate_id":"746467411","osm_way_id":746467411,"name":"Mopparappan Street","highway":"tertiary","structure":"low_bridge","reasons":["bridge_over_water"],"length_m":22,"tags":{"name":"Mopparappan Street","highway":"tertiary","bridge":"yes","layer":"1","surface":"asphalt","lanes":"2"}}},{"type":"Feature","id":"750344149","geometry":{"type":"LineString","coordinates":[[80.13946,13.021154],[80.138199,13.021228],[80.138148,13.021247]]},"properties":{"candidate_id":"750344149","osm_way_id":750344149,"name":"2nd Street","highway":"residential","structure":"underpass","reasons":["layer<0"],"length_m":143,"tags":{"name":"2nd Street","highway":"residential","layer":"-1"}}},{"type":"Feature","id":"750645372-x1","geometry":{"type":"LineString","coordinates":[[80.203233,13.140212],[80.203034,13.139905]]},"properties":{"candidate_id":"750645372-x1","osm_way_id":750645372,"name":"","highway":"residential","structure":"culvert","reasons":["waterway_crossing"],"length_m":93,"tags":{"highway":"residential"},"crossing":"drain#1089517862"}},{"type":"Feature","id":"751461473","geometry":{"type":"LineString","coordinates":[[80.165164,13.132075],[80.165166,13.131986],[80.165157,13.131823],[80.164769,13.130606],[80.164752,13.130574],[80.164692,13.130555],[80.164434,13.130643]]},"properties":{"candidate_id":"751461473","osm_way_id":751461473,"name":"","highway":"residential","structure":"underpass","reasons":["layer<0"],"length_m":209,"tags":{"highway":"residential","layer":"-1"}}},{"type":"Feature","id":"751749388","geometry":{"type":"LineString","coordinates":[[80.147455,13.058712],[80.14727,13.058767],[80.147042,13.058837]]},"properties":{"candidate_id":"751749388","osm_way_id":751749388,"name":"","highway":"residential","structure":"underpass","reasons":["layer<0"],"length_m":47,"tags":{"highway":"residential","layer":"-1"}}},{"type":"Feature","id":"751751235","geometry":{"type":"LineString","coordinates":[[80.129271,13.001973],[80.129181,13.001986]]},"properties":{"candidate_id":"751751235","osm_way_id":751751235,"name":"","highway":"residential","structure":"low_bridge","reasons":["bridge_over_water"],"length_m":10,"tags":{"highway":"residential","bridge":"yes","layer":"1"}}},{"type":"Feature","id":"751771069-x1","geometry":{"type":"LineString","coordinates":[[80.185114,12.94893],[80.18443,12.948999]]},"properties":{"candidate_id":"751771069-x1","osm_way_id":751771069,"name":"","highway":"tertiary","structure":"dip","reasons":["waterway_crossing"],"length_m":403,"tags":{"highway":"tertiary","oneway":"yes"},"crossing":"drain#102559098"}},{"type":"Feature","id":"752866120","geometry":{"type":"LineString","coordinates":[[80.078607,12.892454],[80.078735,12.892559]]},"properties":{"candidate_id":"752866120","osm_way_id":752866120,"name":"Marmalong Bridge - Irumbuliyur - Vandalur - Mudichur - Oragadam - Walajabad Road","highway":"primary","structure":"low_bridge","reasons":["bridge_over_water"],"length_m":18,"tags":{"name":"Marmalong Bridge - Irumbuliyur - Vandalur - Mudichur - Oragadam - Walajabad Road","ref":"SH48","highway":"primary","bridge":"yes","layer":"1","oneway":"yes"}}},{"type":"Feature","id":"752866122","geometry":{"type":"LineString","coordinates":[[80.078768,12.892473],[80.078613,12.89235]]},"properties":{"candidate_id":"752866122","osm_way_id":752866122,"name":"Marmalong Bridge - Irumbuliyur - Vandalur - Mudichur - Oragadam - Walajabad Road","highway":"primary","structure":"low_bridge","reasons":["bridge_over_water"],"length_m":22,"tags":{"name":"Marmalong Bridge - Irumbuliyur - Vandalur - Mudichur - Oragadam - Walajabad Road","ref":"SH48","highway":"primary","bridge":"yes","layer":"1","oneway":"yes"}}},{"type":"Feature","id":"754131104-x1","geometry":{"type":"LineString","coordinates":[[80.214363,13.130648],[80.214193,13.130377]]},"properties":{"candidate_id":"754131104-x1","osm_way_id":754131104,"name":"","highway":"tertiary","structure":"culvert","reasons":["waterway_crossing"],"length_m":73,"tags":{"highway":"tertiary","oneway":"yes"},"crossing":"drain#1205852876"}},{"type":"Feature","id":"754185089","geometry":{"type":"LineString","coordinates":[[80.175736,13.077092],[80.175671,13.077015]]},"properties":{"candidate_id":"754185089","osm_way_id":754185089,"name":"","highway":"residential","structure":"low_bridge","reasons":["bridge_over_water"],"length_m":11,"tags":{"highway":"residential","bridge":"yes","layer":"1"}}},{"type":"Feature","id":"761161026-x1","geometry":{"type":"LineString","coordinates":[[80.195726,12.986624],[80.195909,12.986686]]},"properties":{"candidate_id":"761161026-x1","osm_way_id":761161026,"name":"","highway":"primary_link","structure":"underpass","reasons":["under_rail_bridge"],"length_m":21,"tags":{"highway":"primary_link"},"crossing":"railway#28620048"}},{"type":"Feature","id":"761161026-x2","geometry":{"type":"LineString","coordinates":[[80.195726,12.986624],[80.195909,12.986686]]},"properties":{"candidate_id":"761161026-x2","osm_way_id":761161026,"name":"","highway":"primary_link","structure":"underpass","reasons":["under_rail_bridge"],"length_m":21,"tags":{"highway":"primary_link"},"crossing":"railway#235921450"}},{"type":"Feature","id":"761177261-x1","geometry":{"type":"LineString","coordinates":[[80.177069,13.023639],[80.177094,13.023266]]},"properties":{"candidate_id":"761177261-x1","osm_way_id":761177261,"name":"DLF IT Park Road","highway":"service","structure":"culvert","reasons":["waterway_crossing"],"length_m":273,"tags":{"name":"DLF IT Park Road","highway":"service","oneway":"yes","surface":"asphalt"},"crossing":"drain#1123838346"}},{"type":"Feature","id":"766042449","geometry":{"type":"LineString","coordinates":[[80.112022,13.028049],[80.111927,13.028058]]},"properties":{"candidate_id":"766042449","osm_way_id":766042449,"name":"Shriram City Road","highway":"residential","structure":"low_bridge","reasons":["bridge_over_water"],"length_m":10,"tags":{"name":"Shriram City Road","highway":"residential","bridge":"yes","layer":"1","oneway":"yes"}}},{"type":"Feature","id":"767876329-x1","geometry":{"type":"LineString","coordinates":[[80.11592,13.017182],[80.115877,13.017112]]},"properties":{"candidate_id":"767876329-x1","osm_way_id":767876329,"name":"","highway":"residential","structure":"culvert","reasons":["waterway_crossing"],"length_m":436,"tags":{"highway":"residential"},"crossing":"canal:Chembarambakkam irrigation canal#1151035776"}},{"type":"Feature","id":"767910134","geometry":{"type":"LineString","coordinates":[[80.208007,12.975606],[80.207957,12.975547]]},"properties":{"candidate_id":"767910134","osm_way_id":767910134,"name":"DRA Tuxedo Elite Path","highway":"residential","structure":"low_bridge","reasons":["bridge_over_water"],"length_m":8,"tags":{"name":"DRA Tuxedo Elite Path","highway":"residential","bridge":"yes","layer":"1","oneway":"yes"}}},{"type":"Feature","id":"768139895","geometry":{"type":"LineString","coordinates":[[80.179895,13.108429],[80.179664,13.108452]]},"properties":{"candidate_id":"768139895","osm_way_id":768139895,"name":"","highway":"secondary","structure":"low_bridge","reasons":["bridge_over_water"],"length_m":25,"tags":{"highway":"secondary","bridge":"yes","layer":"1","oneway":"yes"}}},{"type":"Feature","id":"788486733","geometry":{"type":"LineString","coordinates":[[80.243297,13.033987],[80.243372,13.033969]]},"properties":{"candidate_id":"788486733","osm_way_id":788486733,"name":"","highway":"residential","structure":"low_bridge","reasons":["bridge_over_water"],"length_m":8,"tags":{"highway":"residential","bridge":"yes","layer":"1"}}},{"type":"Feature","id":"813634937","geometry":{"type":"LineString","coordinates":[[80.131258,13.111419],[80.131282,13.111546]]},"properties":{"candidate_id":"813634937","osm_way_id":813634937,"name":"Tamilnadu Housing Board Road","highway":"tertiary","structure":"low_bridge","reasons":["bridge_over_water"],"length_m":14,"tags":{"name":"Tamilnadu Housing Board Road","highway":"tertiary","bridge":"yes","layer":"1"}}},{"type":"Feature","id":"813634939","geometry":{"type":"LineString","coordinates":[[80.13029,13.110459],[80.130391,13.11044]]},"properties":{"candidate_id":"813634939","osm_way_id":813634939,"name":"","highway":"residential","structure":"low_bridge","reasons":["bridge_over_water"],"length_m":11,"tags":{"highway":"residential","bridge":"yes","layer":"1"}}},{"type":"Feature","id":"813634941","geometry":{"type":"LineString","coordinates":[[80.128026,13.106731],[80.128131,13.106659]]},"properties":{"candidate_id":"813634941","osm_way_id":813634941,"name":"Ambattur - Avadi Road","highway":"tertiary","structure":"low_bridge","reasons":["bridge_over_water"],"length_m":14,"tags":{"name":"Ambattur - Avadi Road","highway":"tertiary","bridge":"yes","layer":"1"}}},{"type":"Feature","id":"822593925-x1","geometry":{"type":"LineString","coordinates":[[80.247909,13.006424],[80.24756,13.006427]]},"properties":{"candidate_id":"822593925-x1","osm_way_id":822593925,"name":"","highway":"service","structure":"underpass","reasons":["under_rail_bridge"],"length_m":51,"tags":{"highway":"service","surface":"asphalt"},"crossing":"railway#549727236"}},{"type":"Feature","id":"822593925-x2","geometry":{"type":"LineString","coordinates":[[80.247909,13.006424],[80.24756,13.006427]]},"properties":{"candidate_id":"822593925-x2","osm_way_id":822593925,"name":"","highway":"service","structure":"underpass","reasons":["under_rail_bridge"],"length_m":51,"tags":{"highway":"service","surface":"asphalt"},"crossing":"railway#549727255"}},{"type":"Feature","id":"822593928","geometry":{"type":"LineString","coordinates":[[80.248004,13.012427],[80.248341,13.012383]]},"properties":{"candidate_id":"822593928","osm_way_id":822593928,"name":"","highway":"residential","structure":"low_bridge","reasons":["bridge_over_water"],"length_m":37,"tags":{"highway":"residential","bridge":"yes","layer":"1"}}},{"type":"Feature","id":"822593930","geometry":{"type":"LineString","coordinates":[[80.266252,13.033948],[80.26608,13.034413]]},"properties":{"candidate_id":"822593930","osm_way_id":822593930,"name":"","highway":"residential","structure":"low_bridge","reasons":["bridge_over_water"],"length_m":55,"tags":{"highway":"residential","bridge":"yes","layer":"1"}}},{"type":"Feature","id":"822593931-x1","geometry":{"type":"LineString","coordinates":[[80.274479,13.042079],[80.274493,13.042276]]},"properties":{"candidate_id":"822593931-x1","osm_way_id":822593931,"name":"PVK Koil Street","highway":"tertiary","structure":"underpass","reasons":["under_rail_bridge"],"length_m":147,"tags":{"name":"PVK Koil Street","highway":"tertiary"},"crossing":"railway#549727227"}},{"type":"Feature","id":"822593931-x2","geometry":{"type":"LineString","coordinates":[[80.274479,13.042079],[80.274493,13.042276]]},"properties":{"candidate_id":"822593931-x2","osm_way_id":822593931,"name":"PVK Koil Street","highway":"tertiary","structure":"underpass","reasons":["under_rail_bridge"],"length_m":147,"tags":{"name":"PVK Koil Street","highway":"tertiary"},"crossing":"railway#549727260"}},{"type":"Feature","id":"822593941","geometry":{"type":"LineString","coordinates":[[80.274789,13.081699],[80.275054,13.081708]]},"properties":{"candidate_id":"822593941","osm_way_id":822593941,"name":"General Hospital Road","highway":"primary","structure":"low_bridge","reasons":["bridge_over_water"],"length_m":29,"tags":{"name":"General Hospital Road","ref":"SHU86","highway":"primary","bridge":"yes","layer":"1","oneway":"yes"}}},{"type":"Feature","id":"822593942","geometry":{"type":"LineString","coordinates":[[80.275064,13.081602],[80.274799,13.081595]]},"properties":{"candidate_id":"822593942","osm_way_id":822593942,"name":"General Hospital Road","highway":"primary","structure":"low_bridge","reasons":["bridge_over_water"],"length_m":29,"tags":{"name":"General Hospital Road","ref":"SHU86","highway":"primary","bridge":"yes","layer":"1","oneway":"yes"}}},{"type":"Feature","id":"824539734","geometry":{"type":"LineString","coordinates":[[80.225201,13.072162],[80.225268,13.07159]]},"properties":{"candidate_id":"824539734","osm_way_id":824539734,"name":"","highway":"residential","structure":"low_bridge","reasons":["bridge_over_water"],"length_m":64,"tags":{"highway":"residential","bridge":"yes","layer":"1"}}},{"type":"Feature","id":"827713682","geometry":{"type":"LineString","coordinates":[[80.319555,13.222235],[80.319566,13.222246],[80.319804,13.222409],[80.319857,13.222573],[80.319912,13.222694]]},"properties":{"candidate_id":"827713682","osm_way_id":827713682,"name":"Chennai - Ennore Road Tunnel","highway":"primary","structure":"underpass","reasons":["tunnel=yes","layer<0"],"length_m":67,"tags":{"name":"Chennai - Ennore Road Tunnel","ref":"SH114","highway":"primary","tunnel":"yes","layer":"-1"}}},{"type":"Feature","id":"828067969","geometry":{"type":"LineString","coordinates":[[80.054575,12.867159],[80.054503,12.867296]]},"properties":{"candidate_id":"828067969","osm_way_id":828067969,"name":"Erikarai road","highway":"tertiary","structure":"low_bridge","reasons":["bridge_over_water"],"length_m":17,"tags":{"name":"Erikarai road","ref":"O44","highway":"tertiary","bridge":"yes","layer":"1"}}},{"type":"Feature","id":"828068047-x1","geometry":{"type":"LineString","coordinates":[[80.053566,12.86351],[80.053966,12.863361]]},"properties":{"candidate_id":"828068047-x1","osm_way_id":828068047,"name":"","highway":"residential","structure":"culvert","reasons":["waterway_crossing"],"length_m":365,"tags":{"highway":"residential"},"crossing":"drain#1151570531"}},{"type":"Feature","id":"828068056-x1","geometry":{"type":"LineString","coordinates":[[80.053779,12.863971],[80.054285,12.86375]]},"properties":{"candidate_id":"828068056-x1","osm_way_id":828068056,"name":"","highway":"residential","structure":"culvert","reasons":["waterway_crossing"],"length_m":187,"tags":{"highway":"residential"},"crossing":"drain#1151570529"}},{"type":"Feature","id":"828068060-x1","geometry":{"type":"LineString","coordinates":[[80.054402,12.864971],[80.054554,12.864911]]},"properties":{"candidate_id":"828068060-x1","osm_way_id":828068060,"name":"","highway":"residential","structure":"culvert","reasons":["waterway_crossing"],"length_m":205,"tags":{"highway":"residential"},"crossing":"drain#1151570525"}},{"type":"Feature","id":"828068061-x1","geometry":{"type":"LineString","coordinates":[[80.054664,12.866867],[80.055393,12.86681]]},"properties":{"candidate_id":"828068061-x1","osm_way_id":828068061,"name":"","highway":"residential","structure":"culvert","reasons":["waterway_crossing"],"length_m":280,"tags":{"highway":"residential"},"crossing":"drain#1151570517"}},{"type":"Feature","id":"828326555","geometry":{"type":"LineString","coordinates":[[80.080697,12.994363],[80.080748,12.994395]]},"properties":{"candidate_id":"828326555","osm_way_id":828326555,"name":"","highway":"service","structure":"low_bridge","reasons":["bridge_over_water"],"length_m":7,"tags":{"highway":"service","bridge":"yes","layer":"1"}}},{"type":"Feature","id":"828326561","geometry":{"type":"LineString","coordinates":[[80.080366,12.998451],[80.080176,12.998337],[80.080026,12.998259],[80.079929,12.998185],[80.079918,12.998176],[80.079686,12.997899],[80.079518,12.99775],[80.079353,12.997683],[80.079132,12.997633],[80.078721,12.997582],[80.07865,12.997558],[80.078575,12.997519],[80.078508,12.997443],[80.078181,12.996947],[80.078129,12.996887],[80.078054,12.996776],[80.077967,12.996633],[80.077761,12.996255],[80.077654,12.996116],[80.077528,12.995989],[80.077366,12.995865]]},"properties":{"candidate_id":"828326561","osm_way_id":828326561,"name":"","highway":"service","structure":"dip","reasons":["flood_prone=yes"],"length_m":455,"tags":{"highway":"service","flood_prone":"yes","surface":"unpaved"}}},{"type":"Feature","id":"828326561-x1","geometry":{"type":"LineString","coordinates":[[80.079132,12.997633],[80.078721,12.997582]]},"properties":{"candidate_id":"828326561-x1","osm_way_id":828326561,"name":"","highway":"service","structure":"culvert","reasons":["waterway_crossing"],"length_m":455,"tags":{"highway":"service","flood_prone":"yes","surface":"unpaved"},"crossing":"ditch#696533197"}},{"type":"Feature","id":"828362041-x1","geometry":{"type":"LineString","coordinates":[[80.081975,13.008729],[80.081741,13.008749]]},"properties":{"candidate_id":"828362041-x1","osm_way_id":828362041,"name":"","highway":"residential","structure":"culvert","reasons":["waterway_crossing"],"length_m":858,"tags":{"highway":"residential"},"crossing":"ditch#828684107"}},{"type":"Feature","id":"828362041-x2","geometry":{"type":"LineString","coordinates":[[80.081604,13.008826],[80.081473,13.009118]]},"properties":{"candidate_id":"828362041-x2","osm_way_id":828362041,"name":"","highway":"residential","structure":"dip","reasons":["waterway_crossing"],"length_m":858,"tags":{"highway":"residential"},"crossing":"stream#706896508"}},{"type":"Feature","id":"828411839","geometry":{"type":"LineString","coordinates":[[80.13343,13.154449],[80.133553,13.154718]]},"properties":{"candidate_id":"828411839","osm_way_id":828411839,"name":"","highway":"secondary","structure":"low_bridge","reasons":["bridge_over_water"],"length_m":33,"tags":{"highway":"secondary","bridge":"yes","layer":"1"}}},{"type":"Feature","id":"828474153","geometry":{"type":"LineString","coordinates":[[80.079279,13.015304],[80.079218,13.015281]]},"properties":{"candidate_id":"828474153","osm_way_id":828474153,"name":"","highway":"residential","structure":"low_bridge","reasons":["bridge_over_water"],"length_m":7,"tags":{"highway":"residential","bridge":"yes","layer":"1"}}},{"type":"Feature","id":"828684109","geometry":{"type":"LineString","coordinates":[[80.080596,13.012431],[80.080575,13.012463]]},"properties":{"candidate_id":"828684109","osm_way_id":828684109,"name":"","highway":"residential","structure":"low_bridge","reasons":["bridge_over_water"],"length_m":4,"tags":{"highway":"residential","bridge":"yes","layer":"1"}}},{"type":"Feature","id":"828684110-x1","geometry":{"type":"LineString","coordinates":[[80.079735,13.014292],[80.079325,13.0153]]},"properties":{"candidate_id":"828684110-x1","osm_way_id":828684110,"name":"","highway":"residential","structure":"culvert","reasons":["waterway_crossing"],"length_m":350,"tags":{"highway":"residential"},"crossing":"canal#828474150"}},{"type":"Feature","id":"828761042","geometry":{"type":"LineString","coordinates":[[80.084493,13.193318],[80.084538,13.193054]]},"properties":{"candidate_id":"828761042","osm_way_id":828761042,"name":"Link Road","highway":"tertiary","structure":"low_bridge","reasons":["bridge_over_water"],"length_m":30,"tags":{"name":"Link Road","ref":"O3391","highway":"tertiary","bridge":"yes","layer":"1"}}},{"type":"Feature","id":"830606929","geometry":{"type":"LineString","coordinates":[[80.053845,13.101441],[80.053936,13.101333],[80.053993,13.10121],[80.054051,13.100966],[80.054105,13.100759]]},"properties":{"candidate_id":"830606929","osm_way_id":830606929,"name":"","highway":"residential","structure":"low_bridge","reasons":["bridge_over_water"],"length_m":82,"tags":{"highway":"residential","bridge":"yes","layer":"1"}}},{"type":"Feature","id":"830730148","geometry":{"type":"LineString","coordinates":[[80.300645,13.204812],[80.30086,13.205548]]},"properties":{"candidate_id":"830730148","osm_way_id":830730148,"name":"ETPS Flyash Bridge","highway":"unclassified","structure":"low_bridge","reasons":["bridge_over_water"],"length_m":85,"tags":{"name":"ETPS Flyash Bridge","highway":"unclassified","bridge":"yes","layer":"1"}}},{"type":"Feature","id":"830730150","geometry":{"type":"LineString","coordinates":[[80.307814,13.201284],[80.307651,13.201331],[80.305013,13.202092]]},"properties":{"candidate_id":"830730150","osm_way_id":830730150,"name":"ETPS Flyash Bridge","highway":"unclassified","structure":"low_bridge","reasons":["bridge_over_water"],"length_m":317,"tags":{"name":"ETPS Flyash Bridge","highway":"unclassified","bridge":"yes","layer":"1"}}},{"type":"Feature","id":"830730152","geometry":{"type":"LineString","coordinates":[[80.294443,13.187803],[80.294354,13.187691],[80.294292,13.187636],[80.294177,13.187545],[80.293813,13.187317],[80.293641,13.187212],[80.293324,13.187035]]},"properties":{"candidate_id":"830730152","osm_way_id":830730152,"name":"","highway":"track","structure":"low_bridge","reasons":["bridge_over_water"],"length_m":149,"tags":{"highway":"track","bridge":"yes","layer":"1"}}},{"type":"Feature","id":"830730154","geometry":{"type":"LineString","coordinates":[[80.290902,13.193983],[80.291049,13.193239]]},"properties":{"candidate_id":"830730154","osm_way_id":830730154,"name":"","highway":"service","structure":"low_bridge","reasons":["bridge_over_water"],"length_m":84,"tags":{"highway":"service","bridge":"yes","layer":"1"}}},{"type":"Feature","id":"830744753","geometry":{"type":"LineString","coordinates":[[80.274875,13.153781],[80.274859,13.153617]]},"properties":{"candidate_id":"830744753","osm_way_id":830744753,"name":"","highway":"service","structure":"low_bridge","reasons":["bridge_over_water"],"length_m":18,"tags":{"highway":"service","bridge":"yes","layer":"1"}}},{"type":"Feature","id":"830744756","geometry":{"type":"LineString","coordinates":[[80.273925,13.15001],[80.273839,13.150074]]},"properties":{"candidate_id":"830744756","osm_way_id":830744756,"name":"","highway":"service","structure":"low_bridge","reasons":["bridge_over_water"],"length_m":12,"tags":{"highway":"service","bridge":"yes","layer":"1"}}},{"type":"Feature","id":"830777273","geometry":{"type":"LineString","coordinates":[[80.278083,13.15375],[80.278081,13.153645]]},"properties":{"candidate_id":"830777273","osm_way_id":830777273,"name":"","highway":"service","structure":"low_bridge","reasons":["bridge_over_water"],"length_m":12,"tags":{"highway":"service","bridge":"yes","layer":"1"}}},{"type":"Feature","id":"831085339","geometry":{"type":"LineString","coordinates":[[80.18919,12.865143],[80.189253,12.865024]]},"properties":{"candidate_id":"831085339","osm_way_id":831085339,"name":"","highway":"residential","structure":"low_bridge","reasons":["bridge_over_water"],"length_m":15,"tags":{"highway":"residential","bridge":"yes","layer":"1"}}},{"type":"Feature","id":"831085350","geometry":{"type":"LineString","coordinates":[[80.175929,12.867724],[80.175878,12.867288]]},"properties":{"candidate_id":"831085350","osm_way_id":831085350,"name":"Medavakkam - Mambakkam - Sembakkam Road","highway":"primary","structure":"low_bridge","reasons":["bridge_over_water"],"length_m":48,"tags":{"name":"Medavakkam - Mambakkam - Sembakkam Road","ref":"SH110A","highway":"primary","bridge":"yes","layer":"1"}}},{"type":"Feature","id":"832221602","geometry":{"type":"LineString","coordinates":[[80.150438,12.871345],[80.15052,12.87093]]},"properties":{"candidate_id":"832221602","osm_way_id":832221602,"name":"","highway":"tertiary","structure":"low_bridge","reasons":["bridge_over_water"],"length_m":47,"tags":{"ref":"Thiruvancherry Rd","highway":"tertiary","bridge":"yes","layer":"1"}}},{"type":"Feature","id":"832438264","geometry":{"type":"LineString","coordinates":[[80.147909,12.870031],[80.147845,12.869744]]},"properties":{"candidate_id":"832438264","osm_way_id":832438264,"name":"","highway":"residential","structure":"low_bridge","reasons":["bridge_over_water"],"length_m":33,"tags":{"highway":"residential","bridge":"yes","layer":"1"}}},{"type":"Feature","id":"832453435","geometry":{"type":"LineString","coordinates":[[80.147434,12.869797],[80.147537,12.870185]]},"properties":{"candidate_id":"832453435","osm_way_id":832453435,"name":"","highway":"track","structure":"low_bridge","reasons":["bridge_over_water"],"length_m":44,"tags":{"highway":"track","bridge":"yes","layer":"1","surface":"unpaved"}}},{"type":"Feature","id":"832456363","geometry":{"type":"LineString","coordinates":[[80.093799,12.96622],[80.093798,12.966111]]},"properties":{"candidate_id":"832456363","osm_way_id":832456363,"name":"","highway":"unclassified","structure":"low_bridge","reasons":["bridge_over_water"],"length_m":12,"tags":{"highway":"unclassified","bridge":"yes","layer":"1"}}},{"type":"Feature","id":"832456366","geometry":{"type":"LineString","coordinates":[[80.087557,12.966604],[80.087563,12.966719]]},"properties":{"candidate_id":"832456366","osm_way_id":832456366,"name":"","highway":"unclassified","structure":"low_bridge","reasons":["bridge_over_water"],"length_m":13,"tags":{"highway":"unclassified","bridge":"yes","layer":"1"}}},{"type":"Feature","id":"832456371","geometry":{"type":"LineString","coordinates":[[80.08547,12.967383],[80.085297,12.967344]]},"properties":{"candidate_id":"832456371","osm_way_id":832456371,"name":"Thirumudivakkam High Road","highway":"tertiary","structure":"low_bridge","reasons":["bridge_over_water"],"length_m":19,"tags":{"name":"Thirumudivakkam High Road","ref":"MDR1163","highway":"tertiary","bridge":"yes","layer":"1","oneway":"no","surface":"asphalt","lanes":"2"}}},{"type":"Feature","id":"832471811-x1","geometry":{"type":"LineString","coordinates":[[80.100391,12.951733],[80.100156,12.950672]]},"properties":{"candidate_id":"832471811-x1","osm_way_id":832471811,"name":"","highway":"residential","structure":"dip","reasons":["waterway_crossing"],"length_m":828,"tags":{"highway":"residential"},"crossing":"ditch#383841156"}},{"type":"Feature","id":"832513987","geometry":{"type":"LineString","coordinates":[[80.088555,12.939179],[80.088536,12.939077]]},"properties":{"candidate_id":"832513987","osm_way_id":832513987,"name":"","highway":"residential","structure":"low_bridge","reasons":["bridge_over_water"],"length_m":11,"tags":{"highway":"residential","bridge":"yes","layer":"1"}}},{"type":"Feature","id":"832513989","geometry":{"type":"LineString","coordinates":[[80.088302,12.939172],[80.088289,12.939091]]},"properties":{"candidate_id":"832513989","osm_way_id":832513989,"name":"","highway":"residential","structure":"low_bridge","reasons":["bridge_over_water"],"length_m":9,"tags":{"highway":"residential","bridge":"yes","layer":"1"}}},{"type":"Feature","id":"832513993","geometry":{"type":"LineString","coordinates":[[80.085405,12.940099],[80.085381,12.940042]]},"properties":{"candidate_id":"832513993","osm_way_id":832513993,"name":"","highway":"residential","structure":"low_bridge","reasons":["bridge_over_water"],"length_m":7,"tags":{"highway":"residential","bridge":"yes","layer":"1"}}},{"type":"Feature","id":"832540255","geometry":{"type":"LineString","coordinates":[[80.090549,12.938831],[80.090532,12.938767]]},"properties":{"candidate_id":"832540255","osm_way_id":832540255,"name":"","highway":"residential","structure":"low_bridge","reasons":["bridge_over_water"],"length_m":7,"tags":{"highway":"residential","bridge":"yes","layer":"1"}}},{"type":"Feature","id":"832540257","geometry":{"type":"LineString","coordinates":[[80.093267,12.93809],[80.093248,12.938023]]},"properties":{"candidate_id":"832540257","osm_way_id":832540257,"name":"","highway":"residential","structure":"low_bridge","reasons":["bridge_over_water"],"length_m":8,"tags":{"highway":"residential","bridge":"yes","layer":"1"}}},{"type":"Feature","id":"832897484","geometry":{"type":"LineString","coordinates":[[80.07373,13.101436],[80.074829,13.101217]]},"properties":{"candidate_id":"832897484","osm_way_id":832897484,"name":"","highway":"tertiary","structure":"low_bridge","reasons":["bridge_over_water"],"length_m":122,"tags":{"highway":"tertiary","bridge":"yes","layer":"1"}}},{"type":"Feature","id":"832897485","geometry":{"type":"LineString","coordinates":[[80.075514,13.098913],[80.075768,13.098985],[80.07621,13.099129]]},"properties":{"candidate_id":"832897485","osm_way_id":832897485,"name":"","highway":"residential","structure":"low_bridge","reasons":["bridge_over_water"],"length_m":79,"tags":{"highway":"residential","bridge":"yes","layer":"1"}}},{"type":"Feature","id":"833401103","geometry":{"type":"LineString","coordinates":[[80.080056,12.963571],[80.079917,12.963563]]},"properties":{"candidate_id":"833401103","osm_way_id":833401103,"name":"Thirumudivakkam High Road","highway":"tertiary","structure":"low_bridge","reasons":["bridge_over_water"],"length_m":15,"tags":{"name":"Thirumudivakkam High Road","ref":"MDR1163","highway":"tertiary","bridge":"yes","layer":"1","oneway":"no","surface":"asphalt","lanes":"2"}}},{"type":"Feature","id":"833406413","geometry":{"type":"LineString","coordinates":[[80.079326,12.965224],[80.079369,12.965298]]},"properties":{"candidate_id":"833406413","osm_way_id":833406413,"name":"","highway":"residential","structure":"low_bridge","reasons":["bridge_over_water"],"length_m":9,"tags":{"highway":"residential","bridge":"yes","layer":"1"}}},{"type":"Feature","id":"833439137","geometry":{"type":"LineString","coordinates":[[80.272662,13.217269],[80.27253,13.216586],[80.272482,13.216304],[80.272427,13.216033]]},"properties":{"candidate_id":"833439137","osm_way_id":833439137,"name":"Thiruvottriyur \u2013 Ponneri \u2013 Panchetty Road","highway":"primary","structure":"low_bridge","reasons":["bridge_over_water"],"length_m":139,"tags":{"name":"Thiruvottriyur \u2013 Ponneri \u2013 Panchetty Road","ref":"SH56","highway":"primary","bridge":"yes","oneway":"yes"}}},{"type":"Feature","id":"833454095","geometry":{"type":"LineString","coordinates":[[80.061993,12.917187],[80.061949,12.917091]]},"properties":{"candidate_id":"833454095","osm_way_id":833454095,"name":"","highway":"residential","structure":"low_bridge","reasons":["bridge_over_water"],"length_m":12,"tags":{"highway":"residential","bridge":"yes","layer":"1"}}},{"type":"Feature","id":"833546236-x1","geometry":{"type":"LineString","coordinates":[[80.167893,13.008466],[80.168899,13.008227]]},"properties":{"candidate_id":"833546236-x1","osm_way_id":833546236,"name":"","highway":"service","structure":"culvert","reasons":["waterway_crossing"],"length_m":264,"tags":{"highway":"service"},"crossing":"drain:Surplus water drain#833840451"}},{"type":"Feature","id":"833818026","geometry":{"type":"LineString","coordinates":[[80.096514,12.9865],[80.096533,12.986582]]},"properties":{"candidate_id":"833818026","osm_way_id":833818026,"name":"","highway":"residential","structure":"low_bridge","reasons":["bridge_over_water"],"length_m":9,"tags":{"highway":"residential","bridge":"yes","layer":"1"}}},{"type":"Feature","id":"833827096","geometry":{"type":"LineString","coordinates":[[80.286693,13.176082],[80.28667,13.176377]]},"properties":{"candidate_id":"833827096","osm_way_id":833827096,"name":"","highway":"tertiary","structure":"low_bridge","reasons":["bridge_over_water"],"length_m":33,"tags":{"highway":"tertiary","bridge":"yes","layer":"1"}}},{"type":"Feature","id":"833851319-x1","geometry":{"type":"LineString","coordinates":[[80.098592,13.071506],[80.098609,13.071691]]},"properties":{"candidate_id":"833851319-x1","osm_way_id":833851319,"name":"","highway":"tertiary","structure":"culvert","reasons":["waterway_crossing"],"length_m":21,"tags":{"highway":"tertiary"},"crossing":"drain#833881739"}},{"type":"Feature","id":"834075668-x1","geometry":{"type":"LineString","coordinates":[[80.094773,12.989551],[80.09479,12.989654]]},"properties":{"candidate_id":"834075668-x1","osm_way_id":834075668,"name":"","highway":"residential","structure":"dip","reasons":["waterway_crossing"],"length_m":173,"tags":{"highway":"residential"},"crossing":"drain#1150294715"}},{"type":"Feature","id":"834075669","geometry":{"type":"LineString","coordinates":[[80.095255,12.988422],[80.095322,12.988425]]},"properties":{"candidate_id":"834075669","osm_way_id":834075669,"name":"","highway":"unclassified","structure":"low_bridge","reasons":["bridge_over_water"],"length_m":7,"tags":{"highway":"unclassified","bridge":"yes","layer":"1"}}},{"type":"Feature","id":"834087147","geometry":{"type":"LineString","coordinates":[[80.108739,13.085035],[80.108793,13.083837]]},"properties":{"candidate_id":"834087147","osm_way_id":834087147,"name":"Mount - Poonamallee - Avadi Road","highway":"primary","structure":"low_bridge","reasons":["bridge_over_water"],"length_m":133,"tags":{"name":"Mount - Poonamallee - Avadi Road","ref":"SH55","highway":"primary","bridge":"yes","layer":"1","oneway":"yes"}}},{"type":"Feature","id":"834160121","geometry":{"type":"LineString","coordinates":[[80.073606,13.168735],[80.073633,13.168651]]},"properties":{"candidate_id":"834160121","osm_way_id":834160121,"name":"","highway":"residential","structure":"low_bridge","reasons":["bridge_over_water"],"length_m":10,"tags":{"highway":"residential","bridge":"yes","layer":"1"}}},{"type":"Feature","id":"834160122","geometry":{"type":"LineString","coordinates":[[80.076752,13.169774],[80.07682,13.169662]]},"properties":{"candidate_id":"834160122","osm_way_id":834160122,"name":"","highway":"track","structure":"low_bridge","reasons":["bridge_over_water"],"length_m":14,"tags":{"highway":"track","bridge":"yes","layer":"1"}}},{"type":"Feature","id":"834160125","geometry":{"type":"LineString","coordinates":[[80.082635,13.17282],[80.082565,13.172886]]},"properties":{"candidate_id":"834160125","osm_way_id":834160125,"name":"","highway":"residential","structure":"low_bridge","reasons":["bridge_over_water"],"length_m":11,"tags":{"highway":"residential","bridge":"yes","layer":"1"}}},{"type":"Feature","id":"834160129","geometry":{"type":"LineString","coordinates":[[80.066244,13.178537],[80.066288,13.178366]]},"properties":{"candidate_id":"834160129","osm_way_id":834160129,"name":"","highway":"residential","structure":"low_bridge","reasons":["bridge_over_water"],"length_m":19,"tags":{"highway":"residential","bridge":"yes","layer":"1"}}},{"type":"Feature","id":"834195292","geometry":{"type":"LineString","coordinates":[[80.071314,13.168502],[80.071319,13.168412]]},"properties":{"candidate_id":"834195292","osm_way_id":834195292,"name":"","highway":"residential","structure":"low_bridge","reasons":["bridge_over_water"],"length_m":10,"tags":{"highway":"residential","bridge":"yes","layer":"1"}}},{"type":"Feature","id":"834195294","geometry":{"type":"LineString","coordinates":[[80.070524,13.179918],[80.070385,13.180143]]},"properties":{"candidate_id":"834195294","osm_way_id":834195294,"name":"Morai Road","highway":"tertiary","structure":"low_bridge","reasons":["bridge_over_water"],"length_m":29,"tags":{"name":"Morai Road","ref":"O4025","highway":"tertiary","bridge":"yes","layer":"1"}}},{"type":"Feature","id":"834458044","geometry":{"type":"LineString","coordinates":[[80.098336,13.169499],[80.098235,13.169464]]},"properties":{"candidate_id":"834458044","osm_way_id":834458044,"name":"","highway":"residential","structure":"low_bridge","reasons":["bridge_over_water"],"length_m":12,"tags":{"highway":"residential","bridge":"yes","layer":"1"}}},{"type":"Feature","id":"834458045","geometry":{"type":"LineString","coordinates":[[80.098786,13.168026],[80.098837,13.168175]]},"properties":{"candidate_id":"834458045","osm_way_id":834458045,"name":"","highway":"tertiary","structure":"low_bridge","reasons":["bridge_over_water"],"length_m":17,"tags":{"highway":"tertiary","bridge":"yes","layer":"1"}}},{"type":"Feature","id":"834511860-x1","geometry":{"type":"LineString","coordinates":[[80.195447,12.993676],[80.196237,12.993937]]},"properties":{"candidate_id":"834511860-x1","osm_way_id":834511860,"name":"","highway":"residential","structure":"underpass","reasons":["under_rail_bridge"],"length_m":320,"tags":{"highway":"residential"},"crossing":"railway#28620048"}},{"type":"Feature","id":"834511860-x2","geometry":{"type":"LineString","coordinates":[[80.195447,12.993676],[80.196237,12.993937]]},"properties":{"candidate_id":"834511860-x2","osm_way_id":834511860,"name":"","highway":"residential","structure":"underpass","reasons":["under_rail_bridge"],"length_m":320,"tags":{"highway":"residential"},"crossing":"railway#235921450"}},{"type":"Feature","id":"834511860-x3","geometry":{"type":"LineString","coordinates":[[80.196221,12.994816],[80.196433,12.994807]]},"properties":{"candidate_id":"834511860-x3","osm_way_id":834511860,"name":"","highway":"residential","structure":"culvert","reasons":["waterway_crossing"],"length_m":320,"tags":{"highway":"residential"},"crossing":"drain#881880741"}},{"type":"Feature","id":"834533583-x1","geometry":{"type":"LineString","coordinates":[[80.057052,13.164811],[80.05719,13.164777]]},"properties":{"candidate_id":"834533583-x1","osm_way_id":834533583,"name":"","highway":"unclassified","structure":"culvert","reasons":["waterway_crossing"],"length_m":1881,"tags":{"highway":"unclassified"},"crossing":"drain#834538881"}},{"type":"Feature","id":"834538879","geometry":{"type":"LineString","coordinates":[[80.051042,13.164509],[80.051032,13.164615]]},"properties":{"candidate_id":"834538879","osm_way_id":834538879,"name":"","highway":"unclassified","structure":"low_bridge","reasons":["bridge_over_water"],"length_m":12,"tags":{"highway":"unclassified","bridge":"yes","layer":"1"}}},{"type":"Feature","id":"834610224","geometry":{"type":"LineString","coordinates":[[80.182493,12.893012],[80.182238,12.893048]]},"properties":{"candidate_id":"834610224","osm_way_id":834610224,"name":"Ottiambakkam Road","highway":"tertiary","structure":"low_bridge","reasons":["bridge_over_water"],"length_m":28,"tags":{"name":"Ottiambakkam Road","highway":"tertiary","bridge":"yes","layer":"1"}}},{"type":"Feature","id":"834621115","geometry":{"type":"LineString","coordinates":[[80.085627,13.204052],[80.085803,13.204924]]},"properties":{"candidate_id":"834621115","osm_way_id":834621115,"name":"","highway":"tertiary","structure":"low_bridge","reasons":["bridge_over_water"],"length_m":98,"tags":{"highway":"tertiary","bridge":"yes","layer":"1"}}},{"type":"Feature","id":"834623264","geometry":{"type":"LineString","coordinates":[[80.104393,13.004893],[80.104662,13.004964]]},"properties":{"candidate_id":"834623264","osm_way_id":834623264,"name":"Kodambakkam \u2013 Sriperumbudur Road","highway":"primary","structure":"low_bridge","reasons":["bridge_over_water"],"length_m":30,"tags":{"name":"Kodambakkam \u2013 Sriperumbudur Road","ref":"SH113","highway":"primary","bridge":"yes","layer":"1","oneway":"yes","surface":"asphalt"}}},{"type":"Feature","id":"834657124-x1","geometry":{"type":"LineString","coordinates":[[80.12522,13.005074],[80.12512,13.005969]]},"properties":{"candidate_id":"834657124-x1","osm_way_id":834657124,"name":"","highway":"service","structure":"culvert","reasons":["waterway_crossing"],"length_m":99,"tags":{"highway":"service"},"crossing":"drain#1255150778"}},{"type":"Feature","id":"834657125","geometry":{"type":"LineString","coordinates":[[80.124522,13.004807],[80.124511,13.00486]]},"properties":{"candidate_id":"834657125","osm_way_id":834657125,"name":"","highway":"service","structure":"low_bridge","reasons":["bridge_over_water"],"length_m":6,"tags":{"highway":"service","bridge":"yes","layer":"1"}}},{"type":"Feature","id":"834657135-x1","geometry":{"type":"LineString","coordinates":[[80.117661,13.004731],[80.117663,13.004586]]},"properties":{"candidate_id":"834657135-x1","osm_way_id":834657135,"name":"","highway":"residential","structure":"dip","reasons":["waterway_crossing"],"length_m":81,"tags":{"highway":"residential"},"crossing":"drain#102658265"}},{"type":"Feature","id":"834662319-x1","geometry":{"type":"LineString","coordinates":[[80.128609,13.006159],[80.128466,13.006575]]},"properties":{"candidate_id":"834662319-x1","osm_way_id":834662319,"name":"","highway":"residential","structure":"dip","reasons":["waterway_crossing"],"length_m":52,"tags":{"highway":"residential"},"crossing":"drain#102658271"}},{"type":"Feature","id":"834849054-x1","geometry":{"type":"LineString","coordinates":[[80.131156,12.997894],[80.132062,12.997773]]},"properties":{"candidate_id":"834849054-x1","osm_way_id":834849054,"name":"","highway":"tertiary","structure":"dip","reasons":["waterway_crossing"],"length_m":744,"tags":{"highway":"tertiary"},"crossing":"drain#102658271"}},{"type":"Feature","id":"834855378","geometry":{"type":"LineString","coordinates":[[80.062859,12.916947],[80.062834,12.916859]]},"properties":{"candidate_id":"834855378","osm_way_id":834855378,"name":"","highway":"residential","structure":"low_bridge","reasons":["bridge_over_water"],"length_m":10,"tags":{"highway":"residential","bridge":"yes","layer":"1"}}},{"type":"Feature","id":"834861146-x1","geometry":{"type":"LineString","coordinates":[[80.115567,13.011566],[80.115573,13.011578]]},"properties":{"candidate_id":"834861146-x1","osm_way_id":834861146,"name":"","highway":"service","structure":"dip","reasons":["waterway_crossing"],"length_m":182,"tags":{"highway":"service"},"crossing":"drain#102658263"}},{"type":"Feature","id":"834861151-x1","geometry":{"type":"LineString","coordinates":[[80.112277,13.006182],[80.112268,13.006137]]},"properties":{"candidate_id":"834861151-x1","osm_way_id":834861151,"name":"","highway":"service","structure":"dip","reasons":["waterway_crossing"],"length_m":209,"tags":{"highway":"service"},"crossing":"drain#102658265"}},{"type":"Feature","id":"834888109-x1","geometry":{"type":"LineString","coordinates":[[80.083677,12.912317],[80.083711,12.912406]]},"properties":{"candidate_id":"834888109-x1","osm_way_id":834888109,"name":"","highway":"service","structure":"dip","reasons":["waterway_crossing"],"length_m":154,"tags":{"highway":"service"},"crossing":"drain#383861896"}},{"type":"Feature","id":"834912604","geometry":{"type":"LineString","coordinates":[[80.221724,13.169708],[80.221353,13.170249]]},"properties":{"candidate_id":"834912604","osm_way_id":834912604,"name":"Madhavaram - Red Hills Road","highway":"primary","structure":"low_bridge","reasons":["bridge_over_water"],"length_m":72,"tags":{"name":"Madhavaram - Red Hills Road","ref":"SH111","highway":"primary","bridge":"yes","layer":"1","oneway":"yes"}}},{"type":"Feature","id":"835005959","geometry":{"type":"LineString","coordinates":[[80.163777,13.112165],[80.163987,13.113915],[80.16409,13.115088]]},"properties":{"candidate_id":"835005959","osm_way_id":835005959,"name":"","highway":"trunk_link","structure":"low_bridge","reasons":["bridge_over_water"],"length_m":325,"tags":{"highway":"trunk_link","bridge":"yes","layer":"1","oneway":"yes"}}},{"type":"Feature","id":"835007223","geometry":{"type":"LineString","coordinates":[[80.164155,13.115092],[80.16405,13.113913],[80.163855,13.112156]]},"properties":{"candidate_id":"835007223","osm_way_id":835007223,"name":"","highway":"trunk_link","structure":"low_bridge","reasons":["bridge_over_water"],"length_m":326,"tags":{"highway":"trunk_link","bridge":"yes","layer":"1","oneway":"yes"}}},{"type":"Feature","id":"835015374","geometry":{"type":"LineString","coordinates":[[80.12116,12.986979],[80.121048,12.985128]]},"properties":{"candidate_id":"835015374","osm_way_id":835015374,"name":"Chennai Bypass Expressway","highway":"trunk","structure":"low_bridge","reasons":["bridge_over_water"],"length_m":205,"tags":{"name":"Chennai Bypass Expressway","highway":"trunk","bridge":"yes","layer":"1","oneway":"yes","surface":"asphalt","lanes":"3"}}},{"type":"Feature","id":"835015376","geometry":{"type":"LineString","coordinates":[[80.120897,12.985136],[80.121006,12.986986]]},"properties":{"candidate_id":"835015376","osm_way_id":835015376,"name":"Chennai Bypass Expressway","highway":"trunk","structure":"low_bridge","reasons":["bridge_over_water"],"length_m":205,"tags":{"name":"Chennai Bypass Expressway","highway":"trunk","bridge":"yes","layer":"1","oneway":"yes","surface":"asphalt","lanes":"3"}}},{"type":"Feature","id":"835017286","geometry":{"type":"LineString","coordinates":[[80.119083,12.96593],[80.119102,12.96544]]},"properties":{"candidate_id":"835017286","osm_way_id":835017286,"name":"Chennai Bypass Expressway","highway":"trunk","structure":"low_bridge","reasons":["bridge_over_water"],"length_m":54,"tags":{"name":"Chennai Bypass Expressway","highway":"trunk","bridge":"yes","layer":"1","oneway":"yes","surface":"asphalt","lanes":"3"}}},{"type":"Feature","id":"835017288","geometry":{"type":"LineString","coordinates":[[80.118955,12.965428],[80.11893,12.96592]]},"properties":{"candidate_id":"835017288","osm_way_id":835017288,"name":"Chennai Bypass Expressway","highway":"trunk","structure":"low_bridge","reasons":["bridge_over_water"],"length_m":54,"tags":{"name":"Chennai Bypass Expressway","highway":"trunk","bridge":"yes","layer":"1","oneway":"yes","surface":"asphalt","lanes":"3"}}},{"type":"Feature","id":"835030601","geometry":{"type":"LineString","coordinates":[[80.228234,13.066889],[80.227668,13.067149]]},"properties":{"candidate_id":"835030601","osm_way_id":835030601,"name":"Nelson Manickam Road","highway":"secondary","structure":"low_bridge","reasons":["bridge_over_water"],"length_m":68,"tags":{"name":"Nelson Manickam Road","highway":"secondary","bridge":"yes","layer":"1","oneway":"yes","lanes":"2"}}},{"type":"Feature","id":"835030603","geometry":{"type":"LineString","coordinates":[[80.227756,13.067189],[80.228237,13.066974]]},"properties":{"candidate_id":"835030603","osm_way_id":835030603,"name":"Nelson Manickam Road","highway":"secondary","structure":"low_bridge","reasons":["bridge_over_water"],"length_m":57,"tags":{"name":"Nelson Manickam Road","highway":"secondary","bridge":"yes","layer":"1","oneway":"yes","lanes":"2"}}},{"type":"Feature","id":"835253318","geometry":{"type":"LineString","coordinates":[[80.151237,13.108582],[80.151394,13.108654]]},"properties":{"candidate_id":"835253318","osm_way_id":835253318,"name":"","highway":"residential","structure":"low_bridge","reasons":["bridge_over_water"],"length_m":19,"tags":{"highway":"residential","bridge":"yes","layer":"1"}}},{"type":"Feature","id":"835253320","geometry":{"type":"LineString","coordinates":[[80.151485,13.107956],[80.151269,13.107948]]},"properties":{"candidate_id":"835253320","osm_way_id":835253320,"name":"","highway":"residential","structure":"low_bridge","reasons":["bridge_over_water"],"length_m":23,"tags":{"highway":"residential","bridge":"yes","layer":"1"}}},{"type":"Feature","id":"835253322","geometry":{"type":"LineString","coordinates":[[80.150339,13.106057],[80.15015,13.10608]]},"properties":{"candidate_id":"835253322","osm_way_id":835253322,"name":"","highway":"residential","structure":"low_bridge","reasons":["bridge_over_water"],"length_m":21,"tags":{"highway":"residential","bridge":"yes","layer":"1"}}},{"type":"Feature","id":"835253324","geometry":{"type":"LineString","coordinates":[[80.150139,13.105634],[80.15025,13.105598]]},"properties":{"candidate_id":"835253324","osm_way_id":835253324,"name":"","highway":"residential","structure":"low_bridge","reasons":["bridge_over_water"],"length_m":13,"tags":{"highway":"residential","bridge":"yes","layer":"1"}}},{"type":"Feature","id":"835655063","geometry":{"type":"LineString","coordinates":[[80.10586,13.021398],[80.105631,13.021149]]},"properties":{"candidate_id":"835655063","osm_way_id":835655063,"name":"Poonamallee - Kundrathur - Pallavaram Road","highway":"primary","structure":"low_bridge","reasons":["bridge_over_water"],"length_m":37,"tags":{"name":"Poonamallee - Kundrathur - Pallavaram Road","ref":"SH113A","highway":"primary","bridge":"yes","layer":"1","oneway":"yes"}}},{"type":"Feature","id":"835655065-x1","geometry":{"type":"LineString","coordinates":[[80.100275,13.004692],[80.10009,13.004369]]},"properties":{"candidate_id":"835655065-x1","osm_way_id":835655065,"name":"Poonamallee - Kundrathur - Pallavaram Road","highway":"primary","structure":"culvert","reasons":["waterway_crossing"],"length_m":913,"tags":{"name":"Poonamallee - Kundrathur - Pallavaram Road","ref":"SH113A","highway":"primary","surface":"asphalt"},"crossing":"stream:Chembarampakkam water for irrigation#836326671"}},{"type":"Feature","id":"835674076","geometry":{"type":"LineString","coordinates":[[80.256015,13.179904],[80.256369,13.180034]]},"properties":{"candidate_id":"835674076","osm_way_id":835674076,"name":"Inner Ring Road","highway":"primary","structure":"low_bridge","reasons":["bridge_over_water"],"length_m":41,"tags":{"name":"Inner Ring Road","ref":"SH2","highway":"primary","bridge":"yes","layer":"1","oneway":"yes"}}},{"type":"Feature","id":"835696156-x1","geometry":{"type":"LineString","coordinates":[[80.054211,12.864585],[80.054374,12.864519]]},"properties":{"candidate_id":"835696156-x1","osm_way_id":835696156,"name":"","highway":"residential","structure":"culvert","reasons":["waterway_crossing"],"length_m":60,"tags":{"highway":"residential"},"crossing":"drain#1151570527"}},{"type":"Feature","id":"835701994","geometry":{"type":"LineString","coordinates":[[80.19544,12.981112],[80.195518,12.981246]]},"properties":{"candidate_id":"835701994","osm_way_id":835701994,"name":"Mount - Medavakkam Road","highway":"primary","structure":"low_bridge","reasons":["bridge_over_water"],"length_m":17,"tags":{"name":"Mount - Medavakkam Road","ref":"SH48A","highway":"primary","bridge":"yes","layer":"1","oneway":"no"}}},{"type":"Feature","id":"835708410","geometry":{"type":"LineString","coordinates":[[80.195227,12.981481],[80.195274,12.981484]]},"properties":{"candidate_id":"835708410","osm_way_id":835708410,"name":"1st Main Road","highway":"tertiary","structure":"low_bridge","reasons":["bridge_over_water"],"length_m":5,"tags":{"name":"1st Main Road","ref":"O4318","highway":"tertiary","bridge":"yes","layer":"1","oneway":"no"}}},{"type":"Feature","id":"835741613","geometry":{"type":"LineString","coordinates":[[80.103257,13.156731],[80.10312,13.156572]]},"properties":{"candidate_id":"835741613","osm_way_id":835741613,"name":"Vellanur - Red Hills Road","highway":"tertiary","structure":"low_bridge","reasons":["bridge_over_water"],"length_m":23,"tags":{"name":"Vellanur - Red Hills Road","ref":"MDR575A","highway":"tertiary","bridge":"yes","layer":"1"}}},{"type":"Feature","id":"835748176","geometry":{"type":"LineString","coordinates":[[80.099481,13.154423],[80.099395,13.154578]]},"properties":{"candidate_id":"835748176","osm_way_id":835748176,"name":"Kovilpadagai Main Road","highway":"secondary","structure":"low_bridge","reasons":["bridge_over_water"],"length_m":20,"tags":{"name":"Kovilpadagai Main Road","ref":"MDR575","highway":"secondary","bridge":"yes","layer":"1"}}},{"type":"Feature","id":"835757305","geometry":{"type":"LineString","coordinates":[[80.101547,13.155508],[80.101532,13.15559]]},"properties":{"candidate_id":"835757305","osm_way_id":835757305,"name":"","highway":"residential","structure":"low_bridge","reasons":["bridge_over_water"],"length_m":9,"tags":{"highway":"residential","bridge":"yes","layer":"1"}}},{"type":"Feature","id":"835951355-x1","geometry":{"type":"LineString","coordinates":[[80.193339,13.123497],[80.194001,13.12351]]},"properties":{"candidate_id":"835951355-x1","osm_way_id":835951355,"name":"","highway":"residential","structure":"dip","reasons":["waterway_crossing"],"length_m":120,"tags":{"highway":"residential"},"crossing":"drain#1324096389"}},{"type":"Feature","id":"836053152-x1","geometry":{"type":"LineString","coordinates":[[80.051903,12.856987],[80.052414,12.856919]]},"properties":{"candidate_id":"836053152-x1","osm_way_id":836053152,"name":"","highway":"residential","structure":"culvert","reasons":["waterway_crossing"],"length_m":151,"tags":{"highway":"residential"},"crossing":"drain#1151570512"}},{"type":"Feature","id":"836064620","geometry":{"type":"LineString","coordinates":[[80.055654,12.852784],[80.055779,12.852774]]},"properties":{"candidate_id":"836064620","osm_way_id":836064620,"name":"","highway":"residential","structure":"low_bridge","reasons":["bridge_over_water"],"length_m":14,"tags":{"highway":"residential","bridge":"yes","layer":"1"}}},{"type":"Feature","id":"836066188","geometry":{"type":"LineString","coordinates":[[80.150351,13.109267],[80.150358,13.109113]]},"properties":{"candidate_id":"836066188","osm_way_id":836066188,"name":"","highway":"residential","structure":"low_bridge","reasons":["bridge_over_water"],"length_m":17,"tags":{"highway":"residential","bridge":"yes","layer":"1"}}},{"type":"Feature","id":"836077114","geometry":{"type":"LineString","coordinates":[[80.123828,12.961846],[80.123854,12.961937]]},"properties":{"candidate_id":"836077114","osm_way_id":836077114,"name":"","highway":"residential","structure":"low_bridge","reasons":["bridge_over_water"],"length_m":10,"tags":{"highway":"residential","bridge":"yes","layer":"1"}}},{"type":"Feature","id":"836077115","geometry":{"type":"LineString","coordinates":[[80.122182,12.96301],[80.122113,12.962966]]},"properties":{"candidate_id":"836077115","osm_way_id":836077115,"name":"","highway":"residential","structure":"low_bridge","reasons":["bridge_over_water"],"length_m":9,"tags":{"highway":"residential","bridge":"yes","layer":"1"}}},{"type":"Feature","id":"836080198-x1","geometry":{"type":"LineString","coordinates":[[80.052437,12.857152],[80.053054,12.857058]]},"properties":{"candidate_id":"836080198-x1","osm_way_id":836080198,"name":"","highway":"residential","structure":"culvert","reasons":["waterway_crossing"],"length_m":195,"tags":{"highway":"residential"},"crossing":"drain#1151570545"}},{"type":"Feature","id":"836080200-x1","geometry":{"type":"LineString","coordinates":[[80.0524,12.857817],[80.053039,12.857837]]},"properties":{"candidate_id":"836080200-x1","osm_way_id":836080200,"name":"","highway":"residential","structure":"culvert","reasons":["waterway_crossing"],"length_m":164,"tags":{"highway":"residential"},"crossing":"drain#1151570541"}},{"type":"Feature","id":"836084676","geometry":{"type":"LineString","coordinates":[[80.059393,12.858043],[80.059521,12.858015]]},"properties":{"candidate_id":"836084676","osm_way_id":836084676,"name":"","highway":"residential","structure":"low_bridge","reasons":["bridge_over_water"],"length_m":14,"tags":{"highway":"residential","bridge":"yes","layer":"1"}}},{"type":"Feature","id":"836103730","geometry":{"type":"LineString","coordinates":[[80.117535,12.966391],[80.117617,12.966519]]},"properties":{"candidate_id":"836103730","osm_way_id":836103730,"name":"Pammal - Thiruneermalai Road","highway":"tertiary","structure":"low_bridge","reasons":["bridge_over_water"],"length_m":17,"tags":{"name":"Pammal - Thiruneermalai Road","ref":"O4782","highway":"tertiary","bridge":"yes","layer":"1"}}},{"type":"Feature","id":"836103733","geometry":{"type":"LineString","coordinates":[[80.118883,12.965466],[80.118848,12.965929]]},"properties":{"candidate_id":"836103733","osm_way_id":836103733,"name":"","highway":"tertiary","structure":"low_bridge","reasons":["bridge_over_water"],"length_m":51,"tags":{"highway":"tertiary","bridge":"yes","layer":"1"}}},{"type":"Feature","id":"836105188","geometry":{"type":"LineString","coordinates":[[80.125985,12.96107],[80.125957,12.960975]]},"properties":{"candidate_id":"836105188","osm_way_id":836105188,"name":"","highway":"residential","structure":"low_bridge","reasons":["bridge_over_water"],"length_m":11,"tags":{"highway":"residential","bridge":"yes","layer":"1"}}},{"type":"Feature","id":"836287135","geometry":{"type":"LineString","coordinates":[[80.099352,13.004658],[80.09934,13.004611]]},"properties":{"candidate_id":"836287135","osm_way_id":836287135,"name":"","highway":"residential","structure":"low_bridge","reasons":["bridge_over_water"],"length_m":5,"tags":{"highway":"residential","bridge":"yes","layer":"1"}}},{"type":"Feature","id":"836288416-x1","geometry":{"type":"LineString","coordinates":[[80.129989,12.9997],[80.13012,13.000414]]},"properties":{"candidate_id":"836288416-x1","osm_way_id":836288416,"name":"","highway":"residential","structure":"dip","reasons":["waterway_crossing"],"length_m":234,"tags":{"highway":"residential"},"crossing":"drain#102658271"}},{"type":"Feature","id":"836295017","geometry":{"type":"LineString","coordinates":[[80.189701,13.187392],[80.189882,13.186992],[80.189975,13.186748],[80.190078,13.1865],[80.190153,13.186357],[80.190214,13.186249]]},"properties":{"candidate_id":"836295017","osm_way_id":836295017,"name":"Grand Northern Trunk Road (Old NH5)","highway":"primary","structure":"low_bridge","reasons":["bridge_over_water"],"length_m":138,"tags":{"name":"Grand Northern Trunk Road (Old NH5)","ref":"SHU15","highway":"primary","bridge":"yes","layer":"1","oneway":"yes"}}},{"type":"Feature","id":"836306185","geometry":{"type":"LineString","coordinates":[[80.169682,13.203638],[80.169471,13.203585]]},"properties":{"candidate_id":"836306185","osm_way_id":836306185,"name":"","highway":"residential","structure":"low_bridge","reasons":["bridge_over_water"],"length_m":24,"tags":{"highway":"residential","bridge":"yes","layer":"1"}}},{"type":"Feature","id":"836306187","geometry":{"type":"LineString","coordinates":[[80.192992,13.197599],[80.193134,13.197591]]},"properties":{"candidate_id":"836306187","osm_way_id":836306187,"name":"Pallikuppam Union Road","highway":"tertiary","structure":"low_bridge","reasons":["bridge_over_water"],"length_m":15,"tags":{"name":"Pallikuppam Union Road","ref":"ODR","highway":"tertiary","bridge":"yes","layer":"1"}}},{"type":"Feature","id":"836308819-x1","geometry":{"type":"LineString","coordinates":[[80.0524,12.856809],[80.053376,12.85668]]},"properties":{"candidate_id":"836308819-x1","osm_way_id":836308819,"name":"","highway":"residential","structure":"culvert","reasons":["waterway_crossing"],"length_m":107,"tags":{"highway":"residential"},"crossing":"drain#1151570547"}},{"type":"Feature","id":"836308829-x1","geometry":{"type":"LineString","coordinates":[[80.051855,12.859813],[80.052401,12.859765]]},"properties":{"candidate_id":"836308829-x1","osm_way_id":836308829,"name":"","highway":"residential","structure":"culvert","reasons":["waterway_crossing"],"length_m":59,"tags":{"highway":"residential"},"crossing":"drain#1151570537"}},{"type":"Feature","id":"836314036","geometry":{"type":"LineString","coordinates":[[80.158179,13.13277],[80.1572,13.132723]]},"properties":{"candidate_id":"836314036","osm_way_id":836314036,"name":"","highway":"residential","structure":"underpass","reasons":["layer<0"],"length_m":106,"tags":{"highway":"residential","layer":"-2"}}},{"type":"Feature","id":"836314037","geometry":{"type":"LineString","coordinates":[[80.158198,13.132494],[80.157272,13.132414],[80.157198,13.132392],[80.157236,13.131927],[80.157265,13.13189],[80.157481,13.131906],[80.157486,13.131933],[80.157477,13.132172]]},"properties":{"candidate_id":"836314037","osm_way_id":836314037,"name":"","highway":"residential","structure":"underpass","reasons":["layer<0"],"length_m":219,"tags":{"highway":"residential","layer":"-2"}}},{"type":"Feature","id":"836320346-x1","geometry":{"type":"LineString","coordinates":[[80.089597,12.995285],[80.08885,12.995181]]},"properties":{"candidate_id":"836320346-x1","osm_way_id":836320346,"name":"Kodambakkam \u2013 Sriperumbudur Road","highway":"primary","structure":"culvert","reasons":["waterway_crossing"],"length_m":260,"tags":{"name":"Kodambakkam \u2013 Sriperumbudur Road","ref":"SH113","highway":"primary","oneway":"no","surface":"asphalt","lanes":"2"},"crossing":"drain#1150294709"}},{"type":"Feature","id":"836320353-x1","geometry":{"type":"LineString","coordinates":[[80.090439,13.002019],[80.090371,13.002047]]},"properties":{"candidate_id":"836320353-x1","osm_way_id":836320353,"name":"","highway":"residential","structure":"dip","reasons":["waterway_crossing"],"length_m":55,"tags":{"highway":"residential"},"crossing":"drain#836320339"}},{"type":"Feature","id":"836320353-x2","geometry":{"type":"LineString","coordinates":[[80.090439,13.002019],[80.090371,13.002047]]},"properties":{"candidate_id":"836320353-x2","osm_way_id":836320353,"name":"","highway":"residential","structure":"culvert","reasons":["waterway_crossing"],"length_m":55,"tags":{"highway":"residential"},"crossing":"drain#836320351"}},{"type":"Feature","id":"836328856","geometry":{"type":"LineString","coordinates":[[80.14978,13.104909],[80.149936,13.104893]]},"properties":{"candidate_id":"836328856","osm_way_id":836328856,"name":"","highway":"residential","structure":"low_bridge","reasons":["bridge_over_water"],"length_m":17,"tags":{"highway":"residential","bridge":"yes","layer":"1"}}},{"type":"Feature","id":"836352199","geometry":{"type":"LineString","coordinates":[[80.064915,12.860946],[80.065055,12.860938]]},"properties":{"candidate_id":"836352199","osm_way_id":836352199,"name":"","highway":"residential","structure":"low_bridge","reasons":["bridge_over_water"],"length_m":15,"tags":{"highway":"residential","bridge":"yes","layer":"1"}}},{"type":"Feature","id":"836356395","geometry":{"type":"LineString","coordinates":[[80.103819,13.021987],[80.10383,13.022054]]},"properties":{"candidate_id":"836356395","osm_way_id":836356395,"name":"","highway":"residential","structure":"low_bridge","reasons":["bridge_over_water"],"length_m":7,"tags":{"highway":"residential","bridge":"yes","layer":"1"}}},{"type":"Feature","id":"836412674-x1","geometry":{"type":"LineString","coordinates":[[80.217671,12.982944],[80.217853,12.982941]]},"properties":{"candidate_id":"836412674-x1","osm_way_id":836412674,"name":"","highway":"service","structure":"culvert","reasons":["waterway_crossing"],"length_m":153,"tags":{"highway":"service"},"crossing":"canal:drain path#103716694"}},{"type":"Feature","id":"836660140","geometry":{"type":"LineString","coordinates":[[80.076,13.133152],[80.076216,13.135358]]},"properties":{"candidate_id":"836660140","osm_way_id":836660140,"name":"","highway":"service","structure":"underpass","reasons":["layer<0"],"length_m":245,"tags":{"highway":"service","layer":"-1"}}},{"type":"Feature","id":"836665576-x1","geometry":{"type":"LineString","coordinates":[[80.199378,13.142158],[80.198292,13.142362]]},"properties":{"candidate_id":"836665576-x1","osm_way_id":836665576,"name":"","highway":"residential","structure":"culvert","reasons":["waterway_crossing"],"length_m":230,"tags":{"highway":"residential"},"crossing":"drain#1089517862"}},{"type":"Feature","id":"836665578-x1","geometry":{"type":"LineString","coordinates":[[80.198768,13.143982],[80.199212,13.144142]]},"properties":{"candidate_id":"836665578-x1","osm_way_id":836665578,"name":"","highway":"residential","structure":"culvert","reasons":["waterway_crossing"],"length_m":51,"tags":{"highway":"residential"},"crossing":"drain#1089517862"}},{"type":"Feature","id":"836665580-x1","geometry":{"type":"LineString","coordinates":[[80.203034,13.139905],[80.203319,13.1398]]},"properties":{"candidate_id":"836665580-x1","osm_way_id":836665580,"name":"Surapet Main Road","highway":"secondary","structure":"culvert","reasons":["waterway_crossing"],"length_m":1146,"tags":{"name":"Surapet Main Road","highway":"secondary"},"crossing":"drain#1089517861"}},{"type":"Feature","id":"836665581","geometry":{"type":"LineString","coordinates":[[80.196552,13.141237],[80.196891,13.141184]]},"properties":{"candidate_id":"836665581","osm_way_id":836665581,"name":"Surapet Main Road","highway":"secondary","structure":"low_bridge","reasons":["bridge_over_water"],"length_m":37,"tags":{"name":"Surapet Main Road","highway":"secondary","bridge":"yes","layer":"1"}}},{"type":"Feature","id":"836692553-x1","geometry":{"type":"LineString","coordinates":[[80.202457,13.138948],[80.203065,13.138715]]},"properties":{"candidate_id":"836692553-x1","osm_way_id":836692553,"name":"","highway":"residential","structure":"culvert","reasons":["waterway_crossing"],"length_m":150,"tags":{"highway":"residential"},"crossing":"drain#1089517861"}},{"type":"Feature","id":"836692555-x1","geometry":{"type":"LineString","coordinates":[[80.201906,13.138111],[80.202165,13.138039]]},"properties":{"candidate_id":"836692555-x1","osm_way_id":836692555,"name":"","highway":"residential","structure":"culvert","reasons":["waterway_crossing"],"length_m":106,"tags":{"highway":"residential"},"crossing":"drain#1089517861"}},{"type":"Feature","id":"836695441","geometry":{"type":"LineString","coordinates":[[80.267336,13.130467],[80.267339,13.130653]]},"properties":{"candidate_id":"836695441","osm_way_id":836695441,"name":"","highway":"track","structure":"low_bridge","reasons":["bridge_over_water"],"length_m":21,"tags":{"highway":"track","bridge":"yes","layer":"1"}}},{"type":"Feature","id":"836699661-x1","geometry":{"type":"LineString","coordinates":[[80.199914,13.133649],[80.20034,13.133597]]},"properties":{"candidate_id":"836699661-x1","osm_way_id":836699661,"name":"","highway":"residential","structure":"dip","reasons":["waterway_crossing"],"length_m":52,"tags":{"highway":"residential"},"crossing":"drain#1089517860"}},{"type":"Feature","id":"836699663-x1","geometry":{"type":"LineString","coordinates":[[80.200868,13.131377],[80.201157,13.131323]]},"properties":{"candidate_id":"836699663-x1","osm_way_id":836699663,"name":"","highway":"residential","structure":"dip","reasons":["waterway_crossing"],"length_m":96,"tags":{"highway":"residential"},"crossing":"drain#1316676519"}},{"type":"Feature","id":"836708274","geometry":{"type":"LineString","coordinates":[[80.065795,12.851924],[80.06586,12.851898]]},"properties":{"candidate_id":"836708274","osm_way_id":836708274,"name":"","highway":"residential","structure":"low_bridge","reasons":["bridge_over_water"],"length_m":8,"tags":{"highway":"residential","bridge":"yes","layer":"1"}}},{"type":"Feature","id":"836709046-x1","geometry":{"type":"LineString","coordinates":[[80.19793,13.125936],[80.198261,13.125919]]},"properties":{"candidate_id":"836709046-x1","osm_way_id":836709046,"name":"","highway":"residential","structure":"dip","reasons":["waterway_crossing"],"length_m":101,"tags":{"highway":"residential"},"crossing":"drain#1288582911"}},{"type":"Feature","id":"836725824-x1","geometry":{"type":"LineString","coordinates":[[80.200075,13.12974],[80.200008,13.129416]]},"properties":{"candidate_id":"836725824-x1","osm_way_id":836725824,"name":"","highway":"residential","structure":"dip","reasons":["waterway_crossing"],"length_m":116,"tags":{"highway":"residential"},"crossing":"drain#1289814514"}},{"type":"Feature","id":"836725824-x2","geometry":{"type":"LineString","coordinates":[[80.200075,13.12974],[80.200008,13.129416]]},"properties":{"candidate_id":"836725824-x2","osm_way_id":836725824,"name":"","highway":"residential","structure":"dip","reasons":["waterway_crossing"],"length_m":116,"tags":{"highway":"residential"},"crossing":"drain#1290230926"}},{"type":"Feature","id":"836725826-x1","geometry":{"type":"LineString","coordinates":[[80.201608,13.128391],[80.201588,13.128392]]},"properties":{"candidate_id":"836725826-x1","osm_way_id":836725826,"name":"","highway":"residential","structure":"dip","reasons":["waterway_crossing"],"length_m":56,"tags":{"highway":"residential","surface":"concrete"},"crossing":"drain#1289814513"}},{"type":"Feature","id":"836725826-x2","geometry":{"type":"LineString","coordinates":[[80.201588,13.128392],[80.201581,13.128392]]},"properties":{"candidate_id":"836725826-x2","osm_way_id":836725826,"name":"","highway":"residential","structure":"dip","reasons":["waterway_crossing"],"length_m":56,"tags":{"highway":"residential","surface":"concrete"},"crossing":"drain#1290230925"}},{"type":"Feature","id":"836725829-x1","geometry":{"type":"LineString","coordinates":[[80.201632,13.131064],[80.201449,13.130591]]},"properties":{"candidate_id":"836725829-x1","osm_way_id":836725829,"name":"","highway":"residential","structure":"dip","reasons":["waterway_crossing"],"length_m":145,"tags":{"highway":"residential"},"crossing":"drain#1285521229"}},{"type":"Feature","id":"836725830-x1","geometry":{"type":"LineString","coordinates":[[80.203226,13.131654],[80.203098,13.130822]]},"properties":{"candidate_id":"836725830-x1","osm_way_id":836725830,"name":"","highway":"residential","structure":"dip","reasons":["waterway_crossing"],"length_m":93,"tags":{"highway":"residential"},"crossing":"drain#1285521228"}},{"type":"Feature","id":"836725831-x1","geometry":{"type":"LineString","coordinates":[[80.203618,13.131575],[80.203509,13.130948]]},"properties":{"candidate_id":"836725831-x1","osm_way_id":836725831,"name":"","highway":"residential","structure":"dip","reasons":["waterway_crossing"],"length_m":77,"tags":{"highway":"residential"},"crossing":"drain#1285521228"}},{"type":"Feature","id":"836725838-x1","geometry":{"type":"LineString","coordinates":[[80.20468,13.131353],[80.204647,13.130789]]},"properties":{"candidate_id":"836725838-x1","osm_way_id":836725838,"name":"","highway":"residential","structure":"dip","reasons":["waterway_crossing"],"length_m":113,"tags":{"highway":"residential"},"crossing":"drain#1285521228"}},{"type":"Feature","id":"836732279","geometry":{"type":"LineString","coordinates":[[80.263395,13.133089],[80.263499,13.133236]]},"properties":{"candidate_id":"836732279","osm_way_id":836732279,"name":"","highway":"track","structure":"low_bridge","reasons":["bridge_over_water"],"length_m":20,"tags":{"highway":"track","bridge":"yes","layer":"1","surface":"unpaved"}}},{"type":"Feature","id":"836734601","geometry":{"type":"LineString","coordinates":[[80.217796,13.130445],[80.217797,13.130389]]},"properties":{"candidate_id":"836734601","osm_way_id":836734601,"name":"","highway":"residential","structure":"low_bridge","reasons":["bridge_over_water"],"length_m":6,"tags":{"highway":"residential","bridge":"yes","layer":"1"}}},{"type":"Feature","id":"836759490-x1","geometry":{"type":"LineString","coordinates":[[80.202641,13.139258],[80.203094,13.139095]]},"properties":{"candidate_id":"836759490-x1","osm_way_id":836759490,"name":"","highway":"residential","structure":"culvert","reasons":["waterway_crossing"],"length_m":130,"tags":{"highway":"residential"},"crossing":"drain#1089517861"}},{"type":"Feature","id":"836769553-x1","geometry":{"type":"LineString","coordinates":[[80.203964,13.131524],[80.203896,13.130926]]},"properties":{"candidate_id":"836769553-x1","osm_way_id":836769553,"name":"","highway":"residential","structure":"dip","reasons":["waterway_crossing"],"length_m":67,"tags":{"highway":"residential"},"crossing":"drain#1285521228"}},{"type":"Feature","id":"836769554-x1","geometry":{"type":"LineString","coordinates":[[80.204252,13.130867],[80.204294,13.13155]]},"properties":{"candidate_id":"836769554-x1","osm_way_id":836769554,"name":"","highway":"residential","structure":"dip","reasons":["waterway_crossing"],"length_m":76,"tags":{"highway":"residential"},"crossing":"drain#1285521228"}},{"type":"Feature","id":"836769555-x1","geometry":{"type":"LineString","coordinates":[[80.20506,13.130211],[80.205181,13.13129]]},"properties":{"candidate_id":"836769555-x1","osm_way_id":836769555,"name":"","highway":"residential","structure":"dip","reasons":["waterway_crossing"],"length_m":127,"tags":{"highway":"residential"},"crossing":"drain#1285521228"}},{"type":"Feature","id":"836801854","geometry":{"type":"LineString","coordinates":[[80.211772,13.129035],[80.212395,13.129342],[80.212908,13.129629],[80.213288,13.12988],[80.21353,13.130083],[80.213821,13.130508],[80.214015,13.130758],[80.214163,13.131008]]},"properties":{"candidate_id":"836801854","osm_way_id":836801854,"name":"Jawaharlal Nehru Road (100 Feet Road)","highway":"primary","structure":"low_bridge","reasons":["bridge_over_water"],"length_m":347,"tags":{"name":"Jawaharlal Nehru Road (100 Feet Road)","ref":"SH2","highway":"primary","bridge":"yes","layer":"1","oneway":"yes"}}},{"type":"Feature","id":"836807533-x1","geometry":{"type":"LineString","coordinates":[[80.116117,13.134792],[80.11599,13.134192]]},"properties":{"candidate_id":"836807533-x1","osm_way_id":836807533,"name":"","highway":"residential","structure":"culvert","reasons":["waterway_crossing"],"length_m":129,"tags":{"highway":"residential"},"crossing":"ditch#1271899738"}},{"type":"Feature","id":"836818574","geometry":{"type":"LineString","coordinates":[[80.114799,12.991031],[80.114791,12.990947]]},"properties":{"candidate_id":"836818574","osm_way_id":836818574,"name":"","highway":"residential","structure":"low_bridge","reasons":["bridge_over_water"],"length_m":9,"tags":{"highway":"residential","bridge":"yes","layer":"1"}}},{"type":"Feature","id":"836849258-x1","geometry":{"type":"LineString","coordinates":[[80.053267,12.862254],[80.053025,12.862317]]},"properties":{"candidate_id":"836849258-x1","osm_way_id":836849258,"name":"Kavingnar Kannadasan Nagar Main Road","highway":"residential","structure":"culvert","reasons":["waterway_crossing"],"length_m":701,"tags":{"name":"Kavingnar Kannadasan Nagar Main Road","highway":"residential"},"crossing":"drain#1151570533"}},{"type":"Feature","id":"836972959-x1","geometry":{"type":"LineString","coordinates":[[80.202424,13.147569],[80.202335,13.146734]]},"properties":{"candidate_id":"836972959-x1","osm_way_id":836972959,"name":"","highway":"residential","structure":"dip","reasons":["waterway_crossing"],"length_m":220,"tags":{"highway":"residential"},"crossing":"drain#911275609"}},{"type":"Feature","id":"836985469","geometry":{"type":"LineString","coordinates":[[80.111369,13.077335],[80.112207,13.077444]]},"properties":{"candidate_id":"836985469","osm_way_id":836985469,"name":"","highway":"residential","structure":"low_bridge","reasons":["bridge_over_water"],"length_m":92,"tags":{"highway":"residential","bridge":"yes","layer":"1"}}},{"type":"Feature","id":"836997981","geometry":{"type":"LineString","coordinates":[[80.101716,13.116917],[80.101838,13.116925]]},"properties":{"candidate_id":"836997981","osm_way_id":836997981,"name":"","highway":"residential","structure":"low_bridge","reasons":["bridge_over_water"],"length_m":13,"tags":{"highway":"residential","bridge":"yes","layer":"1"}}},{"type":"Feature","id":"837045309","geometry":{"type":"LineString","coordinates":[[80.144041,13.016885],[80.144023,13.016944]]},"properties":{"candidate_id":"837045309","osm_way_id":837045309,"name":"","highway":"residential","structure":"low_bridge","reasons":["bridge_over_water"],"length_m":7,"tags":{"highway":"residential","bridge":"yes","layer":"1"}}},{"type":"Feature","id":"837049424","geometry":{"type":"LineString","coordinates":[[80.20313,12.948977],[80.20313,12.948868]]},"properties":{"candidate_id":"837049424","osm_way_id":837049424,"name":"","highway":"residential","structure":"low_bridge","reasons":["bridge_over_water"],"length_m":12,"tags":{"highway":"residential","bridge":"yes","layer":"1"}}},{"type":"Feature","id":"837049426","geometry":{"type":"LineString","coordinates":[[80.206394,12.949081],[80.206377,12.948893]]},"properties":{"candidate_id":"837049426","osm_way_id":837049426,"name":"","highway":"residential","structure":"low_bridge","reasons":["bridge_over_water"],"length_m":21,"tags":{"highway":"residential","bridge":"yes","layer":"1"}}},{"type":"Feature","id":"837051908","geometry":{"type":"LineString","coordinates":[[80.217977,12.948967],[80.217812,12.948949]]},"properties":{"candidate_id":"837051908","osm_way_id":837051908,"name":"Pallavaram - Thoraipakkam Road","highway":"primary","structure":"low_bridge","reasons":["bridge_over_water"],"length_m":18,"tags":{"name":"Pallavaram - Thoraipakkam Road","ref":"SH109","highway":"primary","bridge":"yes","layer":"1","oneway":"yes"}}},{"type":"Feature","id":"837051910","geometry":{"type":"LineString","coordinates":[[80.217805,12.94905],[80.217964,12.949067]]},"properties":{"candidate_id":"837051910","osm_way_id":837051910,"name":"Pallavaram - Thoraipakkam Road","highway":"primary","structure":"low_bridge","reasons":["bridge_over_water"],"length_m":17,"tags":{"name":"Pallavaram - Thoraipakkam Road","ref":"SH109","highway":"primary","bridge":"yes","layer":"1","oneway":"yes"}}},{"type":"Feature","id":"837058568-x1","geometry":{"type":"LineString","coordinates":[[80.114441,13.011483],[80.114403,13.011563]]},"properties":{"candidate_id":"837058568-x1","osm_way_id":837058568,"name":"","highway":"residential","structure":"dip","reasons":["waterway_crossing"],"length_m":426,"tags":{"highway":"residential"},"crossing":"drain#102658263"}},{"type":"Feature","id":"837060450","geometry":{"type":"LineString","coordinates":[[80.184309,13.110166],[80.184299,13.110024]]},"properties":{"candidate_id":"837060450","osm_way_id":837060450,"name":"","highway":"tertiary","structure":"low_bridge","reasons":["bridge_over_water"],"length_m":16,"tags":{"highway":"tertiary","bridge":"yes","layer":"1"}}},{"type":"Feature","id":"837065619","geometry":{"type":"LineString","coordinates":[[80.055487,13.145165],[80.055511,13.145099]]},"properties":{"candidate_id":"837065619","osm_way_id":837065619,"name":"","highway":"residential","structure":"low_bridge","reasons":["bridge_over_water"],"length_m":8,"tags":{"highway":"residential","bridge":"yes","layer":"1"}}},{"type":"Feature","id":"837068309","geometry":{"type":"LineString","coordinates":[[80.136397,13.024311],[80.136387,13.024232]]},"properties":{"candidate_id":"837068309","osm_way_id":837068309,"name":"","highway":"residential","structure":"low_bridge","reasons":["bridge_over_water"],"length_m":9,"tags":{"highway":"residential","bridge":"yes","layer":"1"}}},{"type":"Feature","id":"837068311","geometry":{"type":"LineString","coordinates":[[80.130831,13.024233],[80.130824,13.02418]]},"properties":{"candidate_id":"837068311","osm_way_id":837068311,"name":"","highway":"residential","structure":"low_bridge","reasons":["bridge_over_water"],"length_m":6,"tags":{"highway":"residential","bridge":"yes","layer":"1"}}},{"type":"Feature","id":"837068313","geometry":{"type":"LineString","coordinates":[[80.132964,13.024193],[80.132961,13.02413]]},"properties":{"candidate_id":"837068313","osm_way_id":837068313,"name":"","highway":"tertiary","structure":"low_bridge","reasons":["bridge_over_water"],"length_m":7,"tags":{"highway":"tertiary","bridge":"yes","layer":"1"}}},{"type":"Feature","id":"837068314","geometry":{"type":"LineString","coordinates":[[80.151807,13.017113],[80.151813,13.017163]]},"properties":{"candidate_id":"837068314","osm_way_id":837068314,"name":"Ganga Street","highway":"residential","structure":"low_bridge","reasons":["bridge_over_water"],"length_m":6,"tags":{"name":"Ganga Street","highway":"residential","bridge":"yes","layer":"1","surface":"asphalt"}}},{"type":"Feature","id":"837068317","geometry":{"type":"LineString","coordinates":[[80.149782,13.017164],[80.149779,13.017115]]},"properties":{"candidate_id":"837068317","osm_way_id":837068317,"name":"","highway":"residential","structure":"low_bridge","reasons":["bridge_over_water"],"length_m":5,"tags":{"highway":"residential","bridge":"yes","layer":"1"}}},{"type":"Feature","id":"837068318","geometry":{"type":"LineString","coordinates":[[80.147867,13.017787],[80.147863,13.017719]]},"properties":{"candidate_id":"837068318","osm_way_id":837068318,"name":"","highway":"residential","structure":"low_bridge","reasons":["bridge_over_water"],"length_m":7,"tags":{"highway":"residential","bridge":"yes","layer":"1"}}},{"type":"Feature","id":"837068319","geometry":{"type":"LineString","coordinates":[[80.146803,13.017618],[80.146803,13.017597],[80.146802,13.017554]]},"properties":{"candidate_id":"837068319","osm_way_id":837068319,"name":"","highway":"residential","structure":"low_bridge","reasons":["bridge_over_water"],"length_m":7,"tags":{"highway":"residential","bridge":"yes","layer":"1"}}},{"type":"Feature","id":"837068321","geometry":{"type":"LineString","coordinates":[[80.144985,13.017081],[80.144978,13.017112]]},"properties":{"candidate_id":"837068321","osm_way_id":837068321,"name":"","highway":"residential","structure":"low_bridge","reasons":["bridge_over_water"],"length_m":3,"tags":{"highway":"residential","bridge":"yes","layer":"1"}}},{"type":"Feature","id":"837068323","geometry":{"type":"LineString","coordinates":[[80.143556,13.017009],[80.143563,13.017036]]},"properties":{"candidate_id":"837068323","osm_way_id":837068323,"name":"","highway":"residential","structure":"low_bridge","reasons":["bridge_over_water"],"length_m":3,"tags":{"highway":"residential","bridge":"yes","layer":"1"}}},{"type":"Feature","id":"837068325","geometry":{"type":"LineString","coordinates":[[80.139961,13.017549],[80.139944,13.017649]]},"properties":{"candidate_id":"837068325","osm_way_id":837068325,"name":"","highway":"residential","structure":"low_bridge","reasons":["bridge_over_water"],"length_m":11,"tags":{"highway":"residential","bridge":"yes","layer":"1"}}},{"type":"Feature","id":"837068327","geometry":{"type":"LineString","coordinates":[[80.137821,13.017247],[80.137897,13.017154]]},"properties":{"candidate_id":"837068327","osm_way_id":837068327,"name":"","highway":"service","structure":"low_bridge","reasons":["bridge_over_water"],"length_m":13,"tags":{"highway":"service","bridge":"yes","layer":"1"}}},{"type":"Feature","id":"837068329","geometry":{"type":"LineString","coordinates":[[80.13606,13.016883],[80.136032,13.017005]]},"properties":{"candidate_id":"837068329","osm_way_id":837068329,"name":"","highway":"residential","structure":"low_bridge","reasons":["bridge_over_water"],"length_m":14,"tags":{"highway":"residential","bridge":"yes","layer":"1"}}},{"type":"Feature","id":"837068331","geometry":{"type":"LineString","coordinates":[[80.134737,13.016549],[80.134705,13.016652]]},"properties":{"candidate_id":"837068331","osm_way_id":837068331,"name":"","highway":"service","structure":"low_bridge","reasons":["bridge_over_water"],"length_m":12,"tags":{"highway":"service","bridge":"yes","layer":"1"}}},{"type":"Feature","id":"837068334","geometry":{"type":"LineString","coordinates":[[80.133561,13.016464],[80.133544,13.016557]]},"properties":{"candidate_id":"837068334","osm_way_id":837068334,"name":"","highway":"residential","structure":"low_bridge","reasons":["bridge_over_water"],"length_m":10,"tags":{"highway":"residential","bridge":"yes","layer":"1"}}},{"type":"Feature","id":"837071677","geometry":{"type":"LineString","coordinates":[[80.055086,13.144747],[80.054958,13.144948]]},"properties":{"candidate_id":"837071677","osm_way_id":837071677,"name":"","highway":"residential","structure":"low_bridge","reasons":["bridge_over_water"],"length_m":26,"tags":{"highway":"residential","bridge":"yes","layer":"1"}}},{"type":"Feature","id":"837071679","geometry":{"type":"LineString","coordinates":[[80.056643,13.145233],[80.056627,13.145302]]},"properties":{"candidate_id":"837071679","osm_way_id":837071679,"name":"","highway":"residential","structure":"low_bridge","reasons":["bridge_over_water"],"length_m":8,"tags":{"highway":"residential","bridge":"yes","layer":"1"}}},{"type":"Feature","id":"837071680","geometry":{"type":"LineString","coordinates":[[80.058264,13.145454],[80.058238,13.145475]]},"properties":{"candidate_id":"837071680","osm_way_id":837071680,"name":"","highway":"tertiary","structure":"low_bridge","reasons":["bridge_over_water"],"length_m":4,"tags":{"highway":"tertiary","bridge":"yes","layer":"1"}}},{"type":"Feature","id":"837071683","geometry":{"type":"LineString","coordinates":[[80.058507,13.14539],[80.058516,13.145485]]},"properties":{"candidate_id":"837071683","osm_way_id":837071683,"name":"","highway":"residential","structure":"low_bridge","reasons":["bridge_over_water"],"length_m":11,"tags":{"highway":"residential","bridge":"yes","layer":"1"}}},{"type":"Feature","id":"837078763","geometry":{"type":"LineString","coordinates":[[80.056671,13.130626],[80.05664,13.130691]]},"properties":{"candidate_id":"837078763","osm_way_id":837078763,"name":"","highway":"residential","structure":"low_bridge","reasons":["bridge_over_water"],"length_m":8,"tags":{"highway":"residential","bridge":"yes","layer":"1"}}},{"type":"Feature","id":"837087972","geometry":{"type":"LineString","coordinates":[[80.11386,13.029204],[80.113871,13.029355]]},"properties":{"candidate_id":"837087972","osm_way_id":837087972,"name":"","highway":"service","structure":"low_bridge","reasons":["bridge_over_water"],"length_m":17,"tags":{"highway":"service","bridge":"yes","layer":"1"}}},{"type":"Feature","id":"837087999","geometry":{"type":"LineString","coordinates":[[80.110172,13.018089],[80.110205,13.018197]]},"properties":{"candidate_id":"837087999","osm_way_id":837087999,"name":"","highway":"residential","structure":"low_bridge","reasons":["bridge_over_water"],"length_m":12,"tags":{"highway":"residential","bridge":"yes","layer":"1"}}},{"type":"Feature","id":"837321916","geometry":{"type":"LineString","coordinates":[[80.194488,12.952586],[80.194484,12.952385]]},"properties":{"candidate_id":"837321916","osm_way_id":837321916,"name":"","highway":"residential","structure":"low_bridge","reasons":["bridge_over_water"],"length_m":22,"tags":{"highway":"residential","bridge":"yes","layer":"1"}}},{"type":"Feature","id":"837608991","geometry":{"type":"LineString","coordinates":[[80.216235,12.96398],[80.216088,12.963621]]},"properties":{"candidate_id":"837608991","osm_way_id":837608991,"name":"Major Mukund Varadharajan Salai","highway":"primary","structure":"low_bridge","reasons":["bridge_over_water"],"length_m":43,"tags":{"name":"Major Mukund Varadharajan Salai","ref":"SH48","highway":"primary","bridge":"yes","layer":"1","oneway":"yes"}}},{"type":"Feature","id":"837608992","geometry":{"type":"LineString","coordinates":[[80.215942,12.963672],[80.215986,12.963784],[80.216023,12.963878],[80.216092,12.964061]]},"properties":{"candidate_id":"837608992","osm_way_id":837608992,"name":"Major Mukund Varadharajan Salai","highway":"primary","structure":"low_bridge","reasons":["bridge_over_water"],"length_m":46,"tags":{"name":"Major Mukund Varadharajan Salai","ref":"SH48","highway":"primary","bridge":"yes","layer":"1","oneway":"yes"}}},{"type":"Feature","id":"837717489","geometry":{"type":"LineString","coordinates":[[80.255195,13.136397],[80.255078,13.136482]]},"properties":{"candidate_id":"837717489","osm_way_id":837717489,"name":"Tiruvalluvar Street","highway":"tertiary","structure":"low_bridge","reasons":["bridge_over_water"],"length_m":16,"tags":{"name":"Tiruvalluvar Street","highway":"tertiary","bridge":"yes","layer":"1","surface":"paved"}}},{"type":"Feature","id":"837717491","geometry":{"type":"LineString","coordinates":[[80.253865,13.135525],[80.253866,13.135637]]},"properties":{"candidate_id":"837717491","osm_way_id":837717491,"name":"","highway":"residential","structure":"low_bridge","reasons":["bridge_over_water"],"length_m":12,"tags":{"highway":"residential","bridge":"yes","layer":"1"}}},{"type":"Feature","id":"837717493","geometry":{"type":"LineString","coordinates":[[80.255596,13.136729],[80.255586,13.136645]]},"properties":{"candidate_id":"837717493","osm_way_id":837717493,"name":"Thirthangal Nadar College Road","highway":"tertiary","structure":"low_bridge","reasons":["bridge_over_water"],"length_m":9,"tags":{"name":"Thirthangal Nadar College Road","highway":"tertiary","bridge":"yes","layer":"1","surface":"paved"}}},{"type":"Feature","id":"837717499","geometry":{"type":"LineString","coordinates":[[80.258104,13.136444],[80.258079,13.136345]]},"properties":{"candidate_id":"837717499","osm_way_id":837717499,"name":"","highway":"service","structure":"low_bridge","reasons":["bridge_over_water"],"length_m":11,"tags":{"highway":"service","bridge":"yes","layer":"1"}}},{"type":"Feature","id":"837726318","geometry":{"type":"LineString","coordinates":[[80.156799,13.016053],[80.156741,13.015979]]},"properties":{"candidate_id":"837726318","osm_way_id":837726318,"name":"Mahalakshmi Nagar Main Road","highway":"residential","structure":"low_bridge","reasons":["bridge_over_water"],"length_m":10,"tags":{"name":"Mahalakshmi Nagar Main Road","highway":"residential","bridge":"yes","layer":"1"}}},{"type":"Feature","id":"837726323","geometry":{"type":"LineString","coordinates":[[80.158315,13.015075],[80.158317,13.015181]]},"properties":{"candidate_id":"837726323","osm_way_id":837726323,"name":"VGN lakshmi Nagar Main Road","highway":"tertiary","structure":"low_bridge","reasons":["bridge_over_water"],"length_m":12,"tags":{"name":"VGN lakshmi Nagar Main Road","highway":"tertiary","bridge":"yes","layer":"1"}}},{"type":"Feature","id":"837732302","geometry":{"type":"LineString","coordinates":[[80.253288,13.134124],[80.253444,13.134118]]},"properties":{"candidate_id":"837732302","osm_way_id":837732302,"name":"North Avenue","highway":"tertiary","structure":"low_bridge","reasons":["bridge_over_water"],"length_m":17,"tags":{"name":"North Avenue","highway":"tertiary","bridge":"yes","layer":"1"}}},{"type":"Feature","id":"837741249","geometry":{"type":"LineString","coordinates":[[80.24922,13.136871],[80.249187,13.136757]]},"properties":{"candidate_id":"837741249","osm_way_id":837741249,"name":"5th Main Road","highway":"tertiary","structure":"low_bridge","reasons":["bridge_over_water"],"length_m":13,"tags":{"name":"5th Main Road","highway":"tertiary","bridge":"yes","layer":"1"}}},{"type":"Feature","id":"837759992","geometry":{"type":"LineString","coordinates":[[80.247723,13.129924],[80.247757,13.129817]]},"properties":{"candidate_id":"837759992","osm_way_id":837759992,"name":"","highway":"residential","structure":"low_bridge","reasons":["bridge_over_water"],"length_m":12,"tags":{"highway":"residential","bridge":"yes","layer":"1"}}},{"type":"Feature","id":"837767441","geometry":{"type":"LineString","coordinates":[[80.199865,13.119106],[80.199653,13.119403]]},"properties":{"candidate_id":"837767441","osm_way_id":837767441,"name":"Ramakrishna Link Road","highway":"tertiary","structure":"low_bridge","reasons":["bridge_over_water"],"length_m":40,"tags":{"name":"Ramakrishna Link Road","highway":"tertiary","bridge":"yes","layer":"1","oneway":"yes"}}},{"type":"Feature","id":"837772605","geometry":{"type":"LineString","coordinates":[[80.25427,13.125716],[80.254244,13.125905]]},"properties":{"candidate_id":"837772605","osm_way_id":837772605,"name":"","highway":"tertiary","structure":"low_bridge","reasons":["bridge_over_water"],"length_m":21,"tags":{"highway":"tertiary","bridge":"yes","layer":"1"}}},{"type":"Feature","id":"837804294-x1","geometry":{"type":"LineString","coordinates":[[80.056212,13.130301],[80.056159,13.130337]]},"properties":{"candidate_id":"837804294-x1","osm_way_id":837804294,"name":"","highway":"residential","structure":"culvert","reasons":["waterway_crossing"],"length_m":12,"tags":{"highway":"residential"},"crossing":"ditch#1346832541"}},{"type":"Feature","id":"837814536","geometry":{"type":"LineString","coordinates":[[80.128808,13.015646],[80.128808,13.015746]]},"properties":{"candidate_id":"837814536","osm_way_id":837814536,"name":"","highway":"service","structure":"low_bridge","reasons":["bridge_over_water"],"length_m":11,"tags":{"highway":"service","bridge":"yes","layer":"1"}}},{"type":"Feature","id":"837814538","geometry":{"type":"LineString","coordinates":[[80.128619,13.015722],[80.128666,13.015825]]},"properties":{"candidate_id":"837814538","osm_way_id":837814538,"name":"","highway":"residential","structure":"low_bridge","reasons":["bridge_over_water"],"length_m":12,"tags":{"highway":"residential","bridge":"yes","layer":"1"}}},{"type":"Feature","id":"837814597","geometry":{"type":"LineString","coordinates":[[80.167895,13.025598],[80.167854,13.025376]]},"properties":{"candidate_id":"837814597","osm_way_id":837814597,"name":"Mugalivakkam Road","highway":"tertiary","structure":"low_bridge","reasons":["bridge_over_water"],"length_m":25,"tags":{"name":"Mugalivakkam Road","ref":"O4034","highway":"tertiary","bridge":"yes","layer":"1"}}},{"type":"Feature","id":"837814601","geometry":{"type":"LineString","coordinates":[[80.174706,13.024767],[80.174726,13.024816]]},"properties":{"candidate_id":"837814601","osm_way_id":837814601,"name":"","highway":"service","structure":"low_bridge","reasons":["bridge_over_water"],"length_m":6,"tags":{"highway":"service","bridge":"yes","layer":"1"}}},{"type":"Feature","id":"837823108","geometry":{"type":"LineString","coordinates":[[80.153307,13.016958],[80.153305,13.016988],[80.153303,13.01702]]},"properties":{"candidate_id":"837823108","osm_way_id":837823108,"name":"VND Sindhu Salai","highway":"residential","structure":"low_bridge","reasons":["bridge_over_water"],"length_m":7,"tags":{"name":"VND Sindhu Salai","highway":"residential","bridge":"yes","layer":"1","surface":"asphalt"}}},{"type":"Feature","id":"838042505","geometry":{"type":"LineString","coordinates":[[80.189759,13.059328],[80.189641,13.059352]]},"properties":{"candidate_id":"838042505","osm_way_id":838042505,"name":"Fifth Main Road","highway":"residential","structure":"low_bridge","reasons":["bridge_over_water"],"length_m":13,"tags":{"name":"Fifth Main Road","highway":"residential","bridge":"yes","layer":"1"}}},{"type":"Feature","id":"838046948","geometry":{"type":"LineString","coordinates":[[80.197451,13.060868],[80.197607,13.060882]]},"properties":{"candidate_id":"838046948","osm_way_id":838046948,"name":"","highway":"residential","structure":"low_bridge","reasons":["bridge_over_water"],"length_m":17,"tags":{"highway":"residential","bridge":"yes","layer":"1"}}},{"type":"Feature","id":"838052922","geometry":{"type":"LineString","coordinates":[[80.238469,13.131108],[80.238151,13.131339]]},"properties":{"candidate_id":"838052922","osm_way_id":838052922,"name":"Grand Northern Trunk Road","highway":"trunk","structure":"low_bridge","reasons":["bridge_over_water"],"length_m":43,"tags":{"name":"Grand Northern Trunk Road","ref":"SHU87","highway":"trunk","bridge":"yes","layer":"1","oneway":"yes"}}},{"type":"Feature","id":"838057523","geometry":{"type":"LineString","coordinates":[[80.235669,13.129502],[80.235729,13.129488]]},"properties":{"candidate_id":"838057523","osm_way_id":838057523,"name":"kalaimagal Street","highway":"residential","structure":"low_bridge","reasons":["bridge_over_water"],"length_m":7,"tags":{"name":"kalaimagal Street","ref":"80 feet Road","highway":"residential","bridge":"yes","layer":"1","oneway":"yes"}}},{"type":"Feature","id":"838057525","geometry":{"type":"LineString","coordinates":[[80.234192,13.129419],[80.234191,13.129342]]},"properties":{"candidate_id":"838057525","osm_way_id":838057525,"name":"","highway":"residential","structure":"low_bridge","reasons":["bridge_over_water"],"length_m":9,"tags":{"highway":"residential","bridge":"yes","layer":"1"}}},{"type":"Feature","id":"838057527","geometry":{"type":"LineString","coordinates":[[80.232017,13.128796],[80.232013,13.128887]]},"properties":{"candidate_id":"838057527","osm_way_id":838057527,"name":"80 Feet Road","highway":"residential","structure":"low_bridge","reasons":["bridge_over_water"],"length_m":10,"tags":{"name":"80 Feet Road","ref":"80 feet Road","highway":"residential","bridge":"yes","layer":"1"}}},{"type":"Feature","id":"838057534","geometry":{"type":"LineString","coordinates":[[80.230488,13.127884],[80.230477,13.127961]]},"properties":{"candidate_id":"838057534","osm_way_id":838057534,"name":"","highway":"residential","structure":"low_bridge","reasons":["bridge_over_water"],"length_m":9,"tags":{"highway":"residential","bridge":"yes","layer":"1"}}},{"type":"Feature","id":"838057535","geometry":{"type":"LineString","coordinates":[[80.229744,13.127575],[80.229863,13.127648]]},"properties":{"candidate_id":"838057535","osm_way_id":838057535,"name":"80 Feet Road","highway":"residential","structure":"low_bridge","reasons":["bridge_over_water"],"length_m":15,"tags":{"name":"80 Feet Road","highway":"residential","bridge":"yes","layer":"1","oneway":"yes"}}},{"type":"Feature","id":"838057537","geometry":{"type":"LineString","coordinates":[[80.227861,13.12763],[80.22787,13.127693]]},"properties":{"candidate_id":"838057537","osm_way_id":838057537,"name":"","highway":"residential","structure":"low_bridge","reasons":["bridge_over_water"],"length_m":7,"tags":{"highway":"residential","bridge":"yes","layer":"1"}}},{"type":"Feature","id":"838057539","geometry":{"type":"LineString","coordinates":[[80.227152,13.127763],[80.227227,13.127757]]},"properties":{"candidate_id":"838057539","osm_way_id":838057539,"name":"","highway":"residential","structure":"low_bridge","reasons":["bridge_over_water"],"length_m":8,"tags":{"highway":"residential","bridge":"yes","layer":"1"}}},{"type":"Feature","id":"838057542","geometry":{"type":"LineString","coordinates":[[80.227242,13.129294],[80.22724,13.129263]]},"properties":{"candidate_id":"838057542","osm_way_id":838057542,"name":"","highway":"residential","structure":"low_bridge","reasons":["bridge_over_water"],"length_m":3,"tags":{"highway":"residential","bridge":"yes","layer":"1"}}},{"type":"Feature","id":"838057544","geometry":{"type":"LineString","coordinates":[[80.224698,13.12934],[80.224695,13.12941]]},"properties":{"candidate_id":"838057544","osm_way_id":838057544,"name":"Balaji Nagar Main Road","highway":"secondary","structure":"low_bridge","reasons":["bridge_over_water"],"length_m":8,"tags":{"name":"Balaji Nagar Main Road","highway":"secondary","bridge":"yes","layer":"1"}}},{"type":"Feature","id":"838057546","geometry":{"type":"LineString","coordinates":[[80.224278,13.129503],[80.224262,13.129462]]},"properties":{"candidate_id":"838057546","osm_way_id":838057546,"name":"1st Main Road","highway":"residential","structure":"low_bridge","reasons":["bridge_over_water"],"length_m":5,"tags":{"name":"1st Main Road","highway":"residential","bridge":"yes","layer":"1"}}},{"type":"Feature","id":"838062170","geometry":{"type":"LineString","coordinates":[[80.201845,13.176025],[80.201966,13.176585]]},"properties":{"candidate_id":"838062170","osm_way_id":838062170,"name":"","highway":"tertiary_link","structure":"low_bridge","reasons":["bridge_over_water"],"length_m":63,"tags":{"highway":"tertiary_link","bridge":"yes","layer":"1","surface":"concrete","lanes":"2"}}},{"type":"Feature","id":"838065965","geometry":{"type":"LineString","coordinates":[[80.225194,13.12934],[80.225189,13.129271]]},"properties":{"candidate_id":"838065965","osm_way_id":838065965,"name":"","highway":"residential","structure":"low_bridge","reasons":["bridge_over_water"],"length_m":8,"tags":{"highway":"residential","bridge":"yes","layer":"1"}}},{"type":"Feature","id":"838067001","geometry":{"type":"LineString","coordinates":[[80.177875,13.074898],[80.177814,13.074898]]},"properties":{"candidate_id":"838067001","osm_way_id":838067001,"name":"","highway":"residential","structure":"low_bridge","reasons":["bridge_over_water"],"length_m":7,"tags":{"highway":"residential","bridge":"yes","layer":"1"}}},{"type":"Feature","id":"838067019","geometry":{"type":"LineString","coordinates":[[80.181137,13.072691],[80.181024,13.072698]]},"properties":{"candidate_id":"838067019","osm_way_id":838067019,"name":"Gangai Amman Koil Street","highway":"tertiary","structure":"low_bridge","reasons":["bridge_over_water"],"length_m":12,"tags":{"name":"Gangai Amman Koil Street","highway":"tertiary","bridge":"yes","layer":"1"}}},{"type":"Feature","id":"838071440","geometry":{"type":"LineString","coordinates":[[80.174518,13.078543],[80.174602,13.078565]]},"properties":{"candidate_id":"838071440","osm_way_id":838071440,"name":"7th Main Road","highway":"tertiary","structure":"low_bridge","reasons":["bridge_over_water"],"length_m":9,"tags":{"name":"7th Main Road","highway":"tertiary","bridge":"yes","layer":"1","surface":"asphalt"}}},{"type":"Feature","id":"838074403","geometry":{"type":"LineString","coordinates":[[80.192146,13.13834],[80.192241,13.138752],[80.19299,13.138539],[80.19351,13.138437],[80.193979,13.138345]]},"properties":{"candidate_id":"838074403","osm_way_id":838074403,"name":"","highway":"residential","structure":"underpass","reasons":["layer<0"],"length_m":241,"tags":{"highway":"residential","layer":"-1"}}},{"type":"Feature","id":"838077984-x1","geometry":{"type":"LineString","coordinates":[[80.152138,12.981944],[80.15111,12.982345]]},"properties":{"candidate_id":"838077984-x1","osm_way_id":838077984,"name":"","highway":"service","structure":"culvert","reasons":["waterway_crossing"],"length_m":1261,"tags":{"highway":"service"},"crossing":"drain#1065750659"}},{"type":"Feature","id":"838082671","geometry":{"type":"LineString","coordinates":[[80.19143,13.133957],[80.191677,13.13337]]},"properties":{"candidate_id":"838082671","osm_way_id":838082671,"name":"Canal Bridge","highway":"secondary","structure":"low_bridge","reasons":["bridge_over_water"],"length_m":70,"tags":{"name":"Canal Bridge","highway":"secondary","bridge":"yes","layer":"1","oneway":"yes"}}},{"type":"Feature","id":"838086311","geometry":{"type":"LineString","coordinates":[[80.22657,13.148243],[80.226549,13.148239],[80.22654,13.148217],[80.226486,13.14787],[80.226476,13.147832],[80.22646,13.14779],[80.226449,13.14777],[80.226348,13.14776],[80.225979,13.147784],[80.225856,13.147793],[80.22463,13.147914],[80.224569,13.147914],[80.224523,13.147897],[80.224481,13.147856],[80.223969,13.146625]]},"properties":{"candidate_id":"838086311","osm_way_id":838086311,"name":"","highway":"residential","structure":"dip","reasons":["flood_prone=yes"],"length_m":419,"tags":{"highway":"residential","flood_prone":"yes"}}},{"type":"Feature","id":"838086697-x1","geometry":{"type":"LineString","coordinates":[[80.193271,13.133678],[80.19349,13.133784]]},"properties":{"candidate_id":"838086697-x1","osm_way_id":838086697,"name":"","highway":"residential","structure":"dip","reasons":["waterway_crossing"],"length_m":423,"tags":{"highway":"residential","surface":"unpaved"},"crossing":"drain#1316676523"}},{"type":"Feature","id":"838091912","geometry":{"type":"LineString","coordinates":[[80.196037,13.060846],[80.195915,13.060652]]},"properties":{"candidate_id":"838091912","osm_way_id":838091912,"name":"Kaliamman Koil Street","highway":"secondary","structure":"low_bridge","reasons":["bridge_over_water"],"length_m":25,"tags":{"name":"Kaliamman Koil Street","highway":"secondary","bridge":"yes","layer":"1","oneway":"yes"}}},{"type":"Feature","id":"838133937-x1","geometry":{"type":"LineString","coordinates":[[80.193938,13.133382],[80.193967,13.13373]]},"properties":{"candidate_id":"838133937-x1","osm_way_id":838133937,"name":"","highway":"residential","structure":"dip","reasons":["waterway_crossing"],"length_m":190,"tags":{"highway":"residential"},"crossing":"drain#1316676523"}},{"type":"Feature","id":"838152637-x1","geometry":{"type":"LineString","coordinates":[[80.195036,13.127199],[80.19429,13.127168]]},"properties":{"candidate_id":"838152637-x1","osm_way_id":838152637,"name":"","highway":"residential","structure":"dip","reasons":["waterway_crossing"],"length_m":216,"tags":{"highway":"residential"},"crossing":"drain#1283482446"}},{"type":"Feature","id":"838184638","geometry":{"type":"LineString","coordinates":[[80.12764,13.058962],[80.127692,13.058895]]},"properties":{"candidate_id":"838184638","osm_way_id":838184638,"name":"","highway":"service","structure":"none","reasons":["tunnel=building_passage"],"length_m":9,"tags":{"highway":"service","tunnel":"building_passage","oneway":"yes","covered":"yes"}}},{"type":"Feature","id":"838184639","geometry":{"type":"LineString","coordinates":[[80.127618,13.058843],[80.127567,13.05891]]},"properties":{"candidate_id":"838184639","osm_way_id":838184639,"name":"","highway":"service","structure":"none","reasons":["tunnel=building_passage"],"length_m":9,"tags":{"highway":"service","tunnel":"building_passage","oneway":"yes","covered":"yes"}}},{"type":"Feature","id":"838198179-x1","geometry":{"type":"LineString","coordinates":[[80.158168,13.108609],[80.158152,13.107846]]},"properties":{"candidate_id":"838198179-x1","osm_way_id":838198179,"name":"","highway":"residential","structure":"dip","reasons":["waterway_crossing"],"length_m":84,"tags":{"highway":"residential"},"crossing":"drain#102574585"}},{"type":"Feature","id":"838209791-x1","geometry":{"type":"LineString","coordinates":[[80.161077,13.108562],[80.16108,13.108654]]},"properties":{"candidate_id":"838209791-x1","osm_way_id":838209791,"name":"","highway":"residential","structure":"dip","reasons":["waterway_crossing"],"length_m":85,"tags":{"highway":"residential"},"crossing":"drain#102574585"}},{"type":"Feature","id":"838223848-x1","geometry":{"type":"LineString","coordinates":[[80.231237,13.128384],[80.231274,13.128352]]},"properties":{"candidate_id":"838223848-x1","osm_way_id":838223848,"name":"","highway":"residential","structure":"culvert","reasons":["waterway_crossing"],"length_m":5,"tags":{"highway":"residential"},"crossing":"drain#1205852880"}},{"type":"Feature","id":"838224425","geometry":{"type":"LineString","coordinates":[[80.173113,13.083461],[80.173022,13.083437]]},"properties":{"candidate_id":"838224425","osm_way_id":838224425,"name":"JPC Main road","highway":"secondary","structure":"low_bridge","reasons":["bridge_over_water"],"length_m":10,"tags":{"name":"JPC Main road","highway":"secondary","bridge":"yes","layer":"1","oneway":"yes","surface":"asphalt"}}},{"type":"Feature","id":"838224427","geometry":{"type":"LineString","coordinates":[[80.173011,13.083495],[80.173106,13.083523]]},"properties":{"candidate_id":"838224427","osm_way_id":838224427,"name":"1st Ave","highway":"secondary","structure":"low_bridge","reasons":["bridge_over_water"],"length_m":11,"tags":{"name":"1st Ave","highway":"secondary","bridge":"yes","layer":"1","oneway":"yes","surface":"asphalt"}}},{"type":"Feature","id":"838224429","geometry":{"type":"LineString","coordinates":[[80.174416,13.079163],[80.174364,13.079148]]},"properties":{"candidate_id":"838224429","osm_way_id":838224429,"name":"","highway":"residential","structure":"low_bridge","reasons":["bridge_over_water"],"length_m":6,"tags":{"highway":"residential","bridge":"yes","layer":"1"}}},{"type":"Feature","id":"838421880","geometry":{"type":"LineString","coordinates":[[80.22241,13.149386],[80.222499,13.149357],[80.222664,13.149302],[80.222816,13.149257],[80.22293,13.149234],[80.223254,13.149184],[80.22337,13.149173],[80.223465,13.149173],[80.223897,13.149213],[80.224043,13.149215],[80.224181,13.149205],[80.22441,13.149165],[80.224491,13.149155],[80.224562,13.149155],[80.224959,13.149159],[80.225043,13.14912],[80.225162,13.149027],[80.225239,13.148988],[80.225813,13.148806],[80.225982,13.148798],[80.226086,13.148796]]},"properties":{"candidate_id":"838421880","osm_way_id":838421880,"name":"","highway":"service","structure":"dip","reasons":["flood_prone=yes"],"length_m":411,"tags":{"highway":"service","flood_prone":"yes"}}},{"type":"Feature","id":"838483343","geometry":{"type":"LineString","coordinates":[[80.16573,13.065077],[80.165784,13.064591]]},"properties":{"candidate_id":"838483343","osm_way_id":838483343,"name":"","highway":"residential","structure":"low_bridge","reasons":["bridge_over_water"],"length_m":54,"tags":{"highway":"residential","bridge":"yes","layer":"1"}}},{"type":"Feature","id":"838483345","geometry":{"type":"LineString","coordinates":[[80.15832,13.062955],[80.15807,13.062345]]},"properties":{"candidate_id":"838483345","osm_way_id":838483345,"name":"","highway":"residential","structure":"low_bridge","reasons":["bridge_over_water"],"length_m":73,"tags":{"highway":"residential","bridge":"yes","layer":"1"}}},{"type":"Feature","id":"838948472","geometry":{"type":"LineString","coordinates":[[80.269728,13.128081],[80.269856,13.127987]]},"properties":{"candidate_id":"838948472","osm_way_id":838948472,"name":"Manali Road","highway":"secondary","structure":"low_bridge","reasons":["bridge_over_water"],"length_m":17,"tags":{"name":"Manali Road","highway":"secondary","bridge":"yes","layer":"1","oneway":"yes"}}},{"type":"Feature","id":"840532261","geometry":{"type":"LineString","coordinates":[[80.289143,13.084834],[80.289164,13.08523],[80.289259,13.085764]]},"properties":{"candidate_id":"840532261","osm_way_id":840532261,"name":"RBI Subway","highway":"primary","structure":"underpass","reasons":["tunnel=yes","layer<0"],"length_m":104,"tags":{"name":"RBI Subway","highway":"primary","tunnel":"yes","layer":"-1","oneway":"yes"}}},{"type":"Feature","id":"840532263","geometry":{"type":"LineString","coordinates":[[80.289337,13.085802],[80.289222,13.084838]]},"properties":{"candidate_id":"840532263","osm_way_id":840532263,"name":"RBI Subway","highway":"primary","structure":"underpass","reasons":["tunnel=yes","layer<0"],"length_m":107,"tags":{"name":"RBI Subway","highway":"primary","tunnel":"yes","layer":"-1","oneway":"yes"}}},{"type":"Feature","id":"843860849-x1","geometry":{"type":"LineString","coordinates":[[80.244636,13.062972],[80.244846,13.062553]]},"properties":{"candidate_id":"843860849-x1","osm_way_id":843860849,"name":"Uttamar Gandhi Salai","highway":"primary","structure":"dip","reasons":["waterway_crossing"],"length_m":322,"tags":{"name":"Uttamar Gandhi Salai","highway":"primary","oneway":"yes"},"crossing":"drain#28502295"}},{"type":"Feature","id":"846872271","geometry":{"type":"LineString","coordinates":[[80.168884,13.013001],[80.168992,13.013023]]},"properties":{"candidate_id":"846872271","osm_way_id":846872271,"name":"Manapakkam Main Road","highway":"secondary","structure":"low_bridge","reasons":["bridge_over_water"],"length_m":12,"tags":{"name":"Manapakkam Main Road","ref":"MDR1024","highway":"secondary","bridge":"yes","layer":"1"}}},{"type":"Feature","id":"858651575-x1","geometry":{"type":"LineString","coordinates":[[80.201516,13.124391],[80.201223,13.124396]]},"properties":{"candidate_id":"858651575-x1","osm_way_id":858651575,"name":"Balaji Street","highway":"residential","structure":"dip","reasons":["waterway_crossing"],"length_m":505,"tags":{"name":"Balaji Street","highway":"residential","oneway":"no","surface":"asphalt"},"crossing":"drain#1285837635"}},{"type":"Feature","id":"858651575-x2","geometry":{"type":"LineString","coordinates":[[80.200053,13.124415],[80.199598,13.124416]]},"properties":{"candidate_id":"858651575-x2","osm_way_id":858651575,"name":"Balaji Street","highway":"residential","structure":"dip","reasons":["waterway_crossing"],"length_m":505,"tags":{"name":"Balaji Street","highway":"residential","oneway":"no","surface":"asphalt"},"crossing":"drain#1285452581"}},{"type":"Feature","id":"864059069-x1","geometry":{"type":"LineString","coordinates":[[80.184589,12.949225],[80.18499,12.949188]]},"properties":{"candidate_id":"864059069-x1","osm_way_id":864059069,"name":"Pallavaram - Thoraipakkam Road","highway":"primary","structure":"dip","reasons":["waterway_crossing"],"length_m":517,"tags":{"name":"Pallavaram - Thoraipakkam Road","ref":"SH109","highway":"primary","oneway":"yes"},"crossing":"drain#102559098"}},{"type":"Feature","id":"910151274","geometry":{"type":"LineString","coordinates":[[80.154381,13.249528],[80.154176,13.249503]]},"properties":{"candidate_id":"910151274","osm_way_id":910151274,"name":"GNT Road - New Erumaivettipalayam Road","highway":"tertiary","structure":"low_bridge","reasons":["bridge_over_water"],"length_m":22,"tags":{"name":"GNT Road - New Erumaivettipalayam Road","ref":"O1459","highway":"tertiary","bridge":"yes","layer":"1"}}},{"type":"Feature","id":"911275608","geometry":{"type":"LineString","coordinates":[[80.204117,13.146781],[80.20412,13.14655]]},"properties":{"candidate_id":"911275608","osm_way_id":911275608,"name":"Paper Mills Road","highway":"secondary","structure":"low_bridge","reasons":["bridge_over_water"],"length_m":25,"tags":{"name":"Paper Mills Road","ref":"MDR1019","highway":"secondary","bridge":"yes","layer":"1","oneway":"yes"}}},{"type":"Feature","id":"911275612","geometry":{"type":"LineString","coordinates":[[80.199474,13.147513],[80.199624,13.147797]]},"properties":{"candidate_id":"911275612","osm_way_id":911275612,"name":"","highway":"residential","structure":"low_bridge","reasons":["bridge_over_water"],"length_m":35,"tags":{"highway":"residential","bridge":"yes","layer":"1"}}},{"type":"Feature","id":"921637996","geometry":{"type":"LineString","coordinates":[[80.181873,12.94971],[80.183893,12.949393],[80.184827,12.94929],[80.18665,12.949146],[80.188192,12.949033]]},"properties":{"candidate_id":"921637996","osm_way_id":921637996,"name":"Keelkattalai Flyover","highway":"primary","structure":"low_bridge","reasons":["bridge_over_water"],"length_m":690,"tags":{"name":"Keelkattalai Flyover","highway":"primary","bridge":"yes","layer":"1","oneway":"yes","surface":"asphalt","lanes":"3"}}},{"type":"Feature","id":"921637998","geometry":{"type":"LineString","coordinates":[[80.188109,12.948787],[80.184278,12.949083],[80.181874,12.949452]]},"properties":{"candidate_id":"921637998","osm_way_id":921637998,"name":"Keelkattalai Flyover","highway":"primary","structure":"low_bridge","reasons":["bridge_over_water"],"length_m":681,"tags":{"name":"Keelkattalai Flyover","highway":"primary","bridge":"yes","layer":"1","oneway":"yes","surface":"concrete","lanes":"3"}}},{"type":"Feature","id":"926497783","geometry":{"type":"LineString","coordinates":[[80.188317,12.958467],[80.188281,12.958292]]},"properties":{"candidate_id":"926497783","osm_way_id":926497783,"name":"","highway":"residential","structure":"low_bridge","reasons":["bridge_over_water"],"length_m":20,"tags":{"highway":"residential","bridge":"yes","layer":"1","oneway":"yes"}}},{"type":"Feature","id":"932740707-x1","geometry":{"type":"LineString","coordinates":[[80.217297,12.98236],[80.218399,12.982463]]},"properties":{"candidate_id":"932740707-x1","osm_way_id":932740707,"name":"","highway":"residential","structure":"culvert","reasons":["waterway_crossing"],"length_m":135,"tags":{"highway":"residential"},"crossing":"canal:drain path#103716694"}},{"type":"Feature","id":"964595193-x1","geometry":{"type":"LineString","coordinates":[[80.158731,12.989818],[80.158832,12.98975]]},"properties":{"candidate_id":"964595193-x1","osm_way_id":964595193,"name":"","highway":"unclassified","structure":"culvert","reasons":["waterway_crossing"],"length_m":755,"tags":{"highway":"unclassified"},"crossing":"stream#830029634"}},{"type":"Feature","id":"964595198-x1","geometry":{"type":"LineString","coordinates":[[80.159499,12.997165],[80.159328,12.997123]]},"properties":{"candidate_id":"964595198-x1","osm_way_id":964595198,"name":"","highway":"track","structure":"culvert","reasons":["waterway_crossing"],"length_m":112,"tags":{"highway":"track"},"crossing":"stream#964595200"}},{"type":"Feature","id":"964595229","geometry":{"type":"LineString","coordinates":[[80.148887,12.993721],[80.148666,12.995281]]},"properties":{"candidate_id":"964595229","osm_way_id":964595229,"name":"New Cowl Bazaar Bridge","highway":"tertiary","structure":"low_bridge","reasons":["bridge_over_water"],"length_m":174,"tags":{"name":"New Cowl Bazaar Bridge","highway":"tertiary","bridge":"yes","layer":"1","surface":"concrete"}}},{"type":"Feature","id":"985620831-x1","geometry":{"type":"LineString","coordinates":[[80.164356,12.99229],[80.163939,12.992308]]},"properties":{"candidate_id":"985620831-x1","osm_way_id":985620831,"name":"","highway":"service","structure":"culvert","reasons":["waterway_crossing"],"length_m":1014,"tags":{"highway":"service"},"crossing":"drain#1541273810"}},{"type":"Feature","id":"985620831-x2","geometry":{"type":"LineString","coordinates":[[80.163861,12.993367],[80.163918,12.994451]]},"properties":{"candidate_id":"985620831-x2","osm_way_id":985620831,"name":"","highway":"service","structure":"culvert","reasons":["waterway_crossing"],"length_m":1014,"tags":{"highway":"service"},"crossing":"drain#1061256247"}},{"type":"Feature","id":"992165964","geometry":{"type":"LineString","coordinates":[[80.091607,12.909451],[80.091633,12.909506]]},"properties":{"candidate_id":"992165964","osm_way_id":992165964,"name":"","highway":"residential","structure":"low_bridge","reasons":["bridge_over_water"],"length_m":7,"tags":{"highway":"residential","bridge":"yes","layer":"1"}}},{"type":"Feature","id":"993798042-x1","geometry":{"type":"LineString","coordinates":[[80.197133,12.995851],[80.197095,12.995483]]},"properties":{"candidate_id":"993798042-x1","osm_way_id":993798042,"name":"","highway":"residential","structure":"dip","reasons":["waterway_crossing"],"length_m":41,"tags":{"highway":"residential"},"crossing":"drain#881880730"}},{"type":"Feature","id":"995109142-x1","geometry":{"type":"LineString","coordinates":[[80.20277,13.032295],[80.202508,13.032377]]},"properties":{"candidate_id":"995109142-x1","osm_way_id":995109142,"name":"","highway":"residential","structure":"dip","reasons":["waterway_crossing"],"length_m":50,"tags":{"highway":"residential"},"crossing":"canal:Maruthur Gopalan Ramachandran Nagar Canal#25460321"}},{"type":"Feature","id":"995118269-x1","geometry":{"type":"LineString","coordinates":[[80.252221,13.074965],[80.252116,13.075038]]},"properties":{"candidate_id":"995118269-x1","osm_way_id":995118269,"name":"","highway":"residential","structure":"dip","reasons":["waterway_crossing"],"length_m":262,"tags":{"highway":"residential"},"crossing":"drain#217696076"}},{"type":"Feature","id":"995118273-x1","geometry":{"type":"LineString","coordinates":[[80.245836,13.062852],[80.246212,13.063222]]},"properties":{"candidate_id":"995118273-x1","osm_way_id":995118273,"name":"","highway":"service","structure":"dip","reasons":["waterway_crossing"],"length_m":298,"tags":{"highway":"service"},"crossing":"drain#28502295"}},{"type":"Feature","id":"995134654-x1","geometry":{"type":"LineString","coordinates":[[80.204294,13.126845],[80.20431,13.127181]]},"properties":{"candidate_id":"995134654-x1","osm_way_id":995134654,"name":"","highway":"residential","structure":"dip","reasons":["waterway_crossing"],"length_m":37,"tags":{"highway":"residential"},"crossing":"drain#1285837634"}},{"type":"Feature","id":"995183040-x1","geometry":{"type":"LineString","coordinates":[[80.174016,13.080523],[80.173973,13.080514]]},"properties":{"candidate_id":"995183040-x1","osm_way_id":995183040,"name":"","highway":"residential","structure":"dip","reasons":["waterway_crossing"],"length_m":61,"tags":{"highway":"residential"},"crossing":"drain#25380261"}},{"type":"Feature","id":"1007652060-x1","geometry":{"type":"LineString","coordinates":[[80.195329,12.99216],[80.195693,12.99221]]},"properties":{"candidate_id":"1007652060-x1","osm_way_id":1007652060,"name":"1st Main Road","highway":"residential","structure":"underpass","reasons":["under_rail_bridge"],"length_m":245,"tags":{"name":"1st Main Road","highway":"residential"},"crossing":"railway#28620048"}},{"type":"Feature","id":"1007652060-x2","geometry":{"type":"LineString","coordinates":[[80.195329,12.99216],[80.195693,12.99221]]},"properties":{"candidate_id":"1007652060-x2","osm_way_id":1007652060,"name":"1st Main Road","highway":"residential","structure":"underpass","reasons":["under_rail_bridge"],"length_m":245,"tags":{"name":"1st Main Road","highway":"residential"},"crossing":"railway#235921450"}},{"type":"Feature","id":"1015894850-x1","geometry":{"type":"LineString","coordinates":[[80.216966,12.995247],[80.217251,12.99482]]},"properties":{"candidate_id":"1015894850-x1","osm_way_id":1015894850,"name":"Velachery Main Road","highway":"secondary","structure":"dip","reasons":["waterway_crossing"],"length_m":706,"tags":{"name":"Velachery Main Road","highway":"secondary","oneway":"yes","surface":"asphalt","lanes":"2"},"crossing":"drain:Raj Bhavan Canal#102580561"}},{"type":"Feature","id":"1029970431-x1","geometry":{"type":"LineString","coordinates":[[80.24334,13.062624],[80.243452,13.063371]]},"properties":{"candidate_id":"1029970431-x1","osm_way_id":1029970431,"name":"Valluvar Kottam High Road","highway":"secondary","structure":"dip","reasons":["waterway_crossing"],"length_m":100,"tags":{"name":"Valluvar Kottam High Road","highway":"secondary","oneway":"yes"},"crossing":"drain#28502295"}},{"type":"Feature","id":"1030689336-x1","geometry":{"type":"LineString","coordinates":[[80.251853,12.987871],[80.251689,12.987839]]},"properties":{"candidate_id":"1030689336-x1","osm_way_id":1030689336,"name":"West Avenue Road","highway":"primary","structure":"underpass","reasons":["under_rail_bridge"],"length_m":18,"tags":{"name":"West Avenue Road","highway":"primary","oneway":"yes"},"crossing":"railway#59909721"}},{"type":"Feature","id":"1030689336-x2","geometry":{"type":"LineString","coordinates":[[80.251853,12.987871],[80.251689,12.987839]]},"properties":{"candidate_id":"1030689336-x2","osm_way_id":1030689336,"name":"West Avenue Road","highway":"primary","structure":"underpass","reasons":["under_rail_bridge"],"length_m":18,"tags":{"name":"West Avenue Road","highway":"primary","oneway":"yes"},"crossing":"railway#235920568"}},{"type":"Feature","id":"1030833755","geometry":{"type":"LineString","coordinates":[[80.176835,12.985492],[80.176868,12.985414],[80.176902,12.985304]]},"properties":{"candidate_id":"1030833755","osm_way_id":1030833755,"name":"","highway":"service","structure":"underpass","reasons":["tunnel=yes","layer<0"],"length_m":22,"tags":{"highway":"service","tunnel":"yes","layer":"-1"}}},{"type":"Feature","id":"1030833757","geometry":{"type":"LineString","coordinates":[[80.176771,12.985275],[80.176742,12.985377],[80.176727,12.985414],[80.176708,12.985457]]},"properties":{"candidate_id":"1030833757","osm_way_id":1030833757,"name":"","highway":"service","structure":"underpass","reasons":["tunnel=yes","layer<0"],"length_m":21,"tags":{"highway":"service","tunnel":"yes","layer":"-1"}}},{"type":"Feature","id":"1031541367","geometry":{"type":"LineString","coordinates":[[80.128213,12.991331],[80.127665,12.989937]]},"properties":{"candidate_id":"1031541367","osm_way_id":1031541367,"name":"","highway":"residential","structure":"low_bridge","reasons":["bridge_over_water"],"length_m":165,"tags":{"highway":"residential","bridge":"yes","layer":"1"}}},{"type":"Feature","id":"1031561521","geometry":{"type":"LineString","coordinates":[[80.251161,13.098196],[80.251367,13.098006]]},"properties":{"candidate_id":"1031561521","osm_way_id":1031561521,"name":"Otteri Bridge","highway":"primary","structure":"low_bridge","reasons":["bridge_over_water"],"length_m":31,"tags":{"name":"Otteri Bridge","highway":"primary","bridge":"yes","layer":"1","oneway":"yes"}}},{"type":"Feature","id":"1032617413","geometry":{"type":"LineString","coordinates":[[80.207415,13.013],[80.207517,13.012987]]},"properties":{"candidate_id":"1032617413","osm_way_id":1032617413,"name":"SIDCO Industrial Estate South Phase Road","highway":"secondary","structure":"low_bridge","reasons":["bridge_over_water"],"length_m":11,"tags":{"name":"SIDCO Industrial Estate South Phase Road","highway":"secondary","bridge":"yes","layer":"1","oneway":"yes"}}},{"type":"Feature","id":"1033108877-x1","geometry":{"type":"LineString","coordinates":[[80.194525,12.979641],[80.194262,12.979735]]},"properties":{"candidate_id":"1033108877-x1","osm_way_id":1033108877,"name":"","highway":"tertiary","structure":"culvert","reasons":["waterway_crossing"],"length_m":323,"tags":{"highway":"tertiary"},"crossing":"drain:Veerangal Canal#328358961"}},{"type":"Feature","id":"1039584205","geometry":{"type":"LineString","coordinates":[[80.221886,13.074468],[80.22241,13.074404]]},"properties":{"candidate_id":"1039584205","osm_way_id":1039584205,"name":"","highway":"primary_link","structure":"low_bridge","reasons":["bridge_over_water"],"length_m":57,"tags":{"highway":"primary_link","bridge":"yes","layer":"1","oneway":"yes"}}},{"type":"Feature","id":"1039618818-x1","geometry":{"type":"LineString","coordinates":[[80.266193,13.11007],[80.265698,13.11068]]},"properties":{"candidate_id":"1039618818-x1","osm_way_id":1039618818,"name":"Erukkancheri High Road","highway":"tertiary","structure":"underpass","reasons":["under_rail_bridge"],"length_m":130,"tags":{"name":"Erukkancheri High Road","highway":"tertiary","oneway":"no"},"crossing":"railway#53349202"}},{"type":"Feature","id":"1039618818-x2","geometry":{"type":"LineString","coordinates":[[80.266193,13.11007],[80.265698,13.11068]]},"properties":{"candidate_id":"1039618818-x2","osm_way_id":1039618818,"name":"Erukkancheri High Road","highway":"tertiary","structure":"underpass","reasons":["under_rail_bridge"],"length_m":130,"tags":{"name":"Erukkancheri High Road","highway":"tertiary","oneway":"no"},"crossing":"railway#23966133"}},{"type":"Feature","id":"1039618818-x3","geometry":{"type":"LineString","coordinates":[[80.266193,13.11007],[80.265698,13.11068]]},"properties":{"candidate_id":"1039618818-x3","osm_way_id":1039618818,"name":"Erukkancheri High Road","highway":"tertiary","structure":"underpass","reasons":["under_rail_bridge"],"length_m":130,"tags":{"name":"Erukkancheri High Road","highway":"tertiary","oneway":"no"},"crossing":"railway#23966135"}},{"type":"Feature","id":"1039618818-x4","geometry":{"type":"LineString","coordinates":[[80.266193,13.11007],[80.265698,13.11068]]},"properties":{"candidate_id":"1039618818-x4","osm_way_id":1039618818,"name":"Erukkancheri High Road","highway":"tertiary","structure":"underpass","reasons":["under_rail_bridge"],"length_m":130,"tags":{"name":"Erukkancheri High Road","highway":"tertiary","oneway":"no"},"crossing":"railway#97699175"}},{"type":"Feature","id":"1039618818-x5","geometry":{"type":"LineString","coordinates":[[80.266193,13.11007],[80.265698,13.11068]]},"properties":{"candidate_id":"1039618818-x5","osm_way_id":1039618818,"name":"Erukkancheri High Road","highway":"tertiary","structure":"underpass","reasons":["under_rail_bridge"],"length_m":130,"tags":{"name":"Erukkancheri High Road","highway":"tertiary","oneway":"no"},"crossing":"railway#845036460"}},{"type":"Feature","id":"1039618821","geometry":{"type":"LineString","coordinates":[[80.248977,13.122949],[80.248649,13.123226]]},"properties":{"candidate_id":"1039618821","osm_way_id":1039618821,"name":"Grand Northern Trunk Road","highway":"trunk","structure":"low_bridge","reasons":["bridge_over_water"],"length_m":47,"tags":{"name":"Grand Northern Trunk Road","ref":"SHU87","highway":"trunk","bridge":"yes","layer":"1","oneway":"yes"}}},{"type":"Feature","id":"1040499037","geometry":{"type":"LineString","coordinates":[[80.093389,13.113693],[80.093388,13.113638],[80.093387,13.113583]]},"properties":{"candidate_id":"1040499037","osm_way_id":1040499037,"name":"karumari amman koil back Street","highway":"residential","structure":"low_bridge","reasons":["bridge_over_water"],"length_m":12,"tags":{"name":"karumari amman koil back Street","highway":"residential","bridge":"yes","layer":"1"}}},{"type":"Feature","id":"1040499038","geometry":{"type":"LineString","coordinates":[[80.093794,13.113773],[80.093801,13.113588]]},"properties":{"candidate_id":"1040499038","osm_way_id":1040499038,"name":"","highway":"residential","structure":"low_bridge","reasons":["bridge_over_water"],"length_m":20,"tags":{"highway":"residential","bridge":"yes","layer":"1"}}},{"type":"Feature","id":"1040499039","geometry":{"type":"LineString","coordinates":[[80.094405,13.113651],[80.094404,13.113591]]},"properties":{"candidate_id":"1040499039","osm_way_id":1040499039,"name":"","highway":"residential","structure":"low_bridge","reasons":["bridge_over_water"],"length_m":7,"tags":{"highway":"residential","bridge":"yes","layer":"1"}}},{"type":"Feature","id":"1040499040","geometry":{"type":"LineString","coordinates":[[80.095136,13.113672],[80.095138,13.113623],[80.095133,13.113581]]},"properties":{"candidate_id":"1040499040","osm_way_id":1040499040,"name":"","highway":"residential","structure":"low_bridge","reasons":["bridge_over_water"],"length_m":10,"tags":{"highway":"residential","bridge":"yes","layer":"1"}}},{"type":"Feature","id":"1040499041","geometry":{"type":"LineString","coordinates":[[80.095568,13.113578],[80.095562,13.113665]]},"properties":{"candidate_id":"1040499041","osm_way_id":1040499041,"name":"","highway":"residential","structure":"low_bridge","reasons":["bridge_over_water"],"length_m":10,"tags":{"highway":"residential","bridge":"yes","layer":"1"}}},{"type":"Feature","id":"1040730362","geometry":{"type":"LineString","coordinates":[[80.093227,13.021593],[80.093108,13.02189]]},"properties":{"candidate_id":"1040730362","osm_way_id":1040730362,"name":"Outer Ring Road","highway":"motorway","structure":"low_bridge","reasons":["bridge_over_water"],"length_m":35,"tags":{"name":"Outer Ring Road","ref":"SH234","highway":"motorway","bridge":"yes","layer":"1","oneway":"yes","surface":"asphalt","lanes":"3"}}},{"type":"Feature","id":"1040730366-x1","geometry":{"type":"LineString","coordinates":[[80.089862,13.003209],[80.089753,13.002924]]},"properties":{"candidate_id":"1040730366-x1","osm_way_id":1040730366,"name":"Outer Ring Road","highway":"motorway","structure":"dip","reasons":["waterway_crossing"],"length_m":818,"tags":{"name":"Outer Ring Road","ref":"SH234","highway":"motorway","layer":"1","oneway":"yes","surface":"asphalt","lanes":"3"},"crossing":"drain#535357166"}},{"type":"Feature","id":"1040730367-x1","geometry":{"type":"LineString","coordinates":[[80.089453,13.00316],[80.089589,13.003525]]},"properties":{"candidate_id":"1040730367-x1","osm_way_id":1040730367,"name":"Outer Ring Road","highway":"motorway","structure":"dip","reasons":["waterway_crossing"],"length_m":342,"tags":{"name":"Outer Ring Road","ref":"SH234","highway":"motorway","layer":"1","oneway":"yes","surface":"asphalt","lanes":"3"},"crossing":"drain#535357166"}},{"type":"Feature","id":"1040730367-x2","geometry":{"type":"LineString","coordinates":[[80.090172,13.005038],[80.090273,13.005303]]},"properties":{"candidate_id":"1040730367-x2","osm_way_id":1040730367,"name":"Outer Ring Road","highway":"motorway","structure":"culvert","reasons":["waterway_crossing"],"length_m":342,"tags":{"name":"Outer Ring Road","ref":"SH234","highway":"motorway","layer":"1","oneway":"yes","surface":"asphalt","lanes":"3"},"crossing":"stream#836333667"}},{"type":"Feature","id":"1040730368-x1","geometry":{"type":"LineString","coordinates":[[80.09142,13.007293],[80.091285,13.006937]]},"properties":{"candidate_id":"1040730368-x1","osm_way_id":1040730368,"name":"Outer Ring Road","highway":"motorway","structure":"culvert","reasons":["waterway_crossing"],"length_m":674,"tags":{"name":"Outer Ring Road","ref":"SH234","highway":"motorway","layer":"1","oneway":"yes","surface":"asphalt","lanes":"3"},"crossing":"stream:Chembarampakkam water for irrigation#836333668"}},{"type":"Feature","id":"1040797598","geometry":{"type":"LineString","coordinates":[[80.234527,13.086398],[80.23455,13.086536]]},"properties":{"candidate_id":"1040797598","osm_way_id":1040797598,"name":"New Avadi Road","highway":"secondary","structure":"low_bridge","reasons":["bridge_over_water"],"length_m":15,"tags":{"name":"New Avadi Road","highway":"secondary","bridge":"yes","layer":"1"}}},{"type":"Feature","id":"1040797599","geometry":{"type":"LineString","coordinates":[[80.201657,13.097886],[80.201661,13.098005]]},"properties":{"candidate_id":"1040797599","osm_way_id":1040797599,"name":"Thirumangalam Road","highway":"tertiary","structure":"low_bridge","reasons":["bridge_over_water"],"length_m":13,"tags":{"name":"Thirumangalam Road","highway":"tertiary","bridge":"yes","layer":"1"}}},{"type":"Feature","id":"1060258266","geometry":{"type":"LineString","coordinates":[[80.281515,13.203461],[80.281586,13.203405]]},"properties":{"candidate_id":"1060258266","osm_way_id":1060258266,"name":"","highway":"tertiary","structure":"low_bridge","reasons":["bridge_over_water"],"length_m":10,"tags":{"highway":"tertiary","bridge":"yes","layer":"1"}}},{"type":"Feature","id":"1063525619-x1","geometry":{"type":"LineString","coordinates":[[80.249954,13.12202],[80.250089,13.122419]]},"properties":{"candidate_id":"1063525619-x1","osm_way_id":1063525619,"name":"","highway":"living_street","structure":"culvert","reasons":["waterway_crossing"],"length_m":46,"tags":{"highway":"living_street"},"crossing":"drain:Vyasarpadi Canal#1202708882"}},{"type":"Feature","id":"1066919072","geometry":{"type":"LineString","coordinates":[[80.20775,12.875616],[80.207763,12.875558],[80.207823,12.875405]]},"properties":{"candidate_id":"1066919072","osm_way_id":1066919072,"name":"","highway":"tertiary","structure":"low_bridge","reasons":["bridge_over_water"],"length_m":25,"tags":{"highway":"tertiary","bridge":"yes","layer":"1","oneway":"yes"}}},{"type":"Feature","id":"1066919074","geometry":{"type":"LineString","coordinates":[[80.20775,12.875369],[80.207715,12.875466],[80.2077,12.875517],[80.207688,12.875586]]},"properties":{"candidate_id":"1066919074","osm_way_id":1066919074,"name":"","highway":"tertiary","structure":"low_bridge","reasons":["bridge_over_water"],"length_m":25,"tags":{"highway":"tertiary","bridge":"yes","layer":"1","oneway":"yes"}}},{"type":"Feature","id":"1067182697","geometry":{"type":"LineString","coordinates":[[80.21041,12.879594],[80.210364,12.879596],[80.210282,12.879599],[80.210172,12.879596],[80.210105,12.879591]]},"properties":{"candidate_id":"1067182697","osm_way_id":1067182697,"name":"Nookampalayam Link Road","highway":"tertiary","structure":"low_bridge","reasons":["bridge_over_water"],"length_m":33,"tags":{"name":"Nookampalayam Link Road","highway":"tertiary","bridge":"yes","layer":"1","oneway":"yes"}}},{"type":"Feature","id":"1067182699","geometry":{"type":"LineString","coordinates":[[80.210122,12.87965],[80.210191,12.879653],[80.210277,12.879655],[80.21038,12.879653],[80.210425,12.879651]]},"properties":{"candidate_id":"1067182699","osm_way_id":1067182699,"name":"Nookampalayam Link Road","highway":"tertiary","structure":"low_bridge","reasons":["bridge_over_water"],"length_m":33,"tags":{"name":"Nookampalayam Link Road","highway":"tertiary","bridge":"yes","layer":"1","oneway":"yes"}}},{"type":"Feature","id":"1067192431","geometry":{"type":"LineString","coordinates":[[80.182986,12.895244],[80.183071,12.895012]]},"properties":{"candidate_id":"1067192431","osm_way_id":1067192431,"name":"Ottiambakkam Road","highway":"tertiary","structure":"low_bridge","reasons":["bridge_over_water"],"length_m":27,"tags":{"name":"Ottiambakkam Road","ref":"O7919","highway":"tertiary","bridge":"yes","layer":"1","oneway":"yes"}}},{"type":"Feature","id":"1067192432","geometry":{"type":"LineString","coordinates":[[80.183031,12.894856],[80.182933,12.89514]]},"properties":{"candidate_id":"1067192432","osm_way_id":1067192432,"name":"Ottiambakkam Road","highway":"tertiary","structure":"low_bridge","reasons":["bridge_over_water"],"length_m":33,"tags":{"name":"Ottiambakkam Road","ref":"O7919","highway":"tertiary","bridge":"yes","layer":"1","oneway":"yes"}}},{"type":"Feature","id":"1067477695-x1","geometry":{"type":"LineString","coordinates":[[80.197554,13.148214],[80.198283,13.147983]]},"properties":{"candidate_id":"1067477695-x1","osm_way_id":1067477695,"name":"6th main road","highway":"tertiary","structure":"dip","reasons":["waterway_crossing"],"length_m":129,"tags":{"name":"6th main road","highway":"tertiary"},"crossing":"drain#911275609"}},{"type":"Feature","id":"1068239141","geometry":{"type":"LineString","coordinates":[[80.086031,13.212619],[80.085736,13.212691]]},"properties":{"candidate_id":"1068239141","osm_way_id":1068239141,"name":"","highway":"primary","structure":"low_bridge","reasons":["bridge_over_water"],"length_m":33,"tags":{"highway":"primary","bridge":"yes","layer":"1","oneway":"yes"}}},{"type":"Feature","id":"1068239142","geometry":{"type":"LineString","coordinates":[[80.085758,13.212781],[80.086053,13.212707]]},"properties":{"candidate_id":"1068239142","osm_way_id":1068239142,"name":"","highway":"primary","structure":"low_bridge","reasons":["bridge_over_water"],"length_m":33,"tags":{"highway":"primary","bridge":"yes","layer":"1","oneway":"yes"}}},{"type":"Feature","id":"1069540604-x1","geometry":{"type":"LineString","coordinates":[[80.26059,13.11809],[80.260557,13.117302]]},"properties":{"candidate_id":"1069540604-x1","osm_way_id":1069540604,"name":"","highway":"residential","structure":"culvert","reasons":["waterway_crossing"],"length_m":135,"tags":{"highway":"residential"},"crossing":"drain:Vyasarpadi Canal#1202708876"}},{"type":"Feature","id":"1069590779","geometry":{"type":"LineString","coordinates":[[80.228725,13.127674],[80.22872,13.127622]]},"properties":{"candidate_id":"1069590779","osm_way_id":1069590779,"name":"","highway":"residential","structure":"low_bridge","reasons":["bridge_over_water"],"length_m":6,"tags":{"highway":"residential","bridge":"yes","layer":"1"}}},{"type":"Feature","id":"1071222011","geometry":{"type":"LineString","coordinates":[[80.080781,12.995413],[80.081063,12.995351]]},"properties":{"candidate_id":"1071222011","osm_way_id":1071222011,"name":"Kodambakkam \u2013 Sriperumbudur Road","highway":"primary","structure":"low_bridge","reasons":["bridge_over_water"],"length_m":31,"tags":{"name":"Kodambakkam \u2013 Sriperumbudur Road","ref":"SH113","highway":"primary","bridge":"yes","oneway":"yes","surface":"asphalt"}}},{"type":"Feature","id":"1071222012","geometry":{"type":"LineString","coordinates":[[80.084039,12.994663],[80.084082,12.994655]]},"properties":{"candidate_id":"1071222012","osm_way_id":1071222012,"name":"Kodambakkam \u2013 Sriperumbudur Road","highway":"primary","structure":"low_bridge","reasons":["bridge_over_water"],"length_m":5,"tags":{"name":"Kodambakkam \u2013 Sriperumbudur Road","ref":"SH113","highway":"primary","bridge":"yes","layer":"1","oneway":"no"}}},{"type":"Feature","id":"1072485851","geometry":{"type":"LineString","coordinates":[[80.185735,13.137768],[80.185113,13.138001]]},"properties":{"candidate_id":"1072485851","osm_way_id":1072485851,"name":"","highway":"residential","structure":"underpass","reasons":["tunnel=yes","layer<0"],"length_m":72,"tags":{"highway":"residential","tunnel":"yes","layer":"-1"}}},{"type":"Feature","id":"1074081716","geometry":{"type":"LineString","coordinates":[[80.265377,13.105831],[80.265454,13.105641]]},"properties":{"candidate_id":"1074081716","osm_way_id":1074081716,"name":"","highway":"tertiary","structure":"low_bridge","reasons":["bridge_over_water"],"length_m":23,"tags":{"highway":"tertiary","bridge":"yes","layer":"1"}}},{"type":"Feature","id":"1074457383","geometry":{"type":"LineString","coordinates":[[80.331276,13.248995],[80.331258,13.248938]]},"properties":{"candidate_id":"1074457383","osm_way_id":1074457383,"name":"","highway":"service","structure":"low_bridge","reasons":["bridge_over_water"],"length_m":7,"tags":{"highway":"service","bridge":"yes","layer":"1"}}},{"type":"Feature","id":"1074791865-x1","geometry":{"type":"LineString","coordinates":[[80.089347,13.003162],[80.089458,13.003444]]},"properties":{"candidate_id":"1074791865-x1","osm_way_id":1074791865,"name":"ORR Service Road","highway":"primary","structure":"dip","reasons":["waterway_crossing"],"length_m":5123,"tags":{"name":"ORR Service Road","highway":"primary","oneway":"yes","surface":"asphalt","lanes":"2"},"crossing":"drain#535357166"}},{"type":"Feature","id":"1074791865-x2","geometry":{"type":"LineString","coordinates":[[80.090179,13.005327],[80.090196,13.005413]]},"properties":{"candidate_id":"1074791865-x2","osm_way_id":1074791865,"name":"ORR Service Road","highway":"primary","structure":"culvert","reasons":["waterway_crossing"],"length_m":5123,"tags":{"name":"ORR Service Road","highway":"primary","oneway":"yes","surface":"asphalt","lanes":"2"},"crossing":"stream#836333667"}},{"type":"Feature","id":"1074791865-x3","geometry":{"type":"LineString","coordinates":[[80.090821,13.00698],[80.09099,13.007403]]},"properties":{"candidate_id":"1074791865-x3","osm_way_id":1074791865,"name":"ORR Service Road","highway":"primary","structure":"culvert","reasons":["waterway_crossing"],"length_m":5123,"tags":{"name":"ORR Service Road","highway":"primary","oneway":"yes","surface":"asphalt","lanes":"2"},"crossing":"stream:Chembarampakkam water for irrigation#836333668"}},{"type":"Feature","id":"1074791866","geometry":{"type":"LineString","coordinates":[[80.093121,13.021562],[80.093008,13.021857]]},"properties":{"candidate_id":"1074791866","osm_way_id":1074791866,"name":"ORR Service Road","highway":"primary","structure":"low_bridge","reasons":["bridge_over_water"],"length_m":35,"tags":{"name":"ORR Service Road","highway":"primary","bridge":"yes","layer":"1","oneway":"yes"}}},{"type":"Feature","id":"1074833584-x1","geometry":{"type":"LineString","coordinates":[[80.090771,13.006589],[80.091061,13.007349]]},"properties":{"candidate_id":"1074833584-x1","osm_way_id":1074833584,"name":"Outer Ring Road","highway":"motorway","structure":"culvert","reasons":["waterway_crossing"],"length_m":675,"tags":{"name":"Outer Ring Road","ref":"SH234","highway":"motorway","layer":"1","oneway":"yes","surface":"asphalt","lanes":"3"},"crossing":"stream:Chembarampakkam water for irrigation#836333668"}},{"type":"Feature","id":"1074833619","geometry":{"type":"LineString","coordinates":[[80.089562,12.976252],[80.089551,12.977057]]},"properties":{"candidate_id":"1074833619","osm_way_id":1074833619,"name":"ORR Service Road","highway":"primary","structure":"low_bridge","reasons":["bridge_over_water"],"length_m":89,"tags":{"name":"ORR Service Road","highway":"primary","bridge":"yes","layer":"1","oneway":"yes","surface":"asphalt","lanes":"2"}}},{"type":"Feature","id":"1074833620","geometry":{"type":"LineString","coordinates":[[80.089664,12.976157],[80.089649,12.97696]]},"properties":{"candidate_id":"1074833620","osm_way_id":1074833620,"name":"Outer Ring Road","highway":"motorway","structure":"low_bridge","reasons":["bridge_over_water"],"length_m":89,"tags":{"name":"Outer Ring Road","ref":"SH234","highway":"motorway","bridge":"yes","layer":"1","oneway":"yes","surface":"asphalt","lanes":"3"}}},{"type":"Feature","id":"1074833633-x1","geometry":{"type":"LineString","coordinates":[[80.089899,12.966177],[80.089884,12.966607]]},"properties":{"candidate_id":"1074833633-x1","osm_way_id":1074833633,"name":"Outer Ring Road","highway":"motorway","structure":"culvert","reasons":["waterway_crossing"],"length_m":298,"tags":{"name":"Outer Ring Road","ref":"SH234","highway":"motorway","layer":"1","oneway":"yes","surface":"asphalt","lanes":"3"},"crossing":"ditch#1201589647"}},{"type":"Feature","id":"1074833635-x1","geometry":{"type":"LineString","coordinates":[[80.089661,12.96652],[80.089645,12.96656]]},"properties":{"candidate_id":"1074833635-x1","osm_way_id":1074833635,"name":"","highway":"primary_link","structure":"dip","reasons":["waterway_crossing"],"length_m":32,"tags":{"highway":"primary_link","oneway":"yes"},"crossing":"ditch#1191351265"}},{"type":"Feature","id":"1074843755","geometry":{"type":"LineString","coordinates":[[80.083095,12.938926],[80.083235,12.939312],[80.08334,12.939593],[80.083472,12.939952],[80.083597,12.940296],[80.083742,12.940677],[80.083839,12.94094],[80.084002,12.94138],[80.084123,12.941703],[80.084197,12.941906]]},"properties":{"candidate_id":"1074843755","osm_way_id":1074843755,"name":"Outer Ring Road","highway":"motorway","structure":"low_bridge","reasons":["bridge_over_water"],"length_m":350,"tags":{"name":"Outer Ring Road","ref":"SH234","highway":"motorway","bridge":"yes","layer":"1","oneway":"yes","surface":"asphalt","lanes":"3"}}},{"type":"Feature","id":"1074843758-x1","geometry":{"type":"LineString","coordinates":[[80.083447,12.940435],[80.083396,12.940491]]},"properties":{"candidate_id":"1074843758-x1","osm_way_id":1074843758,"name":"","highway":"primary_link","structure":"dip","reasons":["waterway_crossing"],"length_m":40,"tags":{"highway":"primary_link","oneway":"yes"},"crossing":"drain#535357174"}},{"type":"Feature","id":"1074843764-x1","geometry":{"type":"LineString","coordinates":[[80.084199,12.940437],[80.084185,12.940373]]},"properties":{"candidate_id":"1074843764-x1","osm_way_id":1074843764,"name":"ORR Service Road","highway":"primary","structure":"dip","reasons":["waterway_crossing"],"length_m":2239,"tags":{"name":"ORR Service Road","highway":"primary","oneway":"yes","surface":"asphalt","lanes":"2"},"crossing":"drain#535357171"}},{"type":"Feature","id":"1074994236","geometry":{"type":"LineString","coordinates":[[80.084598,12.94193],[80.084306,12.941187],[80.084187,12.940874],[80.084032,12.940442],[80.083917,12.940126],[80.083683,12.939496],[80.083483,12.938951]]},"properties":{"candidate_id":"1074994236","osm_way_id":1074994236,"name":"Outer Ring Road","highway":"motorway","structure":"low_bridge","reasons":["bridge_over_water"],"length_m":351,"tags":{"name":"Outer Ring Road","ref":"SH234","highway":"motorway","bridge":"yes","layer":"1","oneway":"yes","surface":"asphalt","lanes":"3"}}},{"type":"Feature","id":"1074994237-x1","geometry":{"type":"LineString","coordinates":[[80.083513,12.940352],[80.083552,12.940472]]},"properties":{"candidate_id":"1074994237-x1","osm_way_id":1074994237,"name":"ORR Service Road","highway":"primary","structure":"dip","reasons":["waterway_crossing"],"length_m":2181,"tags":{"name":"ORR Service Road","highway":"primary","oneway":"yes","surface":"asphalt","lanes":"2"},"crossing":"drain#535357171"}},{"type":"Feature","id":"1074994239-x1","geometry":{"type":"LineString","coordinates":[[80.089661,12.96652],[80.089663,12.966561]]},"properties":{"candidate_id":"1074994239-x1","osm_way_id":1074994239,"name":"ORR Service Road","highway":"primary","structure":"culvert","reasons":["waterway_crossing"],"length_m":3021,"tags":{"name":"ORR Service Road","highway":"primary","oneway":"yes","surface":"asphalt","lanes":"2"},"crossing":"ditch#1191351266"}},{"type":"Feature","id":"1074994244-x1","geometry":{"type":"LineString","coordinates":[[80.084254,12.940408],[80.084215,12.94036]]},"properties":{"candidate_id":"1074994244-x1","osm_way_id":1074994244,"name":"","highway":"primary_link","structure":"dip","reasons":["waterway_crossing"],"length_m":42,"tags":{"highway":"primary_link","oneway":"yes"},"crossing":"drain#535357171"}},{"type":"Feature","id":"1074994254-x1","geometry":{"type":"LineString","coordinates":[[80.090478,12.966456],[80.090471,12.966414]]},"properties":{"candidate_id":"1074994254-x1","osm_way_id":1074994254,"name":"ORR Service Road","highway":"primary","structure":"culvert","reasons":["waterway_crossing"],"length_m":3002,"tags":{"name":"ORR Service Road","highway":"primary","oneway":"yes","surface":"asphalt","lanes":"2"},"crossing":"ditch#1201589652"}},{"type":"Feature","id":"1074994328-x1","geometry":{"type":"LineString","coordinates":[[80.090237,12.966566],[80.090247,12.966304]]},"properties":{"candidate_id":"1074994328-x1","osm_way_id":1074994328,"name":"Outer Ring Road","highway":"motorway","structure":"culvert","reasons":["waterway_crossing"],"length_m":300,"tags":{"name":"Outer Ring Road","ref":"SH234","highway":"motorway","layer":"1","oneway":"yes","surface":"asphalt","lanes":"3"},"crossing":"ditch#1201589650"}},{"type":"Feature","id":"1074994329-x1","geometry":{"type":"LineString","coordinates":[[80.09059,12.966438],[80.090544,12.966387]]},"properties":{"candidate_id":"1074994329-x1","osm_way_id":1074994329,"name":"","highway":"primary_link","structure":"culvert","reasons":["waterway_crossing"],"length_m":58,"tags":{"highway":"primary_link","oneway":"yes"},"crossing":"ditch#1201589653"}},{"type":"Feature","id":"1074994330-x1","geometry":{"type":"LineString","coordinates":[[80.090458,12.966449],[80.090468,12.966393]]},"properties":{"candidate_id":"1074994330-x1","osm_way_id":1074994330,"name":"","highway":"primary_link","structure":"culvert","reasons":["waterway_crossing"],"length_m":28,"tags":{"highway":"primary_link","oneway":"yes"},"crossing":"ditch#1201589652"}},{"type":"Feature","id":"1074994350-x1","geometry":{"type":"LineString","coordinates":[[80.091432,13.00699],[80.091382,13.006844]]},"properties":{"candidate_id":"1074994350-x1","osm_way_id":1074994350,"name":"ORR Service Road","highway":"primary","structure":"culvert","reasons":["waterway_crossing"],"length_m":5204,"tags":{"name":"ORR Service Road","highway":"primary","oneway":"yes","surface":"asphalt","lanes":"2"},"crossing":"stream:Chembarampakkam water for irrigation#836333668"}},{"type":"Feature","id":"1074994350-x2","geometry":{"type":"LineString","coordinates":[[80.090671,13.004996],[80.090597,13.004831]]},"properties":{"candidate_id":"1074994350-x2","osm_way_id":1074994350,"name":"ORR Service Road","highway":"primary","structure":"culvert","reasons":["waterway_crossing"],"length_m":5204,"tags":{"name":"ORR Service Road","highway":"primary","oneway":"yes","surface":"asphalt","lanes":"2"},"crossing":"stream#836333667"}},{"type":"Feature","id":"1074994350-x3","geometry":{"type":"LineString","coordinates":[[80.090017,13.003322],[80.089907,13.003011]]},"properties":{"candidate_id":"1074994350-x3","osm_way_id":1074994350,"name":"ORR Service Road","highway":"primary","structure":"dip","reasons":["waterway_crossing"],"length_m":5204,"tags":{"name":"ORR Service Road","highway":"primary","oneway":"yes","surface":"asphalt","lanes":"2"},"crossing":"drain#535357166"}},{"type":"Feature","id":"1074994351","geometry":{"type":"LineString","coordinates":[[80.090019,12.976603],[80.090039,12.975801]]},"properties":{"candidate_id":"1074994351","osm_way_id":1074994351,"name":"Outer Ring Road","highway":"motorway","structure":"low_bridge","reasons":["bridge_over_water"],"length_m":89,"tags":{"name":"Outer Ring Road","ref":"SH234","highway":"motorway","bridge":"yes","layer":"1","oneway":"yes","surface":"asphalt","lanes":"3"}}},{"type":"Feature","id":"1074994355","geometry":{"type":"LineString","coordinates":[[80.090108,12.976517],[80.09013,12.975715]]},"properties":{"candidate_id":"1074994355","osm_way_id":1074994355,"name":"ORR Service Road","highway":"primary","structure":"low_bridge","reasons":["bridge_over_water"],"length_m":89,"tags":{"name":"ORR Service Road","highway":"primary","bridge":"yes","layer":"1","oneway":"yes","surface":"asphalt","lanes":"2"}}},{"type":"Feature","id":"1075006684-x1","geometry":{"type":"LineString","coordinates":[[80.090736,13.005514],[80.090342,13.0045]]},"properties":{"candidate_id":"1075006684-x1","osm_way_id":1075006684,"name":"Outer Ring Road","highway":"motorway","structure":"culvert","reasons":["waterway_crossing"],"length_m":189,"tags":{"name":"Outer Ring Road","ref":"SH234","highway":"motorway","layer":"1","oneway":"yes","surface":"asphalt","lanes":"3"},"crossing":"stream#836333667"}},{"type":"Feature","id":"1075006699","geometry":{"type":"LineString","coordinates":[[80.093544,13.022034],[80.093652,13.021765]]},"properties":{"candidate_id":"1075006699","osm_way_id":1075006699,"name":"ORR Service Road","highway":"primary","structure":"low_bridge","reasons":["bridge_over_water"],"length_m":32,"tags":{"name":"ORR Service Road","highway":"primary","bridge":"yes","layer":"1","oneway":"yes"}}},{"type":"Feature","id":"1075006701","geometry":{"type":"LineString","coordinates":[[80.093444,13.022006],[80.093553,13.021725]]},"properties":{"candidate_id":"1075006701","osm_way_id":1075006701,"name":"Outer Ring Road","highway":"motorway","structure":"low_bridge","reasons":["bridge_over_water"],"length_m":33,"tags":{"name":"Outer Ring Road","ref":"SH234","highway":"motorway","bridge":"yes","layer":"1","oneway":"yes","surface":"asphalt","lanes":"3"}}},{"type":"Feature","id":"1075043289","geometry":{"type":"LineString","coordinates":[[80.076754,12.921677],[80.076837,12.921967]]},"properties":{"candidate_id":"1075043289","osm_way_id":1075043289,"name":"ORR Service Road","highway":"primary","structure":"low_bridge","reasons":["bridge_over_water"],"length_m":33,"tags":{"name":"ORR Service Road","highway":"primary","bridge":"yes","layer":"1","oneway":"yes","surface":"asphalt","lanes":"2"}}},{"type":"Feature","id":"1075043291","geometry":{"type":"LineString","coordinates":[[80.077277,12.92146],[80.077211,12.92123]]},"properties":{"candidate_id":"1075043291","osm_way_id":1075043291,"name":"ORR Service Road","highway":"primary","structure":"low_bridge","reasons":["bridge_over_water"],"length_m":26,"tags":{"name":"ORR Service Road","highway":"primary","bridge":"yes","layer":"1","oneway":"yes","surface":"asphalt","lanes":"2"}}},{"type":"Feature","id":"1075043293","geometry":{"type":"LineString","coordinates":[[80.07682,12.92155],[80.076904,12.921856]]},"properties":{"candidate_id":"1075043293","osm_way_id":1075043293,"name":"Outer Ring Road","highway":"motorway","structure":"low_bridge","reasons":["bridge_over_water"],"length_m":35,"tags":{"name":"Outer Ring Road","ref":"SH234","highway":"motorway","bridge":"yes","layer":"1","oneway":"yes","surface":"asphalt","lanes":"3"}}},{"type":"Feature","id":"1075043300","geometry":{"type":"LineString","coordinates":[[80.077175,12.921488],[80.077111,12.92126]]},"properties":{"candidate_id":"1075043300","osm_way_id":1075043300,"name":"Outer Ring Road","highway":"motorway","structure":"low_bridge","reasons":["bridge_over_water"],"length_m":26,"tags":{"name":"Outer Ring Road","ref":"SH234","highway":"motorway","bridge":"yes","layer":"1","oneway":"yes","surface":"asphalt","lanes":"3"}}},{"type":"Feature","id":"1075043365","geometry":{"type":"LineString","coordinates":[[80.076252,12.886666],[80.075665,12.886862]]},"properties":{"candidate_id":"1075043365","osm_way_id":1075043365,"name":"ORR Service Road","highway":"primary","structure":"low_bridge","reasons":["bridge_over_water"],"length_m":67,"tags":{"name":"ORR Service Road","highway":"primary","bridge":"yes","layer":"1","oneway":"yes","surface":"asphalt","lanes":"2"}}},{"type":"Feature","id":"1075043367","geometry":{"type":"LineString","coordinates":[[80.075839,12.887383],[80.076463,12.887176]]},"properties":{"candidate_id":"1075043367","osm_way_id":1075043367,"name":"","highway":"primary","structure":"low_bridge","reasons":["bridge_over_water"],"length_m":71,"tags":{"highway":"primary","bridge":"yes","layer":"1","oneway":"yes","surface":"asphalt","lanes":"2"}}},{"type":"Feature","id":"1075043369","geometry":{"type":"LineString","coordinates":[[80.075805,12.887285],[80.076394,12.887093]]},"properties":{"candidate_id":"1075043369","osm_way_id":1075043369,"name":"Outer Ring Road","highway":"motorway","structure":"low_bridge","reasons":["bridge_over_water"],"length_m":67,"tags":{"name":"Outer Ring Road","ref":"SH234","highway":"motorway","bridge":"yes","layer":"1","oneway":"yes","surface":"asphalt","lanes":"3"}}},{"type":"Feature","id":"1075043371","geometry":{"type":"LineString","coordinates":[[80.076286,12.886763],[80.075693,12.886954]]},"properties":{"candidate_id":"1075043371","osm_way_id":1075043371,"name":"Outer Ring Road","highway":"motorway","structure":"low_bridge","reasons":["bridge_over_water"],"length_m":68,"tags":{"name":"Outer Ring Road","ref":"SH234","highway":"motorway","bridge":"yes","layer":"1","oneway":"yes","surface":"asphalt","lanes":"3"}}},{"type":"Feature","id":"1075635923","geometry":{"type":"LineString","coordinates":[[80.165335,13.208985],[80.165248,13.208879],[80.165074,13.208667]]},"properties":{"candidate_id":"1075635923","osm_way_id":1075635923,"name":"Outer Ring Road","highway":"motorway","structure":"low_bridge","reasons":["bridge_over_water"],"length_m":45,"tags":{"name":"Outer Ring Road","ref":"SH234","highway":"motorway","bridge":"yes","layer":"1","oneway":"yes","surface":"asphalt","lanes":"3"}}},{"type":"Feature","id":"1075635924","geometry":{"type":"LineString","coordinates":[[80.164809,13.208908],[80.164983,13.209123],[80.165058,13.209217]]},"properties":{"candidate_id":"1075635924","osm_way_id":1075635924,"name":"Outer Ring Road","highway":"motorway","structure":"low_bridge","reasons":["bridge_over_water"],"length_m":44,"tags":{"name":"Outer Ring Road","ref":"SH234","highway":"motorway","bridge":"yes","layer":"1","oneway":"yes","surface":"asphalt","lanes":"3"}}},{"type":"Feature","id":"1075635926","geometry":{"type":"LineString","coordinates":[[80.165427,13.208939],[80.165158,13.208603]]},"properties":{"candidate_id":"1075635926","osm_way_id":1075635926,"name":"ORR Service Road","highway":"primary","structure":"low_bridge","reasons":["bridge_over_water"],"length_m":47,"tags":{"name":"ORR Service Road","highway":"primary","bridge":"yes","layer":"1","oneway":"yes","surface":"asphalt","lanes":"2"}}},{"type":"Feature","id":"1075635927","geometry":{"type":"LineString","coordinates":[[80.164736,13.208975],[80.165011,13.20931]]},"properties":{"candidate_id":"1075635927","osm_way_id":1075635927,"name":"ORR Service Road","highway":"primary","structure":"low_bridge","reasons":["bridge_over_water"],"length_m":48,"tags":{"name":"ORR Service Road","highway":"primary","bridge":"yes","layer":"1","oneway":"yes","surface":"asphalt","lanes":"2"}}},{"type":"Feature","id":"1075635976","geometry":{"type":"LineString","coordinates":[[80.169636,13.203774],[80.169418,13.203717]]},"properties":{"candidate_id":"1075635976","osm_way_id":1075635976,"name":"New Attanthangal Bridge","highway":"residential","structure":"low_bridge","reasons":["bridge_over_water"],"length_m":24,"tags":{"name":"New Attanthangal Bridge","highway":"residential","bridge":"yes","layer":"1"}}},{"type":"Feature","id":"1075657800","geometry":{"type":"LineString","coordinates":[[80.06743,13.168577],[80.067635,13.168939]]},"properties":{"candidate_id":"1075657800","osm_way_id":1075657800,"name":"ORR Service Road","highway":"primary","structure":"low_bridge","reasons":["bridge_over_water"],"length_m":46,"tags":{"name":"ORR Service Road","highway":"primary","bridge":"yes","layer":"1","oneway":"yes","surface":"asphalt","lanes":"2"}}},{"type":"Feature","id":"1075657802","geometry":{"type":"LineString","coordinates":[[80.068346,13.169043],[80.068207,13.168805]]},"properties":{"candidate_id":"1075657802","osm_way_id":1075657802,"name":"ORR Service Road","highway":"primary","structure":"low_bridge","reasons":["bridge_over_water"],"length_m":30,"tags":{"name":"ORR Service Road","highway":"primary","bridge":"yes","layer":"1","oneway":"yes","surface":"asphalt","lanes":"2"}}},{"type":"Feature","id":"1075657804","geometry":{"type":"LineString","coordinates":[[80.068224,13.169045],[80.068089,13.168805]]},"properties":{"candidate_id":"1075657804","osm_way_id":1075657804,"name":"Outer Ring Road","highway":"motorway","structure":"low_bridge","reasons":["bridge_over_water"],"length_m":30,"tags":{"name":"Outer Ring Road","ref":"SH234","highway":"motorway","bridge":"yes","layer":"1","oneway":"yes","surface":"asphalt","lanes":"3"}}},{"type":"Feature","id":"1075657806","geometry":{"type":"LineString","coordinates":[[80.067578,13.168636],[80.067793,13.169003]]},"properties":{"candidate_id":"1075657806","osm_way_id":1075657806,"name":"Outer Ring Road","highway":"motorway","structure":"low_bridge","reasons":["bridge_over_water"],"length_m":47,"tags":{"name":"Outer Ring Road","ref":"SH234","highway":"motorway","bridge":"yes","layer":"1","oneway":"yes","surface":"asphalt","lanes":"3"}}},{"type":"Feature","id":"1075672695","geometry":{"type":"LineString","coordinates":[[80.053294,13.144545],[80.053304,13.144684],[80.053309,13.144746]]},"properties":{"candidate_id":"1075672695","osm_way_id":1075672695,"name":"Outer Ring Road","highway":"motorway","structure":"low_bridge","reasons":["bridge_over_water"],"length_m":22,"tags":{"name":"Outer Ring Road","ref":"SH234","highway":"motorway","bridge":"yes","layer":"1","oneway":"yes","surface":"asphalt","lanes":"3"}}},{"type":"Feature","id":"1075672697","geometry":{"type":"LineString","coordinates":[[80.053184,13.144551],[80.0532,13.144752]]},"properties":{"candidate_id":"1075672697","osm_way_id":1075672697,"name":"ORR Service Road","highway":"primary","structure":"low_bridge","reasons":["bridge_over_water"],"length_m":22,"tags":{"name":"ORR Service Road","highway":"primary","bridge":"yes","layer":"1","oneway":"yes","surface":"asphalt","lanes":"2"}}},{"type":"Feature","id":"1075672699","geometry":{"type":"LineString","coordinates":[[80.053662,13.144723],[80.053647,13.144529]]},"properties":{"candidate_id":"1075672699","osm_way_id":1075672699,"name":"Outer Ring Road","highway":"motorway","structure":"low_bridge","reasons":["bridge_over_water"],"length_m":21,"tags":{"name":"Outer Ring Road","ref":"SH234","highway":"motorway","bridge":"yes","layer":"1","oneway":"yes","surface":"asphalt","lanes":"3"}}},{"type":"Feature","id":"1075672701","geometry":{"type":"LineString","coordinates":[[80.053772,13.144721],[80.053756,13.144526]]},"properties":{"candidate_id":"1075672701","osm_way_id":1075672701,"name":"ORR Service Road","highway":"primary","structure":"low_bridge","reasons":["bridge_over_water"],"length_m":22,"tags":{"name":"ORR Service Road","highway":"primary","bridge":"yes","layer":"1","oneway":"yes","surface":"asphalt","lanes":"2"}}},{"type":"Feature","id":"1075752721-x1","geometry":{"type":"LineString","coordinates":[[80.052051,13.11179],[80.051978,13.112873]]},"properties":{"candidate_id":"1075752721-x1","osm_way_id":1075752721,"name":"Outer Ring Road","highway":"motorway","structure":"culvert","reasons":["waterway_crossing"],"length_m":400,"tags":{"name":"Outer Ring Road","ref":"SH234","highway":"motorway","oneway":"yes","surface":"asphalt","lanes":"3"},"crossing":"canal#1075752745"}},{"type":"Feature","id":"1075752723-x1","geometry":{"type":"LineString","coordinates":[[80.051964,13.111785],[80.05189,13.112868]]},"properties":{"candidate_id":"1075752723-x1","osm_way_id":1075752723,"name":"ORR Service Road","highway":"primary","structure":"culvert","reasons":["waterway_crossing"],"length_m":1546,"tags":{"name":"ORR Service Road","highway":"primary","oneway":"yes","surface":"asphalt","lanes":"2"},"crossing":"canal#1075752745"}},{"type":"Feature","id":"1075752725-x1","geometry":{"type":"LineString","coordinates":[[80.052334,13.112897],[80.05241,13.111814]]},"properties":{"candidate_id":"1075752725-x1","osm_way_id":1075752725,"name":"Outer Ring Road","highway":"motorway","structure":"culvert","reasons":["waterway_crossing"],"length_m":392,"tags":{"name":"Outer Ring Road","ref":"SH234","highway":"motorway","oneway":"yes","surface":"asphalt","lanes":"3"},"crossing":"canal#1075752746"}},{"type":"Feature","id":"1075752727-x1","geometry":{"type":"LineString","coordinates":[[80.052446,13.112905],[80.05252,13.111822]]},"properties":{"candidate_id":"1075752727-x1","osm_way_id":1075752727,"name":"ORR Service Road","highway":"primary","structure":"culvert","reasons":["waterway_crossing"],"length_m":541,"tags":{"name":"ORR Service Road","highway":"primary","oneway":"yes","surface":"asphalt","lanes":"2"},"crossing":"canal#1075752746"}},{"type":"Feature","id":"1075752792","geometry":{"type":"LineString","coordinates":[[80.052439,13.100284],[80.052357,13.099198]]},"properties":{"candidate_id":"1075752792","osm_way_id":1075752792,"name":"Outer Ring Road","highway":"motorway","structure":"low_bridge","reasons":["bridge_over_water"],"length_m":120,"tags":{"name":"Outer Ring Road","ref":"SH234","highway":"motorway","bridge":"yes","layer":"1","oneway":"yes","surface":"asphalt","lanes":"3"}}},{"type":"Feature","id":"1075752793","geometry":{"type":"LineString","coordinates":[[80.051994,13.099087],[80.052072,13.100177]]},"properties":{"candidate_id":"1075752793","osm_way_id":1075752793,"name":"Outer Ring Road","highway":"motorway","structure":"low_bridge","reasons":["bridge_over_water"],"length_m":121,"tags":{"name":"Outer Ring Road","ref":"SH234","highway":"motorway","bridge":"yes","layer":"1","oneway":"yes","surface":"asphalt","lanes":"3"}}},{"type":"Feature","id":"1075752794","geometry":{"type":"LineString","coordinates":[[80.052541,13.100286],[80.052461,13.099191]]},"properties":{"candidate_id":"1075752794","osm_way_id":1075752794,"name":"","highway":"primary","structure":"low_bridge","reasons":["bridge_over_water"],"length_m":121,"tags":{"highway":"primary","bridge":"yes","layer":"1","oneway":"yes","surface":"asphalt","lanes":"2"}}},{"type":"Feature","id":"1075752795","geometry":{"type":"LineString","coordinates":[[80.051884,13.099096],[80.051977,13.100186]]},"properties":{"candidate_id":"1075752795","osm_way_id":1075752795,"name":"ORR Service Road","highway":"primary","structure":"low_bridge","reasons":["bridge_over_water"],"length_m":121,"tags":{"name":"ORR Service Road","highway":"primary","bridge":"yes","layer":"1","oneway":"yes","surface":"asphalt","lanes":"2"}}},{"type":"Feature","id":"1076294840-x1","geometry":{"type":"LineString","coordinates":[[80.213909,13.130491],[80.214119,13.130765]]},"properties":{"candidate_id":"1076294840-x1","osm_way_id":1076294840,"name":"Grand Northern Trunk Road","highway":"primary","structure":"culvert","reasons":["waterway_crossing"],"length_m":918,"tags":{"name":"Grand Northern Trunk Road","highway":"primary","oneway":"yes"},"crossing":"drain#1205852872"}},{"type":"Feature","id":"1079228847","geometry":{"type":"LineString","coordinates":[[80.253139,13.181227],[80.25362,13.180991],[80.254024,13.180803],[80.254218,13.180711],[80.254341,13.18065],[80.254458,13.18059],[80.254613,13.1805],[80.254717,13.180431],[80.254822,13.180349],[80.254915,13.180265],[80.254977,13.180202]]},"properties":{"candidate_id":"1079228847","osm_way_id":1079228847,"name":"New Amullaivoyal Bridge","highway":"tertiary","structure":"low_bridge","reasons":["bridge_over_water"],"length_m":230,"tags":{"name":"New Amullaivoyal Bridge","highway":"tertiary","bridge":"yes","layer":"1"}}},{"type":"Feature","id":"1079228858","geometry":{"type":"LineString","coordinates":[[80.254564,13.181079],[80.254572,13.180896]]},"properties":{"candidate_id":"1079228858","osm_way_id":1079228858,"name":"Old Amullaivoyal Bridge","highway":"unclassified","structure":"low_bridge","reasons":["bridge_over_water"],"length_m":20,"tags":{"name":"Old Amullaivoyal Bridge","highway":"unclassified","bridge":"yes","layer":"1"}}},{"type":"Feature","id":"1080320422","geometry":{"type":"LineString","coordinates":[[80.204385,12.978003],[80.205077,12.977489],[80.206447,12.97647]]},"properties":{"candidate_id":"1080320422","osm_way_id":1080320422,"name":"Inner Ring Road (Southern Sector)","highway":"primary","structure":"none","reasons":["tunnel=building_passage"],"length_m":281,"tags":{"name":"Inner Ring Road (Southern Sector)","ref":"SH2A","highway":"primary","tunnel":"building_passage","oneway":"yes","surface":"asphalt"}}},{"type":"Feature","id":"1080320423","geometry":{"type":"LineString","coordinates":[[80.206376,12.976385],[80.20501,12.977385],[80.204317,12.977894]]},"properties":{"candidate_id":"1080320423","osm_way_id":1080320423,"name":"Inner Ring Road (Southern Sector)","highway":"primary","structure":"none","reasons":["tunnel=building_passage"],"length_m":279,"tags":{"name":"Inner Ring Road (Southern Sector)","ref":"SH2A","highway":"primary","tunnel":"building_passage","oneway":"yes","surface":"asphalt"}}},{"type":"Feature","id":"1080608340","geometry":{"type":"LineString","coordinates":[[80.280302,13.057777],[80.280506,13.057757]]},"properties":{"candidate_id":"1080608340","osm_way_id":1080608340,"name":"Bharathi Salai","highway":"tertiary","structure":"low_bridge","reasons":["bridge_over_water"],"length_m":22,"tags":{"name":"Bharathi Salai","highway":"tertiary","bridge":"yes","layer":"1","oneway":"yes"}}},{"type":"Feature","id":"1080608342","geometry":{"type":"LineString","coordinates":[[80.280519,13.057702],[80.280307,13.057729]]},"properties":{"candidate_id":"1080608342","osm_way_id":1080608342,"name":"Bharathi Salai","highway":"tertiary","structure":"low_bridge","reasons":["bridge_over_water"],"length_m":23,"tags":{"name":"Bharathi Salai","highway":"tertiary","bridge":"yes","layer":"1","oneway":"yes"}}},{"type":"Feature","id":"1080757461-x1","geometry":{"type":"LineString","coordinates":[[80.274375,13.071794],[80.274623,13.072044]]},"properties":{"candidate_id":"1080757461-x1","osm_way_id":1080757461,"name":"Anna Salai (Mount Road)","highway":"primary","structure":"underpass","reasons":["under_rail_bridge"],"length_m":55,"tags":{"name":"Anna Salai (Mount Road)","ref":"SHU88","highway":"primary","oneway":"yes"},"crossing":"railway#240340228"}},{"type":"Feature","id":"1080757461-x2","geometry":{"type":"LineString","coordinates":[[80.274375,13.071794],[80.274623,13.072044]]},"properties":{"candidate_id":"1080757461-x2","osm_way_id":1080757461,"name":"Anna Salai (Mount Road)","highway":"primary","structure":"underpass","reasons":["under_rail_bridge"],"length_m":55,"tags":{"name":"Anna Salai (Mount Road)","ref":"SHU88","highway":"primary","oneway":"yes"},"crossing":"railway#549727267"}},{"type":"Feature","id":"1081073904-x1","geometry":{"type":"LineString","coordinates":[[80.276014,13.070588],[80.276164,13.070716]]},"properties":{"candidate_id":"1081073904-x1","osm_way_id":1081073904,"name":"","highway":"service","structure":"underpass","reasons":["under_rail_bridge"],"length_m":93,"tags":{"highway":"service"},"crossing":"railway#240340228"}},{"type":"Feature","id":"1081073904-x2","geometry":{"type":"LineString","coordinates":[[80.276014,13.070588],[80.276164,13.070716]]},"properties":{"candidate_id":"1081073904-x2","osm_way_id":1081073904,"name":"","highway":"service","structure":"underpass","reasons":["under_rail_bridge"],"length_m":93,"tags":{"highway":"service"},"crossing":"railway#549727267"}},{"type":"Feature","id":"1081264276","geometry":{"type":"LineString","coordinates":[[80.241,13.13044],[80.240926,13.130536]]},"properties":{"candidate_id":"1081264276","osm_way_id":1081264276,"name":"Madhavaram - Red Hills Road","highway":"primary","structure":"low_bridge","reasons":["bridge_over_water"],"length_m":13,"tags":{"name":"Madhavaram - Red Hills Road","ref":"SH111","highway":"primary","bridge":"yes","layer":"1","oneway":"yes","surface":"asphalt","lanes":"2"}}},{"type":"Feature","id":"1081264277","geometry":{"type":"LineString","coordinates":[[80.240974,13.13057],[80.241044,13.130474]]},"properties":{"candidate_id":"1081264277","osm_way_id":1081264277,"name":"Madhavaram - Red Hills Road","highway":"primary","structure":"low_bridge","reasons":["bridge_over_water"],"length_m":13,"tags":{"name":"Madhavaram - Red Hills Road","ref":"SH111","highway":"primary","bridge":"yes","layer":"1","oneway":"yes","surface":"asphalt","lanes":"2"}}},{"type":"Feature","id":"1082485666-x1","geometry":{"type":"LineString","coordinates":[[80.230686,13.030148],[80.230653,13.030762]]},"properties":{"candidate_id":"1082485666-x1","osm_way_id":1082485666,"name":"1st Main Road","highway":"secondary","structure":"dip","reasons":["waterway_crossing"],"length_m":307,"tags":{"name":"1st Main Road","highway":"secondary","oneway":"yes"},"crossing":"drain:Mambalam Drain#214162275"}},{"type":"Feature","id":"1087677761-x1","geometry":{"type":"LineString","coordinates":[[80.201622,13.128819],[80.201675,13.129218]]},"properties":{"candidate_id":"1087677761-x1","osm_way_id":1087677761,"name":"4th cross street","highway":"residential","structure":"dip","reasons":["waterway_crossing"],"length_m":90,"tags":{"name":"4th cross street","highway":"residential","surface":"asphalt","lanes":"1"},"crossing":"drain#1285837636"}},{"type":"Feature","id":"1087677764-x1","geometry":{"type":"LineString","coordinates":[[80.19784,13.125527],[80.197915,13.125526]]},"properties":{"candidate_id":"1087677764-x1","osm_way_id":1087677764,"name":"Murugan koil street","highway":"tertiary","structure":"dip","reasons":["waterway_crossing"],"length_m":402,"tags":{"name":"Murugan koil street","highway":"tertiary","surface":"asphalt","lanes":"1"},"crossing":"drain#1290286350"}},{"type":"Feature","id":"1087677764-x2","geometry":{"type":"LineString","coordinates":[[80.199588,13.125494],[80.19965,13.125492]]},"properties":{"candidate_id":"1087677764-x2","osm_way_id":1087677764,"name":"Murugan koil street","highway":"tertiary","structure":"dip","reasons":["waterway_crossing"],"length_m":402,"tags":{"name":"Murugan koil street","highway":"tertiary","surface":"asphalt","lanes":"1"},"crossing":"drain#1285452581"}},{"type":"Feature","id":"1087677764-x3","geometry":{"type":"LineString","coordinates":[[80.201484,13.125457],[80.201542,13.125456]]},"properties":{"candidate_id":"1087677764-x3","osm_way_id":1087677764,"name":"Murugan koil street","highway":"tertiary","structure":"dip","reasons":["waterway_crossing"],"length_m":402,"tags":{"name":"Murugan koil street","highway":"tertiary","surface":"asphalt","lanes":"1"},"crossing":"drain#1285837635"}},{"type":"Feature","id":"1087811260-x1","geometry":{"type":"LineString","coordinates":[[80.198633,13.14316],[80.199058,13.143092]]},"properties":{"candidate_id":"1087811260-x1","osm_way_id":1087811260,"name":"","highway":"residential","structure":"culvert","reasons":["waterway_crossing"],"length_m":76,"tags":{"highway":"residential"},"crossing":"drain#1089517862"}},{"type":"Feature","id":"1087811269-x1","geometry":{"type":"LineString","coordinates":[[80.200019,13.126115],[80.200019,13.12571]]},"properties":{"candidate_id":"1087811269-x1","osm_way_id":1087811269,"name":"","highway":"residential","structure":"dip","reasons":["waterway_crossing"],"length_m":45,"tags":{"highway":"residential","surface":"asphalt"},"crossing":"drain#1285452584"}},{"type":"Feature","id":"1087811271-x1","geometry":{"type":"LineString","coordinates":[[80.197152,13.125002],[80.197161,13.124973]]},"properties":{"candidate_id":"1087811271-x1","osm_way_id":1087811271,"name":"","highway":"residential","structure":"dip","reasons":["waterway_crossing"],"length_m":32,"tags":{"highway":"residential","surface":"asphalt"},"crossing":"drain#1290286349"}},{"type":"Feature","id":"1087811273-x1","geometry":{"type":"LineString","coordinates":[[80.199463,13.127723],[80.199187,13.127716]]},"properties":{"candidate_id":"1087811273-x1","osm_way_id":1087811273,"name":"","highway":"residential","structure":"dip","reasons":["waterway_crossing"],"length_m":30,"tags":{"highway":"residential","surface":"concrete"},"crossing":"drain#1288582910"}},{"type":"Feature","id":"1087811428-x1","geometry":{"type":"LineString","coordinates":[[80.19784,13.125527],[80.19772,13.125128]]},"properties":{"candidate_id":"1087811428-x1","osm_way_id":1087811428,"name":"","highway":"residential","structure":"dip","reasons":["waterway_crossing"],"length_m":67,"tags":{"highway":"residential","surface":"ground"},"crossing":"drain#1290248752"}},{"type":"Feature","id":"1088474520-x1","geometry":{"type":"LineString","coordinates":[[80.202052,13.128813],[80.202334,13.128764]]},"properties":{"candidate_id":"1088474520-x1","osm_way_id":1088474520,"name":"","highway":"residential","structure":"dip","reasons":["waterway_crossing"],"length_m":245,"tags":{"highway":"residential"},"crossing":"drain#1286550656"}},{"type":"Feature","id":"1088474523-x1","geometry":{"type":"LineString","coordinates":[[80.20213,13.129206],[80.20242,13.12915]]},"properties":{"candidate_id":"1088474523-x1","osm_way_id":1088474523,"name":"","highway":"residential","structure":"dip","reasons":["waterway_crossing"],"length_m":322,"tags":{"highway":"residential"},"crossing":"drain#1286550656"}},{"type":"Feature","id":"1089517856-x1","geometry":{"type":"LineString","coordinates":[[80.202847,13.12694],[80.202873,13.126819]]},"properties":{"candidate_id":"1089517856-x1","osm_way_id":1089517856,"name":"","highway":"residential","structure":"dip","reasons":["waterway_crossing"],"length_m":73,"tags":{"highway":"residential","surface":"unpaved"},"crossing":"drain#1089517854"}},{"type":"Feature","id":"1090398948-x1","geometry":{"type":"LineString","coordinates":[[80.235215,12.989708],[80.23564,12.989667]]},"properties":{"candidate_id":"1090398948-x1","osm_way_id":1090398948,"name":"","highway":"service","structure":"culvert","reasons":["waterway_crossing"],"length_m":75,"tags":{"highway":"service"},"crossing":"drain#1458961209"}},{"type":"Feature","id":"1091003575-x1","geometry":{"type":"LineString","coordinates":[[80.254582,13.099451],[80.254247,13.099519]]},"properties":{"candidate_id":"1091003575-x1","osm_way_id":1091003575,"name":"Puthu Farrance Salai","highway":"tertiary","structure":"dip","reasons":["waterway_crossing"],"length_m":37,"tags":{"name":"Puthu Farrance Salai","highway":"tertiary","layer":"1"},"crossing":"drain:Otteri Nullah#27708880"}},{"type":"Feature","id":"1094419430-x1","geometry":{"type":"LineString","coordinates":[[80.241992,13.107221],[80.241998,13.107372]]},"properties":{"candidate_id":"1094419430-x1","osm_way_id":1094419430,"name":"","highway":"tertiary","structure":"underpass","reasons":["under_rail_bridge"],"length_m":153,"tags":{"highway":"tertiary","oneway":"yes"},"crossing":"railway#1257313446"}},{"type":"Feature","id":"1094419430-x2","geometry":{"type":"LineString","coordinates":[[80.241998,13.107372],[80.241963,13.108202]]},"properties":{"candidate_id":"1094419430-x2","osm_way_id":1094419430,"name":"","highway":"tertiary","structure":"underpass","reasons":["under_rail_bridge"],"length_m":153,"tags":{"highway":"tertiary","oneway":"yes"},"crossing":"railway#1257313449"}},{"type":"Feature","id":"1094419430-x3","geometry":{"type":"LineString","coordinates":[[80.241998,13.107372],[80.241963,13.108202]]},"properties":{"candidate_id":"1094419430-x3","osm_way_id":1094419430,"name":"","highway":"tertiary","structure":"underpass","reasons":["under_rail_bridge"],"length_m":153,"tags":{"highway":"tertiary","oneway":"yes"},"crossing":"railway#1257313451"}},{"type":"Feature","id":"1094419430-x4","geometry":{"type":"LineString","coordinates":[[80.241998,13.107372],[80.241963,13.108202]]},"properties":{"candidate_id":"1094419430-x4","osm_way_id":1094419430,"name":"","highway":"tertiary","structure":"underpass","reasons":["under_rail_bridge"],"length_m":153,"tags":{"highway":"tertiary","oneway":"yes"},"crossing":"railway#1257313452"}},{"type":"Feature","id":"1094419432-x1","geometry":{"type":"LineString","coordinates":[[80.242122,13.107616],[80.242125,13.107316]]},"properties":{"candidate_id":"1094419432-x1","osm_way_id":1094419432,"name":"","highway":"tertiary","structure":"underpass","reasons":["under_rail_bridge"],"length_m":169,"tags":{"highway":"tertiary","oneway":"yes"},"crossing":"railway#1257313446"}},{"type":"Feature","id":"1094419432-x2","geometry":{"type":"LineString","coordinates":[[80.242122,13.107616],[80.242125,13.107316]]},"properties":{"candidate_id":"1094419432-x2","osm_way_id":1094419432,"name":"","highway":"tertiary","structure":"underpass","reasons":["under_rail_bridge"],"length_m":169,"tags":{"highway":"tertiary","oneway":"yes"},"crossing":"railway#1257313449"}},{"type":"Feature","id":"1094419432-x3","geometry":{"type":"LineString","coordinates":[[80.242122,13.107616],[80.242125,13.107316]]},"properties":{"candidate_id":"1094419432-x3","osm_way_id":1094419432,"name":"","highway":"tertiary","structure":"underpass","reasons":["under_rail_bridge"],"length_m":169,"tags":{"highway":"tertiary","oneway":"yes"},"crossing":"railway#1257313451"}},{"type":"Feature","id":"1094419432-x4","geometry":{"type":"LineString","coordinates":[[80.242122,13.107616],[80.242125,13.107316]]},"properties":{"candidate_id":"1094419432-x4","osm_way_id":1094419432,"name":"","highway":"tertiary","structure":"underpass","reasons":["under_rail_bridge"],"length_m":169,"tags":{"highway":"tertiary","oneway":"yes"},"crossing":"railway#1257313452"}},{"type":"Feature","id":"1099974489-x1","geometry":{"type":"LineString","coordinates":[[80.24814,13.071279],[80.247295,13.070932]]},"properties":{"candidate_id":"1099974489-x1","osm_way_id":1099974489,"name":"Mayor Ramanathan Road (Spur Tank Road)","highway":"secondary","structure":"dip","reasons":["waterway_crossing"],"length_m":725,"tags":{"name":"Mayor Ramanathan Road (Spur Tank Road)","highway":"secondary","oneway":"yes"},"crossing":"drain#217696076"}},{"type":"Feature","id":"1100579891","geometry":{"type":"LineString","coordinates":[[80.160064,13.013962],[80.160067,13.013904]]},"properties":{"candidate_id":"1100579891","osm_way_id":1100579891,"name":"road in Mugalivakkom","highway":"residential","structure":"low_bridge","reasons":["bridge_over_water"],"length_m":6,"tags":{"name":"road in Mugalivakkom","highway":"residential","bridge":"yes","layer":"1"}}},{"type":"Feature","id":"1100579893","geometry":{"type":"LineString","coordinates":[[80.16662,13.013009],[80.166643,13.013407]]},"properties":{"candidate_id":"1100579893","osm_way_id":1100579893,"name":"","highway":"residential","structure":"low_bridge","reasons":["bridge_over_water"],"length_m":44,"tags":{"highway":"residential","bridge":"yes","layer":"1"}}},{"type":"Feature","id":"1104358320","geometry":{"type":"LineString","coordinates":[[80.265838,13.127327],[80.266017,13.127567],[80.266046,13.127629]]},"properties":{"candidate_id":"1104358320","osm_way_id":1104358320,"name":"","highway":"secondary","structure":"low_bridge","reasons":["bridge_over_water"],"length_m":40,"tags":{"highway":"secondary","bridge":"yes","layer":"1","oneway":"yes"}}},{"type":"Feature","id":"1105443961-x1","geometry":{"type":"LineString","coordinates":[[80.234503,13.087747],[80.234427,13.087852]]},"properties":{"candidate_id":"1105443961-x1","osm_way_id":1105443961,"name":"New Avadi Road","highway":"secondary","structure":"dip","reasons":["waterway_crossing"],"length_m":371,"tags":{"name":"New Avadi Road","highway":"secondary","oneway":"yes","surface":"asphalt"},"crossing":"drain#217926518"}},{"type":"Feature","id":"1111024206","geometry":{"type":"LineString","coordinates":[[80.254371,13.108426],[80.254356,13.108754]]},"properties":{"candidate_id":"1111024206","osm_way_id":1111024206,"name":"","highway":"residential","structure":"underpass","reasons":["tunnel=yes","layer<0"],"length_m":36,"tags":{"highway":"residential","tunnel":"yes","layer":"-1"}}},{"type":"Feature","id":"1112642975","geometry":{"type":"LineString","coordinates":[[80.069721,12.920848],[80.069633,12.920499]]},"properties":{"candidate_id":"1112642975","osm_way_id":1112642975,"name":"Varadharajapuram - Mudichur Road","highway":"tertiary","structure":"low_bridge","reasons":["bridge_over_water"],"length_m":40,"tags":{"name":"Varadharajapuram - Mudichur Road","ref":"O8782","highway":"tertiary","bridge":"yes","layer":"1"}}},{"type":"Feature","id":"1112997172-x1","geometry":{"type":"LineString","coordinates":[[80.245937,13.039492],[80.245772,13.039537]]},"properties":{"candidate_id":"1112997172-x1","osm_way_id":1112997172,"name":"Sir Thyagaraya Road","highway":"secondary","structure":"culvert","reasons":["waterway_crossing"],"length_m":325,"tags":{"name":"Sir Thyagaraya Road","highway":"secondary","oneway":"yes","lanes":"3"},"crossing":"canal:Mambalam Canal#1272450539"}},{"type":"Feature","id":"1116254847","geometry":{"type":"LineString","coordinates":[[80.267767,13.099612],[80.267824,13.099474]]},"properties":{"candidate_id":"1116254847","osm_way_id":1116254847,"name":"Powder Mills Road","highway":"tertiary","structure":"low_bridge","reasons":["bridge_over_water"],"length_m":17,"tags":{"name":"Powder Mills Road","highway":"tertiary","bridge":"yes","layer":"1"}}},{"type":"Feature","id":"1116254850","geometry":{"type":"LineString","coordinates":[[80.266928,13.098476],[80.26685,13.098497]]},"properties":{"candidate_id":"1116254850","osm_way_id":1116254850,"name":"Pulianthope Nedunchalai","highway":"secondary","structure":"low_bridge","reasons":["bridge_over_water"],"length_m":9,"tags":{"name":"Pulianthope Nedunchalai","highway":"secondary","bridge":"yes","layer":"1","surface":"asphalt","lanes":"2"}}},{"type":"Feature","id":"1120500723","geometry":{"type":"LineString","coordinates":[[80.221984,12.897261],[80.222028,12.897255],[80.222168,12.897237]]},"properties":{"candidate_id":"1120500723","osm_way_id":1120500723,"name":"","highway":"service","structure":"underpass","reasons":["layer<0"],"length_m":20,"tags":{"highway":"service","layer":"-1"}}},{"type":"Feature","id":"1123838316","geometry":{"type":"LineString","coordinates":[[80.23162,13.067843],[80.231751,13.068668]]},"properties":{"candidate_id":"1123838316","osm_way_id":1123838316,"name":"Choolaimedu Bridge","highway":"tertiary","structure":"low_bridge","reasons":["bridge_over_water"],"length_m":92,"tags":{"name":"Choolaimedu Bridge","highway":"tertiary","bridge":"yes","layer":"1","oneway":"yes"}}},{"type":"Feature","id":"1123838332","geometry":{"type":"LineString","coordinates":[[80.179584,13.021812],[80.179565,13.021757]]},"properties":{"candidate_id":"1123838332","osm_way_id":1123838332,"name":"","highway":"service","structure":"low_bridge","reasons":["bridge_over_water"],"length_m":6,"tags":{"highway":"service","bridge":"yes","layer":"1"}}},{"type":"Feature","id":"1123856572-x1","geometry":{"type":"LineString","coordinates":[[80.081014,13.008883],[80.081036,13.008781]]},"properties":{"candidate_id":"1123856572-x1","osm_way_id":1123856572,"name":"","highway":"unclassified","structure":"culvert","reasons":["waterway_crossing"],"length_m":346,"tags":{"highway":"unclassified"},"crossing":"stream#706896507"}},{"type":"Feature","id":"1123856588","geometry":{"type":"LineString","coordinates":[[80.156449,13.218348],[80.156223,13.218275]]},"properties":{"candidate_id":"1123856588","osm_way_id":1123856588,"name":"","highway":"unclassified","structure":"low_bridge","reasons":["bridge_over_water"],"length_m":26,"tags":{"highway":"unclassified","bridge":"yes","layer":"1"}}},{"type":"Feature","id":"1123865310","geometry":{"type":"LineString","coordinates":[[80.287895,13.080003],[80.287953,13.080019]]},"properties":{"candidate_id":"1123865310","osm_way_id":1123865310,"name":"North Sea Gate","highway":"service","structure":"low_bridge","reasons":["bridge_over_water"],"length_m":7,"tags":{"name":"North Sea Gate","highway":"service","bridge":"yes","layer":"1","oneway":"yes"}}},{"type":"Feature","id":"1124055508-x1","geometry":{"type":"LineString","coordinates":[[80.247621,13.006775],[80.247828,13.00677]]},"properties":{"candidate_id":"1124055508-x1","osm_way_id":1124055508,"name":"Sardar Patel Road","highway":"primary","structure":"underpass","reasons":["under_rail_bridge"],"length_m":22,"tags":{"name":"Sardar Patel Road","highway":"primary","oneway":"yes","surface":"asphalt","lanes":"2"},"crossing":"railway#549727236"}},{"type":"Feature","id":"1124074235-x1","geometry":{"type":"LineString","coordinates":[[80.154116,13.244448],[80.153836,13.24506]]},"properties":{"candidate_id":"1124074235-x1","osm_way_id":1124074235,"name":"","highway":"tertiary","structure":"culvert","reasons":["waterway_crossing"],"length_m":594,"tags":{"highway":"tertiary","oneway":"yes","surface":"asphalt","lanes":"2"},"crossing":"stream#637279655"}},{"type":"Feature","id":"1124139259","geometry":{"type":"LineString","coordinates":[[80.112405,13.064283],[80.112403,13.064341]]},"properties":{"candidate_id":"1124139259","osm_way_id":1124139259,"name":"Avadi Poonamallee High Road","highway":"primary","structure":"low_bridge","reasons":["bridge_over_water"],"length_m":6,"tags":{"name":"Avadi Poonamallee High Road","ref":"SH55","highway":"primary","bridge":"yes","layer":"1","oneway":"yes"}}},{"type":"Feature","id":"1124139261","geometry":{"type":"LineString","coordinates":[[80.112497,13.064344],[80.112494,13.064285]]},"properties":{"candidate_id":"1124139261","osm_way_id":1124139261,"name":"Mount - Poonamallee - Avadi Road","highway":"primary","structure":"low_bridge","reasons":["bridge_over_water"],"length_m":6,"tags":{"name":"Mount - Poonamallee - Avadi Road","ref":"SH55","highway":"primary","bridge":"yes","layer":"1","oneway":"yes"}}},{"type":"Feature","id":"1124378418","geometry":{"type":"LineString","coordinates":[[80.253866,13.061924],[80.253813,13.061951]]},"properties":{"candidate_id":"1124378418","osm_way_id":1124378418,"name":"Greams Lane","highway":"residential","structure":"low_bridge","reasons":["bridge_over_water"],"length_m":7,"tags":{"name":"Greams Lane","highway":"residential","bridge":"yes","layer":"1"}}},{"type":"Feature","id":"1124755397","geometry":{"type":"LineString","coordinates":[[80.202439,12.893319],[80.202417,12.893208]]},"properties":{"candidate_id":"1124755397","osm_way_id":1124755397,"name":"","highway":"residential","structure":"low_bridge","reasons":["bridge_over_water"],"length_m":13,"tags":{"highway":"residential","bridge":"yes","layer":"1"}}},{"type":"Feature","id":"1124755399","geometry":{"type":"LineString","coordinates":[[80.201226,12.893478],[80.201239,12.893507],[80.201249,12.89353]]},"properties":{"candidate_id":"1124755399","osm_way_id":1124755399,"name":"","highway":"residential","structure":"low_bridge","reasons":["bridge_over_water"],"length_m":6,"tags":{"highway":"residential","bridge":"yes","layer":"1"}}},{"type":"Feature","id":"1124755401","geometry":{"type":"LineString","coordinates":[[80.193339,12.891452],[80.193346,12.891403]]},"properties":{"candidate_id":"1124755401","osm_way_id":1124755401,"name":"","highway":"residential","structure":"low_bridge","reasons":["bridge_over_water"],"length_m":6,"tags":{"highway":"residential","bridge":"yes","layer":"1"}}},{"type":"Feature","id":"1124755403","geometry":{"type":"LineString","coordinates":[[80.200067,12.893785],[80.20014,12.893914]]},"properties":{"candidate_id":"1124755403","osm_way_id":1124755403,"name":"","highway":"residential","structure":"low_bridge","reasons":["bridge_over_water"],"length_m":16,"tags":{"highway":"residential","bridge":"yes","layer":"1"}}},{"type":"Feature","id":"1124755405","geometry":{"type":"LineString","coordinates":[[80.200863,12.893708],[80.200849,12.893631]]},"properties":{"candidate_id":"1124755405","osm_way_id":1124755405,"name":"","highway":"residential","structure":"low_bridge","reasons":["bridge_over_water"],"length_m":9,"tags":{"highway":"residential","bridge":"yes","layer":"1"}}},{"type":"Feature","id":"1124755407","geometry":{"type":"LineString","coordinates":[[80.204192,12.892901],[80.204201,12.892982]]},"properties":{"candidate_id":"1124755407","osm_way_id":1124755407,"name":"","highway":"residential","structure":"low_bridge","reasons":["bridge_over_water"],"length_m":9,"tags":{"highway":"residential","bridge":"yes","layer":"1"}}},{"type":"Feature","id":"1124788043","geometry":{"type":"LineString","coordinates":[[80.212938,12.903518],[80.213133,12.903441]]},"properties":{"candidate_id":"1124788043","osm_way_id":1124788043,"name":"Semmozhi Salai","highway":"primary","structure":"low_bridge","reasons":["bridge_over_water"],"length_m":23,"tags":{"name":"Semmozhi Salai","ref":"SHN14","highway":"primary","bridge":"yes","layer":"1","oneway":"yes","surface":"asphalt","lanes":"2"}}},{"type":"Feature","id":"1124788044","geometry":{"type":"LineString","coordinates":[[80.213089,12.903378],[80.212914,12.903446]]},"properties":{"candidate_id":"1124788044","osm_way_id":1124788044,"name":"Semmozhi Salai","highway":"primary","structure":"low_bridge","reasons":["bridge_over_water"],"length_m":20,"tags":{"name":"Semmozhi Salai","ref":"SHN14","highway":"primary","bridge":"yes","layer":"1","oneway":"yes","surface":"asphalt","lanes":"2"}}},{"type":"Feature","id":"1124977708","geometry":{"type":"LineString","coordinates":[[80.248062,13.006479],[80.247955,13.006437]]},"properties":{"candidate_id":"1124977708","osm_way_id":1124977708,"name":"","highway":"service","structure":"low_bridge","reasons":["bridge_over_water"],"length_m":13,"tags":{"highway":"service","bridge":"yes","layer":"1"}}},{"type":"Feature","id":"1125364123-x1","geometry":{"type":"LineString","coordinates":[[80.196684,13.123171],[80.196458,13.123466]]},"properties":{"candidate_id":"1125364123-x1","osm_way_id":1125364123,"name":"Water Canal Road","highway":"secondary","structure":"dip","reasons":["waterway_crossing"],"length_m":476,"tags":{"name":"Water Canal Road","highway":"secondary","oneway":"yes","surface":"asphalt","lanes":"2"},"crossing":"drain#1324096389"}},{"type":"Feature","id":"1125364124-x1","geometry":{"type":"LineString","coordinates":[[80.193462,13.128963],[80.193737,13.128371]]},"properties":{"candidate_id":"1125364124-x1","osm_way_id":1125364124,"name":"Water canal road","highway":"secondary","structure":"dip","reasons":["waterway_crossing"],"length_m":573,"tags":{"name":"Water canal road","highway":"secondary","oneway":"yes","surface":"concrete","lanes":"2"},"crossing":"drain#1288635133"}},{"type":"Feature","id":"1125541201","geometry":{"type":"LineString","coordinates":[[80.173298,13.067496],[80.173609,13.067088]]},"properties":{"candidate_id":"1125541201","osm_way_id":1125541201,"name":"","highway":"residential","structure":"low_bridge","reasons":["bridge_over_water"],"length_m":56,"tags":{"highway":"residential","bridge":"yes","layer":"1"}}},{"type":"Feature","id":"1133623038","geometry":{"type":"LineString","coordinates":[[80.206553,12.936845],[80.206228,12.936838]]},"properties":{"candidate_id":"1133623038","osm_way_id":1133623038,"name":"","highway":"residential","structure":"underpass","reasons":["layer<0"],"length_m":35,"tags":{"highway":"residential","layer":"-1"}}},{"type":"Feature","id":"1133865066-x1","geometry":{"type":"LineString","coordinates":[[80.068389,12.993444],[80.068963,12.993985]]},"properties":{"candidate_id":"1133865066-x1","osm_way_id":1133865066,"name":"Kodambakkam \u2013 Sriperumbudur Road","highway":"primary","structure":"culvert","reasons":["waterway_crossing"],"length_m":1707,"tags":{"name":"Kodambakkam \u2013 Sriperumbudur Road","ref":"SH113","highway":"primary","oneway":"yes","surface":"asphalt"},"crossing":"drain#696533214"}},{"type":"Feature","id":"1133865066-x2","geometry":{"type":"LineString","coordinates":[[80.068389,12.993444],[80.068963,12.993985]]},"properties":{"candidate_id":"1133865066-x2","osm_way_id":1133865066,"name":"Kodambakkam \u2013 Sriperumbudur Road","highway":"primary","structure":"dip","reasons":["waterway_crossing"],"length_m":1707,"tags":{"name":"Kodambakkam \u2013 Sriperumbudur Road","ref":"SH113","highway":"primary","oneway":"yes","surface":"asphalt"},"crossing":"ditch#828408233"}},{"type":"Feature","id":"1134436222-x1","geometry":{"type":"LineString","coordinates":[[80.269464,13.039327],[80.269332,13.039357]]},"properties":{"candidate_id":"1134436222-x1","osm_way_id":1134436222,"name":"Mundakanniamman Koil Street","highway":"residential","structure":"underpass","reasons":["under_rail_bridge"],"length_m":15,"tags":{"name":"Mundakanniamman Koil Street","highway":"residential"},"crossing":"railway#549727229"}},{"type":"Feature","id":"1134436222-x2","geometry":{"type":"LineString","coordinates":[[80.269464,13.039327],[80.269332,13.039357]]},"properties":{"candidate_id":"1134436222-x2","osm_way_id":1134436222,"name":"Mundakanniamman Koil Street","highway":"residential","structure":"underpass","reasons":["under_rail_bridge"],"length_m":15,"tags":{"name":"Mundakanniamman Koil Street","highway":"residential"},"crossing":"railway#549727259"}},{"type":"Feature","id":"1136697139","geometry":{"type":"LineString","coordinates":[[80.101298,13.220409],[80.101284,13.220088]]},"properties":{"candidate_id":"1136697139","osm_way_id":1136697139,"name":"","highway":"tertiary","structure":"low_bridge","reasons":["bridge_over_water"],"length_m":36,"tags":{"highway":"tertiary","bridge":"yes","layer":"1"}}},{"type":"Feature","id":"1137559584","geometry":{"type":"LineString","coordinates":[[80.245614,13.122471],[80.245634,13.122576]]},"properties":{"candidate_id":"1137559584","osm_way_id":1137559584,"name":"Sivasankaran Street","highway":"living_street","structure":"low_bridge","reasons":["bridge_over_water"],"length_m":12,"tags":{"name":"Sivasankaran Street","highway":"living_street","bridge":"yes","layer":"1"}}},{"type":"Feature","id":"1141066160-x1","geometry":{"type":"LineString","coordinates":[[80.1955,13.148318],[80.195653,13.148764]]},"properties":{"candidate_id":"1141066160-x1","osm_way_id":1141066160,"name":"","highway":"residential","structure":"dip","reasons":["waterway_crossing"],"length_m":189,"tags":{"highway":"residential"},"crossing":"drain#1323146587"}},{"type":"Feature","id":"1147394816","geometry":{"type":"LineString","coordinates":[[80.197434,12.979991],[80.197427,12.979899]]},"properties":{"candidate_id":"1147394816","osm_way_id":1147394816,"name":"Ponniamman Koil Street","highway":"tertiary","structure":"low_bridge","reasons":["bridge_over_water"],"length_m":10,"tags":{"name":"Ponniamman Koil Street","highway":"tertiary","bridge":"yes","layer":"1"}}},{"type":"Feature","id":"1147874037","geometry":{"type":"LineString","coordinates":[[80.063541,13.215343],[80.063492,13.214978]]},"properties":{"candidate_id":"1147874037","osm_way_id":1147874037,"name":"Guruvoyal Road","highway":"tertiary","structure":"low_bridge","reasons":["bridge_over_water"],"length_m":41,"tags":{"name":"Guruvoyal Road","ref":"O1533","highway":"tertiary","bridge":"yes","layer":"1"}}},{"type":"Feature","id":"1148723083-x1","geometry":{"type":"LineString","coordinates":[[80.230761,13.030776],[80.230786,13.030187]]},"properties":{"candidate_id":"1148723083-x1","osm_way_id":1148723083,"name":"CIT Nagar 1st Main Road","highway":"secondary","structure":"dip","reasons":["waterway_crossing"],"length_m":138,"tags":{"name":"CIT Nagar 1st Main Road","highway":"secondary","oneway":"yes","surface":"asphalt","lanes":"1"},"crossing":"drain:Mambalam Drain#214162275"}},{"type":"Feature","id":"1149790009-x1","geometry":{"type":"LineString","coordinates":[[80.247279,13.097144],[80.247348,13.097162]]},"properties":{"candidate_id":"1149790009-x1","osm_way_id":1149790009,"name":"Konnur High Road","highway":"primary","structure":"culvert","reasons":["waterway_crossing"],"length_m":48,"tags":{"name":"Konnur High Road","highway":"primary","oneway":"yes"},"crossing":"drain:Egankipuram Canal#1202685098"}},{"type":"Feature","id":"1149806148-x1","geometry":{"type":"LineString","coordinates":[[80.261019,13.094001],[80.261024,13.093485]]},"properties":{"candidate_id":"1149806148-x1","osm_way_id":1149806148,"name":"","highway":"living_street","structure":"dip","reasons":["waterway_crossing"],"length_m":57,"tags":{"highway":"living_street"},"crossing":"drain#30981164"}},{"type":"Feature","id":"1149816082","geometry":{"type":"LineString","coordinates":[[80.240096,13.100873],[80.240085,13.100756]]},"properties":{"candidate_id":"1149816082","osm_way_id":1149816082,"name":"Pilkington Road","highway":"tertiary","structure":"low_bridge","reasons":["bridge_over_water"],"length_m":13,"tags":{"name":"Pilkington Road","highway":"tertiary","bridge":"yes","layer":"1","oneway":"yes"}}},{"type":"Feature","id":"1150358673-x1","geometry":{"type":"LineString","coordinates":[[80.19652,13.123522],[80.196597,13.123426]]},"properties":{"candidate_id":"1150358673-x1","osm_way_id":1150358673,"name":"Water canal road","highway":"secondary","structure":"dip","reasons":["waterway_crossing"],"length_m":575,"tags":{"name":"Water canal road","highway":"secondary","oneway":"yes","surface":"concrete","lanes":"2"},"crossing":"drain#1324096389"}},{"type":"Feature","id":"1164110289","geometry":{"type":"LineString","coordinates":[[80.287639,13.078918],[80.287605,13.078954]]},"properties":{"candidate_id":"1164110289","osm_way_id":1164110289,"name":"South Sea Gate","highway":"service","structure":"low_bridge","reasons":["bridge_over_water"],"length_m":5,"tags":{"name":"South Sea Gate","highway":"service","bridge":"yes","layer":"1","oneway":"yes"}}},{"type":"Feature","id":"1164368277","geometry":{"type":"LineString","coordinates":[[80.235717,13.130998],[80.235789,13.13101]]},"properties":{"candidate_id":"1164368277","osm_way_id":1164368277,"name":"","highway":"residential","structure":"low_bridge","reasons":["bridge_over_water"],"length_m":8,"tags":{"highway":"residential","bridge":"yes","layer":"1"}}},{"type":"Feature","id":"1164993815","geometry":{"type":"LineString","coordinates":[[80.237121,12.993394],[80.237164,12.993354]]},"properties":{"candidate_id":"1164993815","osm_way_id":1164993815,"name":"","highway":"service","structure":"low_bridge","reasons":["bridge_over_water"],"length_m":6,"tags":{"highway":"service","bridge":"yes","layer":"1"}}},{"type":"Feature","id":"1166308208","geometry":{"type":"LineString","coordinates":[[80.153085,12.986102],[80.153136,12.986137]]},"properties":{"candidate_id":"1166308208","osm_way_id":1166308208,"name":"Airport Service Road","highway":"service","structure":"low_bridge","reasons":["bridge_over_water"],"length_m":7,"tags":{"name":"Airport Service Road","highway":"service","bridge":"yes","layer":"1"}}},{"type":"Feature","id":"1166308210","geometry":{"type":"LineString","coordinates":[[80.157628,12.981657],[80.157579,12.981623]]},"properties":{"candidate_id":"1166308210","osm_way_id":1166308210,"name":"","highway":"service","structure":"low_bridge","reasons":["bridge_over_water"],"length_m":7,"tags":{"highway":"service","bridge":"yes","layer":"1"}}},{"type":"Feature","id":"1175017477","geometry":{"type":"LineString","coordinates":[[80.27527,13.079585],[80.275228,13.07959],[80.275216,13.079591],[80.275205,13.07959],[80.275195,13.07959],[80.275184,13.079588],[80.275166,13.079586],[80.275153,13.079583],[80.275137,13.079579],[80.275121,13.079575],[80.274516,13.079393]]},"properties":{"candidate_id":"1175017477","osm_way_id":1175017477,"name":"Medical College Bridge","highway":"service","structure":"low_bridge","reasons":["bridge_over_water"],"length_m":85,"tags":{"name":"Medical College Bridge","highway":"service","bridge":"yes","layer":"2"}}},{"type":"Feature","id":"1177893274","geometry":{"type":"LineString","coordinates":[[80.265614,13.07646],[80.266194,13.076326]]},"properties":{"candidate_id":"1177893274","osm_way_id":1177893274,"name":"St. Andrews Bridge","highway":"secondary","structure":"low_bridge","reasons":["bridge_over_water"],"length_m":65,"tags":{"name":"St. Andrews Bridge","highway":"secondary","bridge":"yes","layer":"1","oneway":"yes","surface":"asphalt","lanes":"1"}}},{"type":"Feature","id":"1177893275","geometry":{"type":"LineString","coordinates":[[80.266242,13.076217],[80.265619,13.076354]]},"properties":{"candidate_id":"1177893275","osm_way_id":1177893275,"name":"St. Andrews Bridge","highway":"secondary","structure":"low_bridge","reasons":["bridge_over_water"],"length_m":69,"tags":{"name":"St. Andrews Bridge","highway":"secondary","bridge":"yes","layer":"1","oneway":"yes","surface":"asphalt","lanes":"1"}}},{"type":"Feature","id":"1185985029","geometry":{"type":"LineString","coordinates":[[80.092184,12.908949],[80.092212,12.90891]]},"properties":{"candidate_id":"1185985029","osm_way_id":1185985029,"name":"Kamaraj High Road","highway":"tertiary","structure":"low_bridge","reasons":["bridge_over_water"],"length_m":5,"tags":{"name":"Kamaraj High Road","highway":"tertiary","bridge":"yes","layer":"1"}}},{"type":"Feature","id":"1185985045-x1","geometry":{"type":"LineString","coordinates":[[80.092496,12.908628],[80.092475,12.908641]]},"properties":{"candidate_id":"1185985045-x1","osm_way_id":1185985045,"name":"","highway":"secondary","structure":"culvert","reasons":["waterway_crossing"],"length_m":40,"tags":{"highway":"secondary"},"crossing":"drain#1185985043"}},{"type":"Feature","id":"1187413789","geometry":{"type":"LineString","coordinates":[[80.260733,13.106356],[80.260689,13.10664]]},"properties":{"candidate_id":"1187413789","osm_way_id":1187413789,"name":"Ambedkar Kalloori Salai","highway":"secondary","structure":"low_bridge","reasons":["bridge_over_water"],"length_m":32,"tags":{"name":"Ambedkar Kalloori Salai","highway":"secondary","bridge":"yes","layer":"1","oneway":"yes","surface":"asphalt","lanes":"2"}}},{"type":"Feature","id":"1187413791","geometry":{"type":"LineString","coordinates":[[80.260748,13.106643],[80.260786,13.10636]]},"properties":{"candidate_id":"1187413791","osm_way_id":1187413791,"name":"Ambedkar Kalloori Salai","highway":"secondary","structure":"low_bridge","reasons":["bridge_over_water"],"length_m":32,"tags":{"name":"Ambedkar Kalloori Salai","highway":"secondary","bridge":"yes","layer":"1","oneway":"yes","surface":"asphalt","lanes":"2"}}},{"type":"Feature","id":"1187413794","geometry":{"type":"LineString","coordinates":[[80.257392,13.103896],[80.25778,13.103887]]},"properties":{"candidate_id":"1187413794","osm_way_id":1187413794,"name":"Stephensons Salai","highway":"secondary","structure":"low_bridge","reasons":["bridge_over_water"],"length_m":42,"tags":{"name":"Stephensons Salai","highway":"secondary","bridge":"yes","layer":"1","oneway":"yes","surface":"asphalt","lanes":"2"}}},{"type":"Feature","id":"1187413796","geometry":{"type":"LineString","coordinates":[[80.257751,13.103751],[80.257388,13.103795]]},"properties":{"candidate_id":"1187413796","osm_way_id":1187413796,"name":"Stephensons Salai","highway":"secondary","structure":"low_bridge","reasons":["bridge_over_water"],"length_m":40,"tags":{"name":"Stephensons Salai","highway":"secondary","bridge":"yes","layer":"1","oneway":"yes","surface":"asphalt","lanes":"2"}}},{"type":"Feature","id":"1187413799","geometry":{"type":"LineString","coordinates":[[80.21388,13.093043],[80.21388,13.092936]]},"properties":{"candidate_id":"1187413799","osm_way_id":1187413799,"name":"","highway":"residential","structure":"low_bridge","reasons":["bridge_over_water"],"length_m":12,"tags":{"highway":"residential","bridge":"yes","layer":"1"}}},{"type":"Feature","id":"1187413801","geometry":{"type":"LineString","coordinates":[[80.211428,13.092589],[80.21143,13.092647]]},"properties":{"candidate_id":"1187413801","osm_way_id":1187413801,"name":"","highway":"residential","structure":"low_bridge","reasons":["bridge_over_water"],"length_m":6,"tags":{"highway":"residential","bridge":"yes","layer":"1"}}},{"type":"Feature","id":"1187413803","geometry":{"type":"LineString","coordinates":[[80.218312,13.093949],[80.218316,13.094007]]},"properties":{"candidate_id":"1187413803","osm_way_id":1187413803,"name":"Anna Nagar 3rd Avenue","highway":"secondary","structure":"low_bridge","reasons":["bridge_over_water"],"length_m":6,"tags":{"name":"Anna Nagar 3rd Avenue","highway":"secondary","bridge":"yes","layer":"1","oneway":"yes"}}},{"type":"Feature","id":"1187413805","geometry":{"type":"LineString","coordinates":[[80.218431,13.093984],[80.218428,13.093926]]},"properties":{"candidate_id":"1187413805","osm_way_id":1187413805,"name":"Anna Nagar 3rd Avenue","highway":"secondary","structure":"low_bridge","reasons":["bridge_over_water"],"length_m":6,"tags":{"name":"Anna Nagar 3rd Avenue","highway":"secondary","bridge":"yes","layer":"1","oneway":"yes"}}},{"type":"Feature","id":"1187413807","geometry":{"type":"LineString","coordinates":[[80.220632,13.093785],[80.220633,13.093844]]},"properties":{"candidate_id":"1187413807","osm_way_id":1187413807,"name":"Anna Nagar East 2nd Main Road","highway":"residential","structure":"low_bridge","reasons":["bridge_over_water"],"length_m":6,"tags":{"name":"Anna Nagar East 2nd Main Road","highway":"residential","bridge":"yes","layer":"1"}}},{"type":"Feature","id":"1187413809","geometry":{"type":"LineString","coordinates":[[80.249789,13.092874],[80.249621,13.092906]]},"properties":{"candidate_id":"1187413809","osm_way_id":1187413809,"name":"","highway":"residential","structure":"low_bridge","reasons":["bridge_over_water"],"length_m":19,"tags":{"highway":"residential","bridge":"yes","layer":"1"}}},{"type":"Feature","id":"1187413811","geometry":{"type":"LineString","coordinates":[[80.244533,13.086642],[80.244871,13.086215]]},"properties":{"candidate_id":"1187413811","osm_way_id":1187413811,"name":"Medavakkam Tank Road","highway":"secondary","structure":"low_bridge","reasons":["bridge_over_water"],"length_m":60,"tags":{"name":"Medavakkam Tank Road","highway":"secondary","bridge":"yes","layer":"1","oneway":"yes"}}},{"type":"Feature","id":"1187413813","geometry":{"type":"LineString","coordinates":[[80.266618,13.105602],[80.26662,13.105703]]},"properties":{"candidate_id":"1187413813","osm_way_id":1187413813,"name":"","highway":"residential","structure":"low_bridge","reasons":["bridge_over_water"],"length_m":11,"tags":{"highway":"residential","bridge":"yes","layer":"1"}}},{"type":"Feature","id":"1188056512","geometry":{"type":"LineString","coordinates":[[80.185419,13.11296],[80.185436,13.113431]]},"properties":{"candidate_id":"1188056512","osm_way_id":1188056512,"name":"","highway":"tertiary","structure":"underpass","reasons":["tunnel=yes","layer<0"],"length_m":52,"tags":{"highway":"tertiary","tunnel":"yes","layer":"-1"}}},{"type":"Feature","id":"1188068710","geometry":{"type":"LineString","coordinates":[[80.217628,12.995402],[80.217596,12.995452]]},"properties":{"candidate_id":"1188068710","osm_way_id":1188068710,"name":"","highway":"track","structure":"low_bridge","reasons":["bridge_over_water"],"length_m":6,"tags":{"highway":"track","bridge":"yes","layer":"1","surface":"asphalt"}}},{"type":"Feature","id":"1188069312","geometry":{"type":"LineString","coordinates":[[80.207481,12.975951],[80.207507,12.975979]]},"properties":{"candidate_id":"1188069312","osm_way_id":1188069312,"name":"","highway":"residential","structure":"low_bridge","reasons":["bridge_over_water"],"length_m":4,"tags":{"highway":"residential","bridge":"yes","layer":"1","oneway":"yes"}}},{"type":"Feature","id":"1188069314","geometry":{"type":"LineString","coordinates":[[80.207573,12.975929],[80.207547,12.9759]]},"properties":{"candidate_id":"1188069314","osm_way_id":1188069314,"name":"","highway":"residential","structure":"low_bridge","reasons":["bridge_over_water"],"length_m":4,"tags":{"highway":"residential","bridge":"yes","layer":"1","oneway":"yes"}}},{"type":"Feature","id":"1188081292","geometry":{"type":"LineString","coordinates":[[80.209044,12.975485],[80.209016,12.975468],[80.208962,12.975463],[80.208881,12.975464],[80.208811,12.975465]]},"properties":{"candidate_id":"1188081292","osm_way_id":1188081292,"name":"DRA Tuxedo Elite Path","highway":"residential","structure":"none","reasons":["tunnel=building_passage"],"length_m":26,"tags":{"name":"DRA Tuxedo Elite Path","highway":"residential","tunnel":"building_passage","oneway":"yes"}}},{"type":"Feature","id":"1188081295","geometry":{"type":"LineString","coordinates":[[80.207932,12.975579],[80.207974,12.975632]]},"properties":{"candidate_id":"1188081295","osm_way_id":1188081295,"name":"","highway":"residential","structure":"low_bridge","reasons":["bridge_over_water"],"length_m":7,"tags":{"highway":"residential","bridge":"yes","layer":"1","oneway":"yes"}}},{"type":"Feature","id":"1188238535-x1","geometry":{"type":"LineString","coordinates":[[80.217901,12.981761],[80.21769,12.981733]]},"properties":{"candidate_id":"1188238535-x1","osm_way_id":1188238535,"name":"","highway":"service","structure":"culvert","reasons":["waterway_crossing"],"length_m":188,"tags":{"highway":"service"},"crossing":"canal:drain path#103716694"}},{"type":"Feature","id":"1188575630","geometry":{"type":"LineString","coordinates":[[80.225409,13.103175],[80.225416,13.103233]]},"properties":{"candidate_id":"1188575630","osm_way_id":1188575630,"name":"","highway":"residential","structure":"low_bridge","reasons":["bridge_over_water"],"length_m":6,"tags":{"highway":"residential","bridge":"yes","layer":"1"}}},{"type":"Feature","id":"1188575634","geometry":{"type":"LineString","coordinates":[[80.229741,13.102527],[80.22975,13.102584]]},"properties":{"candidate_id":"1188575634","osm_way_id":1188575634,"name":"","highway":"residential","structure":"low_bridge","reasons":["bridge_over_water"],"length_m":6,"tags":{"highway":"residential","bridge":"yes","layer":"1"}}},{"type":"Feature","id":"1188575638","geometry":{"type":"LineString","coordinates":[[80.233245,13.102068],[80.233228,13.102012]]},"properties":{"candidate_id":"1188575638","osm_way_id":1188575638,"name":"","highway":"residential","structure":"low_bridge","reasons":["bridge_over_water"],"length_m":6,"tags":{"highway":"residential","bridge":"yes","layer":"1"}}},{"type":"Feature","id":"1188612345","geometry":{"type":"LineString","coordinates":[[80.285753,13.077255],[80.285762,13.077217]]},"properties":{"candidate_id":"1188612345","osm_way_id":1188612345,"name":"","highway":"service","structure":"low_bridge","reasons":["bridge_over_water"],"length_m":4,"tags":{"highway":"service","bridge":"yes","layer":"1"}}},{"type":"Feature","id":"1188796483","geometry":{"type":"LineString","coordinates":[[80.258244,13.06383],[80.25825,13.063842],[80.258313,13.063958],[80.258322,13.063974]]},"properties":{"candidate_id":"1188796483","osm_way_id":1188796483,"name":"","highway":"residential","structure":"none","reasons":["tunnel=building_passage"],"length_m":18,"tags":{"highway":"residential","tunnel":"building_passage"}}},{"type":"Feature","id":"1188874040","geometry":{"type":"LineString","coordinates":[[80.27427,13.081981],[80.274459,13.082019]]},"properties":{"candidate_id":"1188874040","osm_way_id":1188874040,"name":"","highway":"service","structure":"underpass","reasons":["tunnel=yes","layer<0"],"length_m":21,"tags":{"highway":"service","tunnel":"yes","layer":"-1"}}},{"type":"Feature","id":"1188900721-x1","geometry":{"type":"LineString","coordinates":[[80.217881,12.986623],[80.218072,12.986569]]},"properties":{"candidate_id":"1188900721-x1","osm_way_id":1188900721,"name":"Lake View Road","highway":"residential","structure":"culvert","reasons":["waterway_crossing"],"length_m":409,"tags":{"name":"Lake View Road","highway":"residential","surface":"unpaved"},"crossing":"canal:drain path#103716694"}},{"type":"Feature","id":"1188908561","geometry":{"type":"LineString","coordinates":[[80.263213,13.02107],[80.26323,13.021141]]},"properties":{"candidate_id":"1188908561","osm_way_id":1188908561,"name":"","highway":"service","structure":"low_bridge","reasons":["bridge_over_water"],"length_m":8,"tags":{"highway":"service","bridge":"yes","layer":"1"}}},{"type":"Feature","id":"1189078694","geometry":{"type":"LineString","coordinates":[[80.217777,13.062117],[80.217892,13.062103]]},"properties":{"candidate_id":"1189078694","osm_way_id":1189078694,"name":"","highway":"living_street","structure":"low_bridge","reasons":["bridge_over_water"],"length_m":13,"tags":{"highway":"living_street","bridge":"yes","layer":"1"}}},{"type":"Feature","id":"1189082939","geometry":{"type":"LineString","coordinates":[[80.164409,13.131864],[80.164435,13.131731],[80.164415,13.131448]]},"properties":{"candidate_id":"1189082939","osm_way_id":1189082939,"name":"","highway":"service","structure":"underpass","reasons":["layer<0"],"length_m":46,"tags":{"highway":"service","layer":"-1"}}},{"type":"Feature","id":"1189337853","geometry":{"type":"LineString","coordinates":[[80.209506,12.947926],[80.209451,12.947947]]},"properties":{"candidate_id":"1189337853","osm_way_id":1189337853,"name":"","highway":"service","structure":"underpass","reasons":["tunnel=yes","layer<0"],"length_m":6,"tags":{"highway":"service","tunnel":"yes","layer":"-1"}}},{"type":"Feature","id":"1189351617","geometry":{"type":"LineString","coordinates":[[80.214635,13.130849],[80.214713,13.130851]]},"properties":{"candidate_id":"1189351617","osm_way_id":1189351617,"name":"","highway":"residential","structure":"low_bridge","reasons":["bridge_over_water"],"length_m":8,"tags":{"highway":"residential","bridge":"yes","layer":"1"}}},{"type":"Feature","id":"1189351619","geometry":{"type":"LineString","coordinates":[[80.215088,13.130877],[80.215209,13.130886]]},"properties":{"candidate_id":"1189351619","osm_way_id":1189351619,"name":"","highway":"residential","structure":"low_bridge","reasons":["bridge_over_water"],"length_m":13,"tags":{"highway":"residential","bridge":"yes","layer":"1"}}},{"type":"Feature","id":"1189351620","geometry":{"type":"LineString","coordinates":[[80.215209,13.130886],[80.215445,13.130871]]},"properties":{"candidate_id":"1189351620","osm_way_id":1189351620,"name":"","highway":"residential","structure":"low_bridge","reasons":["bridge_over_water"],"length_m":26,"tags":{"highway":"residential","bridge":"yes","layer":"1"}}},{"type":"Feature","id":"1189351621","geometry":{"type":"LineString","coordinates":[[80.21557,13.130863],[80.215887,13.130865]]},"properties":{"candidate_id":"1189351621","osm_way_id":1189351621,"name":"","highway":"residential","structure":"low_bridge","reasons":["bridge_over_water"],"length_m":34,"tags":{"highway":"residential","bridge":"yes","layer":"1"}}},{"type":"Feature","id":"1189351624","geometry":{"type":"LineString","coordinates":[[80.216403,13.130842],[80.216626,13.130794]]},"properties":{"candidate_id":"1189351624","osm_way_id":1189351624,"name":"","highway":"residential","structure":"low_bridge","reasons":["bridge_over_water"],"length_m":25,"tags":{"highway":"residential","bridge":"yes","layer":"1"}}},{"type":"Feature","id":"1189351626","geometry":{"type":"LineString","coordinates":[[80.217037,13.130682],[80.217151,13.130656]]},"properties":{"candidate_id":"1189351626","osm_way_id":1189351626,"name":"","highway":"residential","structure":"low_bridge","reasons":["bridge_over_water"],"length_m":13,"tags":{"highway":"residential","bridge":"yes","layer":"1"}}},{"type":"Feature","id":"1189351628","geometry":{"type":"LineString","coordinates":[[80.217514,13.130491],[80.217636,13.130436]]},"properties":{"candidate_id":"1189351628","osm_way_id":1189351628,"name":"","highway":"residential","structure":"low_bridge","reasons":["bridge_over_water"],"length_m":15,"tags":{"highway":"residential","bridge":"yes","layer":"1"}}},{"type":"Feature","id":"1189351630","geometry":{"type":"LineString","coordinates":[[80.218029,13.130361],[80.218193,13.130354]]},"properties":{"candidate_id":"1189351630","osm_way_id":1189351630,"name":"","highway":"residential","structure":"low_bridge","reasons":["bridge_over_water"],"length_m":18,"tags":{"highway":"residential","bridge":"yes","layer":"1"}}},{"type":"Feature","id":"1189351631","geometry":{"type":"LineString","coordinates":[[80.218237,13.130352],[80.218642,13.130339]]},"properties":{"candidate_id":"1189351631","osm_way_id":1189351631,"name":"","highway":"residential","structure":"low_bridge","reasons":["bridge_over_water"],"length_m":44,"tags":{"highway":"residential","bridge":"yes","layer":"1"}}},{"type":"Feature","id":"1189351633","geometry":{"type":"LineString","coordinates":[[80.218642,13.130339],[80.218844,13.130354]]},"properties":{"candidate_id":"1189351633","osm_way_id":1189351633,"name":"","highway":"residential","structure":"low_bridge","reasons":["bridge_over_water"],"length_m":22,"tags":{"highway":"residential","bridge":"yes","layer":"1"}}},{"type":"Feature","id":"1189351635","geometry":{"type":"LineString","coordinates":[[80.219588,13.130336],[80.2199,13.130326]]},"properties":{"candidate_id":"1189351635","osm_way_id":1189351635,"name":"","highway":"residential","structure":"low_bridge","reasons":["bridge_over_water"],"length_m":34,"tags":{"highway":"residential","bridge":"yes","layer":"1"}}},{"type":"Feature","id":"1189553105-x1","geometry":{"type":"LineString","coordinates":[[80.202268,13.140184],[80.202413,13.140657]]},"properties":{"candidate_id":"1189553105-x1","osm_way_id":1189553105,"name":"","highway":"residential","structure":"culvert","reasons":["waterway_crossing"],"length_m":55,"tags":{"highway":"residential"},"crossing":"drain#1089517862"}},{"type":"Feature","id":"1189556162-x1","geometry":{"type":"LineString","coordinates":[[80.181676,13.022246],[80.181754,13.022345]]},"properties":{"candidate_id":"1189556162-x1","osm_way_id":1189556162,"name":"","highway":"service","structure":"culvert","reasons":["waterway_crossing"],"length_m":174,"tags":{"highway":"service"},"crossing":"drain#122063612"}},{"type":"Feature","id":"1189624217-x1","geometry":{"type":"LineString","coordinates":[[80.195796,12.991645],[80.195234,12.9917]]},"properties":{"candidate_id":"1189624217-x1","osm_way_id":1189624217,"name":"","highway":"residential","structure":"underpass","reasons":["under_rail_bridge"],"length_m":61,"tags":{"highway":"residential"},"crossing":"railway#28620048"}},{"type":"Feature","id":"1189624217-x2","geometry":{"type":"LineString","coordinates":[[80.195796,12.991645],[80.195234,12.9917]]},"properties":{"candidate_id":"1189624217-x2","osm_way_id":1189624217,"name":"","highway":"residential","structure":"underpass","reasons":["under_rail_bridge"],"length_m":61,"tags":{"highway":"residential"},"crossing":"railway#235921450"}},{"type":"Feature","id":"1189625659-x1","geometry":{"type":"LineString","coordinates":[[80.196764,13.123208],[80.196949,13.123282]]},"properties":{"candidate_id":"1189625659-x1","osm_way_id":1189625659,"name":"","highway":"residential","structure":"dip","reasons":["waterway_crossing"],"length_m":99,"tags":{"highway":"residential"},"crossing":"drain#1283482447"}},{"type":"Feature","id":"1189779747","geometry":{"type":"LineString","coordinates":[[80.203998,12.92985],[80.204034,12.929937],[80.204094,12.930121],[80.204117,12.930129],[80.204141,12.930126],[80.204358,12.930079],[80.204551,12.930027],[80.204561,12.930027],[80.204567,12.930033],[80.204655,12.930185],[80.204701,12.930431],[80.204693,12.930444],[80.20468,12.93045],[80.204443,12.930486]]},"properties":{"candidate_id":"1189779747","osm_way_id":1189779747,"name":"","highway":"residential","structure":"underpass","reasons":["layer<0"],"length_m":161,"tags":{"highway":"residential","layer":"-1"}}},{"type":"Feature","id":"1189779749","geometry":{"type":"LineString","coordinates":[[80.204225,12.929672],[80.204291,12.92979],[80.204358,12.930079]]},"properties":{"candidate_id":"1189779749","osm_way_id":1189779749,"name":"","highway":"residential","structure":"underpass","reasons":["layer<0"],"length_m":48,"tags":{"highway":"residential","layer":"-1"}}},{"type":"Feature","id":"1190109193","geometry":{"type":"LineString","coordinates":[[80.128095,13.024445],[80.128103,13.024503]]},"properties":{"candidate_id":"1190109193","osm_way_id":1190109193,"name":"","highway":"service","structure":"low_bridge","reasons":["bridge_over_water"],"length_m":6,"tags":{"highway":"service","bridge":"yes","layer":"1"}}},{"type":"Feature","id":"1190124905-x1","geometry":{"type":"LineString","coordinates":[[80.197554,13.148214],[80.197248,13.147353]]},"properties":{"candidate_id":"1190124905-x1","osm_way_id":1190124905,"name":"","highway":"residential","structure":"dip","reasons":["waterway_crossing"],"length_m":235,"tags":{"highway":"residential"},"crossing":"drain#1323146587"}},{"type":"Feature","id":"1190200687-x1","geometry":{"type":"LineString","coordinates":[[80.199503,13.132054],[80.199426,13.131742]]},"properties":{"candidate_id":"1190200687-x1","osm_way_id":1190200687,"name":"40 Feet Road","highway":"tertiary","structure":"dip","reasons":["waterway_crossing"],"length_m":78,"tags":{"name":"40 Feet Road","highway":"tertiary"},"crossing":"drain#1316676520"}},{"type":"Feature","id":"1190424705","geometry":{"type":"LineString","coordinates":[[80.231318,13.038884],[80.231452,13.038849]]},"properties":{"candidate_id":"1190424705","osm_way_id":1190424705,"name":"","highway":"residential","structure":"underpass","reasons":["tunnel=yes","layer<0"],"length_m":15,"tags":{"highway":"residential","tunnel":"yes","layer":"-1"}}},{"type":"Feature","id":"1190529046","geometry":{"type":"LineString","coordinates":[[80.221728,12.896627],[80.221678,12.896635],[80.221589,12.896648],[80.221229,12.896713],[80.221251,12.897024],[80.220234,12.897153]]},"properties":{"candidate_id":"1190529046","osm_way_id":1190529046,"name":"","highway":"residential","structure":"underpass","reasons":["layer<0"],"length_m":201,"tags":{"highway":"residential","layer":"-1"}}},{"type":"Feature","id":"1190569977-x1","geometry":{"type":"LineString","coordinates":[[80.230253,13.089107],[80.230082,13.088753]]},"properties":{"candidate_id":"1190569977-x1","osm_way_id":1190569977,"name":"","highway":"service","structure":"dip","reasons":["waterway_crossing"],"length_m":43,"tags":{"highway":"service"},"crossing":"drain#217926518"}},{"type":"Feature","id":"1190758535-x1","geometry":{"type":"LineString","coordinates":[[80.193596,13.133458],[80.19359,13.133429]]},"properties":{"candidate_id":"1190758535-x1","osm_way_id":1190758535,"name":"","highway":"residential","structure":"dip","reasons":["waterway_crossing"],"length_m":37,"tags":{"highway":"residential"},"crossing":"drain#1289269138"}},{"type":"Feature","id":"1190761986-x1","geometry":{"type":"LineString","coordinates":[[80.129147,13.001693],[80.129396,13.001658]]},"properties":{"candidate_id":"1190761986-x1","osm_way_id":1190761986,"name":"","highway":"residential","structure":"dip","reasons":["waterway_crossing"],"length_m":56,"tags":{"highway":"residential"},"crossing":"drain#102658271"}},{"type":"Feature","id":"1191352302","geometry":{"type":"LineString","coordinates":[[80.094463,13.226275],[80.094509,13.22661]]},"properties":{"candidate_id":"1191352302","osm_way_id":1191352302,"name":"","highway":"tertiary","structure":"low_bridge","reasons":["bridge_over_water"],"length_m":37,"tags":{"highway":"tertiary","bridge":"yes","layer":"1"}}},{"type":"Feature","id":"1191353036","geometry":{"type":"LineString","coordinates":[[80.252355,12.935527],[80.252948,12.93548]]},"properties":{"candidate_id":"1191353036","osm_way_id":1191353036,"name":"","highway":"service","structure":"underpass","reasons":["layer<0"],"length_m":65,"tags":{"highway":"service","layer":"-1"}}},{"type":"Feature","id":"1191369639","geometry":{"type":"LineString","coordinates":[[80.079906,12.961728],[80.079917,12.961679]]},"properties":{"candidate_id":"1191369639","osm_way_id":1191369639,"name":"","highway":"service","structure":"low_bridge","reasons":["bridge_over_water"],"length_m":6,"tags":{"highway":"service","bridge":"yes","layer":"1"}}},{"type":"Feature","id":"1191710712","geometry":{"type":"LineString","coordinates":[[80.123735,12.921094],[80.124965,12.921027],[80.125029,12.921065],[80.125068,12.921112],[80.125194,12.921328],[80.125306,12.921729],[80.125323,12.921738],[80.125345,12.92174],[80.126271,12.921682],[80.126328,12.921663],[80.126382,12.921634]]},"properties":{"candidate_id":"1191710712","osm_way_id":1191710712,"name":"","highway":"service","structure":"underpass","reasons":["layer<0"],"length_m":340,"tags":{"highway":"service","layer":"-1"}}},{"type":"Feature","id":"1191746705-x1","geometry":{"type":"LineString","coordinates":[[80.256816,13.093623],[80.256805,13.093559]]},"properties":{"candidate_id":"1191746705-x1","osm_way_id":1191746705,"name":"","highway":"living_street","structure":"dip","reasons":["waterway_crossing"],"length_m":144,"tags":{"highway":"living_street"},"crossing":"drain#30981164"}},{"type":"Feature","id":"1191966881","geometry":{"type":"LineString","coordinates":[[80.226211,13.129323],[80.226212,13.129264]]},"properties":{"candidate_id":"1191966881","osm_way_id":1191966881,"name":"","highway":"residential","structure":"low_bridge","reasons":["bridge_over_water"],"length_m":6,"tags":{"highway":"residential","bridge":"yes","layer":"1"}}},{"type":"Feature","id":"1192618285","geometry":{"type":"LineString","coordinates":[[80.29365,13.156288],[80.29364,13.156429]]},"properties":{"candidate_id":"1192618285","osm_way_id":1192618285,"name":"","highway":"service","structure":"underpass","reasons":["tunnel=yes","layer<0"],"length_m":16,"tags":{"highway":"service","tunnel":"yes","layer":"-1"}}},{"type":"Feature","id":"1193457684-x1","geometry":{"type":"LineString","coordinates":[[80.221484,13.09889],[80.222307,13.098792]]},"properties":{"candidate_id":"1193457684-x1","osm_way_id":1193457684,"name":"","highway":"primary","structure":"dip","reasons":["waterway_crossing"],"length_m":1003,"tags":{"highway":"primary","oneway":"yes"},"crossing":"drain#217926516"}},{"type":"Feature","id":"1193525750","geometry":{"type":"LineString","coordinates":[[80.177949,13.074577],[80.177944,13.074516]]},"properties":{"candidate_id":"1193525750","osm_way_id":1193525750,"name":"","highway":"residential","structure":"low_bridge","reasons":["bridge_over_water"],"length_m":7,"tags":{"highway":"residential","bridge":"yes","layer":"1"}}},{"type":"Feature","id":"1193526973","geometry":{"type":"LineString","coordinates":[[80.160737,13.013586],[80.160738,13.013644]]},"properties":{"candidate_id":"1193526973","osm_way_id":1193526973,"name":"","highway":"residential","structure":"low_bridge","reasons":["bridge_over_water"],"length_m":6,"tags":{"highway":"residential","bridge":"yes","layer":"1"}}},{"type":"Feature","id":"1193526975","geometry":{"type":"LineString","coordinates":[[80.164921,13.013168],[80.16498,13.013178]]},"properties":{"candidate_id":"1193526975","osm_way_id":1193526975,"name":"","highway":"residential","structure":"low_bridge","reasons":["bridge_over_water"],"length_m":7,"tags":{"highway":"residential","bridge":"yes","layer":"1"}}},{"type":"Feature","id":"1193528405","geometry":{"type":"LineString","coordinates":[[80.158131,13.015221],[80.158185,13.015226]]},"properties":{"candidate_id":"1193528405","osm_way_id":1193528405,"name":"","highway":"service","structure":"low_bridge","reasons":["bridge_over_water"],"length_m":6,"tags":{"highway":"service","bridge":"yes","layer":"1"}}},{"type":"Feature","id":"1193528532","geometry":{"type":"LineString","coordinates":[[80.094765,13.113617],[80.094762,13.113675]]},"properties":{"candidate_id":"1193528532","osm_way_id":1193528532,"name":"","highway":"residential","structure":"low_bridge","reasons":["bridge_over_water"],"length_m":6,"tags":{"highway":"residential","bridge":"yes","layer":"1"}}},{"type":"Feature","id":"1193691586-x1","geometry":{"type":"LineString","coordinates":[[80.198787,13.141892],[80.199305,13.141913]]},"properties":{"candidate_id":"1193691586-x1","osm_way_id":1193691586,"name":"","highway":"residential","structure":"culvert","reasons":["waterway_crossing"],"length_m":56,"tags":{"highway":"residential"},"crossing":"drain#1089517862"}},{"type":"Feature","id":"1193691587-x1","geometry":{"type":"LineString","coordinates":[[80.198265,13.141965],[80.198787,13.141892]]},"properties":{"candidate_id":"1193691587-x1","osm_way_id":1193691587,"name":"","highway":"residential","structure":"culvert","reasons":["waterway_crossing"],"length_m":57,"tags":{"highway":"residential"},"crossing":"drain#1089517862"}},{"type":"Feature","id":"1195947900-x1","geometry":{"type":"LineString","coordinates":[[80.141127,13.017834],[80.14135,13.017998]]},"properties":{"candidate_id":"1195947900-x1","osm_way_id":1195947900,"name":"Kodambakkam \u2013 Sriperumbudur Road","highway":"primary","structure":"dip","reasons":["waterway_crossing"],"length_m":971,"tags":{"name":"Kodambakkam \u2013 Sriperumbudur Road","ref":"SH113","highway":"primary","oneway":"yes","surface":"asphalt"},"crossing":"drain#102657803"}},{"type":"Feature","id":"1196002208","geometry":{"type":"LineString","coordinates":[[80.241442,13.100614],[80.241456,13.100696]]},"properties":{"candidate_id":"1196002208","osm_way_id":1196002208,"name":"","highway":"residential","structure":"low_bridge","reasons":["bridge_over_water"],"length_m":9,"tags":{"highway":"residential","bridge":"yes","layer":"1"}}},{"type":"Feature","id":"1199725930","geometry":{"type":"LineString","coordinates":[[80.216908,12.994977],[80.216841,12.994999]]},"properties":{"candidate_id":"1199725930","osm_way_id":1199725930,"name":"Kaniamman Koil Street","highway":"residential","structure":"low_bridge","reasons":["bridge_over_water"],"length_m":8,"tags":{"name":"Kaniamman Koil Street","highway":"residential","bridge":"yes","layer":"1"}}},{"type":"Feature","id":"1200754795-x1","geometry":{"type":"LineString","coordinates":[[80.178618,12.907748],[80.178873,12.908804]]},"properties":{"candidate_id":"1200754795-x1","osm_way_id":1200754795,"name":"","highway":"residential","structure":"dip","reasons":["waterway_crossing"],"length_m":649,"tags":{"highway":"residential"},"crossing":"canal#1022416522"}},{"type":"Feature","id":"1201659009","geometry":{"type":"LineString","coordinates":[[80.120278,13.003758],[80.120279,13.003817]]},"properties":{"candidate_id":"1201659009","osm_way_id":1201659009,"name":"","highway":"residential","structure":"low_bridge","reasons":["bridge_over_water"],"length_m":7,"tags":{"highway":"residential","bridge":"yes","layer":"1"}}},{"type":"Feature","id":"1201856651","geometry":{"type":"LineString","coordinates":[[80.121914,13.004021],[80.121876,13.004048]]},"properties":{"candidate_id":"1201856651","osm_way_id":1201856651,"name":"","highway":"residential","structure":"low_bridge","reasons":["bridge_over_water"],"length_m":5,"tags":{"highway":"residential","bridge":"yes","layer":"1"}}},{"type":"Feature","id":"1201901570","geometry":{"type":"LineString","coordinates":[[80.100309,13.113313],[80.100304,13.113254]]},"properties":{"candidate_id":"1201901570","osm_way_id":1201901570,"name":"Gandhi Street","highway":"residential","structure":"low_bridge","reasons":["bridge_over_water"],"length_m":6,"tags":{"name":"Gandhi Street","highway":"residential","bridge":"yes","layer":"1"}}},{"type":"Feature","id":"1202024842-x1","geometry":{"type":"LineString","coordinates":[[80.272453,13.106501],[80.272296,13.106873]]},"properties":{"candidate_id":"1202024842-x1","osm_way_id":1202024842,"name":"Cochrane Basin Road","highway":"secondary","structure":"underpass","reasons":["under_rail_bridge"],"length_m":45,"tags":{"name":"Cochrane Basin Road","highway":"secondary","covered":"yes"},"crossing":"railway#23966129"}},{"type":"Feature","id":"1202024842-x2","geometry":{"type":"LineString","coordinates":[[80.272453,13.106501],[80.272296,13.106873]]},"properties":{"candidate_id":"1202024842-x2","osm_way_id":1202024842,"name":"Cochrane Basin Road","highway":"secondary","structure":"underpass","reasons":["under_rail_bridge"],"length_m":45,"tags":{"name":"Cochrane Basin Road","highway":"secondary","covered":"yes"},"crossing":"railway#102545467"}},{"type":"Feature","id":"1202024842-x3","geometry":{"type":"LineString","coordinates":[[80.272453,13.106501],[80.272296,13.106873]]},"properties":{"candidate_id":"1202024842-x3","osm_way_id":1202024842,"name":"Cochrane Basin Road","highway":"secondary","structure":"underpass","reasons":["under_rail_bridge"],"length_m":45,"tags":{"name":"Cochrane Basin Road","highway":"secondary","covered":"yes"},"crossing":"railway#102545481"}},{"type":"Feature","id":"1202024842-x4","geometry":{"type":"LineString","coordinates":[[80.272453,13.106501],[80.272296,13.106873]]},"properties":{"candidate_id":"1202024842-x4","osm_way_id":1202024842,"name":"Cochrane Basin Road","highway":"secondary","structure":"underpass","reasons":["under_rail_bridge"],"length_m":45,"tags":{"name":"Cochrane Basin Road","highway":"secondary","covered":"yes"},"crossing":"railway#384610999"}},{"type":"Feature","id":"1202685096","geometry":{"type":"LineString","coordinates":[[80.247624,13.096997],[80.247618,13.097067]]},"properties":{"candidate_id":"1202685096","osm_way_id":1202685096,"name":"Chandra Yogi Samadhi Road","highway":"residential","structure":"low_bridge","reasons":["bridge_over_water"],"length_m":8,"tags":{"name":"Chandra Yogi Samadhi Road","highway":"residential","bridge":"yes","layer":"1"}}},{"type":"Feature","id":"1202685102","geometry":{"type":"LineString","coordinates":[[80.250147,13.097661],[80.250148,13.097692]]},"properties":{"candidate_id":"1202685102","osm_way_id":1202685102,"name":"","highway":"living_street","structure":"low_bridge","reasons":["bridge_over_water"],"length_m":3,"tags":{"highway":"living_street","bridge":"yes","layer":"1"}}},{"type":"Feature","id":"1202708870","geometry":{"type":"LineString","coordinates":[[80.254948,13.119448],[80.254932,13.119391]]},"properties":{"candidate_id":"1202708870","osm_way_id":1202708870,"name":"Anna salai","highway":"residential","structure":"low_bridge","reasons":["bridge_over_water"],"length_m":6,"tags":{"name":"Anna salai","highway":"residential","bridge":"yes","layer":"1"}}},{"type":"Feature","id":"1202708874","geometry":{"type":"LineString","coordinates":[[80.259451,13.117873],[80.25945,13.117932]]},"properties":{"candidate_id":"1202708874","osm_way_id":1202708874,"name":"","highway":"residential","structure":"low_bridge","reasons":["bridge_over_water"],"length_m":6,"tags":{"highway":"residential","bridge":"yes","layer":"1"}}},{"type":"Feature","id":"1202708878","geometry":{"type":"LineString","coordinates":[[80.254092,13.120337],[80.254138,13.120376]]},"properties":{"candidate_id":"1202708878","osm_way_id":1202708878,"name":"Anbalagan Street","highway":"residential","structure":"low_bridge","reasons":["bridge_over_water"],"length_m":7,"tags":{"name":"Anbalagan Street","highway":"residential","bridge":"yes","layer":"1"}}},{"type":"Feature","id":"1205396282-x1","geometry":{"type":"LineString","coordinates":[[80.108396,13.008466],[80.108408,13.008379]]},"properties":{"candidate_id":"1205396282-x1","osm_way_id":1205396282,"name":"","highway":"residential","structure":"dip","reasons":["waterway_crossing"],"length_m":184,"tags":{"highway":"residential"},"crossing":"drain#102658263"}},{"type":"Feature","id":"1205687639-x1","geometry":{"type":"LineString","coordinates":[[80.202098,13.140246],[80.202242,13.140735]]},"properties":{"candidate_id":"1205687639-x1","osm_way_id":1205687639,"name":"","highway":"residential","structure":"culvert","reasons":["waterway_crossing"],"length_m":56,"tags":{"highway":"residential"},"crossing":"drain#1089517862"}},{"type":"Feature","id":"1205691052-x1","geometry":{"type":"LineString","coordinates":[[80.251812,12.986454],[80.252073,12.985399]]},"properties":{"candidate_id":"1205691052-x1","osm_way_id":1205691052,"name":"","highway":"primary","structure":"underpass","reasons":["under_rail_bridge"],"length_m":250,"tags":{"highway":"primary","oneway":"yes"},"crossing":"railway#59909721"}},{"type":"Feature","id":"1205691052-x2","geometry":{"type":"LineString","coordinates":[[80.251746,12.986719],[80.252008,12.985664]]},"properties":{"candidate_id":"1205691052-x2","osm_way_id":1205691052,"name":"","highway":"primary","structure":"underpass","reasons":["under_rail_bridge"],"length_m":250,"tags":{"highway":"primary","oneway":"yes"},"crossing":"railway#235920568"}},{"type":"Feature","id":"1205852874","geometry":{"type":"LineString","coordinates":[[80.214085,13.13057],[80.214047,13.130524]]},"properties":{"candidate_id":"1205852874","osm_way_id":1205852874,"name":"Grand Northern Trunk Road","highway":"primary","structure":"low_bridge","reasons":["bridge_over_water"],"length_m":6,"tags":{"name":"Grand Northern Trunk Road","highway":"primary","bridge":"yes","layer":"1","oneway":"yes"}}},{"type":"Feature","id":"1206085531-x1","geometry":{"type":"LineString","coordinates":[[80.227963,13.090948],[80.228771,13.090206]]},"properties":{"candidate_id":"1206085531-x1","osm_way_id":1206085531,"name":"New Avadi Road","highway":"secondary","structure":"dip","reasons":["waterway_crossing"],"length_m":720,"tags":{"name":"New Avadi Road","highway":"secondary","oneway":"yes","surface":"asphalt"},"crossing":"drain#217926518"}},{"type":"Feature","id":"1207114998-x1","geometry":{"type":"LineString","coordinates":[[80.125007,13.049536],[80.125414,13.049001]]},"properties":{"candidate_id":"1207114998-x1","osm_way_id":1207114998,"name":"","highway":"residential","structure":"dip","reasons":["waterway_crossing"],"length_m":74,"tags":{"highway":"residential"},"crossing":"drain#102575799"}},{"type":"Feature","id":"1207695461","geometry":{"type":"LineString","coordinates":[[80.204831,12.988588],[80.204814,12.988331]]},"properties":{"candidate_id":"1207695461","osm_way_id":1207695461,"name":"Kakkan Nagar Main Road","highway":"tertiary","structure":"low_bridge","reasons":["bridge_over_water"],"length_m":28,"tags":{"name":"Kakkan Nagar Main Road","highway":"tertiary","bridge":"yes","layer":"1"}}},{"type":"Feature","id":"1209650603","geometry":{"type":"LineString","coordinates":[[80.112224,12.923091],[80.111608,12.923258],[80.111594,12.92329],[80.111663,12.923539]]},"properties":{"candidate_id":"1209650603","osm_way_id":1209650603,"name":"","highway":"service","structure":"underpass","reasons":["layer<0"],"length_m":102,"tags":{"highway":"service","layer":"-1"}}},{"type":"Feature","id":"1209650604","geometry":{"type":"LineString","coordinates":[[80.112352,12.923627],[80.111654,12.923796],[80.111646,12.923834],[80.11179,12.92427],[80.111831,12.924289],[80.112232,12.924309],[80.112388,12.924306],[80.112514,12.92424]]},"properties":{"candidate_id":"1209650604","osm_way_id":1209650604,"name":"","highway":"service","structure":"underpass","reasons":["layer<0"],"length_m":214,"tags":{"highway":"service","layer":"-1"}}},{"type":"Feature","id":"1210791250-x1","geometry":{"type":"LineString","coordinates":[[80.101289,13.116512],[80.102383,13.116351]]},"properties":{"candidate_id":"1210791250-x1","osm_way_id":1210791250,"name":"Mount - Poonamallee - Avadi Road","highway":"primary","structure":"culvert","reasons":["waterway_crossing"],"length_m":347,"tags":{"name":"Mount - Poonamallee - Avadi Road","ref":"SH55","highway":"primary","oneway":"yes"},"crossing":"drain#1040499033"}},{"type":"Feature","id":"1218701040","geometry":{"type":"LineString","coordinates":[[80.208018,13.060667],[80.208056,13.060881]]},"properties":{"candidate_id":"1218701040","osm_way_id":1218701040,"name":"","highway":"residential","structure":"low_bridge","reasons":["bridge_over_water"],"length_m":24,"tags":{"highway":"residential","bridge":"yes","layer":"1"}}},{"type":"Feature","id":"1218701044","geometry":{"type":"LineString","coordinates":[[80.208532,13.060523],[80.208565,13.060771]]},"properties":{"candidate_id":"1218701044","osm_way_id":1218701044,"name":"","highway":"residential","structure":"low_bridge","reasons":["bridge_over_water"],"length_m":28,"tags":{"highway":"residential","bridge":"yes","layer":"1"}}},{"type":"Feature","id":"1218714243","geometry":{"type":"LineString","coordinates":[[80.210582,13.060108],[80.210455,13.060263]]},"properties":{"candidate_id":"1218714243","osm_way_id":1218714243,"name":"","highway":"residential","structure":"low_bridge","reasons":["bridge_over_water"],"length_m":22,"tags":{"highway":"residential","bridge":"yes","layer":"1"}}},{"type":"Feature","id":"1218723878","geometry":{"type":"LineString","coordinates":[[80.223899,13.092426],[80.223939,13.09247]]},"properties":{"candidate_id":"1218723878","osm_way_id":1218723878,"name":"1st Avenue","highway":"tertiary","structure":"low_bridge","reasons":["bridge_over_water"],"length_m":6,"tags":{"name":"1st Avenue","highway":"tertiary","bridge":"yes","layer":"1","oneway":"yes"}}},{"type":"Feature","id":"1218723880","geometry":{"type":"LineString","coordinates":[[80.224007,13.092412],[80.223967,13.092368]]},"properties":{"candidate_id":"1218723880","osm_way_id":1218723880,"name":"1st Avenue","highway":"tertiary","structure":"low_bridge","reasons":["bridge_over_water"],"length_m":6,"tags":{"name":"1st Avenue","highway":"tertiary","bridge":"yes","layer":"1","oneway":"yes"}}},{"type":"Feature","id":"1218725122","geometry":{"type":"LineString","coordinates":[[80.251317,13.097954],[80.251114,13.098135]]},"properties":{"candidate_id":"1218725122","osm_way_id":1218725122,"name":"Otteri Bridge","highway":"primary","structure":"low_bridge","reasons":["bridge_over_water"],"length_m":30,"tags":{"name":"Otteri Bridge","highway":"primary","bridge":"yes","layer":"1","oneway":"yes"}}},{"type":"Feature","id":"1219517731","geometry":{"type":"LineString","coordinates":[[80.057016,13.145263],[80.057015,13.145345]]},"properties":{"candidate_id":"1219517731","osm_way_id":1219517731,"name":"","highway":"residential","structure":"low_bridge","reasons":["bridge_over_water"],"length_m":9,"tags":{"highway":"residential","bridge":"yes","layer":"1"}}},{"type":"Feature","id":"1219966438-x1","geometry":{"type":"LineString","coordinates":[[80.201227,13.137032],[80.201494,13.136971]]},"properties":{"candidate_id":"1219966438-x1","osm_way_id":1219966438,"name":"","highway":"residential","structure":"culvert","reasons":["waterway_crossing"],"length_m":30,"tags":{"highway":"residential"},"crossing":"drain#1089517861"}},{"type":"Feature","id":"1220190571","geometry":{"type":"LineString","coordinates":[[80.210526,12.973567],[80.210559,12.973616]]},"properties":{"candidate_id":"1220190571","osm_way_id":1220190571,"name":"","highway":"service","structure":"low_bridge","reasons":["bridge_over_water"],"length_m":6,"tags":{"highway":"service","bridge":"yes","layer":"1"}}},{"type":"Feature","id":"1220190574","geometry":{"type":"LineString","coordinates":[[80.210932,12.97335],[80.210892,12.973306]]},"properties":{"candidate_id":"1220190574","osm_way_id":1220190574,"name":"","highway":"service","structure":"low_bridge","reasons":["bridge_over_water"],"length_m":7,"tags":{"highway":"service","bridge":"yes","layer":"1"}}},{"type":"Feature","id":"1222172519","geometry":{"type":"LineString","coordinates":[[80.242665,13.123194],[80.242677,13.123134]]},"properties":{"candidate_id":"1222172519","osm_way_id":1222172519,"name":"Mukuntha Street","highway":"residential","structure":"low_bridge","reasons":["bridge_over_water"],"length_m":7,"tags":{"name":"Mukuntha Street","highway":"residential","bridge":"yes","layer":"1"}}},{"type":"Feature","id":"1226652365","geometry":{"type":"LineString","coordinates":[[80.097738,12.998691],[80.096818,12.998862]]},"properties":{"candidate_id":"1226652365","osm_way_id":1226652365,"name":"Kavarai Street","highway":"residential","structure":"underpass","reasons":["layer<0"],"length_m":101,"tags":{"name":"Kavarai Street","highway":"residential","layer":"-1"}}},{"type":"Feature","id":"1226689461","geometry":{"type":"LineString","coordinates":[[80.197107,13.030996],[80.197432,13.030986]]},"properties":{"candidate_id":"1226689461","osm_way_id":1226689461,"name":"Pachaiyappan Street","highway":"secondary","structure":"low_bridge","reasons":["bridge_over_water"],"length_m":35,"tags":{"name":"Pachaiyappan Street","highway":"secondary","bridge":"yes","layer":"1"}}},{"type":"Feature","id":"1227271504-x1","geometry":{"type":"LineString","coordinates":[[80.069226,12.994129],[80.068381,12.993428]]},"properties":{"candidate_id":"1227271504-x1","osm_way_id":1227271504,"name":"Kodambakkam \u2013 Sriperumbudur Road","highway":"primary","structure":"dip","reasons":["waterway_crossing"],"length_m":1844,"tags":{"name":"Kodambakkam \u2013 Sriperumbudur Road","ref":"SH113","highway":"primary","oneway":"yes","surface":"asphalt"},"crossing":"ditch#828408233"}},{"type":"Feature","id":"1227271504-x2","geometry":{"type":"LineString","coordinates":[[80.068708,12.993699],[80.068133,12.993119]]},"properties":{"candidate_id":"1227271504-x2","osm_way_id":1227271504,"name":"Kodambakkam \u2013 Sriperumbudur Road","highway":"primary","structure":"culvert","reasons":["waterway_crossing"],"length_m":1844,"tags":{"name":"Kodambakkam \u2013 Sriperumbudur Road","ref":"SH113","highway":"primary","oneway":"yes","surface":"asphalt"},"crossing":"drain#696533214"}},{"type":"Feature","id":"1229593660-x1","geometry":{"type":"LineString","coordinates":[[80.208171,13.015671],[80.208447,13.015629]]},"properties":{"candidate_id":"1229593660-x1","osm_way_id":1229593660,"name":"Labour Colony 2nd Street","highway":"residential","structure":"dip","reasons":["waterway_crossing"],"length_m":235,"tags":{"name":"Labour Colony 2nd Street","highway":"residential"},"crossing":"stream#32742657"}},{"type":"Feature","id":"1230510550-x1","geometry":{"type":"LineString","coordinates":[[80.241628,12.98982],[80.241599,12.989615]]},"properties":{"candidate_id":"1230510550-x1","osm_way_id":1230510550,"name":"Kannagam Road","highway":"tertiary","structure":"culvert","reasons":["waterway_crossing"],"length_m":373,"tags":{"name":"Kannagam Road","highway":"tertiary"},"crossing":"canal#1459226732"}},{"type":"Feature","id":"1231044784","geometry":{"type":"LineString","coordinates":[[80.094143,13.122485],[80.094065,13.122483],[80.094036,13.122488],[80.094017,13.122512]]},"properties":{"candidate_id":"1231044784","osm_way_id":1231044784,"name":"","highway":"residential","structure":"none","reasons":["tunnel=building_passage"],"length_m":15,"tags":{"highway":"residential","tunnel":"building_passage","maxheight":"0"}}},{"type":"Feature","id":"1231301453","geometry":{"type":"LineString","coordinates":[[80.201402,12.979125],[80.201547,12.9791]]},"properties":{"candidate_id":"1231301453","osm_way_id":1231301453,"name":"","highway":"residential","structure":"low_bridge","reasons":["bridge_over_water"],"length_m":16,"tags":{"highway":"residential","bridge":"yes","layer":"1"}}},{"type":"Feature","id":"1232608457-x1","geometry":{"type":"LineString","coordinates":[[80.147298,12.980178],[80.147232,12.980178]]},"properties":{"candidate_id":"1232608457-x1","osm_way_id":1232608457,"name":"Anna Nagar - Pozhichalur Link Road","highway":"residential","structure":"culvert","reasons":["waterway_crossing"],"length_m":153,"tags":{"name":"Anna Nagar - Pozhichalur Link Road","ref":"O302","highway":"residential"},"crossing":"drain#1147391891"}},{"type":"Feature","id":"1232632859","geometry":{"type":"LineString","coordinates":[[80.193402,12.977623],[80.193461,12.977608]]},"properties":{"candidate_id":"1232632859","osm_way_id":1232632859,"name":"Mathiazhagan Street","highway":"residential","structure":"low_bridge","reasons":["bridge_over_water"],"length_m":7,"tags":{"name":"Mathiazhagan Street","highway":"residential","bridge":"yes","layer":"1"}}},{"type":"Feature","id":"1232686632-x1","geometry":{"type":"LineString","coordinates":[[80.202879,13.146922],[80.2036,13.147176]]},"properties":{"candidate_id":"1232686632-x1","osm_way_id":1232686632,"name":"","highway":"tertiary","structure":"dip","reasons":["waterway_crossing"],"length_m":154,"tags":{"highway":"tertiary"},"crossing":"drain#911275610"}},{"type":"Feature","id":"1236014678","geometry":{"type":"LineString","coordinates":[[80.10808,13.067974],[80.107824,13.067989]]},"properties":{"candidate_id":"1236014678","osm_way_id":1236014678,"name":"","highway":"tertiary","structure":"low_bridge","reasons":["bridge_over_water"],"length_m":28,"tags":{"highway":"tertiary","bridge":"yes","layer":"1","oneway":"yes"}}},{"type":"Feature","id":"1236014679","geometry":{"type":"LineString","coordinates":[[80.107783,13.068058],[80.108043,13.068045]]},"properties":{"candidate_id":"1236014679","osm_way_id":1236014679,"name":"","highway":"tertiary","structure":"low_bridge","reasons":["bridge_over_water"],"length_m":28,"tags":{"highway":"tertiary","bridge":"yes","layer":"1","oneway":"yes"}}},{"type":"Feature","id":"1238801144","geometry":{"type":"LineString","coordinates":[[80.236893,12.993202],[80.236933,12.993159]]},"properties":{"candidate_id":"1238801144","osm_way_id":1238801144,"name":"","highway":"service","structure":"low_bridge","reasons":["bridge_over_water"],"length_m":6,"tags":{"highway":"service","bridge":"yes","layer":"1"}}},{"type":"Feature","id":"1240094205","geometry":{"type":"LineString","coordinates":[[80.204055,13.146563],[80.204064,13.146781]]},"properties":{"candidate_id":"1240094205","osm_way_id":1240094205,"name":"Paper mills road","highway":"secondary","structure":"low_bridge","reasons":["bridge_over_water"],"length_m":24,"tags":{"name":"Paper mills road","highway":"secondary","bridge":"yes","layer":"1","oneway":"yes"}}},{"type":"Feature","id":"1248734582","geometry":{"type":"LineString","coordinates":[[80.182872,13.024078],[80.183056,13.024088]]},"properties":{"candidate_id":"1248734582","osm_way_id":1248734582,"name":"","highway":"residential","structure":"low_bridge","reasons":["bridge_over_water"],"length_m":20,"tags":{"highway":"residential","bridge":"yes","layer":"1"}}},{"type":"Feature","id":"1248973261","geometry":{"type":"LineString","coordinates":[[80.287656,13.125282],[80.287688,13.125274]]},"properties":{"candidate_id":"1248973261","osm_way_id":1248973261,"name":"","highway":"residential","structure":"none","reasons":["tunnel=building_passage"],"length_m":4,"tags":{"highway":"residential","tunnel":"building_passage"}}},{"type":"Feature","id":"1249390033-x1","geometry":{"type":"LineString","coordinates":[[80.273042,13.126188],[80.273045,13.126113]]},"properties":{"candidate_id":"1249390033-x1","osm_way_id":1249390033,"name":"","highway":"residential","structure":"underpass","reasons":["under_rail_bridge"],"length_m":132,"tags":{"highway":"residential"},"crossing":"railway#1249390035"}},{"type":"Feature","id":"1250692839","geometry":{"type":"LineString","coordinates":[[80.101042,13.120723],[80.101095,13.1207]]},"properties":{"candidate_id":"1250692839","osm_way_id":1250692839,"name":"","highway":"residential","structure":"low_bridge","reasons":["bridge_over_water"],"length_m":6,"tags":{"highway":"residential","bridge":"yes","layer":"1"}}},{"type":"Feature","id":"1250724232","geometry":{"type":"LineString","coordinates":[[80.202449,12.989506],[80.202393,12.989527]]},"properties":{"candidate_id":"1250724232","osm_way_id":1250724232,"name":"","highway":"residential","structure":"low_bridge","reasons":["bridge_over_water"],"length_m":7,"tags":{"highway":"residential","bridge":"yes","layer":"1"}}},{"type":"Feature","id":"1250737077","geometry":{"type":"LineString","coordinates":[[80.142595,13.047373],[80.142595,13.047235]]},"properties":{"candidate_id":"1250737077","osm_way_id":1250737077,"name":"","highway":"service","structure":"none","reasons":["tunnel=building_passage"],"length_m":15,"tags":{"highway":"service","tunnel":"building_passage"}}},{"type":"Feature","id":"1251059196","geometry":{"type":"LineString","coordinates":[[80.165832,13.012705],[80.165826,13.012736],[80.165824,13.012756]]},"properties":{"candidate_id":"1251059196","osm_way_id":1251059196,"name":"","highway":"residential","structure":"low_bridge","reasons":["bridge_over_water"],"length_m":6,"tags":{"highway":"residential","bridge":"yes","layer":"1"}}},{"type":"Feature","id":"1251480477","geometry":{"type":"LineString","coordinates":[[80.244478,13.036227],[80.244589,13.036184]]},"properties":{"candidate_id":"1251480477","osm_way_id":1251480477,"name":"","highway":"residential","structure":"low_bridge","reasons":["bridge_over_water"],"length_m":13,"tags":{"highway":"residential","bridge":"yes","layer":"1"}}},{"type":"Feature","id":"1251505661-x1","geometry":{"type":"LineString","coordinates":[[80.202795,13.139511],[80.203333,13.139378]]},"properties":{"candidate_id":"1251505661-x1","osm_way_id":1251505661,"name":"","highway":"residential","structure":"culvert","reasons":["waterway_crossing"],"length_m":60,"tags":{"highway":"residential","surface":"unpaved"},"crossing":"drain#1089517861"}},{"type":"Feature","id":"1251563029","geometry":{"type":"LineString","coordinates":[[80.260283,13.027039],[80.260496,13.026982]]},"properties":{"candidate_id":"1251563029","osm_way_id":1251563029,"name":"","highway":"secondary","structure":"low_bridge","reasons":["bridge_over_water"],"length_m":24,"tags":{"highway":"secondary","bridge":"yes","layer":"1"}}},{"type":"Feature","id":"1251563030","geometry":{"type":"LineString","coordinates":[[80.260027,13.027092],[80.260228,13.027053]]},"properties":{"candidate_id":"1251563030","osm_way_id":1251563030,"name":"RA Puram 2nd Main Road","highway":"secondary","structure":"none","reasons":["tunnel=building_passage"],"length_m":22,"tags":{"name":"RA Puram 2nd Main Road","highway":"secondary","tunnel":"building_passage"}}},{"type":"Feature","id":"1251974975","geometry":{"type":"LineString","coordinates":[[80.226891,13.035394],[80.226926,13.035389]]},"properties":{"candidate_id":"1251974975","osm_way_id":1251974975,"name":"Madley subway","highway":"tertiary","structure":"underpass","reasons":["tunnel=yes","layer<0"],"length_m":4,"tags":{"name":"Madley subway","highway":"tertiary","tunnel":"yes","layer":"-1"}}},{"type":"Feature","id":"1252725012","geometry":{"type":"LineString","coordinates":[[80.160349,13.108543],[80.160349,13.10858]]},"properties":{"candidate_id":"1252725012","osm_way_id":1252725012,"name":"","highway":"unclassified","structure":"low_bridge","reasons":["bridge_over_water"],"length_m":4,"tags":{"highway":"unclassified","bridge":"yes","layer":"1"}}},{"type":"Feature","id":"1252760874","geometry":{"type":"LineString","coordinates":[[80.220123,12.896488],[80.221509,12.896293],[80.221579,12.896283]]},"properties":{"candidate_id":"1252760874","osm_way_id":1252760874,"name":"","highway":"residential","structure":"underpass","reasons":["layer<0"],"length_m":159,"tags":{"highway":"residential","layer":"-1"}}},{"type":"Feature","id":"1253219839-x1","geometry":{"type":"LineString","coordinates":[[80.197016,13.128051],[80.197381,13.128028]]},"properties":{"candidate_id":"1253219839-x1","osm_way_id":1253219839,"name":"","highway":"residential","structure":"dip","reasons":["waterway_crossing"],"length_m":40,"tags":{"highway":"residential"},"crossing":"drain#1290286348"}},{"type":"Feature","id":"1253221691-x1","geometry":{"type":"LineString","coordinates":[[80.197145,13.125307],[80.1974,13.125285]]},"properties":{"candidate_id":"1253221691-x1","osm_way_id":1253221691,"name":"","highway":"residential","structure":"dip","reasons":["waterway_crossing"],"length_m":28,"tags":{"highway":"residential"},"crossing":"drain#1290286349"}},{"type":"Feature","id":"1253238526","geometry":{"type":"LineString","coordinates":[[80.16033,13.010523],[80.160315,13.010313]]},"properties":{"candidate_id":"1253238526","osm_way_id":1253238526,"name":"","highway":"residential","structure":"underpass","reasons":["layer<0"],"length_m":23,"tags":{"highway":"residential","layer":"-1"}}},{"type":"Feature","id":"1253584930-x1","geometry":{"type":"LineString","coordinates":[[80.199503,13.132054],[80.199845,13.131983]]},"properties":{"candidate_id":"1253584930-x1","osm_way_id":1253584930,"name":"","highway":"residential","structure":"dip","reasons":["waterway_crossing"],"length_m":38,"tags":{"highway":"residential"},"crossing":"drain#1089517860"}},{"type":"Feature","id":"1253593994","geometry":{"type":"LineString","coordinates":[[80.21998,12.89764],[80.219899,12.897216],[80.219767,12.897194],[80.219661,12.896926]]},"properties":{"candidate_id":"1253593994","osm_way_id":1253593994,"name":"","highway":"residential","structure":"underpass","reasons":["layer<0"],"length_m":94,"tags":{"highway":"residential","layer":"-1"}}},{"type":"Feature","id":"1253847079","geometry":{"type":"LineString","coordinates":[[80.179619,13.114207],[80.179558,13.114212]]},"properties":{"candidate_id":"1253847079","osm_way_id":1253847079,"name":"","highway":"residential","structure":"low_bridge","reasons":["bridge_over_water"],"length_m":7,"tags":{"highway":"residential","bridge":"yes","layer":"1"}}},{"type":"Feature","id":"1253924939","geometry":{"type":"LineString","coordinates":[[80.154385,13.245881],[80.154436,13.246328]]},"properties":{"candidate_id":"1253924939","osm_way_id":1253924939,"name":"","highway":"residential","structure":"low_bridge","reasons":["bridge_over_water"],"length_m":50,"tags":{"highway":"residential","bridge":"yes","layer":"1"}}},{"type":"Feature","id":"1254284966","geometry":{"type":"LineString","coordinates":[[80.195512,13.066749],[80.195515,13.066605],[80.195516,13.066571],[80.195522,13.066258]]},"properties":{"candidate_id":"1254284966","osm_way_id":1254284966,"name":"","highway":"service","structure":"none","reasons":["tunnel=building_passage"],"length_m":54,"tags":{"highway":"service","tunnel":"building_passage"}}},{"type":"Feature","id":"1254514728","geometry":{"type":"LineString","coordinates":[[80.208552,13.049794],[80.208536,13.04991],[80.20859,13.049921]]},"properties":{"candidate_id":"1254514728","osm_way_id":1254514728,"name":"","highway":"service","structure":"none","reasons":["tunnel=building_passage"],"length_m":19,"tags":{"highway":"service","tunnel":"building_passage"}}},{"type":"Feature","id":"1255146622-x1","geometry":{"type":"LineString","coordinates":[[80.125898,13.048252],[80.125918,13.048274]]},"properties":{"candidate_id":"1255146622-x1","osm_way_id":1255146622,"name":"","highway":"residential","structure":"dip","reasons":["waterway_crossing"],"length_m":62,"tags":{"highway":"residential","surface":"unpaved"},"crossing":"drain#102575799"}},{"type":"Feature","id":"1255150775-x1","geometry":{"type":"LineString","coordinates":[[80.127239,13.005395],[80.12726,13.00648]]},"properties":{"candidate_id":"1255150775-x1","osm_way_id":1255150775,"name":"Chennai Bypass Expressway","highway":"trunk","structure":"culvert","reasons":["waterway_crossing"],"length_m":566,"tags":{"name":"Chennai Bypass Expressway","highway":"trunk","oneway":"yes","surface":"asphalt","lanes":"3"},"crossing":"drain#1255150780"}},{"type":"Feature","id":"1255463506","geometry":{"type":"LineString","coordinates":[[80.09142,12.993699],[80.091306,12.993709],[80.091268,12.993711],[80.091232,12.993696],[80.091198,12.993679],[80.09115,12.993646],[80.091127,12.993642],[80.091104,12.99364]]},"properties":{"candidate_id":"1255463506","osm_way_id":1255463506,"name":"","highway":"residential","structure":"low_bridge","reasons":["bridge_over_water"],"length_m":36,"tags":{"highway":"residential","bridge":"yes","layer":"1"}}},{"type":"Feature","id":"1256755623","geometry":{"type":"LineString","coordinates":[[80.225648,13.026206],[80.225648,13.026131]]},"properties":{"candidate_id":"1256755623","osm_way_id":1256755623,"name":"","highway":"residential","structure":"low_bridge","reasons":["bridge_over_water"],"length_m":8,"tags":{"highway":"residential","bridge":"yes","layer":"1"}}},{"type":"Feature","id":"1256777187","geometry":{"type":"LineString","coordinates":[[80.280411,13.105941],[80.280136,13.105942]]},"properties":{"candidate_id":"1256777187","osm_way_id":1256777187,"name":"","highway":"service","structure":"none","reasons":["tunnel=building_passage"],"length_m":30,"tags":{"highway":"service","tunnel":"building_passage","oneway":"yes"}}},{"type":"Feature","id":"1257038413","geometry":{"type":"LineString","coordinates":[[80.273607,13.116993],[80.273591,13.116841]]},"properties":{"candidate_id":"1257038413","osm_way_id":1257038413,"name":"","highway":"residential","structure":"none","reasons":["tunnel=building_passage"],"length_m":17,"tags":{"highway":"residential","tunnel":"building_passage"}}},{"type":"Feature","id":"1257648494","geometry":{"type":"LineString","coordinates":[[80.244716,13.099953],[80.244674,13.099864]]},"properties":{"candidate_id":"1257648494","osm_way_id":1257648494,"name":"","highway":"residential","structure":"low_bridge","reasons":["bridge_over_water"],"length_m":11,"tags":{"highway":"residential","bridge":"yes","layer":"1"}}},{"type":"Feature","id":"1261367097-x1","geometry":{"type":"LineString","coordinates":[[80.264417,13.097097],[80.264413,13.097216]]},"properties":{"candidate_id":"1261367097-x1","osm_way_id":1261367097,"name":"3rd Street","highway":"residential","structure":"dip","reasons":["waterway_crossing"],"length_m":107,"tags":{"name":"3rd Street","highway":"residential"},"crossing":"drain#30981164"}},{"type":"Feature","id":"1261397618","geometry":{"type":"LineString","coordinates":[[80.26925,13.068296],[80.268623,13.068465]]},"properties":{"candidate_id":"1261397618","osm_way_id":1261397618,"name":"Harris Bridge","highway":"secondary","structure":"low_bridge","reasons":["bridge_over_water"],"length_m":70,"tags":{"name":"Harris Bridge","highway":"secondary","bridge":"yes","layer":"1","oneway":"yes","surface":"asphalt","lanes":"2"}}},{"type":"Feature","id":"1265698822-x1","geometry":{"type":"LineString","coordinates":[[80.242467,12.97877],[80.242539,12.978707]]},"properties":{"candidate_id":"1265698822-x1","osm_way_id":1265698822,"name":"","highway":"residential","structure":"underpass","reasons":["under_rail_bridge"],"length_m":57,"tags":{"highway":"residential"},"crossing":"railway#235920568"}},{"type":"Feature","id":"1265698822-x2","geometry":{"type":"LineString","coordinates":[[80.242539,12.978707],[80.242593,12.978597]]},"properties":{"candidate_id":"1265698822-x2","osm_way_id":1265698822,"name":"","highway":"residential","structure":"underpass","reasons":["under_rail_bridge"],"length_m":57,"tags":{"highway":"residential"},"crossing":"railway#59909721"}},{"type":"Feature","id":"1266408541","geometry":{"type":"LineString","coordinates":[[80.242427,13.085032],[80.242277,13.085168]]},"properties":{"candidate_id":"1266408541","osm_way_id":1266408541,"name":"","highway":"residential","structure":"low_bridge","reasons":["bridge_over_water"],"length_m":22,"tags":{"highway":"residential","bridge":"yes","layer":"1"}}},{"type":"Feature","id":"1267104177-x1","geometry":{"type":"LineString","coordinates":[[80.249833,12.99443],[80.250124,12.994467]]},"properties":{"candidate_id":"1267104177-x1","osm_way_id":1267104177,"name":"","highway":"tertiary","structure":"underpass","reasons":["under_rail_bridge"],"length_m":32,"tags":{"highway":"tertiary","oneway":"yes"},"crossing":"railway#1201897667"}},{"type":"Feature","id":"1267273644-x1","geometry":{"type":"LineString","coordinates":[[80.214179,12.991803],[80.214556,12.991649]]},"properties":{"candidate_id":"1267273644-x1","osm_way_id":1267273644,"name":"","highway":"living_street","structure":"dip","reasons":["waterway_crossing"],"length_m":44,"tags":{"highway":"living_street"},"crossing":"drain:Raj Bhavan Canal#102580554"}},{"type":"Feature","id":"1267273645-x1","geometry":{"type":"LineString","coordinates":[[80.214623,12.991814],[80.214229,12.991969]]},"properties":{"candidate_id":"1267273645-x1","osm_way_id":1267273645,"name":"","highway":"living_street","structure":"dip","reasons":["waterway_crossing"],"length_m":46,"tags":{"highway":"living_street"},"crossing":"drain:Raj Bhavan Canal#102580554"}},{"type":"Feature","id":"1267273646-x1","geometry":{"type":"LineString","coordinates":[[80.214465,12.991425],[80.214096,12.991585]]},"properties":{"candidate_id":"1267273646-x1","osm_way_id":1267273646,"name":"","highway":"living_street","structure":"dip","reasons":["waterway_crossing"],"length_m":44,"tags":{"highway":"living_street"},"crossing":"drain:Raj Bhavan Canal#102580554"}},{"type":"Feature","id":"1267273647-x1","geometry":{"type":"LineString","coordinates":[[80.214298,12.99218],[80.214339,12.992167]]},"properties":{"candidate_id":"1267273647-x1","osm_way_id":1267273647,"name":"","highway":"living_street","structure":"dip","reasons":["waterway_crossing"],"length_m":72,"tags":{"highway":"living_street"},"crossing":"drain:Raj Bhavan Canal#102580554"}},{"type":"Feature","id":"1267284682-x1","geometry":{"type":"LineString","coordinates":[[80.21828,12.985492],[80.217245,12.985875]]},"properties":{"candidate_id":"1267284682-x1","osm_way_id":1267284682,"name":"Sakthi Vijayalkshmi Road","highway":"residential","structure":"culvert","reasons":["waterway_crossing"],"length_m":140,"tags":{"name":"Sakthi Vijayalkshmi Road","highway":"residential"},"crossing":"canal:drain path#103716694"}},{"type":"Feature","id":"1267284683-x1","geometry":{"type":"LineString","coordinates":[[80.216972,12.986437],[80.217986,12.986174]]},"properties":{"candidate_id":"1267284683-x1","osm_way_id":1267284683,"name":"Sasi Nagar Road","highway":"residential","structure":"culvert","reasons":["waterway_crossing"],"length_m":138,"tags":{"name":"Sasi Nagar Road","highway":"residential"},"crossing":"canal:drain path#103716694"}},{"type":"Feature","id":"1267312991-x1","geometry":{"type":"LineString","coordinates":[[80.213716,13.130492],[80.21381,13.130632]]},"properties":{"candidate_id":"1267312991-x1","osm_way_id":1267312991,"name":"","highway":"tertiary","structure":"dip","reasons":["waterway_crossing"],"length_m":478,"tags":{"highway":"tertiary","oneway":"yes"},"crossing":"drain#1205852871"}},{"type":"Feature","id":"1267319774","geometry":{"type":"LineString","coordinates":[[80.240964,13.072403],[80.241153,13.072492]]},"properties":{"candidate_id":"1267319774","osm_way_id":1267319774,"name":"","highway":"tertiary","structure":"underpass","reasons":["layer<0"],"length_m":23,"tags":{"highway":"tertiary","layer":"-1","oneway":"yes"}}},{"type":"Feature","id":"1267322204-x1","geometry":{"type":"LineString","coordinates":[[80.092427,12.90871],[80.092426,12.908746]]},"properties":{"candidate_id":"1267322204-x1","osm_way_id":1267322204,"name":"","highway":"secondary","structure":"culvert","reasons":["waterway_crossing"],"length_m":37,"tags":{"highway":"secondary"},"crossing":"drain#1185985043"}},{"type":"Feature","id":"1267715399","geometry":{"type":"LineString","coordinates":[[80.233274,13.085799],[80.233282,13.085898]]},"properties":{"candidate_id":"1267715399","osm_way_id":1267715399,"name":"","highway":"residential","structure":"low_bridge","reasons":["bridge_over_water"],"length_m":11,"tags":{"highway":"residential","bridge":"yes","layer":"1"}}},{"type":"Feature","id":"1267715402","geometry":{"type":"LineString","coordinates":[[80.239797,13.084913],[80.239811,13.085013]]},"properties":{"candidate_id":"1267715402","osm_way_id":1267715402,"name":"","highway":"residential","structure":"low_bridge","reasons":["bridge_over_water"],"length_m":11,"tags":{"highway":"residential","bridge":"yes","layer":"1"}}},{"type":"Feature","id":"1268086890-x1","geometry":{"type":"LineString","coordinates":[[80.275379,13.043385],[80.276111,13.043349]]},"properties":{"candidate_id":"1268086890-x1","osm_way_id":1268086890,"name":"Dr Radhakrishnan Salai","highway":"primary","structure":"underpass","reasons":["under_rail_bridge"],"length_m":120,"tags":{"name":"Dr Radhakrishnan Salai","highway":"primary","oneway":"yes"},"crossing":"railway#549727227"}},{"type":"Feature","id":"1268086893-x1","geometry":{"type":"LineString","coordinates":[[80.276618,13.043284],[80.275512,13.043318]]},"properties":{"candidate_id":"1268086893-x1","osm_way_id":1268086893,"name":"Dr Radhakrishnan Salai","highway":"primary","structure":"underpass","reasons":["under_rail_bridge"],"length_m":123,"tags":{"name":"Dr Radhakrishnan Salai","highway":"primary","oneway":"yes"},"crossing":"railway#549727227"}},{"type":"Feature","id":"1268086893-x2","geometry":{"type":"LineString","coordinates":[[80.276658,13.043282],[80.275552,13.043316]]},"properties":{"candidate_id":"1268086893-x2","osm_way_id":1268086893,"name":"Dr Radhakrishnan Salai","highway":"primary","structure":"underpass","reasons":["under_rail_bridge"],"length_m":123,"tags":{"name":"Dr Radhakrishnan Salai","highway":"primary","oneway":"yes"},"crossing":"railway#549727260"}},{"type":"Feature","id":"1268935211","geometry":{"type":"LineString","coordinates":[[80.248658,13.108459],[80.248734,13.108459]]},"properties":{"candidate_id":"1268935211","osm_way_id":1268935211,"name":"","highway":"service","structure":"none","reasons":["tunnel=building_passage"],"length_m":8,"tags":{"highway":"service","tunnel":"building_passage","oneway":"yes"}}},{"type":"Feature","id":"1269261311","geometry":{"type":"LineString","coordinates":[[80.226462,13.057601],[80.226298,13.057614]]},"properties":{"candidate_id":"1269261311","osm_way_id":1269261311,"name":"","highway":"residential","structure":"low_bridge","reasons":["bridge_over_water"],"length_m":18,"tags":{"highway":"residential","bridge":"yes","layer":"1"}}},{"type":"Feature","id":"1270797553","geometry":{"type":"LineString","coordinates":[[80.214588,12.993506],[80.214536,12.993535]]},"properties":{"candidate_id":"1270797553","osm_way_id":1270797553,"name":"VPK Street","highway":"residential","structure":"low_bridge","reasons":["bridge_over_water"],"length_m":6,"tags":{"name":"VPK Street","highway":"residential","bridge":"yes","layer":"1"}}},{"type":"Feature","id":"1271353037-x1","geometry":{"type":"LineString","coordinates":[[80.060126,12.861779],[80.060208,12.86177]]},"properties":{"candidate_id":"1271353037-x1","osm_way_id":1271353037,"name":"","highway":"residential","structure":"dip","reasons":["waterway_crossing"],"length_m":40,"tags":{"highway":"residential"},"crossing":"stream#202471914"}},{"type":"Feature","id":"1271366322-x1","geometry":{"type":"LineString","coordinates":[[80.154348,13.244208],[80.15387,13.245187]]},"properties":{"candidate_id":"1271366322-x1","osm_way_id":1271366322,"name":"Sholavaram Bypass","highway":"trunk","structure":"culvert","reasons":["waterway_crossing"],"length_m":1063,"tags":{"name":"Sholavaram Bypass","ref":"NH16","highway":"trunk","oneway":"yes","surface":"asphalt","lanes":"3"},"crossing":"stream#637279655"}},{"type":"Feature","id":"1271366324-x1","geometry":{"type":"LineString","coordinates":[[80.153961,13.245361],[80.154445,13.244384]]},"properties":{"candidate_id":"1271366324-x1","osm_way_id":1271366324,"name":"Sholavaram Bypass","highway":"trunk","structure":"culvert","reasons":["waterway_crossing"],"length_m":1053,"tags":{"name":"Sholavaram Bypass","ref":"NH16","highway":"trunk","oneway":"yes","surface":"asphalt","lanes":"3"},"crossing":"stream#637279655"}},{"type":"Feature","id":"1271974040","geometry":{"type":"LineString","coordinates":[[80.183239,13.110168],[80.183234,13.110109]]},"properties":{"candidate_id":"1271974040","osm_way_id":1271974040,"name":"","highway":"residential","structure":"low_bridge","reasons":["bridge_over_water"],"length_m":6,"tags":{"highway":"residential","bridge":"yes","layer":"1"}}},{"type":"Feature","id":"1272361034","geometry":{"type":"LineString","coordinates":[[80.256676,13.070827],[80.256649,13.070831]]},"properties":{"candidate_id":"1272361034","osm_way_id":1272361034,"name":"","highway":"service","structure":"none","reasons":["tunnel=building_passage"],"length_m":3,"tags":{"highway":"service","tunnel":"building_passage"}}},{"type":"Feature","id":"1272651208","geometry":{"type":"LineString","coordinates":[[80.123925,13.004581],[80.123938,13.004523]]},"properties":{"candidate_id":"1272651208","osm_way_id":1272651208,"name":"","highway":"service","structure":"low_bridge","reasons":["bridge_over_water"],"length_m":7,"tags":{"highway":"service","bridge":"yes","layer":"1"}}},{"type":"Feature","id":"1273062667","geometry":{"type":"LineString","coordinates":[[80.129361,13.005194],[80.129302,13.005205]]},"properties":{"candidate_id":"1273062667","osm_way_id":1273062667,"name":"","highway":"residential","structure":"low_bridge","reasons":["bridge_over_water"],"length_m":7,"tags":{"highway":"residential","bridge":"yes","layer":"1"}}},{"type":"Feature","id":"1273334384","geometry":{"type":"LineString","coordinates":[[80.204426,12.930402],[80.204212,12.930453],[80.204198,12.930446],[80.204187,12.930435],[80.204117,12.930129]]},"properties":{"candidate_id":"1273334384","osm_way_id":1273334384,"name":"","highway":"residential","structure":"underpass","reasons":["layer<0"],"length_m":62,"tags":{"highway":"residential","layer":"-1"}}},{"type":"Feature","id":"1273592670-x1","geometry":{"type":"LineString","coordinates":[[80.200364,13.135374],[80.200738,13.135376]]},"properties":{"candidate_id":"1273592670-x1","osm_way_id":1273592670,"name":"Vanavan Nagar 1st Street","highway":"residential","structure":"dip","reasons":["waterway_crossing"],"length_m":41,"tags":{"name":"Vanavan Nagar 1st Street","highway":"residential"},"crossing":"drain#1089517860"}},{"type":"Feature","id":"1274318304","geometry":{"type":"LineString","coordinates":[[80.054614,12.865766],[80.054701,12.865752]]},"properties":{"candidate_id":"1274318304","osm_way_id":1274318304,"name":"","highway":"residential","structure":"low_bridge","reasons":["bridge_over_water"],"length_m":10,"tags":{"highway":"residential","bridge":"yes","layer":"1","oneway":"yes"}}},{"type":"Feature","id":"1274372351","geometry":{"type":"LineString","coordinates":[[80.177602,13.200694],[80.1778,13.200803]]},"properties":{"candidate_id":"1274372351","osm_way_id":1274372351,"name":"","highway":"residential","structure":"underpass","reasons":["tunnel=yes","layer<0"],"length_m":25,"tags":{"highway":"residential","tunnel":"yes","layer":"-1","surface":"concrete","lanes":"1"}}},{"type":"Feature","id":"1274817384-x1","geometry":{"type":"LineString","coordinates":[[80.266907,13.097294],[80.266317,13.097431]]},"properties":{"candidate_id":"1274817384-x1","osm_way_id":1274817384,"name":"","highway":"residential","structure":"dip","reasons":["waterway_crossing"],"length_m":101,"tags":{"highway":"residential"},"crossing":"drain#30981164"}},{"type":"Feature","id":"1279250351","geometry":{"type":"LineString","coordinates":[[80.226606,12.873803],[80.226069,12.873872]]},"properties":{"candidate_id":"1279250351","osm_way_id":1279250351,"name":"","highway":"residential","structure":"underpass","reasons":["layer<0"],"length_m":59,"tags":{"highway":"residential","layer":"-1"}}},{"type":"Feature","id":"1281252905","geometry":{"type":"LineString","coordinates":[[80.273447,13.071461],[80.273443,13.071401]]},"properties":{"candidate_id":"1281252905","osm_way_id":1281252905,"name":"","highway":"service","structure":"none","reasons":["tunnel=building_passage"],"length_m":7,"tags":{"highway":"service","tunnel":"building_passage"}}},{"type":"Feature","id":"1281948732","geometry":{"type":"LineString","coordinates":[[80.226214,13.059384],[80.226117,13.059399]]},"properties":{"candidate_id":"1281948732","osm_way_id":1281948732,"name":"","highway":"residential","structure":"low_bridge","reasons":["bridge_over_water"],"length_m":11,"tags":{"highway":"residential","bridge":"yes","layer":"1"}}},{"type":"Feature","id":"1282455632-x1","geometry":{"type":"LineString","coordinates":[[80.195859,13.12437],[80.19612,13.124542]]},"properties":{"candidate_id":"1282455632-x1","osm_way_id":1282455632,"name":"","highway":"tertiary","structure":"dip","reasons":["waterway_crossing"],"length_m":34,"tags":{"highway":"tertiary","surface":"mud"},"crossing":"drain#1283482447"}},{"type":"Feature","id":"1284335430-x1","geometry":{"type":"LineString","coordinates":[[80.154024,13.245476],[80.154505,13.244498]]},"properties":{"candidate_id":"1284335430-x1","osm_way_id":1284335430,"name":"","highway":"tertiary","structure":"culvert","reasons":["waterway_crossing"],"length_m":1039,"tags":{"highway":"tertiary","oneway":"yes"},"crossing":"stream#637279655"}},{"type":"Feature","id":"1284335431","geometry":{"type":"LineString","coordinates":[[80.155826,13.240967],[80.156179,13.241121]]},"properties":{"candidate_id":"1284335431","osm_way_id":1284335431,"name":"","highway":"tertiary","structure":"underpass","reasons":["tunnel=yes","layer<0"],"length_m":42,"tags":{"highway":"tertiary","tunnel":"yes","layer":"-1"}}},{"type":"Feature","id":"1284526463","geometry":{"type":"LineString","coordinates":[[80.216734,13.065609],[80.216848,13.065566]]},"properties":{"candidate_id":"1284526463","osm_way_id":1284526463,"name":"","highway":"living_street","structure":"low_bridge","reasons":["bridge_over_water"],"length_m":13,"tags":{"highway":"living_street","bridge":"yes","layer":"1"}}},{"type":"Feature","id":"1285178555-x1","geometry":{"type":"LineString","coordinates":[[80.200632,13.124407],[80.2006,13.123909]]},"properties":{"candidate_id":"1285178555-x1","osm_way_id":1285178555,"name":"","highway":"residential","structure":"dip","reasons":["waterway_crossing"],"length_m":55,"tags":{"highway":"residential"},"crossing":"drain#1287938300"}},{"type":"Feature","id":"1285509876","geometry":{"type":"LineString","coordinates":[[80.18537,12.993377],[80.18531,12.993389],[80.185246,12.993408],[80.185184,12.993437]]},"properties":{"candidate_id":"1285509876","osm_way_id":1285509876,"name":"","highway":"service","structure":"none","reasons":["tunnel=building_passage"],"length_m":21,"tags":{"highway":"service","tunnel":"building_passage"}}},{"type":"Feature","id":"1286215853","geometry":{"type":"LineString","coordinates":[[80.231002,13.086702],[80.231036,13.086803]]},"properties":{"candidate_id":"1286215853","osm_way_id":1286215853,"name":"Palliarasan street","highway":"residential","structure":"low_bridge","reasons":["bridge_over_water"],"length_m":12,"tags":{"name":"Palliarasan street","highway":"residential","bridge":"yes","layer":"1","surface":"asphalt"}}},{"type":"Feature","id":"1286215855","geometry":{"type":"LineString","coordinates":[[80.226307,13.089895],[80.226078,13.089688]]},"properties":{"candidate_id":"1286215855","osm_way_id":1286215855,"name":"VOC Nagar Main Road","highway":"residential","structure":"low_bridge","reasons":["bridge_over_water"],"length_m":34,"tags":{"name":"VOC Nagar Main Road","highway":"residential","bridge":"yes","layer":"1"}}},{"type":"Feature","id":"1286510822","geometry":{"type":"LineString","coordinates":[[80.269317,13.104682],[80.269203,13.104703]]},"properties":{"candidate_id":"1286510822","osm_way_id":1286510822,"name":"","highway":"service","structure":"low_bridge","reasons":["bridge_over_water"],"length_m":13,"tags":{"highway":"service","bridge":"yes","layer":"1"}}},{"type":"Feature","id":"1286532806","geometry":{"type":"LineString","coordinates":[[80.248843,13.122169],[80.248846,13.122168],[80.248975,13.122037]]},"properties":{"candidate_id":"1286532806","osm_way_id":1286532806,"name":"","highway":"living_street","structure":"low_bridge","reasons":["bridge_over_water"],"length_m":21,"tags":{"highway":"living_street","bridge":"yes","layer":"1"}}},{"type":"Feature","id":"1286649092","geometry":{"type":"LineString","coordinates":[[80.202795,13.033128],[80.202978,13.033089]]},"properties":{"candidate_id":"1286649092","osm_way_id":1286649092,"name":"","highway":"service","structure":"low_bridge","reasons":["bridge_over_water"],"length_m":20,"tags":{"highway":"service","bridge":"yes","layer":"1"}}},{"type":"Feature","id":"1286650363","geometry":{"type":"LineString","coordinates":[[80.139612,12.932876],[80.139252,12.93305],[80.138663,12.933136]]},"properties":{"candidate_id":"1286650363","osm_way_id":1286650363,"name":"Kulothungan Street","highway":"residential","structure":"underpass","reasons":["layer<0"],"length_m":108,"tags":{"name":"Kulothungan Street","highway":"residential","layer":"-1"}}},{"type":"Feature","id":"1286812567","geometry":{"type":"LineString","coordinates":[[80.232222,13.101381],[80.232228,13.101411]]},"properties":{"candidate_id":"1286812567","osm_way_id":1286812567,"name":"","highway":"service","structure":"none","reasons":["tunnel=building_passage"],"length_m":3,"tags":{"highway":"service","tunnel":"building_passage","oneway":"yes"}}},{"type":"Feature","id":"1286812568","geometry":{"type":"LineString","coordinates":[[80.232251,13.10095],[80.23219,13.100962]]},"properties":{"candidate_id":"1286812568","osm_way_id":1286812568,"name":"","highway":"service","structure":"none","reasons":["tunnel=building_passage"],"length_m":7,"tags":{"highway":"service","tunnel":"building_passage","oneway":"yes"}}},{"type":"Feature","id":"1286817172","geometry":{"type":"LineString","coordinates":[[80.255018,12.979903],[80.255048,12.979896]]},"properties":{"candidate_id":"1286817172","osm_way_id":1286817172,"name":"","highway":"service","structure":"none","reasons":["tunnel=building_passage"],"length_m":3,"tags":{"highway":"service","tunnel":"building_passage"}}},{"type":"Feature","id":"1286817173","geometry":{"type":"LineString","coordinates":[[80.282725,13.061585],[80.282623,13.061611],[80.282495,13.061635]]},"properties":{"candidate_id":"1286817173","osm_way_id":1286817173,"name":"Chepauk Railway Street","highway":"service","structure":"none","reasons":["tunnel=building_passage"],"length_m":26,"tags":{"name":"Chepauk Railway Street","highway":"service","tunnel":"building_passage"}}},{"type":"Feature","id":"1286817175","geometry":{"type":"LineString","coordinates":[[80.231542,13.010645],[80.231572,13.010778]]},"properties":{"candidate_id":"1286817175","osm_way_id":1286817175,"name":"","highway":"service","structure":"none","reasons":["tunnel=building_passage"],"length_m":15,"tags":{"highway":"service","tunnel":"building_passage","oneway":"no","lanes":"1"}}},{"type":"Feature","id":"1286834230","geometry":{"type":"LineString","coordinates":[[80.2175,12.968011],[80.217342,12.968082]]},"properties":{"candidate_id":"1286834230","osm_way_id":1286834230,"name":"Inner Ring Road (Southern Sector)","highway":"primary","structure":"low_bridge","reasons":["bridge_over_water"],"length_m":19,"tags":{"name":"Inner Ring Road (Southern Sector)","ref":"SH2A","highway":"primary","bridge":"yes","layer":"1","oneway":"yes","surface":"asphalt","lanes":"2"}}},{"type":"Feature","id":"1286834233","geometry":{"type":"LineString","coordinates":[[80.217367,12.968143],[80.217513,12.968078]]},"properties":{"candidate_id":"1286834233","osm_way_id":1286834233,"name":"Inner Ring Road (Southern Sector)","highway":"primary","structure":"low_bridge","reasons":["bridge_over_water"],"length_m":17,"tags":{"name":"Inner Ring Road (Southern Sector)","ref":"SH2A","highway":"primary","bridge":"yes","layer":"1","oneway":"yes","surface":"asphalt","lanes":"2"}}},{"type":"Feature","id":"1286834234","geometry":{"type":"LineString","coordinates":[[80.217227,12.967422],[80.217091,12.967498]]},"properties":{"candidate_id":"1286834234","osm_way_id":1286834234,"name":"Inner Ring Road (Southern Sector)","highway":"primary","structure":"low_bridge","reasons":["bridge_over_water"],"length_m":17,"tags":{"name":"Inner Ring Road (Southern Sector)","ref":"SH2A","highway":"primary","bridge":"yes","layer":"1","oneway":"yes","surface":"asphalt","lanes":"2"}}},{"type":"Feature","id":"1286834236","geometry":{"type":"LineString","coordinates":[[80.217125,12.967552],[80.217281,12.967484]]},"properties":{"candidate_id":"1286834236","osm_way_id":1286834236,"name":"Inner Ring Road (Southern Sector)","highway":"primary","structure":"low_bridge","reasons":["bridge_over_water"],"length_m":18,"tags":{"name":"Inner Ring Road (Southern Sector)","ref":"SH2A","highway":"primary","bridge":"yes","layer":"1","oneway":"yes","surface":"asphalt","lanes":"2"}}},{"type":"Feature","id":"1287340189","geometry":{"type":"LineString","coordinates":[[80.271998,13.21392],[80.271925,13.213931]]},"properties":{"candidate_id":"1287340189","osm_way_id":1287340189,"name":"","highway":"tertiary_link","structure":"underpass","reasons":["tunnel=yes","layer<0"],"length_m":8,"tags":{"highway":"tertiary_link","tunnel":"yes","layer":"-1"}}},{"type":"Feature","id":"1287340191","geometry":{"type":"LineString","coordinates":[[80.271911,13.213933],[80.271838,13.213945]]},"properties":{"candidate_id":"1287340191","osm_way_id":1287340191,"name":"","highway":"tertiary_link","structure":"underpass","reasons":["tunnel=yes","layer<0"],"length_m":8,"tags":{"highway":"tertiary_link","tunnel":"yes","layer":"-1"}}},{"type":"Feature","id":"1287340192","geometry":{"type":"LineString","coordinates":[[80.271925,13.213931],[80.271911,13.213933]]},"properties":{"candidate_id":"1287340192","osm_way_id":1287340192,"name":"","highway":"tertiary_link","structure":"underpass","reasons":["tunnel=yes","layer<0"],"length_m":2,"tags":{"highway":"tertiary_link","tunnel":"yes","layer":"-1"}}},{"type":"Feature","id":"1288453453","geometry":{"type":"LineString","coordinates":[[80.259786,13.070159],[80.2597,13.070256]]},"properties":{"candidate_id":"1288453453","osm_way_id":1288453453,"name":"","highway":"service","structure":"underpass","reasons":["tunnel=yes","layer<0"],"length_m":14,"tags":{"highway":"service","tunnel":"yes","layer":"-1","oneway":"yes"}}},{"type":"Feature","id":"1288582929","geometry":{"type":"LineString","coordinates":[[80.193191,13.134203],[80.193223,13.13396]]},"properties":{"candidate_id":"1288582929","osm_way_id":1288582929,"name":"","highway":"secondary","structure":"low_bridge","reasons":["bridge_over_water"],"length_m":27,"tags":{"highway":"secondary","bridge":"yes","layer":"1","lanes":"2"}}},{"type":"Feature","id":"1288635096-x1","geometry":{"type":"LineString","coordinates":[[80.203099,13.146868],[80.204021,13.147247]]},"properties":{"candidate_id":"1288635096-x1","osm_way_id":1288635096,"name":"Chennai Bypass","highway":"trunk","structure":"dip","reasons":["waterway_crossing"],"length_m":108,"tags":{"name":"Chennai Bypass","highway":"trunk","oneway":"yes","lanes":"3"},"crossing":"drain#911275610"}},{"type":"Feature","id":"1288635098","geometry":{"type":"LineString","coordinates":[[80.203432,13.146862],[80.202468,13.146501]]},"properties":{"candidate_id":"1288635098","osm_way_id":1288635098,"name":"Chennai Bypass","highway":"trunk","structure":"low_bridge","reasons":["bridge_over_water"],"length_m":112,"tags":{"name":"Chennai Bypass","highway":"trunk","bridge":"yes","layer":"1","oneway":"yes","lanes":"3"}}},{"type":"Feature","id":"1288635123","geometry":{"type":"LineString","coordinates":[[80.199704,13.119435],[80.199889,13.119176],[80.199921,13.119134]]},"properties":{"candidate_id":"1288635123","osm_way_id":1288635123,"name":"","highway":"tertiary","structure":"low_bridge","reasons":["bridge_over_water"],"length_m":41,"tags":{"highway":"tertiary","bridge":"yes","layer":"1","oneway":"yes"}}},{"type":"Feature","id":"1288635126-x1","geometry":{"type":"LineString","coordinates":[[80.199198,13.12026],[80.199291,13.120375]]},"properties":{"candidate_id":"1288635126-x1","osm_way_id":1288635126,"name":"","highway":"secondary","structure":"culvert","reasons":["waterway_crossing"],"length_m":33,"tags":{"highway":"secondary","oneway":"yes"},"crossing":"drain#1282455640"}},{"type":"Feature","id":"1288869998","geometry":{"type":"LineString","coordinates":[[80.230861,13.028986],[80.230783,13.029603],[80.230715,13.030396],[80.230688,13.030898],[80.230614,13.031715],[80.230555,13.032519],[80.230446,13.033998],[80.230314,13.034744]]},"properties":{"candidate_id":"1288869998","osm_way_id":1288869998,"name":"","highway":"secondary","structure":"low_bridge","reasons":["bridge_over_water"],"length_m":640,"tags":{"highway":"secondary","bridge":"yes","layer":"1","oneway":"no"}}},{"type":"Feature","id":"1288905130","geometry":{"type":"LineString","coordinates":[[80.154242,13.249603],[80.154325,13.249608]]},"properties":{"candidate_id":"1288905130","osm_way_id":1288905130,"name":"","highway":"residential","structure":"low_bridge","reasons":["bridge_over_water"],"length_m":9,"tags":{"highway":"residential","bridge":"yes","layer":"1"}}},{"type":"Feature","id":"1289048154","geometry":{"type":"LineString","coordinates":[[80.151329,12.936619],[80.151329,12.936533]]},"properties":{"candidate_id":"1289048154","osm_way_id":1289048154,"name":"","highway":"residential","structure":"low_bridge","reasons":["bridge_over_water"],"length_m":10,"tags":{"highway":"residential","bridge":"yes","layer":"1"}}},{"type":"Feature","id":"1289048156","geometry":{"type":"LineString","coordinates":[[80.15177,12.936219],[80.151766,12.9363]]},"properties":{"candidate_id":"1289048156","osm_way_id":1289048156,"name":"","highway":"tertiary","structure":"low_bridge","reasons":["bridge_over_water"],"length_m":9,"tags":{"highway":"tertiary","bridge":"yes","layer":"1"}}},{"type":"Feature","id":"1289269135-x1","geometry":{"type":"LineString","coordinates":[[80.200722,13.131412],[80.200739,13.131467]]},"properties":{"candidate_id":"1289269135-x1","osm_way_id":1289269135,"name":"","highway":"residential","structure":"dip","reasons":["waterway_crossing"],"length_m":6,"tags":{"highway":"residential"},"crossing":"drain#1289269136"}},{"type":"Feature","id":"1289269142","geometry":{"type":"LineString","coordinates":[[80.19691,13.142875],[80.197612,13.143512]]},"properties":{"candidate_id":"1289269142","osm_way_id":1289269142,"name":"","highway":"tertiary","structure":"low_bridge","reasons":["bridge_over_water"],"length_m":104,"tags":{"highway":"tertiary","bridge":"yes","layer":"1"}}},{"type":"Feature","id":"1289269144","geometry":{"type":"LineString","coordinates":[[80.197624,13.143735],[80.196833,13.142974]]},"properties":{"candidate_id":"1289269144","osm_way_id":1289269144,"name":"Chennai Bypass","highway":"trunk","structure":"low_bridge","reasons":["bridge_over_water"],"length_m":120,"tags":{"name":"Chennai Bypass","highway":"trunk","bridge":"yes","layer":"1","oneway":"yes","lanes":"3"}}},{"type":"Feature","id":"1289269146","geometry":{"type":"LineString","coordinates":[[80.197252,13.143576],[80.197754,13.14407]]},"properties":{"candidate_id":"1289269146","osm_way_id":1289269146,"name":"Chennai Bypass","highway":"trunk","structure":"low_bridge","reasons":["bridge_over_water"],"length_m":77,"tags":{"name":"Chennai Bypass","highway":"trunk","bridge":"yes","layer":"1","oneway":"yes","lanes":"3"}}},{"type":"Feature","id":"1289269148","geometry":{"type":"LineString","coordinates":[[80.197542,13.144039],[80.197606,13.1441]]},"properties":{"candidate_id":"1289269148","osm_way_id":1289269148,"name":"","highway":"tertiary","structure":"low_bridge","reasons":["bridge_over_water"],"length_m":10,"tags":{"highway":"tertiary","bridge":"yes","layer":"1"}}},{"type":"Feature","id":"1290286333-x1","geometry":{"type":"LineString","coordinates":[[80.198797,13.125509],[80.198801,13.125741]]},"properties":{"candidate_id":"1290286333-x1","osm_way_id":1290286333,"name":"","highway":"residential","structure":"dip","reasons":["waterway_crossing"],"length_m":27,"tags":{"highway":"residential"},"crossing":"drain#1285452582"}},{"type":"Feature","id":"1290286343-x1","geometry":{"type":"LineString","coordinates":[[80.198314,13.126432],[80.198067,13.126471]]},"properties":{"candidate_id":"1290286343-x1","osm_way_id":1290286343,"name":"","highway":"residential","structure":"dip","reasons":["waterway_crossing"],"length_m":84,"tags":{"highway":"residential"},"crossing":"drain#1288582911"}},{"type":"Feature","id":"1292070437-x1","geometry":{"type":"LineString","coordinates":[[80.258879,13.093771],[80.258894,13.09406]]},"properties":{"candidate_id":"1292070437-x1","osm_way_id":1292070437,"name":"Perambur Barracks Salai","highway":"secondary","structure":"dip","reasons":["waterway_crossing"],"length_m":97,"tags":{"name":"Perambur Barracks Salai","highway":"secondary","surface":"asphalt","lanes":"2"},"crossing":"drain#30981164"}},{"type":"Feature","id":"1292795831-x1","geometry":{"type":"LineString","coordinates":[[80.198594,13.128666],[80.198783,13.128683]]},"properties":{"candidate_id":"1292795831-x1","osm_way_id":1292795831,"name":"","highway":"residential","structure":"dip","reasons":["waterway_crossing"],"length_m":138,"tags":{"highway":"residential","surface":"asphalt"},"crossing":"drain#1288582911"}},{"type":"Feature","id":"1292795831-x2","geometry":{"type":"LineString","coordinates":[[80.19895,13.128706],[80.198959,13.129256]]},"properties":{"candidate_id":"1292795831-x2","osm_way_id":1292795831,"name":"","highway":"residential","structure":"dip","reasons":["waterway_crossing"],"length_m":138,"tags":{"highway":"residential","surface":"asphalt"},"crossing":"drain#1289814517"}},{"type":"Feature","id":"1292795831-x3","geometry":{"type":"LineString","coordinates":[[80.19895,13.128706],[80.198959,13.129256]]},"properties":{"candidate_id":"1292795831-x3","osm_way_id":1292795831,"name":"","highway":"residential","structure":"dip","reasons":["waterway_crossing"],"length_m":138,"tags":{"highway":"residential","surface":"asphalt"},"crossing":"drain#1290230927"}},{"type":"Feature","id":"1296797439-x1","geometry":{"type":"LineString","coordinates":[[80.250103,13.07854],[80.250092,13.078633]]},"properties":{"candidate_id":"1296797439-x1","osm_way_id":1296797439,"name":"","highway":"service","structure":"dip","reasons":["waterway_crossing"],"length_m":22,"tags":{"highway":"service"},"crossing":"drain#217696076"}},{"type":"Feature","id":"1296798332-x1","geometry":{"type":"LineString","coordinates":[[80.251062,13.078672],[80.251058,13.078592]]},"properties":{"candidate_id":"1296798332-x1","osm_way_id":1296798332,"name":"","highway":"service","structure":"dip","reasons":["waterway_crossing"],"length_m":60,"tags":{"highway":"service"},"crossing":"drain#217696076"}},{"type":"Feature","id":"1296798333-x1","geometry":{"type":"LineString","coordinates":[[80.25171,13.078544],[80.251567,13.078543]]},"properties":{"candidate_id":"1296798333-x1","osm_way_id":1296798333,"name":"","highway":"service","structure":"dip","reasons":["waterway_crossing"],"length_m":16,"tags":{"highway":"service"},"crossing":"drain#217696076"}},{"type":"Feature","id":"1298047642-x1","geometry":{"type":"LineString","coordinates":[[80.201198,13.131116],[80.201101,13.130668]]},"properties":{"candidate_id":"1298047642-x1","osm_way_id":1298047642,"name":"","highway":"residential","structure":"dip","reasons":["waterway_crossing"],"length_m":51,"tags":{"highway":"residential"},"crossing":"drain#1285521229"}},{"type":"Feature","id":"1298049630-x1","geometry":{"type":"LineString","coordinates":[[80.201785,13.130044],[80.201814,13.130367]]},"properties":{"candidate_id":"1298049630-x1","osm_way_id":1298049630,"name":"","highway":"residential","structure":"dip","reasons":["waterway_crossing"],"length_m":100,"tags":{"highway":"residential"},"crossing":"drain#1089712389"}},{"type":"Feature","id":"1298049630-x2","geometry":{"type":"LineString","coordinates":[[80.201857,13.130418],[80.202361,13.13055]]},"properties":{"candidate_id":"1298049630-x2","osm_way_id":1298049630,"name":"","highway":"residential","structure":"dip","reasons":["waterway_crossing"],"length_m":100,"tags":{"highway":"residential"},"crossing":"drain#1460011776"}},{"type":"Feature","id":"1298279175","geometry":{"type":"LineString","coordinates":[[80.226542,13.067031],[80.226531,13.067105]]},"properties":{"candidate_id":"1298279175","osm_way_id":1298279175,"name":"","highway":"residential","structure":"low_bridge","reasons":["bridge_over_water"],"length_m":8,"tags":{"highway":"residential","bridge":"yes","layer":"1"}}},{"type":"Feature","id":"1298336243","geometry":{"type":"LineString","coordinates":[[80.20893,12.974855],[80.208957,12.97489]]},"properties":{"candidate_id":"1298336243","osm_way_id":1298336243,"name":"","highway":"service","structure":"low_bridge","reasons":["bridge_over_water"],"length_m":5,"tags":{"highway":"service","bridge":"yes","layer":"1"}}},{"type":"Feature","id":"1298341301","geometry":{"type":"LineString","coordinates":[[80.272658,13.071039],[80.272677,13.071108]]},"properties":{"candidate_id":"1298341301","osm_way_id":1298341301,"name":"","highway":"service","structure":"none","reasons":["tunnel=building_passage"],"length_m":8,"tags":{"highway":"service","tunnel":"building_passage"}}},{"type":"Feature","id":"1298345125-x1","geometry":{"type":"LineString","coordinates":[[80.186881,13.055476],[80.18683,13.05656]]},"properties":{"candidate_id":"1298345125-x1","osm_way_id":1298345125,"name":"","highway":"residential","structure":"culvert","reasons":["waterway_crossing"],"length_m":369,"tags":{"highway":"residential","oneway":"yes","surface":"paved","lanes":"2"},"crossing":"drain:Virugambakkam Canal#1298345130"}},{"type":"Feature","id":"1298345125-x2","geometry":{"type":"LineString","coordinates":[[80.186879,13.056687],[80.187819,13.056701]]},"properties":{"candidate_id":"1298345125-x2","osm_way_id":1298345125,"name":"","highway":"residential","structure":"culvert","reasons":["waterway_crossing"],"length_m":369,"tags":{"highway":"residential","oneway":"yes","surface":"paved","lanes":"2"},"crossing":"drain:Virugambakkam Canal#1298345134"}},{"type":"Feature","id":"1299918374","geometry":{"type":"LineString","coordinates":[[80.245171,13.10498],[80.245109,13.104993]]},"properties":{"candidate_id":"1299918374","osm_way_id":1299918374,"name":"","highway":"residential","structure":"low_bridge","reasons":["bridge_over_water"],"length_m":7,"tags":{"highway":"residential","bridge":"yes","layer":"1"}}},{"type":"Feature","id":"1299918376","geometry":{"type":"LineString","coordinates":[[80.24412,13.105227],[80.244108,13.105171]]},"properties":{"candidate_id":"1299918376","osm_way_id":1299918376,"name":"","highway":"residential","structure":"low_bridge","reasons":["bridge_over_water"],"length_m":6,"tags":{"highway":"residential","bridge":"yes","layer":"1"}}},{"type":"Feature","id":"1300414273","geometry":{"type":"LineString","coordinates":[[80.079541,13.118058],[80.079561,13.118965]]},"properties":{"candidate_id":"1300414273","osm_way_id":1300414273,"name":"","highway":"tertiary","structure":"underpass","reasons":["tunnel=yes","layer<0"],"length_m":100,"tags":{"highway":"tertiary","tunnel":"yes","layer":"-1"}}},{"type":"Feature","id":"1300520854","geometry":{"type":"LineString","coordinates":[[80.135129,13.024361],[80.13513,13.024255]]},"properties":{"candidate_id":"1300520854","osm_way_id":1300520854,"name":"","highway":"residential","structure":"low_bridge","reasons":["bridge_over_water"],"length_m":12,"tags":{"highway":"residential","bridge":"yes","layer":"1"}}},{"type":"Feature","id":"1300521443","geometry":{"type":"LineString","coordinates":[[80.137614,13.023974],[80.137603,13.023875]]},"properties":{"candidate_id":"1300521443","osm_way_id":1300521443,"name":"","highway":"residential","structure":"low_bridge","reasons":["bridge_over_water"],"length_m":11,"tags":{"highway":"residential","bridge":"yes","layer":"1"}}},{"type":"Feature","id":"1300900609-x1","geometry":{"type":"LineString","coordinates":[[80.249875,13.071718],[80.249865,13.071927]]},"properties":{"candidate_id":"1300900609-x1","osm_way_id":1300900609,"name":"","highway":"service","structure":"dip","reasons":["waterway_crossing"],"length_m":52,"tags":{"highway":"service"},"crossing":"drain#217696076"}},{"type":"Feature","id":"1300953988","geometry":{"type":"LineString","coordinates":[[80.160828,13.063059],[80.160827,13.063311]]},"properties":{"candidate_id":"1300953988","osm_way_id":1300953988,"name":"","highway":"tertiary","structure":"low_bridge","reasons":["bridge_over_water"],"length_m":28,"tags":{"highway":"tertiary","bridge":"yes","layer":"1","surface":"asphalt","lanes":"2"}}},{"type":"Feature","id":"1301427052","geometry":{"type":"LineString","coordinates":[[80.262254,13.081245],[80.262394,13.081255]]},"properties":{"candidate_id":"1301427052","osm_way_id":1301427052,"name":"","highway":"service","structure":"none","reasons":["tunnel=building_passage"],"length_m":15,"tags":{"highway":"service","tunnel":"building_passage","oneway":"yes"}}},{"type":"Feature","id":"1301427054","geometry":{"type":"LineString","coordinates":[[80.262431,13.081079],[80.262293,13.081056]]},"properties":{"candidate_id":"1301427054","osm_way_id":1301427054,"name":"","highway":"service","structure":"none","reasons":["tunnel=building_passage"],"length_m":15,"tags":{"highway":"service","tunnel":"building_passage","oneway":"yes"}}},{"type":"Feature","id":"1301447834","geometry":{"type":"LineString","coordinates":[[80.067095,12.85585],[80.06709,12.855832]]},"properties":{"candidate_id":"1301447834","osm_way_id":1301447834,"name":"","highway":"residential","structure":"none","reasons":["tunnel=building_passage"],"length_m":2,"tags":{"highway":"residential","tunnel":"building_passage"}}},{"type":"Feature","id":"1301509806","geometry":{"type":"LineString","coordinates":[[80.174396,12.910116],[80.17437,12.91003]]},"properties":{"candidate_id":"1301509806","osm_way_id":1301509806,"name":"","highway":"residential","structure":"low_bridge","reasons":["bridge_over_water"],"length_m":10,"tags":{"highway":"residential","bridge":"yes","layer":"1"}}},{"type":"Feature","id":"1301677850","geometry":{"type":"LineString","coordinates":[[80.060298,12.917718],[80.060283,12.917644]]},"properties":{"candidate_id":"1301677850","osm_way_id":1301677850,"name":"","highway":"residential","structure":"low_bridge","reasons":["bridge_over_water"],"length_m":8,"tags":{"highway":"residential","bridge":"yes","layer":"1"}}},{"type":"Feature","id":"1301947365","geometry":{"type":"LineString","coordinates":[[80.102177,13.022592],[80.102189,13.022652]]},"properties":{"candidate_id":"1301947365","osm_way_id":1301947365,"name":"","highway":"residential","structure":"low_bridge","reasons":["bridge_over_water"],"length_m":7,"tags":{"highway":"residential","bridge":"yes","layer":"1"}}},{"type":"Feature","id":"1301947369","geometry":{"type":"LineString","coordinates":[[80.103923,13.023298],[80.103958,13.023248]]},"properties":{"candidate_id":"1301947369","osm_way_id":1301947369,"name":"","highway":"residential","structure":"low_bridge","reasons":["bridge_over_water"],"length_m":7,"tags":{"highway":"residential","bridge":"yes","layer":"1"}}},{"type":"Feature","id":"1301947371","geometry":{"type":"LineString","coordinates":[[80.105497,13.024643],[80.105556,13.024628]]},"properties":{"candidate_id":"1301947371","osm_way_id":1301947371,"name":"","highway":"residential","structure":"low_bridge","reasons":["bridge_over_water"],"length_m":7,"tags":{"highway":"residential","bridge":"yes","layer":"1"}}},{"type":"Feature","id":"1301947373","geometry":{"type":"LineString","coordinates":[[80.106565,13.025109],[80.106626,13.025093]]},"properties":{"candidate_id":"1301947373","osm_way_id":1301947373,"name":"","highway":"residential","structure":"low_bridge","reasons":["bridge_over_water"],"length_m":7,"tags":{"highway":"residential","bridge":"yes","layer":"1"}}},{"type":"Feature","id":"1301947377","geometry":{"type":"LineString","coordinates":[[80.108673,13.027011],[80.108671,13.026952]]},"properties":{"candidate_id":"1301947377","osm_way_id":1301947377,"name":"","highway":"residential","structure":"low_bridge","reasons":["bridge_over_water"],"length_m":6,"tags":{"highway":"residential","bridge":"yes","layer":"1"}}},{"type":"Feature","id":"1301947380","geometry":{"type":"LineString","coordinates":[[80.111991,13.028168],[80.112052,13.028163]]},"properties":{"candidate_id":"1301947380","osm_way_id":1301947380,"name":"Shriram City Road","highway":"residential","structure":"low_bridge","reasons":["bridge_over_water"],"length_m":7,"tags":{"name":"Shriram City Road","highway":"residential","bridge":"yes","layer":"1","oneway":"yes"}}},{"type":"Feature","id":"1302193154-x1","geometry":{"type":"LineString","coordinates":[[80.254311,13.062631],[80.254312,13.062748]]},"properties":{"candidate_id":"1302193154-x1","osm_way_id":1302193154,"name":"Greams Road","highway":"tertiary","structure":"dip","reasons":["waterway_crossing"],"length_m":257,"tags":{"name":"Greams Road","highway":"tertiary","oneway":"yes"},"crossing":"stream#217688013"}},{"type":"Feature","id":"1306967687-x1","geometry":{"type":"LineString","coordinates":[[80.19652,13.123522],[80.196598,13.12361]]},"properties":{"candidate_id":"1306967687-x1","osm_way_id":1306967687,"name":"","highway":"residential","structure":"dip","reasons":["waterway_crossing"],"length_m":38,"tags":{"highway":"residential","surface":"mud"},"crossing":"drain#1283482447"}},{"type":"Feature","id":"1308548124-x1","geometry":{"type":"LineString","coordinates":[[80.201293,13.140471],[80.201327,13.140675]]},"properties":{"candidate_id":"1308548124-x1","osm_way_id":1308548124,"name":"","highway":"residential","structure":"culvert","reasons":["waterway_crossing"],"length_m":23,"tags":{"highway":"residential"},"crossing":"drain#1089517862"}},{"type":"Feature","id":"1309995240","geometry":{"type":"LineString","coordinates":[[80.163514,13.111158],[80.163559,13.111159]]},"properties":{"candidate_id":"1309995240","osm_way_id":1309995240,"name":"Pattravakkam Road","highway":"unclassified","structure":"low_bridge","reasons":["bridge_over_water"],"length_m":5,"tags":{"name":"Pattravakkam Road","highway":"unclassified","bridge":"yes","layer":"1"}}},{"type":"Feature","id":"1309995242","geometry":{"type":"LineString","coordinates":[[80.163777,13.114106],[80.163837,13.114107]]},"properties":{"candidate_id":"1309995242","osm_way_id":1309995242,"name":"","highway":"service","structure":"low_bridge","reasons":["bridge_over_water"],"length_m":7,"tags":{"highway":"service","bridge":"yes","layer":"1"}}},{"type":"Feature","id":"1309995244","geometry":{"type":"LineString","coordinates":[[80.163272,13.108505],[80.163312,13.1085]]},"properties":{"candidate_id":"1309995244","osm_way_id":1309995244,"name":"","highway":"unclassified","structure":"low_bridge","reasons":["bridge_over_water"],"length_m":4,"tags":{"highway":"unclassified","bridge":"yes","layer":"1"}}},{"type":"Feature","id":"1313429187","geometry":{"type":"LineString","coordinates":[[80.185406,13.112438],[80.185419,13.11296]]},"properties":{"candidate_id":"1313429187","osm_way_id":1313429187,"name":"","highway":"tertiary","structure":"underpass","reasons":["tunnel=yes","layer<0"],"length_m":58,"tags":{"highway":"tertiary","tunnel":"yes","layer":"-1"}}},{"type":"Feature","id":"1313429188","geometry":{"type":"LineString","coordinates":[[80.185449,13.114418],[80.185435,13.113549],[80.185436,13.113431]]},"properties":{"candidate_id":"1313429188","osm_way_id":1313429188,"name":"","highway":"tertiary","structure":"underpass","reasons":["tunnel=yes","layer<0"],"length_m":109,"tags":{"highway":"tertiary","tunnel":"yes","layer":"-1"}}},{"type":"Feature","id":"1313502890","geometry":{"type":"LineString","coordinates":[[80.261058,12.970792],[80.260874,12.970119]]},"properties":{"candidate_id":"1313502890","osm_way_id":1313502890,"name":"Sai kudil street","highway":"residential","structure":"underpass","reasons":["layer<0"],"length_m":77,"tags":{"name":"Sai kudil street","highway":"residential","layer":"-1","lanes":"1"}}},{"type":"Feature","id":"1314571849","geometry":{"type":"LineString","coordinates":[[80.225868,13.07884],[80.225835,13.07835]]},"properties":{"candidate_id":"1314571849","osm_way_id":1314571849,"name":"","highway":"service","structure":"underpass","reasons":["layer<0"],"length_m":54,"tags":{"highway":"service","layer":"-1","oneway":"yes","covered":"yes"}}},{"type":"Feature","id":"1314571857","geometry":{"type":"LineString","coordinates":[[80.224323,13.078455],[80.224363,13.078948]]},"properties":{"candidate_id":"1314571857","osm_way_id":1314571857,"name":"","highway":"service","structure":"underpass","reasons":["layer<0"],"length_m":55,"tags":{"highway":"service","layer":"-1","oneway":"yes","covered":"yes"}}},{"type":"Feature","id":"1316912346-x1","geometry":{"type":"LineString","coordinates":[[80.19943,13.120254],[80.199339,13.120038]]},"properties":{"candidate_id":"1316912346-x1","osm_way_id":1316912346,"name":"Jawaharlal Nehru Road (100 Feet Road)","highway":"primary","structure":"culvert","reasons":["waterway_crossing"],"length_m":598,"tags":{"name":"Jawaharlal Nehru Road (100 Feet Road)","ref":"SH2","highway":"primary","oneway":"yes","surface":"asphalt","lanes":"5"},"crossing":"drain#1283491480"}},{"type":"Feature","id":"1319191206-x1","geometry":{"type":"LineString","coordinates":[[80.195639,13.124629],[80.195928,13.124822]]},"properties":{"candidate_id":"1319191206-x1","osm_way_id":1319191206,"name":"","highway":"residential","structure":"dip","reasons":["waterway_crossing"],"length_m":38,"tags":{"highway":"residential"},"crossing":"drain#1283482447"}},{"type":"Feature","id":"1322073507","geometry":{"type":"LineString","coordinates":[[80.22526,13.028172],[80.225042,13.028216],[80.22501,13.028222]]},"properties":{"candidate_id":"1322073507","osm_way_id":1322073507,"name":"","highway":"residential","structure":"underpass","reasons":["tunnel=yes","layer<0"],"length_m":28,"tags":{"highway":"residential","tunnel":"yes","layer":"-1"}}},{"type":"Feature","id":"1322486954","geometry":{"type":"LineString","coordinates":[[80.062008,13.236757],[80.061893,13.236321]]},"properties":{"candidate_id":"1322486954","osm_way_id":1322486954,"name":"","highway":"unclassified","structure":"low_bridge","reasons":["bridge_over_water"],"length_m":50,"tags":{"highway":"unclassified","bridge":"yes","layer":"1"}}},{"type":"Feature","id":"1323145425-x1","geometry":{"type":"LineString","coordinates":[[80.25169,13.062242],[80.251572,13.062163]]},"properties":{"candidate_id":"1323145425-x1","osm_way_id":1323145425,"name":"Wallace Garden 1st Street","highway":"residential","structure":"dip","reasons":["waterway_crossing"],"length_m":139,"tags":{"name":"Wallace Garden 1st Street","highway":"residential","oneway":"no"},"crossing":"drain#28502295"}},{"type":"Feature","id":"1323743611","geometry":{"type":"LineString","coordinates":[[80.064363,13.170612],[80.064285,13.170589]]},"properties":{"candidate_id":"1323743611","osm_way_id":1323743611,"name":"","highway":"residential","structure":"low_bridge","reasons":["bridge_over_water"],"length_m":9,"tags":{"highway":"residential","bridge":"yes","layer":"1"}}},{"type":"Feature","id":"1324286431","geometry":{"type":"LineString","coordinates":[[80.222919,13.067713],[80.223168,13.067606]]},"properties":{"candidate_id":"1324286431","osm_way_id":1324286431,"name":"","highway":"residential","structure":"low_bridge","reasons":["bridge_over_water"],"length_m":30,"tags":{"highway":"residential","bridge":"yes","layer":"1"}}},{"type":"Feature","id":"1324385027","geometry":{"type":"LineString","coordinates":[[80.201204,12.995114],[80.201215,12.994953]]},"properties":{"candidate_id":"1324385027","osm_way_id":1324385027,"name":"St Thomas Mount Subway","highway":"primary","structure":"underpass","reasons":["tunnel=yes","layer<0"],"length_m":18,"tags":{"name":"St Thomas Mount Subway","ref":"SH48A","highway":"primary","tunnel":"yes","layer":"-1"}}},{"type":"Feature","id":"1324835390","geometry":{"type":"LineString","coordinates":[[80.200991,12.996302],[80.201019,12.996191]]},"properties":{"candidate_id":"1324835390","osm_way_id":1324835390,"name":"St Thomas Mount Subway","highway":"primary","structure":"underpass","reasons":["tunnel=yes","layer<0"],"length_m":13,"tags":{"name":"St Thomas Mount Subway","ref":"SH48A","highway":"primary","tunnel":"yes","layer":"-1"}}},{"type":"Feature","id":"1327197274-x1","geometry":{"type":"LineString","coordinates":[[80.218522,12.970687],[80.218648,12.970593]]},"properties":{"candidate_id":"1327197274-x1","osm_way_id":1327197274,"name":"6th Main Road","highway":"residential","structure":"culvert","reasons":["waterway_crossing"],"length_m":277,"tags":{"name":"6th Main Road","highway":"residential","oneway":"no","surface":"asphalt","lanes":"2"},"crossing":"canal:drain path#1105956376"}},{"type":"Feature","id":"1335893535-x1","geometry":{"type":"LineString","coordinates":[[80.195564,12.988695],[80.195417,12.988765]]},"properties":{"candidate_id":"1335893535-x1","osm_way_id":1335893535,"name":"","highway":"residential","structure":"underpass","reasons":["under_rail_bridge"],"length_m":18,"tags":{"highway":"residential"},"crossing":"railway#28620048"}},{"type":"Feature","id":"1335893535-x2","geometry":{"type":"LineString","coordinates":[[80.195564,12.988695],[80.195417,12.988765]]},"properties":{"candidate_id":"1335893535-x2","osm_way_id":1335893535,"name":"","highway":"residential","structure":"underpass","reasons":["under_rail_bridge"],"length_m":18,"tags":{"highway":"residential"},"crossing":"railway#235921450"}},{"type":"Feature","id":"1342091857-x1","geometry":{"type":"LineString","coordinates":[[80.247971,12.980816],[80.247978,12.980913]]},"properties":{"candidate_id":"1342091857-x1","osm_way_id":1342091857,"name":"","highway":"service","structure":"underpass","reasons":["under_rail_bridge"],"length_m":11,"tags":{"highway":"service"},"crossing":"railway#59909721"}},{"type":"Feature","id":"1363535455-x1","geometry":{"type":"LineString","coordinates":[[80.247968,13.006177],[80.248037,13.006177]]},"properties":{"candidate_id":"1363535455-x1","osm_way_id":1363535455,"name":"","highway":"service","structure":"culvert","reasons":["waterway_crossing"],"length_m":7,"tags":{"highway":"service"},"crossing":"canal:Buckingham Kaalvaai#1492152599"}},{"type":"Feature","id":"1364777366","geometry":{"type":"LineString","coordinates":[[80.242239,13.130353],[80.242119,13.130235]]},"properties":{"candidate_id":"1364777366","osm_way_id":1364777366,"name":"Kamarajar Salai","highway":"tertiary","structure":"low_bridge","reasons":["bridge_over_water"],"length_m":18,"tags":{"name":"Kamarajar Salai","highway":"tertiary","bridge":"yes","layer":"1","surface":"paved"}}},{"type":"Feature","id":"1369939663-x1","geometry":{"type":"LineString","coordinates":[[80.247108,12.980178],[80.24719,12.980177]]},"properties":{"candidate_id":"1369939663-x1","osm_way_id":1369939663,"name":"","highway":"service","structure":"underpass","reasons":["under_rail_bridge"],"length_m":122,"tags":{"highway":"service","surface":"unpaved"},"crossing":"railway#235920568"}},{"type":"Feature","id":"1369939663-x2","geometry":{"type":"LineString","coordinates":[[80.24719,12.980177],[80.247464,12.980091]]},"properties":{"candidate_id":"1369939663-x2","osm_way_id":1369939663,"name":"","highway":"service","structure":"underpass","reasons":["under_rail_bridge"],"length_m":122,"tags":{"highway":"service","surface":"unpaved"},"crossing":"railway#59909721"}},{"type":"Feature","id":"1374402396","geometry":{"type":"LineString","coordinates":[[80.207845,12.948844],[80.207995,12.948834]]},"properties":{"candidate_id":"1374402396","osm_way_id":1374402396,"name":"","highway":"service","structure":"low_bridge","reasons":["bridge_over_water"],"length_m":16,"tags":{"highway":"service","bridge":"yes","layer":"1"}}},{"type":"Feature","id":"1376110141","geometry":{"type":"LineString","coordinates":[[80.20749,13.012921],[80.207398,13.012933]]},"properties":{"candidate_id":"1376110141","osm_way_id":1376110141,"name":"Water Works Road","highway":"secondary","structure":"low_bridge","reasons":["bridge_over_water"],"length_m":10,"tags":{"name":"Water Works Road","highway":"secondary","bridge":"yes","layer":"1","oneway":"yes"}}},{"type":"Feature","id":"1377430324","geometry":{"type":"LineString","coordinates":[[80.115303,12.92309],[80.115358,12.923027]]},"properties":{"candidate_id":"1377430324","osm_way_id":1377430324,"name":"","highway":"tertiary","structure":"underpass","reasons":["tunnel=yes","layer<0"],"length_m":9,"tags":{"highway":"tertiary","tunnel":"yes","layer":"-1","oneway":"yes"}}},{"type":"Feature","id":"1377430325","geometry":{"type":"LineString","coordinates":[[80.115151,12.923257],[80.115249,12.923153]]},"properties":{"candidate_id":"1377430325","osm_way_id":1377430325,"name":"","highway":"tertiary","structure":"underpass","reasons":["tunnel=yes","layer<0"],"length_m":16,"tags":{"highway":"tertiary","tunnel":"yes","layer":"-1","oneway":"yes"}}},{"type":"Feature","id":"1377430326","geometry":{"type":"LineString","coordinates":[[80.115249,12.923153],[80.115303,12.92309]]},"properties":{"candidate_id":"1377430326","osm_way_id":1377430326,"name":"","highway":"tertiary","structure":"underpass","reasons":["tunnel=yes","layer<0"],"length_m":9,"tags":{"highway":"tertiary","tunnel":"yes","layer":"-1","oneway":"yes"}}},{"type":"Feature","id":"1393747368","geometry":{"type":"LineString","coordinates":[[80.27717,13.081212],[80.277151,13.081361]]},"properties":{"candidate_id":"1393747368","osm_way_id":1393747368,"name":"","highway":"service","structure":"none","reasons":["tunnel=building_passage"],"length_m":17,"tags":{"highway":"service","tunnel":"building_passage"}}},{"type":"Feature","id":"1395216456-x1","geometry":{"type":"LineString","coordinates":[[80.188258,13.139163],[80.187267,13.138681]]},"properties":{"candidate_id":"1395216456-x1","osm_way_id":1395216456,"name":"Chennai Bypass","highway":"trunk","structure":"culvert","reasons":["waterway_crossing"],"length_m":1034,"tags":{"name":"Chennai Bypass","highway":"trunk","oneway":"yes","surface":"asphalt","lanes":"3"},"crossing":"drain:Underpass#386500119"}},{"type":"Feature","id":"1395216461","geometry":{"type":"LineString","coordinates":[[80.163897,13.113927],[80.164004,13.115084]]},"properties":{"candidate_id":"1395216461","osm_way_id":1395216461,"name":"Pattaravakkam Bridge","highway":"trunk","structure":"low_bridge","reasons":["bridge_over_water"],"length_m":128,"tags":{"name":"Pattaravakkam Bridge","highway":"trunk","bridge":"yes","layer":"1","oneway":"yes","surface":"asphalt","lanes":"3"}}},{"type":"Feature","id":"1408255863-x1","geometry":{"type":"LineString","coordinates":[[80.302207,13.226443],[80.301699,13.226609]]},"properties":{"candidate_id":"1408255863-x1","osm_way_id":1408255863,"name":"","highway":"service","structure":"culvert","reasons":["waterway_crossing"],"length_m":374,"tags":{"highway":"service"},"crossing":"drain#1408255882"}},{"type":"Feature","id":"1408255863-x2","geometry":{"type":"LineString","coordinates":[[80.301505,13.226673],[80.301439,13.226694]]},"properties":{"candidate_id":"1408255863-x2","osm_way_id":1408255863,"name":"","highway":"service","structure":"culvert","reasons":["waterway_crossing"],"length_m":374,"tags":{"highway":"service"},"crossing":"drain#1408255902"}},{"type":"Feature","id":"1408255887-x1","geometry":{"type":"LineString","coordinates":[[80.301482,13.225819],[80.30152,13.225779]]},"properties":{"candidate_id":"1408255887-x1","osm_way_id":1408255887,"name":"","highway":"service","structure":"culvert","reasons":["waterway_crossing"],"length_m":557,"tags":{"highway":"service"},"crossing":"drain#1408255900"}},{"type":"Feature","id":"1408255887-x2","geometry":{"type":"LineString","coordinates":[[80.301479,13.225446],[80.30143,13.225231]]},"properties":{"candidate_id":"1408255887-x2","osm_way_id":1408255887,"name":"","highway":"service","structure":"culvert","reasons":["waterway_crossing"],"length_m":557,"tags":{"highway":"service"},"crossing":"drain#1408255905"}},{"type":"Feature","id":"1408255887-x3","geometry":{"type":"LineString","coordinates":[[80.300255,13.223918],[80.300242,13.223864]]},"properties":{"candidate_id":"1408255887-x3","osm_way_id":1408255887,"name":"","highway":"service","structure":"culvert","reasons":["waterway_crossing"],"length_m":557,"tags":{"highway":"service"},"crossing":"drain#1408255886"}},{"type":"Feature","id":"1408255888-x1","geometry":{"type":"LineString","coordinates":[[80.301541,13.223632],[80.301365,13.224704]]},"properties":{"candidate_id":"1408255888-x1","osm_way_id":1408255888,"name":"","highway":"service","structure":"culvert","reasons":["waterway_crossing"],"length_m":124,"tags":{"highway":"service"},"crossing":"drain#1408255884"}},{"type":"Feature","id":"1408255908-x1","geometry":{"type":"LineString","coordinates":[[80.30023,13.224496],[80.300265,13.224464]]},"properties":{"candidate_id":"1408255908-x1","osm_way_id":1408255908,"name":"","highway":"service","structure":"culvert","reasons":["waterway_crossing"],"length_m":45,"tags":{"highway":"service"},"crossing":"stream#1408255907"}},{"type":"Feature","id":"1408255922","geometry":{"type":"LineString","coordinates":[[80.305553,13.228635],[80.305556,13.228794]]},"properties":{"candidate_id":"1408255922","osm_way_id":1408255922,"name":"","highway":"track","structure":"low_bridge","reasons":["bridge_over_water"],"length_m":18,"tags":{"highway":"track","bridge":"yes","layer":"1"}}},{"type":"Feature","id":"1408255927-x1","geometry":{"type":"LineString","coordinates":[[80.301913,13.227718],[80.301801,13.227645]]},"properties":{"candidate_id":"1408255927-x1","osm_way_id":1408255927,"name":"","highway":"service","structure":"culvert","reasons":["waterway_crossing"],"length_m":323,"tags":{"highway":"service"},"crossing":"drain#1408255896"}},{"type":"Feature","id":"1408255931-x1","geometry":{"type":"LineString","coordinates":[[80.317135,13.226355],[80.316838,13.226131]]},"properties":{"candidate_id":"1408255931-x1","osm_way_id":1408255931,"name":"","highway":"track","structure":"underpass","reasons":["under_rail_bridge"],"length_m":529,"tags":{"highway":"track"},"crossing":"railway#32554337"}},{"type":"Feature","id":"1408255931-x2","geometry":{"type":"LineString","coordinates":[[80.317135,13.226355],[80.316838,13.226131]]},"properties":{"candidate_id":"1408255931-x2","osm_way_id":1408255931,"name":"","highway":"track","structure":"underpass","reasons":["under_rail_bridge"],"length_m":529,"tags":{"highway":"track"},"crossing":"railway#33069864"}},{"type":"Feature","id":"1408255931-x3","geometry":{"type":"LineString","coordinates":[[80.317135,13.226355],[80.316838,13.226131]]},"properties":{"candidate_id":"1408255931-x3","osm_way_id":1408255931,"name":"","highway":"track","structure":"underpass","reasons":["under_rail_bridge"],"length_m":529,"tags":{"highway":"track"},"crossing":"railway#33069866"}},{"type":"Feature","id":"1408255931-x4","geometry":{"type":"LineString","coordinates":[[80.317135,13.226355],[80.316838,13.226131]]},"properties":{"candidate_id":"1408255931-x4","osm_way_id":1408255931,"name":"","highway":"track","structure":"underpass","reasons":["under_rail_bridge"],"length_m":529,"tags":{"highway":"track"},"crossing":"railway#549878794"}},{"type":"Feature","id":"1408255931-x5","geometry":{"type":"LineString","coordinates":[[80.316816,13.226114],[80.316782,13.226097]]},"properties":{"candidate_id":"1408255931-x5","osm_way_id":1408255931,"name":"","highway":"track","structure":"underpass","reasons":["under_rail_bridge"],"length_m":529,"tags":{"highway":"track"},"crossing":"railway#551747874"}},{"type":"Feature","id":"1408260505","geometry":{"type":"LineString","coordinates":[[80.320854,13.225898],[80.320542,13.226163],[80.320463,13.226236],[80.320384,13.226322],[80.320307,13.22642],[80.320232,13.226532],[80.320179,13.22663],[80.319793,13.227376],[80.319278,13.228378],[80.318659,13.229614],[80.317906,13.231126],[80.317817,13.231306],[80.317773,13.231405],[80.317743,13.231496],[80.317717,13.231608],[80.317708,13.231686],[80.317706,13.231774],[80.317711,13.231885],[80.317722,13.231976],[80.317745,13.232079],[80.317771,13.232179],[80.317794,13.232253],[80.31787,13.23249]]},"properties":{"candidate_id":"1408260505","osm_way_id":1408260505,"name":"Ennore Creek Bridge","highway":"secondary","structure":"low_bridge","reasons":["bridge_over_water"],"length_m":822,"tags":{"name":"Ennore Creek Bridge","highway":"secondary","bridge":"yes","layer":"1","surface":"concrete","lanes":"2"}}},{"type":"Feature","id":"1411439768-x1","geometry":{"type":"LineString","coordinates":[[80.184594,12.949412],[80.185305,12.949338]]},"properties":{"candidate_id":"1411439768-x1","osm_way_id":1411439768,"name":"","highway":"tertiary","structure":"dip","reasons":["waterway_crossing"],"length_m":154,"tags":{"highway":"tertiary"},"crossing":"drain#102559098"}},{"type":"Feature","id":"1418594539","geometry":{"type":"LineString","coordinates":[[80.280742,13.222936],[80.280779,13.22307]]},"properties":{"candidate_id":"1418594539","osm_way_id":1418594539,"name":"","highway":"residential","structure":"low_bridge","reasons":["bridge_over_water"],"length_m":15,"tags":{"highway":"residential","bridge":"yes","layer":"1"}}},{"type":"Feature","id":"1419957518-x1","geometry":{"type":"LineString","coordinates":[[80.204052,12.948948],[80.204045,12.948737]]},"properties":{"candidate_id":"1419957518-x1","osm_way_id":1419957518,"name":"","highway":"service","structure":"culvert","reasons":["waterway_crossing"],"length_m":23,"tags":{"highway":"service"},"crossing":"drain#1419957522"}},{"type":"Feature","id":"1419957520-x1","geometry":{"type":"LineString","coordinates":[[80.204296,12.94894],[80.204297,12.94874]]},"properties":{"candidate_id":"1419957520-x1","osm_way_id":1419957520,"name":"","highway":"service","structure":"culvert","reasons":["waterway_crossing"],"length_m":22,"tags":{"highway":"service"},"crossing":"drain#1419957522"}},{"type":"Feature","id":"1421490601","geometry":{"type":"LineString","coordinates":[[80.248062,13.00641],[80.24796,13.006419]]},"properties":{"candidate_id":"1421490601","osm_way_id":1421490601,"name":"","highway":"service","structure":"low_bridge","reasons":["bridge_over_water"],"length_m":11,"tags":{"highway":"service","bridge":"yes","layer":"1"}}},{"type":"Feature","id":"1433295369-x1","geometry":{"type":"LineString","coordinates":[[80.193882,13.122325],[80.192776,13.122329]]},"properties":{"candidate_id":"1433295369-x1","osm_way_id":1433295369,"name":"5th Cross Street,TVS Nagar","highway":"residential","structure":"dip","reasons":["waterway_crossing"],"length_m":183,"tags":{"name":"5th Cross Street,TVS Nagar","highway":"residential"},"crossing":"drain#1324096389"}},{"type":"Feature","id":"1447102029","geometry":{"type":"LineString","coordinates":[[80.222292,13.143551],[80.222345,13.143551],[80.222369,13.143539],[80.222401,13.143499]]},"properties":{"candidate_id":"1447102029","osm_way_id":1447102029,"name":"","highway":"service","structure":"none","reasons":["tunnel=building_passage"],"length_m":14,"tags":{"highway":"service","tunnel":"building_passage","oneway":"yes"}}},{"type":"Feature","id":"1447118184","geometry":{"type":"LineString","coordinates":[[80.174597,13.088771],[80.174439,13.088772],[80.174421,13.088762],[80.174409,13.088736],[80.174404,13.088692],[80.174394,13.088597]]},"properties":{"candidate_id":"1447118184","osm_way_id":1447118184,"name":"","highway":"service","structure":"none","reasons":["tunnel=building_passage"],"length_m":38,"tags":{"highway":"service","tunnel":"building_passage"}}},{"type":"Feature","id":"1447630916","geometry":{"type":"LineString","coordinates":[[80.185255,12.99351],[80.185221,12.993463],[80.185184,12.993437],[80.185153,12.993414],[80.185075,12.993386],[80.184995,12.993378]]},"properties":{"candidate_id":"1447630916","osm_way_id":1447630916,"name":"","highway":"service","structure":"none","reasons":["tunnel=building_passage"],"length_m":33,"tags":{"highway":"service","tunnel":"building_passage"}}},{"type":"Feature","id":"1447928823-x1","geometry":{"type":"LineString","coordinates":[[80.218311,12.969784],[80.217931,12.969914]]},"properties":{"candidate_id":"1447928823-x1","osm_way_id":1447928823,"name":"","highway":"service","structure":"culvert","reasons":["waterway_crossing"],"length_m":106,"tags":{"highway":"service"},"crossing":"canal:drain path#1105956376"}},{"type":"Feature","id":"1449574168","geometry":{"type":"LineString","coordinates":[[80.160247,13.1012],[80.160244,13.10118],[80.160225,13.101128],[80.160182,13.101118],[80.160146,13.101127],[80.160115,13.101171],[80.160106,13.101191]]},"properties":{"candidate_id":"1449574168","osm_way_id":1449574168,"name":"","highway":"service","structure":"none","reasons":["tunnel=building_passage"],"length_m":25,"tags":{"highway":"service","tunnel":"building_passage","oneway":"yes"}}},{"type":"Feature","id":"1449968883","geometry":{"type":"LineString","coordinates":[[80.251508,13.105676],[80.251484,13.105663],[80.251448,13.105667],[80.25141,13.105682],[80.2514,13.105706],[80.251401,13.105757]]},"properties":{"candidate_id":"1449968883","osm_way_id":1449968883,"name":"","highway":"service","structure":"none","reasons":["tunnel=building_passage"],"length_m":20,"tags":{"highway":"service","tunnel":"building_passage","oneway":"yes"}}},{"type":"Feature","id":"1450013272","geometry":{"type":"LineString","coordinates":[[80.087948,12.894614],[80.087948,12.894578],[80.087902,12.894495],[80.087863,12.894476]]},"properties":{"candidate_id":"1450013272","osm_way_id":1450013272,"name":"","highway":"service","structure":"none","reasons":["tunnel=building_passage"],"length_m":19,"tags":{"highway":"service","tunnel":"building_passage","oneway":"yes"}}},{"type":"Feature","id":"1450023398","geometry":{"type":"LineString","coordinates":[[80.171758,13.208977],[80.171723,13.209008],[80.171718,13.209067],[80.171731,13.209114]]},"properties":{"candidate_id":"1450023398","osm_way_id":1450023398,"name":"","highway":"service","structure":"none","reasons":["tunnel=building_passage"],"length_m":17,"tags":{"highway":"service","tunnel":"building_passage","oneway":"yes"}}},{"type":"Feature","id":"1450227426","geometry":{"type":"LineString","coordinates":[[80.225536,13.140263],[80.225502,13.140265],[80.225355,13.140356],[80.225349,13.140362],[80.225336,13.140386]]},"properties":{"candidate_id":"1450227426","osm_way_id":1450227426,"name":"","highway":"service","structure":"none","reasons":["tunnel=building_passage"],"length_m":26,"tags":{"highway":"service","tunnel":"building_passage","oneway":"yes"}}},{"type":"Feature","id":"1451909892","geometry":{"type":"LineString","coordinates":[[80.167314,13.065273],[80.167071,13.06596]]},"properties":{"candidate_id":"1451909892","osm_way_id":1451909892,"name":"","highway":"residential","structure":"low_bridge","reasons":["bridge_over_water"],"length_m":80,"tags":{"highway":"residential","bridge":"yes","layer":"1"}}},{"type":"Feature","id":"1453275282","geometry":{"type":"LineString","coordinates":[[80.24916,13.04188],[80.24917,13.041651]]},"properties":{"candidate_id":"1453275282","osm_way_id":1453275282,"name":"","highway":"service","structure":"none","reasons":["tunnel=building_passage"],"length_m":25,"tags":{"highway":"service","tunnel":"building_passage"}}},{"type":"Feature","id":"1453896692-x1","geometry":{"type":"LineString","coordinates":[[80.104366,13.004886],[80.104372,13.005034]]},"properties":{"candidate_id":"1453896692-x1","osm_way_id":1453896692,"name":"","highway":"residential","structure":"culvert","reasons":["waterway_crossing"],"length_m":16,"tags":{"highway":"residential"},"crossing":"stream:Chembarampakkam water for irrigation#1453896697"}},{"type":"Feature","id":"1457102504","geometry":{"type":"LineString","coordinates":[[80.256763,13.036504],[80.2564,13.036491]]},"properties":{"candidate_id":"1457102504","osm_way_id":1457102504,"name":"","highway":"residential","structure":"none","reasons":["tunnel=building_passage"],"length_m":39,"tags":{"highway":"residential","tunnel":"building_passage"}}},{"type":"Feature","id":"1457449788","geometry":{"type":"LineString","coordinates":[[80.053025,13.058404],[80.053049,13.058401],[80.053084,13.058384],[80.053125,13.058353],[80.053141,13.058323]]},"properties":{"candidate_id":"1457449788","osm_way_id":1457449788,"name":"","highway":"service","structure":"none","reasons":["tunnel=building_passage"],"length_m":16,"tags":{"highway":"service","tunnel":"building_passage","oneway":"yes"}}},{"type":"Feature","id":"1457669343-x1","geometry":{"type":"LineString","coordinates":[[80.078049,13.118136],[80.077557,13.11813]]},"properties":{"candidate_id":"1457669343-x1","osm_way_id":1457669343,"name":"Gopalapuram Main Road","highway":"tertiary","structure":"culvert","reasons":["waterway_crossing"],"length_m":57,"tags":{"name":"Gopalapuram Main Road","highway":"tertiary"},"crossing":"drain#1190764125"}},{"type":"Feature","id":"1459226730","geometry":{"type":"LineString","coordinates":[[80.241526,12.989645],[80.241539,12.989736]]},"properties":{"candidate_id":"1459226730","osm_way_id":1459226730,"name":"Road to IIT Madras Research Park Gate","highway":"service","structure":"low_bridge","reasons":["bridge_over_water"],"length_m":10,"tags":{"name":"Road to IIT Madras Research Park Gate","highway":"service","bridge":"yes","layer":"1"}}},{"type":"Feature","id":"1459803524","geometry":{"type":"LineString","coordinates":[[80.15963,13.108581],[80.159632,13.108515]]},"properties":{"candidate_id":"1459803524","osm_way_id":1459803524,"name":"","highway":"service","structure":"low_bridge","reasons":["bridge_over_water"],"length_m":7,"tags":{"highway":"service","bridge":"yes","layer":"1"}}},{"type":"Feature","id":"1474314466","geometry":{"type":"LineString","coordinates":[[80.190803,13.074919],[80.190505,13.075206]]},"properties":{"candidate_id":"1474314466","osm_way_id":1474314466,"name":"","highway":"residential","structure":"low_bridge","reasons":["bridge_over_water"],"length_m":45,"tags":{"highway":"residential","bridge":"yes","layer":"1"}}},{"type":"Feature","id":"1474611575-x1","geometry":{"type":"LineString","coordinates":[[80.24323,12.97864],[80.24321,12.979062]]},"properties":{"candidate_id":"1474611575-x1","osm_way_id":1474611575,"name":"Dr MGR Main Road","highway":"secondary","structure":"underpass","reasons":["under_rail_bridge"],"length_m":506,"tags":{"name":"Dr MGR Main Road","ref":"MDR452","highway":"secondary","oneway":"yes"},"crossing":"railway#59909721"}},{"type":"Feature","id":"1474611575-x2","geometry":{"type":"LineString","coordinates":[[80.24323,12.97864],[80.24321,12.979062]]},"properties":{"candidate_id":"1474611575-x2","osm_way_id":1474611575,"name":"Dr MGR Main Road","highway":"secondary","structure":"underpass","reasons":["under_rail_bridge"],"length_m":506,"tags":{"name":"Dr MGR Main Road","ref":"MDR452","highway":"secondary","oneway":"yes"},"crossing":"railway#235920568"}},{"type":"Feature","id":"1476370315-x1","geometry":{"type":"LineString","coordinates":[[80.251737,12.987256],[80.251911,12.986542]]},"properties":{"candidate_id":"1476370315-x1","osm_way_id":1476370315,"name":"","highway":"secondary","structure":"underpass","reasons":["under_rail_bridge"],"length_m":308,"tags":{"highway":"secondary","oneway":"yes"},"crossing":"railway#235920568"}},{"type":"Feature","id":"1476370315-x2","geometry":{"type":"LineString","coordinates":[[80.251911,12.986542],[80.252042,12.9858]]},"properties":{"candidate_id":"1476370315-x2","osm_way_id":1476370315,"name":"","highway":"secondary","structure":"underpass","reasons":["under_rail_bridge"],"length_m":308,"tags":{"highway":"secondary","oneway":"yes"},"crossing":"railway#59909721"}},{"type":"Feature","id":"1478522338","geometry":{"type":"LineString","coordinates":[[80.140726,12.931796],[80.140392,12.931844]]},"properties":{"candidate_id":"1478522338","osm_way_id":1478522338,"name":"","highway":"unclassified","structure":"underpass","reasons":["layer<0"],"length_m":37,"tags":{"highway":"unclassified","layer":"-1"}}},{"type":"Feature","id":"1478522340","geometry":{"type":"LineString","coordinates":[[80.140881,12.929925],[80.14084,12.929276],[80.140836,12.929212]]},"properties":{"candidate_id":"1478522340","osm_way_id":1478522340,"name":"","highway":"unclassified","structure":"underpass","reasons":["layer<0"],"length_m":79,"tags":{"highway":"unclassified","layer":"-1"}}},{"type":"Feature","id":"1482111452-x1","geometry":{"type":"LineString","coordinates":[[80.184189,12.905697],[80.184133,12.905799]]},"properties":{"candidate_id":"1482111452-x1","osm_way_id":1482111452,"name":"","highway":"residential","structure":"culvert","reasons":["waterway_crossing"],"length_m":307,"tags":{"highway":"residential","oneway":"yes"},"crossing":"canal#1022416524"}},{"type":"Feature","id":"1482759338","geometry":{"type":"LineString","coordinates":[[80.216258,13.147656],[80.216442,13.147522],[80.216463,13.147498]]},"properties":{"candidate_id":"1482759338","osm_way_id":1482759338,"name":"","highway":"service","structure":"none","reasons":["tunnel=building_passage"],"length_m":28,"tags":{"highway":"service","tunnel":"building_passage","oneway":"yes"}}},{"type":"Feature","id":"1503288585-x1","geometry":{"type":"LineString","coordinates":[[80.24786,12.980921],[80.247978,12.980913]]},"properties":{"candidate_id":"1503288585-x1","osm_way_id":1503288585,"name":"Taramani Link Road","highway":"primary","structure":"underpass","reasons":["under_rail_bridge"],"length_m":972,"tags":{"name":"Taramani Link Road","ref":"SH48B","highway":"primary","oneway":"yes"},"crossing":"railway#235920568"}},{"type":"Feature","id":"1503288585-x2","geometry":{"type":"LineString","coordinates":[[80.247978,12.980913],[80.248036,12.980908]]},"properties":{"candidate_id":"1503288585-x2","osm_way_id":1503288585,"name":"Taramani Link Road","highway":"primary","structure":"underpass","reasons":["under_rail_bridge"],"length_m":972,"tags":{"name":"Taramani Link Road","ref":"SH48B","highway":"primary","oneway":"yes"},"crossing":"railway#59909721"}},{"type":"Feature","id":"1503306943-x1","geometry":{"type":"LineString","coordinates":[[80.177198,13.024763],[80.177384,13.02476]]},"properties":{"candidate_id":"1503306943-x1","osm_way_id":1503306943,"name":"","highway":"service","structure":"culvert","reasons":["waterway_crossing"],"length_m":58,"tags":{"highway":"service","oneway":"yes"},"crossing":"drain#122063612"}},{"type":"Feature","id":"1503306945-x1","geometry":{"type":"LineString","coordinates":[[80.177,13.02493],[80.176983,13.024882]]},"properties":{"candidate_id":"1503306945-x1","osm_way_id":1503306945,"name":"","highway":"service","structure":"culvert","reasons":["waterway_crossing"],"length_m":345,"tags":{"highway":"service","oneway":"yes"},"crossing":"drain#122063612"}},{"type":"Feature","id":"1511864192","geometry":{"type":"LineString","coordinates":[[80.173741,13.068045],[80.174061,13.06791],[80.174323,13.067794],[80.174877,13.067575],[80.175492,13.06735]]},"properties":{"candidate_id":"1511864192","osm_way_id":1511864192,"name":"","highway":"tertiary","structure":"low_bridge","reasons":["bridge_over_water"],"length_m":205,"tags":{"highway":"tertiary","bridge":"yes","layer":"1","oneway":"yes"}}},{"type":"Feature","id":"1511864195","geometry":{"type":"LineString","coordinates":[[80.175392,13.067245],[80.175308,13.067316],[80.175223,13.067349],[80.174716,13.06753],[80.174254,13.067719],[80.173808,13.067915],[80.173706,13.06796]]},"properties":{"candidate_id":"1511864195","osm_way_id":1511864195,"name":"","highway":"tertiary","structure":"low_bridge","reasons":["bridge_over_water"],"length_m":200,"tags":{"highway":"tertiary","bridge":"yes","layer":"1","oneway":"yes"}}},{"type":"Feature","id":"1512379420","geometry":{"type":"LineString","coordinates":[[80.167565,13.092146],[80.167575,13.092237],[80.167595,13.092264],[80.167627,13.092275],[80.167705,13.092273]]},"properties":{"candidate_id":"1512379420","osm_way_id":1512379420,"name":"","highway":"service","structure":"none","reasons":["tunnel=building_passage"],"length_m":26,"tags":{"highway":"service","tunnel":"building_passage"}}},{"type":"Feature","id":"1518365806-x1","geometry":{"type":"LineString","coordinates":[[80.258583,13.093749],[80.259687,13.093829]]},"properties":{"candidate_id":"1518365806-x1","osm_way_id":1518365806,"name":"KM garden 6th street","highway":"residential","structure":"dip","reasons":["waterway_crossing"],"length_m":132,"tags":{"name":"KM garden 6th street","highway":"residential","layer":"1"},"crossing":"drain#30981164"}},{"type":"Feature","id":"1520299887","geometry":{"type":"LineString","coordinates":[[80.16424,13.115108],[80.164124,13.1139]]},"properties":{"candidate_id":"1520299887","osm_way_id":1520299887,"name":"Pattaravakkam Bridge","highway":"trunk","structure":"low_bridge","reasons":["bridge_over_water"],"length_m":134,"tags":{"name":"Pattaravakkam Bridge","highway":"trunk","bridge":"yes","layer":"1","oneway":"yes","surface":"asphalt","lanes":"3"}}},{"type":"Feature","id":"1525720608-x1","geometry":{"type":"LineString","coordinates":[[80.247318,13.097256],[80.247083,13.098143]]},"properties":{"candidate_id":"1525720608-x1","osm_way_id":1525720608,"name":"","highway":"residential","structure":"dip","reasons":["waterway_crossing"],"length_m":112,"tags":{"highway":"residential"},"crossing":"drain:Egankipuram Canal#346285803"}},{"type":"Feature","id":"1533900472","geometry":{"type":"LineString","coordinates":[[80.228459,13.128221],[80.228451,13.128032]]},"properties":{"candidate_id":"1533900472","osm_way_id":1533900472,"name":"","highway":"residential","structure":"none","reasons":["tunnel=building_passage"],"length_m":21,"tags":{"highway":"residential","tunnel":"building_passage"}}},{"type":"Feature","id":"1533929750","geometry":{"type":"LineString","coordinates":[[80.206647,12.898014],[80.206614,12.898014],[80.206396,12.898048]]},"properties":{"candidate_id":"1533929750","osm_way_id":1533929750,"name":"","highway":"service","structure":"none","reasons":["tunnel=building_passage"],"length_m":27,"tags":{"highway":"service","tunnel":"building_passage","oneway":"yes"}}},{"type":"Feature","id":"1534190382","geometry":{"type":"LineString","coordinates":[[80.211101,13.055893],[80.211265,13.055894]]},"properties":{"candidate_id":"1534190382","osm_way_id":1534190382,"name":"","highway":"service","structure":"none","reasons":["tunnel=building_passage"],"length_m":18,"tags":{"highway":"service","tunnel":"building_passage"}}},{"type":"Feature","id":"1534269606","geometry":{"type":"LineString","coordinates":[[80.236037,12.936758],[80.236438,12.936742]]},"properties":{"candidate_id":"1534269606","osm_way_id":1534269606,"name":"","highway":"residential","structure":"none","reasons":["tunnel=building_passage"],"length_m":44,"tags":{"highway":"residential","tunnel":"building_passage"}}},{"type":"Feature","id":"1536773259","geometry":{"type":"LineString","coordinates":[[80.222307,13.011971],[80.222458,13.011924]]},"properties":{"candidate_id":"1536773259","osm_way_id":1536773259,"name":"","highway":"service","structure":"none","reasons":["tunnel=building_passage"],"length_m":17,"tags":{"highway":"service","tunnel":"building_passage"}}},{"type":"Feature","id":"1539048723","geometry":{"type":"LineString","coordinates":[[80.132601,13.057646],[80.132342,13.057667]]},"properties":{"candidate_id":"1539048723","osm_way_id":1539048723,"name":"","highway":"service","structure":"none","reasons":["tunnel=building_passage"],"length_m":28,"tags":{"highway":"service","tunnel":"building_passage"}}},{"type":"Feature","id":"1540906815","geometry":{"type":"LineString","coordinates":[[80.141867,12.952802],[80.143048,12.952605],[80.143214,12.95258],[80.143348,12.952542]]},"properties":{"candidate_id":"1540906815","osm_way_id":1540906815,"name":"Radha Nagar Subway","highway":"residential","structure":"underpass","reasons":["tunnel=yes","layer<0"],"length_m":163,"tags":{"name":"Radha Nagar Subway","highway":"residential","tunnel":"yes","layer":"-1","oneway":"yes","surface":"asphalt","lanes":"2"}}},{"type":"Feature","id":"1540906816","geometry":{"type":"LineString","coordinates":[[80.140667,12.951722],[80.141087,12.952283],[80.1411,12.952299],[80.141345,12.95262],[80.141453,12.952732],[80.141609,12.952804],[80.141784,12.952813]]},"properties":{"candidate_id":"1540906816","osm_way_id":1540906816,"name":"Radha Nagar Subway","highway":"residential","structure":"underpass","reasons":["tunnel=yes","layer<0"],"length_m":178,"tags":{"name":"Radha Nagar Subway","highway":"residential","tunnel":"yes","layer":"-1","oneway":"yes","lanes":"2"}}},{"type":"Feature","id":"1540906817","geometry":{"type":"LineString","coordinates":[[80.141784,12.952813],[80.141867,12.952802]]},"properties":{"candidate_id":"1540906817","osm_way_id":1540906817,"name":"Radha Nagar subway","highway":"residential","structure":"underpass","reasons":["tunnel=yes","layer<0"],"length_m":9,"tags":{"name":"Radha Nagar subway","highway":"residential","tunnel":"yes","layer":"-1","oneway":"yes"}}},{"type":"Feature","id":"1543200661-x1","geometry":{"type":"LineString","coordinates":[[80.273909,13.078526],[80.274065,13.078465]]},"properties":{"candidate_id":"1543200661-x1","osm_way_id":1543200661,"name":"","highway":"service","structure":"underpass","reasons":["under_rail_bridge"],"length_m":109,"tags":{"highway":"service"},"crossing":"railway#549727222"}},{"type":"Feature","id":"1543200661-x2","geometry":{"type":"LineString","coordinates":[[80.273909,13.078526],[80.274065,13.078465]]},"properties":{"candidate_id":"1543200661-x2","osm_way_id":1543200661,"name":"","highway":"service","structure":"underpass","reasons":["under_rail_bridge"],"length_m":109,"tags":{"highway":"service"},"crossing":"railway#549727268"}},{"type":"Feature","id":"1545061826-x1","geometry":{"type":"LineString","coordinates":[[80.176078,13.025385],[80.176215,13.025826]]},"properties":{"candidate_id":"1545061826-x1","osm_way_id":1545061826,"name":"","highway":"service","structure":"culvert","reasons":["waterway_crossing"],"length_m":51,"tags":{"highway":"service"},"crossing":"drain#122063612"}},{"type":"Feature","id":"1545595655","geometry":{"type":"LineString","coordinates":[[80.11827,13.004501],[80.118271,13.004391]]},"properties":{"candidate_id":"1545595655","osm_way_id":1545595655,"name":"","highway":"residential","structure":"low_bridge","reasons":["bridge_over_water"],"length_m":12,"tags":{"highway":"residential","bridge":"yes","layer":"1"}}},{"type":"Feature","id":"1545831770","geometry":{"type":"LineString","coordinates":[[80.143348,12.952542],[80.14321,12.952557],[80.143022,12.952587],[80.141859,12.952783]]},"properties":{"candidate_id":"1545831770","osm_way_id":1545831770,"name":"Radha Nagar Subway","highway":"residential","structure":"underpass","reasons":["tunnel=yes","layer<0"],"length_m":164,"tags":{"name":"Radha Nagar Subway","highway":"residential","tunnel":"yes","layer":"-1","oneway":"yes","surface":"asphalt","lanes":"2"}}},{"type":"Feature","id":"1545831771","geometry":{"type":"LineString","coordinates":[[80.141859,12.952783],[80.141781,12.952796]]},"properties":{"candidate_id":"1545831771","osm_way_id":1545831771,"name":"Radha Nagar subway","highway":"residential","structure":"underpass","reasons":["tunnel=yes","layer<0"],"length_m":9,"tags":{"name":"Radha Nagar subway","highway":"residential","tunnel":"yes","layer":"-1","oneway":"yes"}}},{"type":"Feature","id":"1545831772","geometry":{"type":"LineString","coordinates":[[80.141781,12.952796],[80.141613,12.952788],[80.141462,12.952721],[80.141351,12.952601],[80.141215,12.952428],[80.141088,12.952265],[80.141062,12.952229],[80.140718,12.95175],[80.140689,12.95171]]},"properties":{"candidate_id":"1545831772","osm_way_id":1545831772,"name":"Radha Nagar Subway","highway":"residential","structure":"underpass","reasons":["tunnel=yes","layer<0"],"length_m":176,"tags":{"name":"Radha Nagar Subway","highway":"residential","tunnel":"yes","layer":"-1","oneway":"yes","lanes":"2"}}},{"type":"Feature","id":"1546205789","geometry":{"type":"LineString","coordinates":[[80.308571,13.18277],[80.309271,13.182495]]},"properties":{"candidate_id":"1546205789","osm_way_id":1546205789,"name":"","highway":"service","structure":"none","reasons":["tunnel=building_passage"],"length_m":82,"tags":{"highway":"service","tunnel":"building_passage"}}},{"type":"Feature","id":"1546205794","geometry":{"type":"LineString","coordinates":[[80.30889,13.183996],[80.308787,13.183674]]},"properties":{"candidate_id":"1546205794","osm_way_id":1546205794,"name":"","highway":"service","structure":"none","reasons":["tunnel=building_passage"],"length_m":37,"tags":{"highway":"service","tunnel":"building_passage"}}},{"type":"Feature","id":"1546250483","geometry":{"type":"LineString","coordinates":[[80.257535,13.045575],[80.257514,13.045576],[80.257502,13.04558],[80.257495,13.045583],[80.25739,13.045641],[80.257382,13.045649],[80.257379,13.045662]]},"properties":{"candidate_id":"1546250483","osm_way_id":1546250483,"name":"","highway":"service","structure":"none","reasons":["tunnel=building_passage"],"length_m":20,"tags":{"highway":"service","tunnel":"building_passage","oneway":"yes"}}},{"type":"Feature","id":"1546887799","geometry":{"type":"LineString","coordinates":[[80.203974,13.047848],[80.203967,13.04783],[80.203953,13.047808],[80.203776,13.047765],[80.203762,13.047764],[80.203736,13.047778],[80.203724,13.047792]]},"properties":{"candidate_id":"1546887799","osm_way_id":1546887799,"name":"","highway":"service","structure":"none","reasons":["tunnel=building_passage"],"length_m":32,"tags":{"highway":"service","tunnel":"building_passage"}}},{"type":"Feature","id":"1548790710","geometry":{"type":"LineString","coordinates":[[80.093256,12.972836],[80.09331,12.973543]]},"properties":{"candidate_id":"1548790710","osm_way_id":1548790710,"name":"","highway":"service","structure":"none","reasons":["tunnel=building_passage"],"length_m":78,"tags":{"highway":"service","tunnel":"building_passage"}}},{"type":"Feature","id":"1549326614-x1","geometry":{"type":"LineString","coordinates":[[80.11123,13.027697],[80.111123,13.027486]]},"properties":{"candidate_id":"1549326614-x1","osm_way_id":1549326614,"name":"Poonamallee - Kundrathur - Pallavaram Road","highway":"primary","structure":"culvert","reasons":["waterway_crossing"],"length_m":1167,"tags":{"name":"Poonamallee - Kundrathur - Pallavaram Road","ref":"SH113A","highway":"primary","oneway":"yes"},"crossing":"drain:Thanthi Channel#1301947378"}},{"type":"Feature","id":"1549326615-x1","geometry":{"type":"LineString","coordinates":[[80.110934,13.027331],[80.111058,13.027521]]},"properties":{"candidate_id":"1549326615-x1","osm_way_id":1549326615,"name":"Poonamallee - Kundrathur - Pallavaram Road","highway":"primary","structure":"culvert","reasons":["waterway_crossing"],"length_m":1162,"tags":{"name":"Poonamallee - Kundrathur - Pallavaram Road","ref":"SH113A","highway":"primary","oneway":"yes"},"crossing":"drain:Thanthi Channel#1301947378"}},{"type":"Feature","id":"1551027866","geometry":{"type":"LineString","coordinates":[[80.168334,13.013118],[80.168309,13.013037]]},"properties":{"candidate_id":"1551027866","osm_way_id":1551027866,"name":"","highway":"residential","structure":"low_bridge","reasons":["bridge_over_water"],"length_m":9,"tags":{"highway":"residential","bridge":"yes","layer":"1"}}},{"type":"Feature","id":"1551552433","geometry":{"type":"LineString","coordinates":[[80.210535,13.080239],[80.210329,13.08004]]},"properties":{"candidate_id":"1551552433","osm_way_id":1551552433,"name":"","highway":"service","structure":"none","reasons":["tunnel=building_passage"],"length_m":31,"tags":{"highway":"service","tunnel":"building_passage"}}},{"type":"Feature","id":"1552512061","geometry":{"type":"LineString","coordinates":[[80.24948,13.112177],[80.249102,13.112249]]},"properties":{"candidate_id":"1552512061","osm_way_id":1552512061,"name":"","highway":"residential","structure":"none","reasons":["tunnel=building_passage"],"length_m":42,"tags":{"highway":"residential","tunnel":"building_passage"}}},{"type":"Feature","id":"1553161087","geometry":{"type":"LineString","coordinates":[[80.231434,13.070632],[80.231436,13.070858]]},"properties":{"candidate_id":"1553161087","osm_way_id":1553161087,"name":"","highway":"residential","structure":"none","reasons":["tunnel=building_passage"],"length_m":25,"tags":{"highway":"residential","tunnel":"building_passage"}}},{"type":"Feature","id":"1553358880-x1","geometry":{"type":"LineString","coordinates":[[80.188426,13.058088],[80.187319,13.058077]]},"properties":{"candidate_id":"1553358880-x1","osm_way_id":1553358880,"name":"","highway":"residential","structure":"dip","reasons":["waterway_crossing"],"length_m":252,"tags":{"highway":"residential"},"crossing":"drain:Virugambakkam Canal#217802635"}},{"type":"Feature","id":"1554195467","geometry":{"type":"LineString","coordinates":[[80.247653,13.035339],[80.247649,13.035271]]},"properties":{"candidate_id":"1554195467","osm_way_id":1554195467,"name":"","highway":"service","structure":"none","reasons":["tunnel=building_passage"],"length_m":7,"tags":{"highway":"service","tunnel":"building_passage"}}},{"type":"Feature","id":"1554431382-x1","geometry":{"type":"LineString","coordinates":[[80.229465,12.973596],[80.229642,12.973403]]},"properties":{"candidate_id":"1554431382-x1","osm_way_id":1554431382,"name":"","highway":"residential","structure":"underpass","reasons":["under_rail_bridge"],"length_m":51,"tags":{"highway":"residential","oneway":"yes"},"crossing":"railway#25619829"}},{"type":"Feature","id":"1554431382-x2","geometry":{"type":"LineString","coordinates":[[80.229465,12.973596],[80.229642,12.973403]]},"properties":{"candidate_id":"1554431382-x2","osm_way_id":1554431382,"name":"","highway":"residential","structure":"underpass","reasons":["under_rail_bridge"],"length_m":51,"tags":{"highway":"residential","oneway":"yes"},"crossing":"railway#551159595"}},{"type":"Feature","id":"1554431384-x1","geometry":{"type":"LineString","coordinates":[[80.229602,12.973364],[80.229407,12.973536]]},"properties":{"candidate_id":"1554431384-x1","osm_way_id":1554431384,"name":"","highway":"residential","structure":"underpass","reasons":["under_rail_bridge"],"length_m":54,"tags":{"highway":"residential","oneway":"yes"},"crossing":"railway#25619829"}},{"type":"Feature","id":"1554431384-x2","geometry":{"type":"LineString","coordinates":[[80.229602,12.973364],[80.229407,12.973536]]},"properties":{"candidate_id":"1554431384-x2","osm_way_id":1554431384,"name":"","highway":"residential","structure":"underpass","reasons":["under_rail_bridge"],"length_m":54,"tags":{"highway":"residential","oneway":"yes"},"crossing":"railway#551159595"}},{"type":"Feature","id":"1556697617","geometry":{"type":"LineString","coordinates":[[80.211758,13.036666],[80.211747,13.036575]]},"properties":{"candidate_id":"1556697617","osm_way_id":1556697617,"name":"","highway":"service","structure":"none","reasons":["tunnel=building_passage"],"length_m":10,"tags":{"highway":"service","tunnel":"building_passage"}}},{"type":"Feature","id":"1557270668","geometry":{"type":"LineString","coordinates":[[80.211411,13.062198],[80.211427,13.062243]]},"properties":{"candidate_id":"1557270668","osm_way_id":1557270668,"name":"","highway":"service","structure":"none","reasons":["tunnel=building_passage"],"length_m":5,"tags":{"highway":"service","tunnel":"building_passage","oneway":"yes"}}},{"type":"Feature","id":"1558277804","geometry":{"type":"LineString","coordinates":[[80.176163,13.08431],[80.176355,13.084318]]},"properties":{"candidate_id":"1558277804","osm_way_id":1558277804,"name":"","highway":"residential","structure":"none","reasons":["tunnel=building_passage"],"length_m":21,"tags":{"highway":"residential","tunnel":"building_passage"}}},{"type":"Feature","id":"1561304730","geometry":{"type":"LineString","coordinates":[[80.284292,13.086157],[80.284312,13.086253]]},"properties":{"candidate_id":"1561304730","osm_way_id":1561304730,"name":"","highway":"service","structure":"none","reasons":["tunnel=building_passage"],"length_m":11,"tags":{"highway":"service","tunnel":"building_passage"}}},{"type":"Feature","id":"1561498931-x1","geometry":{"type":"LineString","coordinates":[[80.252898,13.021833],[80.252873,13.022021]]},"properties":{"candidate_id":"1561498931-x1","osm_way_id":1561498931,"name":"Greenways Road","highway":"tertiary","structure":"underpass","reasons":["under_rail_bridge"],"length_m":125,"tags":{"name":"Greenways Road","highway":"tertiary"},"crossing":"railway#549727233"}},{"type":"Feature","id":"1561498931-x2","geometry":{"type":"LineString","coordinates":[[80.252898,13.021833],[80.252873,13.022021]]},"properties":{"candidate_id":"1561498931-x2","osm_way_id":1561498931,"name":"Greenways Road","highway":"tertiary","structure":"underpass","reasons":["under_rail_bridge"],"length_m":125,"tags":{"name":"Greenways Road","highway":"tertiary"},"crossing":"railway#549727257"}},{"type":"Feature","id":"1563697010","geometry":{"type":"LineString","coordinates":[[80.125809,12.936535],[80.125733,12.936446]]},"properties":{"candidate_id":"1563697010","osm_way_id":1563697010,"name":"","highway":"service","structure":"none","reasons":["tunnel=building_passage"],"length_m":13,"tags":{"highway":"service","tunnel":"building_passage"}}},{"type":"Feature","id":"1563787858-x1","geometry":{"type":"LineString","coordinates":[[80.234558,13.087823],[80.234593,13.087742]]},"properties":{"candidate_id":"1563787858-x1","osm_way_id":1563787858,"name":"New Avadi Road","highway":"secondary","structure":"dip","reasons":["waterway_crossing"],"length_m":340,"tags":{"name":"New Avadi Road","highway":"secondary","oneway":"yes","surface":"asphalt"},"crossing":"drain#217926518"}},{"type":"Feature","id":"1563787862-x1","geometry":{"type":"LineString","coordinates":[[80.228757,13.090132],[80.227948,13.090873]]},"properties":{"candidate_id":"1563787862-x1","osm_way_id":1563787862,"name":"New Avadi Road","highway":"secondary","structure":"dip","reasons":["waterway_crossing"],"length_m":2221,"tags":{"name":"New Avadi Road","highway":"secondary","oneway":"yes","surface":"asphalt"},"crossing":"drain#217926518"}},{"type":"Feature","id":"1563979940","geometry":{"type":"LineString","coordinates":[[80.139592,12.954191],[80.139674,12.954578]]},"properties":{"candidate_id":"1563979940","osm_way_id":1563979940,"name":"","highway":"service","structure":"none","reasons":["tunnel=building_passage"],"length_m":44,"tags":{"highway":"service","tunnel":"building_passage"}}},{"type":"Feature","id":"1564123747","geometry":{"type":"LineString","coordinates":[[80.25209,12.979668],[80.252247,12.979625]]},"properties":{"candidate_id":"1564123747","osm_way_id":1564123747,"name":"","highway":"service","structure":"none","reasons":["tunnel=building_passage"],"length_m":18,"tags":{"highway":"service","tunnel":"building_passage"}}}]}
