name,ward_or_area,source_name,source_url,source_date,list_kind,raw_text,src_lat,src_lon,geocode_query,extent,note
Nanada gokula,East zone,"BBMP Storm Water Drain dept, List of vulnerable points identified for 2020-21 (PDF)",https://citizenmatters.in/wp-content/uploads/2020/06/SWD-Vul-lat-long-details-18.5.2020-1.pdf,2020-05-18,swd_vulnerable_severe,"Nanada gokula | 13.0436111 | 77.6280556 | 150 | Adjacent SWD have been De-silted [East zone, severely vulnerable table, serial 1, pdf p.1]",13.0436111,77.6280556,,point,vulnerable buffer radius 150 m
HRBR Lyt.,East zone,"BBMP Storm Water Drain dept, List of vulnerable points identified for 2020-21 (PDF)",https://citizenmatters.in/wp-content/uploads/2020/06/SWD-Vul-lat-long-details-18.5.2020-1.pdf,2020-05-18,swd_vulnerable_severe,"HRBR Lyt. | 13.0188889 | 77.6347222 | 150 | Adjacent SWD have been De-silted [East zone, severely vulnerable table, serial 2, pdf p.1]",13.0188889,77.6347222,,point,vulnerable buffer radius 150 m
HBR Lyt.,East zone,"BBMP Storm Water Drain dept, List of vulnerable points identified for 2020-21 (PDF)",https://citizenmatters.in/wp-content/uploads/2020/06/SWD-Vul-lat-long-details-18.5.2020-1.pdf,2020-05-18,swd_vulnerable_severe,"HBR Lyt. | 13.0391667 | 77.6380556 | 200 | Adjacent SWD have been De-silted | 878.000 [East zone, severely vulnerable table, serial 3, pdf p.1]",13.0391667,77.6380556,,point,vulnerable buffer radius 200 m
Veerannapalya,East zone,"BBMP Storm Water Drain dept, List of vulnerable points identified for 2020-21 (PDF)",https://citizenmatters.in/wp-content/uploads/2020/06/SWD-Vul-lat-long-details-18.5.2020-1.pdf,2020-05-18,swd_vulnerable_severe,"Veerannapalya | 13.0411111 | 77.6122222 | 150 | Carle building obstruction. | 890.000 [East zone, severely vulnerable table, serial 4, pdf p.1]",13.0411111,77.6122222,,point,vulnerable buffer radius 150 m
Broadway road junction,East zone,"BBMP Storm Water Drain dept, List of vulnerable points identified for 2020-21 (PDF)",https://citizenmatters.in/wp-content/uploads/2020/06/SWD-Vul-lat-long-details-18.5.2020-1.pdf,2020-05-18,swd_vulnerable_severe,"Broadway road junction | 12.9863889 | 77.6041667 | 100 | 899.000 [East zone, severely vulnerable table, serial 5, pdf p.1]",12.9863889,77.6041667,,point,vulnerable buffer radius 100 m
Armstrong road junction in Shivajinagr,East zone,"BBMP Storm Water Drain dept, List of vulnerable points identified for 2020-21 (PDF)",https://citizenmatters.in/wp-content/uploads/2020/06/SWD-Vul-lat-long-details-18.5.2020-1.pdf,2020-05-18,swd_vulnerable_moderate,"Armstrong road junction in Shivajinagr | 12.9863889 | 77.6102778 | 150 | Low lying area ( Desilting work is in progress) | 895.000 [East zone, moderately vulnerable table, serial 1, pdf p.1]",12.9863889,77.6102778,,point,vulnerable buffer radius 150 m
MV garden & Murphy market,East zone,"BBMP Storm Water Drain dept, List of vulnerable points identified for 2020-21 (PDF)",https://citizenmatters.in/wp-content/uploads/2020/06/SWD-Vul-lat-long-details-18.5.2020-1.pdf,2020-05-18,swd_vulnerable_moderate,"MV garden & Murphy market | 12.9783333 | 77.6272222 | 100 | Low lying area ( Desilting work is in progress) | 885.000 [East zone, moderately vulnerable table, serial 2, pdf p.1]",12.9783333,77.6272222,,point,vulnerable buffer radius 100 m
Jougupalya in Ulsoor,East zone,"BBMP Storm Water Drain dept, List of vulnerable points identified for 2020-21 (PDF)",https://citizenmatters.in/wp-content/uploads/2020/06/SWD-Vul-lat-long-details-18.5.2020-1.pdf,2020-05-18,swd_vulnerable_moderate,"Jougupalya in Ulsoor | 12.9716667 | 77.6333333 | 150 | Low lying area ( Desilting work is in progress) | 883.000 [East zone, moderately vulnerable table, serial 3, pdf p.1]",12.9716667,77.6333333,,point,vulnerable buffer radius 150 m
Cambridge layout (Near Jogupalya),East zone,"BBMP Storm Water Drain dept, List of vulnerable points identified for 2020-21 (PDF)",https://citizenmatters.in/wp-content/uploads/2020/06/SWD-Vul-lat-long-details-18.5.2020-1.pdf,2020-05-18,swd_vulnerable_moderate,"Cambridge layout (Near Jogupalya) | 12.9708333 | 77.6336111 | 150 | Low lying area ( Desilting work is in progress) | 883.000 [East zone, moderately vulnerable table, serial 4, pdf p.1]",12.9708333,77.6336111,,point,vulnerable buffer radius 150 m
Nandhini hotel backside on 100 feet road indiranagar,East zone,"BBMP Storm Water Drain dept, List of vulnerable points identified for 2020-21 (PDF)",https://citizenmatters.in/wp-content/uploads/2020/06/SWD-Vul-lat-long-details-18.5.2020-1.pdf,2020-05-18,swd_vulnerable_moderate,"Nandhini hotel backside on 100 feet road indiranagar | 12.9611111 | 77.6430556 | 150 | Low lying area ( Desilting work is in progress) | 881.000 [East zone, moderately vulnerable table, serial 5, pdf p.1]",12.9611111,77.6430556,,point,vulnerable buffer radius 150 m
Kalyananagar,East zone,"BBMP Storm Water Drain dept, List of vulnerable points identified for 2020-21 (PDF)",https://citizenmatters.in/wp-content/uploads/2020/06/SWD-Vul-lat-long-details-18.5.2020-1.pdf,2020-05-18,swd_vulnerable_moderate,"Kalyananagar | 13.0088889 | 77.6369444 | 200 | Low lying area ( Desilting work is in progress) [East zone, moderately vulnerable table, serial 6, pdf p.1]",13.0088889,77.6369444,,point,vulnerable buffer radius 200 m
BDA Layout in ward ni 113 Konena Agrahara,East zone,"BBMP Storm Water Drain dept, List of vulnerable points identified for 2020-21 (PDF)",https://citizenmatters.in/wp-content/uploads/2020/06/SWD-Vul-lat-long-details-18.5.2020-1.pdf,2020-05-18,swd_vulnerable_moderate,"BDA Layout in ward ni 113 Konena Agrahara | 12.8608333 | 77.6577778 | 150 | Low lying area ( Desilting work is in progress) | 886.000 [East zone, moderately vulnerable table, serial 7, pdf p.1]",12.8608333,77.6577778,,point,vulnerable buffer radius 150 m
Railway parallel road Sadanadanagar,East zone,"BBMP Storm Water Drain dept, List of vulnerable points identified for 2020-21 (PDF)",https://citizenmatters.in/wp-content/uploads/2020/06/SWD-Vul-lat-long-details-18.5.2020-1.pdf,2020-05-18,swd_vulnerable_moderate,"Railway parallel road Sadanadanagar | 12.9947222 | 77.6588889 | 150 | Additional vent to be provided for railway bridge. | 896.000 [East zone, moderately vulnerable table, serial 8, pdf p.1]",12.9947222,77.6588889,,point,vulnerable buffer radius 150 m
Jala Dharshani Layout in ward no.18 of Hebbal constituency.,"East zone, ward 18","BBMP Storm Water Drain dept, List of vulnerable points identified for 2020-21 (PDF)",https://citizenmatters.in/wp-content/uploads/2020/06/SWD-Vul-lat-long-details-18.5.2020-1.pdf,2020-05-18,swd_vulnerable_moderate,"Jala Dharshani Layout in ward no.18 of Hebbal constituency. | 13.0247222 | 77.5825 | 180 | Adjacent SWD have been De-silted | 901.000 [East zone, moderately vulnerable table, serial 9, pdf p.1]",13.0247222,77.5825,,point,vulnerable buffer radius 180 m
Vasanthappa block in ward no.20 of Hebbal constituency.,"East zone, ward 20","BBMP Storm Water Drain dept, List of vulnerable points identified for 2020-21 (PDF)",https://citizenmatters.in/wp-content/uploads/2020/06/SWD-Vul-lat-long-details-18.5.2020-1.pdf,2020-05-18,swd_vulnerable_moderate,"Vasanthappa block in ward no.20 of Hebbal constituency. | 13.0255556 | 77.5722222 | 180 | Adjacent SWD have been De-silted | 904.000 [East zone, moderately vulnerable table, serial 10, pdf p.1]",13.0255556,77.5722222,,point,vulnerable buffer radius 180 m
A Block in ward no.20 of Hebbal constituency.,"East zone, ward 20","BBMP Storm Water Drain dept, List of vulnerable points identified for 2020-21 (PDF)",https://citizenmatters.in/wp-content/uploads/2020/06/SWD-Vul-lat-long-details-18.5.2020-1.pdf,2020-05-18,swd_vulnerable_moderate,"A Block in ward no.20 of Hebbal constituency. | 13.0333333 | 77.5902778 | 180 | Adjacent SWD have been De-silted | 905.000 [East zone, moderately vulnerable table, serial 11, pdf p.1]",13.0333333,77.5902778,,point,vulnerable buffer radius 180 m
Sun Rise colony in ward no.22 of Hebbal constituency.,"East zone, ward 22","BBMP Storm Water Drain dept, List of vulnerable points identified for 2020-21 (PDF)",https://citizenmatters.in/wp-content/uploads/2020/06/SWD-Vul-lat-long-details-18.5.2020-1.pdf,2020-05-18,swd_vulnerable_moderate,"Sun Rise colony in ward no.22 of Hebbal constituency. | 13.0355556 | 77.5972222 | 180 | Adjacent SWD have been De-silted | 901.000 [East zone, moderately vulnerable table, serial 12, pdf p.1]",13.0355556,77.5972222,,point,vulnerable buffer radius 180 m
Upstreams of Devi nagar (junction of Ring road and railway track) in ward no.18 of Hebbal constituency.,"East zone, ward 18","BBMP Storm Water Drain dept, List of vulnerable points identified for 2020-21 (PDF)",https://citizenmatters.in/wp-content/uploads/2020/06/SWD-Vul-lat-long-details-18.5.2020-1.pdf,2020-05-18,swd_vulnerable_moderate,"Upstreams of Devi nagar (junction of Ring road and railway track) in ward no.18 of Hebbal constituency. | 13.0466667 | 77.5708333 | 180 | Adjacent SWD have been De-silted | 904.000 [East zone, moderately vulnerable table, serial 13, pdf p.1]",13.0466667,77.5708333,,point,vulnerable buffer radius 180 m
Near Shani mahathma temple beside Hebbal Fly over in ward no.21 of Hebbal constituency.,"East zone, ward 21","BBMP Storm Water Drain dept, List of vulnerable points identified for 2020-21 (PDF)",https://citizenmatters.in/wp-content/uploads/2020/06/SWD-Vul-lat-long-details-18.5.2020-1.pdf,2020-05-18,swd_vulnerable_moderate,"Near Shani mahathma temple beside Hebbal Fly over in ward no.21 of Hebbal constituency. | 13.0425 | 77.5913889 | 180 | Adjacent SWD have been De-silted | 900.000 [East zone, moderately vulnerable table, serial 14, pdf p.1]",13.0425,77.5913889,,point,vulnerable buffer radius 180 m
Low Laying areas of Chamundi nagar in ward no.33 of Hebbal constituency,"East zone, ward 33","BBMP Storm Water Drain dept, List of vulnerable points identified for 2020-21 (PDF)",https://citizenmatters.in/wp-content/uploads/2020/06/SWD-Vul-lat-long-details-18.5.2020-1.pdf,2020-05-18,swd_vulnerable_moderate,"Low Laying areas of Chamundi nagar in ward no.33 of Hebbal constituency | 13.0333333 | 77.6002778 | 180 | Adjacent SWD have been De-silted | 902.000 [East zone, moderately vulnerable table, serial 15, pdf p.1]",13.0333333,77.6002778,,point,vulnerable buffer radius 180 m
"Rajajinagar Industrial Area ,1st Cross Rd Ward No 108","West zone, ward 108","BBMP Storm Water Drain dept, List of vulnerable points identified for 2020-21 (PDF)",https://citizenmatters.in/wp-content/uploads/2020/06/SWD-Vul-lat-long-details-18.5.2020-1.pdf,2020-05-18,swd_vulnerable_severe,"Rajajinagar Industrial Area ,1st Cross Rd Ward No 108 | 12.9841167 | 77.5460639 | 100 | Work Tackled to avoid flooding | 890.000 [West zone, severely vulnerable table, serial 1, pdf p.1]",12.9841167,77.5460639,,point,vulnerable buffer radius 100 m
Cheluvadipalya Near by GoodShed Road Ward No 138,"West zone, ward 138","BBMP Storm Water Drain dept, List of vulnerable points identified for 2020-21 (PDF)",https://citizenmatters.in/wp-content/uploads/2020/06/SWD-Vul-lat-long-details-18.5.2020-1.pdf,2020-05-18,swd_vulnerable_severe,"Cheluvadipalya Near by GoodShed Road Ward No 138 | 12.9653167 | 77.566525 | 100 | RCC Retaining wall to be Constructed and desilting work is in Progress by AMC | 894.000 [West zone, severely vulnerable table, serial 2, pdf p.1]",12.9653167,77.566525,,point,vulnerable buffer radius 100 m
Near by 2nd Cross Ring Road Ward No 77,"West zone, ward 77","BBMP Storm Water Drain dept, List of vulnerable points identified for 2020-21 (PDF)",https://citizenmatters.in/wp-content/uploads/2020/06/SWD-Vul-lat-long-details-18.5.2020-1.pdf,2020-05-18,swd_vulnerable_severe,"Near by 2nd Cross Ring Road Ward No 77 | 12.0101694 | 77.5275333 | 100 | Work Included under CMNNY Grant & Tender Under Process | 885.000 [West zone, severely vulnerable table, serial 3, pdf p.1]",12.0101694,77.5275333,,point,vulnerable buffer radius 100 m
Binnymill Road Ward No 120 near belimath,"West zone, ward 120","BBMP Storm Water Drain dept, List of vulnerable points identified for 2020-21 (PDF)",https://citizenmatters.in/wp-content/uploads/2020/06/SWD-Vul-lat-long-details-18.5.2020-1.pdf,2020-05-18,swd_vulnerable_severe,"Binnymill Road Ward No 120 near belimath | 12.9765972 | 77.5673472 | 100 | Work Included under CMNNY Grant & Tender Under Process | 898.000 [West zone, severely vulnerable table, serial 4, pdf p.1]",12.9765972,77.5673472,,point,vulnerable buffer radius 100 m
K P Agrahara 7th Cross Road Ward No 121,"West zone, ward 121","BBMP Storm Water Drain dept, List of vulnerable points identified for 2020-21 (PDF)",https://citizenmatters.in/wp-content/uploads/2020/06/SWD-Vul-lat-long-details-18.5.2020-1.pdf,2020-05-18,swd_vulnerable_severe,"K P Agrahara 7th Cross Road Ward No 121 | 12.9726194 | 77.5628833 | 100 | Work Included under CMNNY Grant & Tender Under Process | 887.000 [West zone, severely vulnerable table, serial 5, pdf p.1]",12.9726194,77.5628833,,point,vulnerable buffer radius 100 m
Near Mantri Mall bridge in ward no-94,"West zone, ward 94","BBMP Storm Water Drain dept, List of vulnerable points identified for 2020-21 (PDF)",https://citizenmatters.in/wp-content/uploads/2020/06/SWD-Vul-lat-long-details-18.5.2020-1.pdf,2020-05-18,swd_vulnerable_moderate,"Near Mantri Mall bridge in ward no-94 | 12.9913278 | 77.5705639 | 100 | Work Included under CMNNY Grant & Tender Under Process | 889.000 [West zone, moderately vulnerable table, serial 1, pdf p.1]",12.9913278,77.5705639,,point,vulnerable buffer radius 100 m
Gopalpura area drain v-108 in ward no 121,"West zone, ward 121","BBMP Storm Water Drain dept, List of vulnerable points identified for 2020-21 (PDF)",https://citizenmatters.in/wp-content/uploads/2020/06/SWD-Vul-lat-long-details-18.5.2020-1.pdf,2020-05-18,swd_vulnerable_moderate,"Gopalpura area drain v-108 in ward no 121 | 12.9752167 | 77.5604167 | 100 | Work Included under CMNNY Grant & Tender Under Process | 885.000 [West zone, moderately vulnerable table, serial 2, pdf p.1]",12.9752167,77.5604167,,point,vulnerable buffer radius 100 m
Sandeep bar in ward no-75,"West zone, ward 75","BBMP Storm Water Drain dept, List of vulnerable points identified for 2020-21 (PDF)",https://citizenmatters.in/wp-content/uploads/2020/06/SWD-Vul-lat-long-details-18.5.2020-1.pdf,2020-05-18,swd_vulnerable_moderate,"Sandeep bar in ward no-75 | 13.0035667 | 77.5290472 | 50 | Already tackled no flood occurred Desilting work is in progress by AMC | 857.000 [West zone, moderately vulnerable table, serial 3, pdf p.2]",13.0035667,77.5290472,,point,vulnerable buffer radius 50 m
Kemegowda bridge in ward no 74/75,"West zone, ward 74","BBMP Storm Water Drain dept, List of vulnerable points identified for 2020-21 (PDF)",https://citizenmatters.in/wp-content/uploads/2020/06/SWD-Vul-lat-long-details-18.5.2020-1.pdf,2020-05-18,swd_vulnerable_moderate,"Kemegowda bridge in ward no 74/75 | 13.0041167 | 77.5294917 | 50 | Already tackled no flood occurred Desilting work is in progress by AMC | 859.000 [West zone, moderately vulnerable table, serial 4, pdf p.2]",13.0041167,77.5294917,,point,vulnerable buffer radius 50 m
17th and 19th main in kamalanagar in ward-75,"West zone, ward 75","BBMP Storm Water Drain dept, List of vulnerable points identified for 2020-21 (PDF)",https://citizenmatters.in/wp-content/uploads/2020/06/SWD-Vul-lat-long-details-18.5.2020-1.pdf,2020-05-18,swd_vulnerable_moderate,"17th and 19th main in kamalanagar in ward-75 | 13.004175 | 77.5293167 | 50 | Work Included under CMNNY Grant & Tender Under Process | 858.000 [West zone, moderately vulnerable table, serial 5, pdf p.2]",13.004175,77.5293167,,point,vulnerable buffer radius 50 m
40-vent bridge in ward no-75,"West zone, ward 75","BBMP Storm Water Drain dept, List of vulnerable points identified for 2020-21 (PDF)",https://citizenmatters.in/wp-content/uploads/2020/06/SWD-Vul-lat-long-details-18.5.2020-1.pdf,2020-05-18,swd_vulnerable_moderate,"40-vent bridge in ward no-75 | 13.0044056 | 77.5290944 | 100 | Work Included under CMNNY Grant & Tender Under Process | 858.000 [West zone, moderately vulnerable table, serial 6, pdf p.2]",13.0044056,77.5290944,,point,vulnerable buffer radius 100 m
near ward office 43 ( circular road) drain v-205,West zone,"BBMP Storm Water Drain dept, List of vulnerable points identified for 2020-21 (PDF)",https://citizenmatters.in/wp-content/uploads/2020/06/SWD-Vul-lat-long-details-18.5.2020-1.pdf,2020-05-18,swd_vulnerable_moderate,"near ward office 43 ( circular road) drain v-205 | 13.0095111 | 77.5355278 | 50 | Work Included under CMNNY Grant & Tender Under Process | 875.000 [West zone, moderately vulnerable table, serial 7, pdf p.2]",13.0095111,77.5355278,,point,vulnerable buffer radius 50 m
down stream of laggere bridge (sakamma badavane)in ward no 43,"West zone, ward 43","BBMP Storm Water Drain dept, List of vulnerable points identified for 2020-21 (PDF)",https://citizenmatters.in/wp-content/uploads/2020/06/SWD-Vul-lat-long-details-18.5.2020-1.pdf,2020-05-18,swd_vulnerable_moderate,"down stream of laggere bridge (sakamma badavane)in ward no 43 | 13.0109528 | 77.5280639 | 50 | Already tackled no flood occurred Desilting work is in progress by AMC | 877.000 [West zone, moderately vulnerable table, serial 8, pdf p.2]",13.0109528,77.5280639,,point,vulnerable buffer radius 50 m
junction of v-200 & v-202 in ward no. -43/75.,"West zone, ward 43","BBMP Storm Water Drain dept, List of vulnerable points identified for 2020-21 (PDF)",https://citizenmatters.in/wp-content/uploads/2020/06/SWD-Vul-lat-long-details-18.5.2020-1.pdf,2020-05-18,swd_vulnerable_moderate,"junction of v-200 & v-202 in ward no. -43/75. | 13.0058639 | 77.5300417 | 50 | Already tackled no flood occurred Desilting work is in progress by AMC | 862.000 [West zone, moderately vulnerable table, serial 9, pdf p.2]",13.0058639,77.5300417,,point,vulnerable buffer radius 50 m
"Guttahalli Circle, Malleshwaram.",West zone,"BBMP Storm Water Drain dept, List of vulnerable points identified for 2020-21 (PDF)",https://citizenmatters.in/wp-content/uploads/2020/06/SWD-Vul-lat-long-details-18.5.2020-1.pdf,2020-05-18,swd_vulnerable_moderate,"Guttahalli Circle, Malleshwaram. | 12.9974139 | 77.5780417 | 50 | Work Included under CMNNY Grant & Tender Under Process | 905.000 [West zone, moderately vulnerable table, serial 10, pdf p.2]",12.9974139,77.5780417,,point,vulnerable buffer radius 50 m
"Gandi Statue, Vokkalipuram.",West zone,"BBMP Storm Water Drain dept, List of vulnerable points identified for 2020-21 (PDF)",https://citizenmatters.in/wp-content/uploads/2020/06/SWD-Vul-lat-long-details-18.5.2020-1.pdf,2020-05-18,swd_vulnerable_moderate,"Gandi Statue, Vokkalipuram. | 12.98345 | 77.565525 | 100 | Work Tackled to avoid flooding | 886.000 [West zone, moderately vulnerable table, serial 11, pdf p.2]",12.98345,77.565525,,point,vulnerable buffer radius 100 m
Gopalpuram inward No-98.,West zone,"BBMP Storm Water Drain dept, List of vulnerable points identified for 2020-21 (PDF)",https://citizenmatters.in/wp-content/uploads/2020/06/SWD-Vul-lat-long-details-18.5.2020-1.pdf,2020-05-18,swd_vulnerable_moderate,"Gopalpuram inward No-98. | 12.9752167 | 77.5604167 | 100 | Tender Called | 885.000 [West zone, moderately vulnerable table, serial 12, pdf p.2]",12.9752167,77.5604167,,point,vulnerable buffer radius 100 m
"Link Road, Malleshwaram.",West zone,"BBMP Storm Water Drain dept, List of vulnerable points identified for 2020-21 (PDF)",https://citizenmatters.in/wp-content/uploads/2020/06/SWD-Vul-lat-long-details-18.5.2020-1.pdf,2020-05-18,swd_vulnerable_moderate,"Link Road, Malleshwaram. | 12.9960139 | 77.5733833 | 50 | Tender Called | 895.000 [West zone, moderately vulnerable table, serial 13, pdf p.2]",12.9960139,77.5733833,,point,vulnerable buffer radius 50 m
Back of presidency school in ward no. -44,"West zone, ward 44","BBMP Storm Water Drain dept, List of vulnerable points identified for 2020-21 (PDF)",https://citizenmatters.in/wp-content/uploads/2020/06/SWD-Vul-lat-long-details-18.5.2020-1.pdf,2020-05-18,swd_vulnerable_moderate,"Back of presidency school in ward no. -44 | 13.0095111 | 77.5355278 | 50 | Work Included under CMNNY Grant & Tender Under Process | 875.000 [West zone, moderately vulnerable table, serial 14, pdf p.2]",13.0095111,77.5355278,,point,vulnerable buffer radius 50 m
3rd circular road nandhini layout ward no-44,"West zone, ward 44","BBMP Storm Water Drain dept, List of vulnerable points identified for 2020-21 (PDF)",https://citizenmatters.in/wp-content/uploads/2020/06/SWD-Vul-lat-long-details-18.5.2020-1.pdf,2020-05-18,swd_vulnerable_moderate,"3rd circular road nandhini layout ward no-44 | 13.0095111 | 77.5355278 | 100 | Work Included under CMNNY Grant & Tender Under Process | 875.000 [West zone, moderately vulnerable table, serial 15, pdf p.2]",13.0095111,77.5355278,,point,vulnerable buffer radius 100 m
Near bescom office mattikere in ward no. -36,"West zone, ward 36","BBMP Storm Water Drain dept, List of vulnerable points identified for 2020-21 (PDF)",https://citizenmatters.in/wp-content/uploads/2020/06/SWD-Vul-lat-long-details-18.5.2020-1.pdf,2020-05-18,swd_vulnerable_moderate,"Near bescom office mattikere in ward no. -36 | 13.0367361 | 77.5567056 | 100 | Already tackled no flood occurred Desilting work is in progress by AMC | 907.000 [West zone, moderately vulnerable table, serial 16, pdf p.2]",13.0367361,77.5567056,,point,vulnerable buffer radius 100 m
near yashavanthpur TTMC in ward no. -45,"West zone, ward 45","BBMP Storm Water Drain dept, List of vulnerable points identified for 2020-21 (PDF)",https://citizenmatters.in/wp-content/uploads/2020/06/SWD-Vul-lat-long-details-18.5.2020-1.pdf,2020-05-18,swd_vulnerable_moderate,"near yashavanthpur TTMC in ward no. -45 | 13.0250306 | 77.534025 | 50 | Work Included under CMNNY Grant & Tender Under Process | 909.000 [West zone, moderately vulnerable table, serial 17, pdf p.2]",13.0250306,77.534025,,point,vulnerable buffer radius 50 m
Near summanahalli bridge(up stream) in ward no- 102,"West zone, ward 102","BBMP Storm Water Drain dept, List of vulnerable points identified for 2020-21 (PDF)",https://citizenmatters.in/wp-content/uploads/2020/06/SWD-Vul-lat-long-details-18.5.2020-1.pdf,2020-05-18,swd_vulnerable_moderate,"Near summanahalli bridge(up stream) in ward no- 102 | 12.984675 | 77.5189389 | 100 | Already tackled no flood occurred | 849.000 [West zone, moderately vulnerable table, serial 18, pdf p.2]",12.984675,77.5189389,,point,vulnerable buffer radius 100 m
1st main road bridge down stream in ward no-74,"West zone, ward 74","BBMP Storm Water Drain dept, List of vulnerable points identified for 2020-21 (PDF)",https://citizenmatters.in/wp-content/uploads/2020/06/SWD-Vul-lat-long-details-18.5.2020-1.pdf,2020-05-18,swd_vulnerable_moderate,"1st main road bridge down stream in ward no-74 | 13.001 | 77.5278778 | 50 | Already tackled no flood occurred | 850.000 [West zone, moderately vulnerable table, serial 19, pdf p.2]",13.001,77.5278778,,point,vulnerable buffer radius 50 m
Jai maruthi nagar and nandhini layout bridge ( up and doen stream) in ward no 43/66,"West zone, ward 43","BBMP Storm Water Drain dept, List of vulnerable points identified for 2020-21 (PDF)",https://citizenmatters.in/wp-content/uploads/2020/06/SWD-Vul-lat-long-details-18.5.2020-1.pdf,2020-05-18,swd_vulnerable_moderate,"Jai maruthi nagar and nandhini layout bridge ( up and doen stream) in ward no 43/66 | 13.0017556 | 77.5325528 | 50 | Work Included under CMNNY Grant & Tender Under Process | 877.000 [West zone, moderately vulnerable table, serial 20, pdf p.2]",13.0017556,77.5325528,,point,vulnerable buffer radius 50 m
NGEF Layout in ward no.128,"West zone, ward 128","BBMP Storm Water Drain dept, List of vulnerable points identified for 2020-21 (PDF)",https://citizenmatters.in/wp-content/uploads/2020/06/SWD-Vul-lat-long-details-18.5.2020-1.pdf,2020-05-18,swd_vulnerable_moderate,"NGEF Layout in ward no.128 | 12.9590583 | 77.5085389 | 100 | Work Included under CMNNY Grant & Tender Under Process | 828.000 [West zone, moderately vulnerable table, serial 21, pdf p.2]",12.9590583,77.5085389,,point,vulnerable buffer radius 100 m
"Kalyan Nagar , Moodalapalya, Ward 127","West zone, ward 127","BBMP Storm Water Drain dept, List of vulnerable points identified for 2020-21 (PDF)",https://citizenmatters.in/wp-content/uploads/2020/06/SWD-Vul-lat-long-details-18.5.2020-1.pdf,2020-05-18,swd_vulnerable_moderate,"Kalyan Nagar , Moodalapalya, Ward 127 | 12.9711694 | 77.5186556 | 50 | Work Included under CMNNY Grant & Tender Under Process | 833.000 [West zone, moderately vulnerable table, serial 22, pdf p.2]",12.9711694,77.5186556,,point,vulnerable buffer radius 50 m
Netaji Nagara in ward no.120 KP Agrahara,"West zone, ward 120","BBMP Storm Water Drain dept, List of vulnerable points identified for 2020-21 (PDF)",https://citizenmatters.in/wp-content/uploads/2020/06/SWD-Vul-lat-long-details-18.5.2020-1.pdf,2020-05-18,swd_vulnerable_moderate,"Netaji Nagara in ward no.120 KP Agrahara | 12.9764556 | 77.5621028 | 100 | Work Included under CMNNY Grant & Tender Under Process | 888.000 [West zone, moderately vulnerable table, serial 23, pdf p.2]",12.9764556,77.5621028,,point,vulnerable buffer radius 100 m
Nagamma nagara Near binny mill road,West zone,"BBMP Storm Water Drain dept, List of vulnerable points identified for 2020-21 (PDF)",https://citizenmatters.in/wp-content/uploads/2020/06/SWD-Vul-lat-long-details-18.5.2020-1.pdf,2020-05-18,swd_vulnerable_moderate,"Nagamma nagara Near binny mill road | 12.98 | 77.5697722 | 50 | Work Included under CMNNY Grant & Tender Under Process | 901.000 [West zone, moderately vulnerable table, serial 24, pdf p.2]",12.98,77.5697722,,point,vulnerable buffer radius 50 m
"Netaji ground & Saneguruvanalli, Ward 100","West zone, ward 100","BBMP Storm Water Drain dept, List of vulnerable points identified for 2020-21 (PDF)",https://citizenmatters.in/wp-content/uploads/2020/06/SWD-Vul-lat-long-details-18.5.2020-1.pdf,2020-05-18,swd_vulnerable_moderate,"Netaji ground & Saneguruvanalli, Ward 100 | 12.9908722 | 77.54405 | 100 | Work Included under CMNNY Grant & Tender Under Process | 902.000 [West zone, moderately vulnerable table, serial 25, pdf p.2]",12.9908722,77.54405,,point,vulnerable buffer radius 100 m
"Srirammandir ward.108, Gubbanna Industrial Estate","West zone, ward 108","BBMP Storm Water Drain dept, List of vulnerable points identified for 2020-21 (PDF)",https://citizenmatters.in/wp-content/uploads/2020/06/SWD-Vul-lat-long-details-18.5.2020-1.pdf,2020-05-18,swd_vulnerable_moderate,"Srirammandir ward.108, Gubbanna Industrial Estate | 12.9875639 | 77.5592972 | 100 | Work Tackled to avoid flooding | 897.000 [West zone, moderately vulnerable table, serial 26, pdf p.2]",12.9875639,77.5592972,,point,vulnerable buffer radius 100 m
Prakashnagar Near mudalayar Choultry,West zone,"BBMP Storm Water Drain dept, List of vulnerable points identified for 2020-21 (PDF)",https://citizenmatters.in/wp-content/uploads/2020/06/SWD-Vul-lat-long-details-18.5.2020-1.pdf,2020-05-18,swd_vulnerable_moderate,"Prakashnagar Near mudalayar Choultry | 12.9934833 | 77.5571667 | 100 | Work Included under CMNNY Grant & Tender Under Process | 902.000 [West zone, moderately vulnerable table, serial 27, pdf p.2]",12.9934833,77.5571667,,point,vulnerable buffer radius 100 m
Nayandahalli ward.131 and near Railway track,"West zone, ward 131","BBMP Storm Water Drain dept, List of vulnerable points identified for 2020-21 (PDF)",https://citizenmatters.in/wp-content/uploads/2020/06/SWD-Vul-lat-long-details-18.5.2020-1.pdf,2020-05-18,swd_vulnerable_moderate,"Nayandahalli ward.131 and near Railway track | 12.9446528 | 77.5255861 | 50 | Work Tackled to avoid flooding | 895.000 [West zone, moderately vulnerable table, serial 28, pdf p.2]",12.9446528,77.5255861,,point,vulnerable buffer radius 50 m
"Siddartha Nagar, Cheluvadipalya Ward 138","West zone, ward 138","BBMP Storm Water Drain dept, List of vulnerable points identified for 2020-21 (PDF)",https://citizenmatters.in/wp-content/uploads/2020/06/SWD-Vul-lat-long-details-18.5.2020-1.pdf,2020-05-18,swd_vulnerable_moderate,"Siddartha Nagar, Cheluvadipalya Ward 138 | 12.9653167 | 77.566525 | 100 | RCC Retaining wall to be Constructed and desilting work is in Progress by AMC | 895.000 [West zone, moderately vulnerable table, serial 29, pdf p.2]",12.9653167,77.566525,,point,vulnerable buffer radius 100 m
Munikrishnappa layout area of kaveripura in ward No.103,"West zone, ward 103","BBMP Storm Water Drain dept, List of vulnerable points identified for 2020-21 (PDF)",https://citizenmatters.in/wp-content/uploads/2020/06/SWD-Vul-lat-long-details-18.5.2020-1.pdf,2020-05-18,swd_vulnerable_moderate,"Munikrishnappa layout area of kaveripura in ward No.103 | 13.0033056 | 77.5636111 | 100 | Work Included under CMNNY Grant & Tender Under Process | 919.000 [West zone, moderately vulnerable table, serial 30, pdf p.2]",13.0033056,77.5636111,,point,vulnerable buffer radius 100 m
"Rayapuram near Govt Maternity Hospital, Ward 137","West zone, ward 137","BBMP Storm Water Drain dept, List of vulnerable points identified for 2020-21 (PDF)",https://citizenmatters.in/wp-content/uploads/2020/06/SWD-Vul-lat-long-details-18.5.2020-1.pdf,2020-05-18,swd_vulnerable_moderate,"Rayapuram near Govt Maternity Hospital, Ward 137 | 12.9658833 | 77.5526194 | 50 | Desilting to be done periodically by AMC | 878.000 [West zone, moderately vulnerable table, serial 31, pdf p.2]",12.9658833,77.5526194,,point,vulnerable buffer radius 50 m
Chamarajapet Ward 140,"West zone, ward 140","BBMP Storm Water Drain dept, List of vulnerable points identified for 2020-21 (PDF)",https://citizenmatters.in/wp-content/uploads/2020/06/SWD-Vul-lat-long-details-18.5.2020-1.pdf,2020-05-18,swd_vulnerable_moderate,"Chamarajapet Ward 140 | 12.9570389 | 77.5620833 | 100 | Culvert Work Under Progress | 894.000 [West zone, moderately vulnerable table, serial 32, pdf p.2]",12.9570389,77.5620833,,point,vulnerable buffer radius 100 m
"Nari Halla, Ward 141","West zone, ward 141","BBMP Storm Water Drain dept, List of vulnerable points identified for 2020-21 (PDF)",https://citizenmatters.in/wp-content/uploads/2020/06/SWD-Vul-lat-long-details-18.5.2020-1.pdf,2020-05-18,swd_vulnerable_moderate,"Nari Halla, Ward 141 | 12.9572417 | 77.5686806 | 100 | Already tackled no flood occurred | 896.000 [West zone, moderately vulnerable table, serial 33, pdf p.2]",12.9572417,77.5686806,,point,vulnerable buffer radius 100 m
"Sri Galianjaneya swamy temple, Mysore road",South zone,"BBMP Storm Water Drain dept, List of vulnerable points identified for 2020-21 (PDF)",https://citizenmatters.in/wp-content/uploads/2020/06/SWD-Vul-lat-long-details-18.5.2020-1.pdf,2020-05-18,swd_vulnerable_severe,"Sri Galianjaneya swamy temple, Mysore road | 12.9530351 | 77.5412528 | 70 | Periodical desilting to be done [South zone, severely vulnerable table, serial 1, pdf p.2]",12.9530351,77.5412528,,point,vulnerable buffer radius 70 m
"Kempapura Agrahara Secondary Drain, Magadi road",South zone,"BBMP Storm Water Drain dept, List of vulnerable points identified for 2020-21 (PDF)",https://citizenmatters.in/wp-content/uploads/2020/06/SWD-Vul-lat-long-details-18.5.2020-1.pdf,2020-05-18,swd_vulnerable_severe,"Kempapura Agrahara Secondary Drain, Magadi road | 12.9722476 | 77.5541086 | 40 | RCC Retaining wall to be constructed [South zone, severely vulnerable table, serial 2, pdf p.2]",12.9722476,77.5541086,,point,vulnerable buffer radius 40 m
"Nayandahalli Junction, Mysore road",South zone,"BBMP Storm Water Drain dept, List of vulnerable points identified for 2020-21 (PDF)",https://citizenmatters.in/wp-content/uploads/2020/06/SWD-Vul-lat-long-details-18.5.2020-1.pdf,2020-05-18,swd_vulnerable_severe,"Nayandahalli Junction, Mysore road | 12.9454803 | 77.5289368 | 80 | Periodical desilting to be done [South zone, severely vulnerable table, serial 3, pdf p.3]",12.9454803,77.5289368,,point,vulnerable buffer radius 80 m
Kavika Bridge to Nice road bridge,South zone,"BBMP Storm Water Drain dept, List of vulnerable points identified for 2020-21 (PDF)",https://citizenmatters.in/wp-content/uploads/2020/06/SWD-Vul-lat-long-details-18.5.2020-1.pdf,2020-05-18,swd_vulnerable_moderate,"Kavika Bridge to Nice road bridge | 12.9505685 | 77.5385974 | 60 | RCC Retaining wall to be constructed [South zone, moderately vulnerable table, serial 1, pdf p.3]",12.9505685,77.5385974,,point,vulnerable buffer radius 60 m
Vrishabhavthi main valley near Cholurapalya in ward 123,"South zone, ward 123","BBMP Storm Water Drain dept, List of vulnerable points identified for 2020-21 (PDF)",https://citizenmatters.in/wp-content/uploads/2020/06/SWD-Vul-lat-long-details-18.5.2020-1.pdf,2020-05-18,swd_vulnerable_moderate,"Vrishabhavthi main valley near Cholurapalya in ward 123 | 12.9684047 | 77.5496970 | 40 | RCC Retaining wall to be constructed [South zone, moderately vulnerable table, serial 2, pdf p.3]",12.9684047,77.5496970,,point,vulnerable buffer radius 40 m
"Manuvana, Pipeline road",South zone,"BBMP Storm Water Drain dept, List of vulnerable points identified for 2020-21 (PDF)",https://citizenmatters.in/wp-content/uploads/2020/06/SWD-Vul-lat-long-details-18.5.2020-1.pdf,2020-05-18,swd_vulnerable_moderate,"Manuvana, Pipeline road | 12.9737296 | 77.5466514 | 30 | Bend pipe to be provided [South zone, moderately vulnerable table, serial 3, pdf p.3]",12.9737296,77.5466514,,point,vulnerable buffer radius 30 m
Ranganatha Colony in W 158,South zone,"BBMP Storm Water Drain dept, List of vulnerable points identified for 2020-21 (PDF)",https://citizenmatters.in/wp-content/uploads/2020/06/SWD-Vul-lat-long-details-18.5.2020-1.pdf,2020-05-18,swd_vulnerable_moderate,"Ranganatha Colony in W 158 | 12.9453019 | 77.5350696 | 70 | RCC Retaining wall to be constructed [South zone, moderately vulnerable table, serial 4, pdf p.3]",12.9453019,77.5350696,,point,vulnerable buffer radius 70 m
"Hosaguddadahalli, Bapujinagara",South zone,"BBMP Storm Water Drain dept, List of vulnerable points identified for 2020-21 (PDF)",https://citizenmatters.in/wp-content/uploads/2020/06/SWD-Vul-lat-long-details-18.5.2020-1.pdf,2020-05-18,swd_vulnerable_moderate,"Hosaguddadahalli, Bapujinagara | 12.9563166 | 77.5425798 | 50 | Bend pipe to be provided [South zone, moderately vulnerable table, serial 5, pdf p.3]",12.9563166,77.5425798,,point,vulnerable buffer radius 50 m
"Hosakere halli, near D'souza Nagara",South zone,"BBMP Storm Water Drain dept, List of vulnerable points identified for 2020-21 (PDF)",https://citizenmatters.in/wp-content/uploads/2020/06/SWD-Vul-lat-long-details-18.5.2020-1.pdf,2020-05-18,swd_vulnerable_moderate,"Hosakere halli, near D'souza Nagara | 12.9320232 | 77.5353228 | 40 | RCC Retaining wall to be constructed [South zone, moderately vulnerable table, serial 6, pdf p.3]",12.9320232,77.5353228,,point,vulnerable buffer radius 40 m
"Near Dattarthraya Temple, Hosakerehalli",South zone,"BBMP Storm Water Drain dept, List of vulnerable points identified for 2020-21 (PDF)",https://citizenmatters.in/wp-content/uploads/2020/06/SWD-Vul-lat-long-details-18.5.2020-1.pdf,2020-05-18,swd_vulnerable_moderate,"Near Dattarthraya Temple, Hosakerehalli | 12.9246956 | 77.53913325 | 50 | RCC Retaining wall to be constructed [South zone, moderately vulnerable table, serial 7, pdf p.3]",12.9246956,77.53913325,,point,vulnerable buffer radius 50 m
"Bannerghatta Road near spar super market, no shoulder drain to rsd","South zone, K-valley (South zone)","BBMP Storm Water Drain dept, List of vulnerable points identified for 2020-21 (PDF)",https://citizenmatters.in/wp-content/uploads/2020/06/SWD-Vul-lat-long-details-18.5.2020-1.pdf,2020-05-18,swd_vulnerable_severe,"Bannerghatta Road near spar super market, no shoulder drain to rsd | 12.93025 | 77.6010278 | 100 | Shoulders drains to be provided. [South zone, severely vulnerable table, serial 1, pdf p.3]",12.93025,77.6010278,,point,vulnerable buffer radius 100 m
"Bannerghatta Road near oakyard Apartment, because choked Rsd","South zone, K-valley (South zone)","BBMP Storm Water Drain dept, List of vulnerable points identified for 2020-21 (PDF)",https://citizenmatters.in/wp-content/uploads/2020/06/SWD-Vul-lat-long-details-18.5.2020-1.pdf,2020-05-18,swd_vulnerable_severe,"Bannerghatta Road near oakyard Apartment, because choked Rsd | 12.9216944 | 77.5999444 | 50 | RSD to be desilted [South zone, severely vulnerable table, serial 2, pdf p.3]",12.9216944,77.5999444,,point,vulnerable buffer radius 50 m
Hosur road Jayadeva flyover to Udupi Garden Signal due to choked Rsd.,"South zone, K-valley (South zone)","BBMP Storm Water Drain dept, List of vulnerable points identified for 2020-21 (PDF)",https://citizenmatters.in/wp-content/uploads/2020/06/SWD-Vul-lat-long-details-18.5.2020-1.pdf,2020-05-18,swd_vulnerable_severe,"Hosur road Jayadeva flyover to Udupi Garden Signal due to choked Rsd. | 12.9164722 | 77.5998889 | 200 | RSD to be desilted [South zone, severely vulnerable table, serial 3, pdf p.3]",12.9164722,77.5998889,,point,vulnerable buffer radius 200 m
SILK BOARD due to choked Rsd and shoulder drain,"South zone, K-valley (South zone)","BBMP Storm Water Drain dept, List of vulnerable points identified for 2020-21 (PDF)",https://citizenmatters.in/wp-content/uploads/2020/06/SWD-Vul-lat-long-details-18.5.2020-1.pdf,2020-05-18,swd_vulnerable_severe,"SILK BOARD due to choked Rsd and shoulder drain | 12.9186389 | 77.6218889 | 100 | RSD to be desilted [South zone, severely vulnerable table, serial 4, pdf p.3]",12.9186389,77.6218889,,point,vulnerable buffer radius 100 m
Sony Signal to Maharaja signal in Koramangala due Rsd work and Choked Rsd and shoulder drains.,"South zone, K-valley (South zone)","BBMP Storm Water Drain dept, List of vulnerable points identified for 2020-21 (PDF)",https://citizenmatters.in/wp-content/uploads/2020/06/SWD-Vul-lat-long-details-18.5.2020-1.pdf,2020-05-18,swd_vulnerable_severe,"Sony Signal to Maharaja signal in Koramangala due Rsd work and Choked Rsd and shoulder drains. | 12.9368889 | 77.6264167 | 500 | Rsd to be desilted and shoulder drains to be cleared. [South zone, severely vulnerable table, serial 5, pdf p.3]",12.9368889,77.6264167,,point,vulnerable buffer radius 500 m
Magrath road and brigade road junction,"South zone, K-valley (South zone)","BBMP Storm Water Drain dept, List of vulnerable points identified for 2020-21 (PDF)",https://citizenmatters.in/wp-content/uploads/2020/06/SWD-Vul-lat-long-details-18.5.2020-1.pdf,2020-05-18,swd_vulnerable_severe,"Magrath road and brigade road junction | 12.9706111 | 77.6096667 | 100 | RSD to be linked at SWD near HM Towers [South zone, severely vulnerable table, serial 6, pdf p.3]",12.9706111,77.6096667,,point,vulnerable buffer radius 100 m
Anepalya Gajendranagar SWD surroundings,"South zone, K-valley (South zone)","BBMP Storm Water Drain dept, List of vulnerable points identified for 2020-21 (PDF)",https://citizenmatters.in/wp-content/uploads/2020/06/SWD-Vul-lat-long-details-18.5.2020-1.pdf,2020-05-18,swd_vulnerable_severe,"Anepalya Gajendranagar SWD surroundings | 12.9519444 | 77.6059444 | 200 | RSD bed level in same level as SWD [South zone, severely vulnerable table, serial 7, pdf p.3]",12.9519444,77.6059444,,point,vulnerable buffer radius 200 m
Kumbargundi lead off drains,"South zone, K-valley (South zone)","BBMP Storm Water Drain dept, List of vulnerable points identified for 2020-21 (PDF)",https://citizenmatters.in/wp-content/uploads/2020/06/SWD-Vul-lat-long-details-18.5.2020-1.pdf,2020-05-18,swd_vulnerable_severe,"Kumbargundi lead off drains | 12.9624167 | 77.5839722 | 100 | RSD bed level in same level as SWD [South zone, severely vulnerable table, serial 8, pdf p.3]",12.9624167,77.5839722,,point,vulnerable buffer radius 100 m
Siddpaura gate,"South zone, K-valley (South zone)","BBMP Storm Water Drain dept, List of vulnerable points identified for 2020-21 (PDF)",https://citizenmatters.in/wp-content/uploads/2020/06/SWD-Vul-lat-long-details-18.5.2020-1.pdf,2020-05-18,swd_vulnerable_severe,"Siddpaura gate | 12.9463056 | 77.5896389 | 50 | RSD bed level in same level as SWD [South zone, severely vulnerable table, serial 9, pdf p.3]",12.9463056,77.5896389,,point,vulnerable buffer radius 50 m
Wilson garden PWD quarters,"South zone, K-valley (South zone)","BBMP Storm Water Drain dept, List of vulnerable points identified for 2020-21 (PDF)",https://citizenmatters.in/wp-content/uploads/2020/06/SWD-Vul-lat-long-details-18.5.2020-1.pdf,2020-05-18,swd_vulnerable_severe,"Wilson garden PWD quarters | 12.9529722 | 77.5968333 | 100 | RSD bed level in same level as SWD [South zone, severely vulnerable table, serial 10, pdf p.3]",12.9529722,77.5968333,,point,vulnerable buffer radius 100 m
Palm grove road,"South zone, K-valley (South zone)","BBMP Storm Water Drain dept, List of vulnerable points identified for 2020-21 (PDF)",https://citizenmatters.in/wp-content/uploads/2020/06/SWD-Vul-lat-long-details-18.5.2020-1.pdf,2020-05-18,swd_vulnerable_moderate,"Palm grove road | 12.9637222 | 77.6146389 | 20 | UG Cables running across the bed of SWD,hence a lot of obstruction [South zone, moderately vulnerable table, serial 1, pdf p.3]",12.9637222,77.6146389,,point,vulnerable buffer radius 20 m
JK Pura,"South zone, K-valley (South zone)","BBMP Storm Water Drain dept, List of vulnerable points identified for 2020-21 (PDF)",https://citizenmatters.in/wp-content/uploads/2020/06/SWD-Vul-lat-long-details-18.5.2020-1.pdf,2020-05-18,swd_vulnerable_moderate,"JK Pura | 12.9511667 | 77.599 | 15 | RSD bed level in same level as SWD [South zone, moderately vulnerable table, serial 2, pdf p.3]",12.9511667,77.599,,point,vulnerable buffer radius 15 m
Micheal church,"South zone, K-valley (South zone)","BBMP Storm Water Drain dept, List of vulnerable points identified for 2020-21 (PDF)",https://citizenmatters.in/wp-content/uploads/2020/06/SWD-Vul-lat-long-details-18.5.2020-1.pdf,2020-05-18,swd_vulnerable_moderate,"Micheal church | 12.9561389 | 77.5970278 | 10 | RSD not working. [South zone, moderately vulnerable table, serial 3, pdf p.3]",12.9561389,77.5970278,,point,vulnerable buffer radius 10 m
Gulbarga Calony RBI extension.,"South zone, K-valley (South zone)","BBMP Storm Water Drain dept, List of vulnerable points identified for 2020-21 (PDF)",https://citizenmatters.in/wp-content/uploads/2020/06/SWD-Vul-lat-long-details-18.5.2020-1.pdf,2020-05-18,swd_vulnerable_moderate,"Gulbarga Calony RBI extension. | 12.9319167 | 77.5939167 | 25 | RSD to be desilted [South zone, moderately vulnerable table, serial 4, pdf p.3]",12.9319167,77.5939167,,point,vulnerable buffer radius 25 m
Anepalya junction,"South zone, K-valley (South zone)","BBMP Storm Water Drain dept, List of vulnerable points identified for 2020-21 (PDF)",https://citizenmatters.in/wp-content/uploads/2020/06/SWD-Vul-lat-long-details-18.5.2020-1.pdf,2020-05-18,swd_vulnerable_moderate,"Anepalya junction | 12.951 | 77.6056111 | 75 | RSD bed level in same level as SWD bed level [South zone, moderately vulnerable table, serial 5, pdf p.3]",12.951,77.6056111,,point,vulnerable buffer radius 75 m
Kumbaragundi,"South zone, K-valley (South zone)","BBMP Storm Water Drain dept, List of vulnerable points identified for 2020-21 (PDF)",https://citizenmatters.in/wp-content/uploads/2020/06/SWD-Vul-lat-long-details-18.5.2020-1.pdf,2020-05-18,swd_vulnerable_moderate,"Kumbaragundi | 12.9621111 | 77.5828056 | 25 | RSD bed level in same level as SWD [South zone, moderately vulnerable table, serial 6, pdf p.3]",12.9621111,77.5828056,,point,vulnerable buffer radius 25 m
Byrasandara Fire station,"South zone, K-valley (South zone)","BBMP Storm Water Drain dept, List of vulnerable points identified for 2020-21 (PDF)",https://citizenmatters.in/wp-content/uploads/2020/06/SWD-Vul-lat-long-details-18.5.2020-1.pdf,2020-05-18,swd_vulnerable_moderate,"Byrasandara Fire station | 12.9329444 | 77.5889722 | 15 | RSD to be desilted [South zone, moderately vulnerable table, serial 7, pdf p.3]",12.9329444,77.5889722,,point,vulnerable buffer radius 15 m
Osaman Khan Road Near KR Market,"South zone, K-valley (South zone)","BBMP Storm Water Drain dept, List of vulnerable points identified for 2020-21 (PDF)",https://citizenmatters.in/wp-content/uploads/2020/06/SWD-Vul-lat-long-details-18.5.2020-1.pdf,2020-05-18,swd_vulnerable_moderate,"Osaman Khan Road Near KR Market | 12.963 | 77.5798056 | 25 | RSD to be desilted [South zone, moderately vulnerable table, serial 8, pdf p.3]",12.963,77.5798056,,point,vulnerable buffer radius 25 m
BTM layout,"South zone, K-valley (South zone)","BBMP Storm Water Drain dept, List of vulnerable points identified for 2020-21 (PDF)",https://citizenmatters.in/wp-content/uploads/2020/06/SWD-Vul-lat-long-details-18.5.2020-1.pdf,2020-05-18,swd_vulnerable_moderate,"BTM layout | 12.91575 | 77.61675 | 50 | RSD to be desilted [South zone, moderately vulnerable table, serial 9, pdf p.3]",12.91575,77.61675,,point,vulnerable buffer radius 50 m
RV Teachers College,"South zone, K-valley (South zone)","BBMP Storm Water Drain dept, List of vulnerable points identified for 2020-21 (PDF)",https://citizenmatters.in/wp-content/uploads/2020/06/SWD-Vul-lat-long-details-18.5.2020-1.pdf,2020-05-18,swd_vulnerable_moderate,"RV Teachers College | 12.9435833 | 77.5814722 | 10 | RSD bed level lower than SWD bed level [South zone, moderately vulnerable table, serial 10, pdf p.3]",12.9435833,77.5814722,,point,vulnerable buffer radius 10 m
Tavarkere Main road.,"South zone, K-valley (South zone)","BBMP Storm Water Drain dept, List of vulnerable points identified for 2020-21 (PDF)",https://citizenmatters.in/wp-content/uploads/2020/06/SWD-Vul-lat-long-details-18.5.2020-1.pdf,2020-05-18,swd_vulnerable_moderate,"Tavarkere Main road. | 12.9249444 | 77.6090278 | 20 | Rsd to be desilted and shoulder drains to be cleared. [South zone, moderately vulnerable table, serial 11, pdf p.3]",12.9249444,77.6090278,,point,vulnerable buffer radius 20 m
Silk Board junction,"South zone, K-valley (South zone)","BBMP Storm Water Drain dept, List of vulnerable points identified for 2020-21 (PDF)",https://citizenmatters.in/wp-content/uploads/2020/06/SWD-Vul-lat-long-details-18.5.2020-1.pdf,2020-05-18,swd_vulnerable_moderate,"Silk Board junction | 12.9171944 | 77.6227222 | 100 | Rsd to be desilted and shoulder drains to be cleared. [South zone, moderately vulnerable table, serial 12, pdf p.3]",12.9171944,77.6227222,,point,vulnerable buffer radius 100 m
Navoduya Layout,"South zone, K-valley (South zone)","BBMP Storm Water Drain dept, List of vulnerable points identified for 2020-21 (PDF)",https://citizenmatters.in/wp-content/uploads/2020/06/SWD-Vul-lat-long-details-18.5.2020-1.pdf,2020-05-18,swd_vulnerable_moderate,"Navoduya Layout | 12.9140556 | 77.5749167 | 100 | Rsd to be desilted and shoulder drains to be cleared. [South zone, moderately vulnerable table, serial 13, pdf p.3]",12.9140556,77.5749167,,point,vulnerable buffer radius 100 m
RAJENDRA NAGARA slum opp kpwd quarters,"South zone, K-valley (South zone)","BBMP Storm Water Drain dept, List of vulnerable points identified for 2020-21 (PDF)",https://citizenmatters.in/wp-content/uploads/2020/06/SWD-Vul-lat-long-details-18.5.2020-1.pdf,2020-05-18,swd_vulnerable_moderate,"RAJENDRA NAGARA slum opp kpwd quarters | 12.9478611 | 77.6191944 | 50 | RSD bed level in same level as SWD [South zone, moderately vulnerable table, serial 14, pdf p.3]",12.9478611,77.6191944,,point,vulnerable buffer radius 50 m
Ejipura opp army land,"South zone, K-valley (South zone)","BBMP Storm Water Drain dept, List of vulnerable points identified for 2020-21 (PDF)",https://citizenmatters.in/wp-content/uploads/2020/06/SWD-Vul-lat-long-details-18.5.2020-1.pdf,2020-05-18,swd_vulnerable_moderate,"Ejipura opp army land | 12.9503889 | 77.6258889 | 25 | Rsd to be desilted and shoulder drains to be cleared. [South zone, moderately vulnerable table, serial 15, pdf p.3]",12.9503889,77.6258889,,point,vulnerable buffer radius 25 m
Ejpura ashwini layout,"South zone, K-valley (South zone)","BBMP Storm Water Drain dept, List of vulnerable points identified for 2020-21 (PDF)",https://citizenmatters.in/wp-content/uploads/2020/06/SWD-Vul-lat-long-details-18.5.2020-1.pdf,2020-05-18,swd_vulnerable_moderate,"Ejpura ashwini layout | 12.9386389 | 77.62875 | 50 | Rsd to be desilted and shoulder drains to be cleared. [South zone, moderately vulnerable table, serial 16, pdf p.3]",12.9386389,77.62875,,point,vulnerable buffer radius 50 m
ST BED KORAMANGALA,"South zone, K-valley (South zone)","BBMP Storm Water Drain dept, List of vulnerable points identified for 2020-21 (PDF)",https://citizenmatters.in/wp-content/uploads/2020/06/SWD-Vul-lat-long-details-18.5.2020-1.pdf,2020-05-18,swd_vulnerable_moderate,"ST BED KORAMANGALA | 12.9347222 | 77.6301389 | 50 | Rsd to be desilted and shoulder drains to be cleared. [South zone, moderately vulnerable table, serial 17, pdf p.3]",12.9347222,77.6301389,,point,vulnerable buffer radius 50 m
Koramangala 4 th block,"South zone, K-valley (South zone)","BBMP Storm Water Drain dept, List of vulnerable points identified for 2020-21 (PDF)",https://citizenmatters.in/wp-content/uploads/2020/06/SWD-Vul-lat-long-details-18.5.2020-1.pdf,2020-05-18,swd_vulnerable_moderate,"Koramangala 4 th block | 12.9338056 | 77.6303889 | 500 | Rsd to be desilted and shoulder drains to be cleared. [South zone, moderately vulnerable table, serial 18, pdf p.3]",12.9338056,77.6303889,,point,vulnerable buffer radius 500 m
Gurappanapalya banneragatta main road,"South zone, K-valley (South zone)","BBMP Storm Water Drain dept, List of vulnerable points identified for 2020-21 (PDF)",https://citizenmatters.in/wp-content/uploads/2020/06/SWD-Vul-lat-long-details-18.5.2020-1.pdf,2020-05-18,swd_vulnerable_moderate,"Gurappanapalya banneragatta main road | 12.923 | 77.6004444 | 50 | RSD to be desilted [South zone, moderately vulnerable table, serial 19, pdf p.3]",12.923,77.6004444,,point,vulnerable buffer radius 50 m
Kariyannapalya Bridge over flowed ORR,Yelahanka zone,"BBMP Storm Water Drain dept, List of vulnerable points identified for 2020-21 (PDF)",https://citizenmatters.in/wp-content/uploads/2020/06/SWD-Vul-lat-long-details-18.5.2020-1.pdf,2020-05-18,swd_vulnerable_severe,"Kariyannapalya Bridge over flowed ORR | 13.0436111 | 77.6002778 | 700 | Adjacent SWD have been De-silted | 888.000 [Yelahanka zone, severely vulnerable table, serial 1, pdf p.3]",13.0436111,77.6002778,,point,vulnerable buffer radius 700 m
Near Rachanahalli lake inlet over flow due to let out of BWSSB,Yelahanka zone,"BBMP Storm Water Drain dept, List of vulnerable points identified for 2020-21 (PDF)",https://citizenmatters.in/wp-content/uploads/2020/06/SWD-Vul-lat-long-details-18.5.2020-1.pdf,2020-05-18,swd_vulnerable_severe,"Near Rachanahalli lake inlet over flow due to let out of BWSSB | 13.0577778 | 77.6147222 | 1000 | Adjacent SWD have been De-silted | 886.000 [Yelahanka zone, severely vulnerable table, serial 2, pdf p.4]",13.0577778,77.6147222,,point,vulnerable buffer radius 1000 m
Lbs nagar Yelahanka,Yelahanka zone,"BBMP Storm Water Drain dept, List of vulnerable points identified for 2020-21 (PDF)",https://citizenmatters.in/wp-content/uploads/2020/06/SWD-Vul-lat-long-details-18.5.2020-1.pdf,2020-05-18,swd_vulnerable_severe,"Lbs nagar Yelahanka | 13.0925 | 77.5936111 | 300 | Adjacent SWD have been De-silted | 904.000 [Yelahanka zone, severely vulnerable table, serial 3, pdf p.4]",13.0925,77.5936111,,point,vulnerable buffer radius 300 m
Veerannapaly drain near Manpho convention center.,Yelahanka zone,"BBMP Storm Water Drain dept, List of vulnerable points identified for 2020-21 (PDF)",https://citizenmatters.in/wp-content/uploads/2020/06/SWD-Vul-lat-long-details-18.5.2020-1.pdf,2020-05-18,swd_vulnerable_severe,"Veerannapaly drain near Manpho convention center. | 13.0425 | 77.6155556 | 850 | Adjacent SWD have been De-silted | 890.000 [Yelahanka zone, severely vulnerable table, serial 4, pdf p.4]",13.0425,77.6155556,,point,vulnerable buffer radius 850 m
"Kariyannapalya outer ring road,w.no.7 near varun motors see H100.",Yelahanka zone,"BBMP Storm Water Drain dept, List of vulnerable points identified for 2020-21 (PDF)",https://citizenmatters.in/wp-content/uploads/2020/06/SWD-Vul-lat-long-details-18.5.2020-1.pdf,2020-05-18,swd_vulnerable_moderate,"Kariyannapalya outer ring road,w.no.7 near varun motors see H100. | 13.0430556 | 77.5988889 | 250 | Adjacent SWD have been De-silted | 888.000 [Yelahanka zone, moderately vulnerable table, serial 1, pdf p.4]",13.0430556,77.5988889,,point,vulnerable buffer radius 250 m
"H 183 manyata tech park, m.s.ranaiah north city to element mall.in ward no.6","Yelahanka zone, ward 6","BBMP Storm Water Drain dept, List of vulnerable points identified for 2020-21 (PDF)",https://citizenmatters.in/wp-content/uploads/2020/06/SWD-Vul-lat-long-details-18.5.2020-1.pdf,2020-05-18,swd_vulnerable_moderate,"H 183 manyata tech park, m.s.ranaiah north city to element mall.in ward no.6 | 13.0472222 | 77.6236111 | 650 | Adjacent SWD have been De-silted | 888.000 [Yelahanka zone, moderately vulnerable table, serial 2, pdf p.4]",13.0472222,77.6236111,,point,vulnerable buffer radius 650 m
"TATA nagar 8th cross, inward no.8",Yelahanka zone,"BBMP Storm Water Drain dept, List of vulnerable points identified for 2020-21 (PDF)",https://citizenmatters.in/wp-content/uploads/2020/06/SWD-Vul-lat-long-details-18.5.2020-1.pdf,2020-05-18,swd_vulnerable_moderate,"TATA nagar 8th cross, inward no.8 | 13.055 | 77.5716667 | 300 | Adjacent SWD have been De-silted | 897.000 [Yelahanka zone, moderately vulnerable table, serial 3, pdf p.4]",13.055,77.5716667,,point,vulnerable buffer radius 300 m
Thindlu to doddabommasandra tank. In ward no.9,"Yelahanka zone, ward 9","BBMP Storm Water Drain dept, List of vulnerable points identified for 2020-21 (PDF)",https://citizenmatters.in/wp-content/uploads/2020/06/SWD-Vul-lat-long-details-18.5.2020-1.pdf,2020-05-18,swd_vulnerable_moderate,"Thindlu to doddabommasandra tank. In ward no.9 | 13.0691667 | 77.5627778 | 500 | Adjacent SWD have been De-silted | 903.000 [Yelahanka zone, moderately vulnerable table, serial 4, pdf p.4]",13.0691667,77.5627778,,point,vulnerable buffer radius 500 m
H200 from esteem mall beside dhobi that to yogesh nagar bridge in ward no.7,"Yelahanka zone, ward 7","BBMP Storm Water Drain dept, List of vulnerable points identified for 2020-21 (PDF)",https://citizenmatters.in/wp-content/uploads/2020/06/SWD-Vul-lat-long-details-18.5.2020-1.pdf,2020-05-18,swd_vulnerable_moderate,"H200 from esteem mall beside dhobi that to yogesh nagar bridge in ward no.7 | 13.0472222 | 77.5933333 | 250 | Adjacent SWD have been De-silted | 892.000 [Yelahanka zone, moderately vulnerable table, serial 5, pdf p.4]",13.0472222,77.5933333,,point,vulnerable buffer radius 250 m
Kondappa layout in Ward no.2,"Yelahanka zone, ward 2","BBMP Storm Water Drain dept, List of vulnerable points identified for 2020-21 (PDF)",https://citizenmatters.in/wp-content/uploads/2020/06/SWD-Vul-lat-long-details-18.5.2020-1.pdf,2020-05-18,swd_vulnerable_moderate,"Kondappa layout in Ward no.2 | 13.1102778 | 77.5933333 | 300 | Adjacent SWD have been De-silted | 898.000 [Yelahanka zone, moderately vulnerable table, serial 6, pdf p.4]",13.1102778,77.5933333,,point,vulnerable buffer radius 300 m
Kogilu cross behind Udupi Grand hotel in Ward no.1,"Yelahanka zone, ward 1","BBMP Storm Water Drain dept, List of vulnerable points identified for 2020-21 (PDF)",https://citizenmatters.in/wp-content/uploads/2020/06/SWD-Vul-lat-long-details-18.5.2020-1.pdf,2020-05-18,swd_vulnerable_moderate,"Kogilu cross behind Udupi Grand hotel in Ward no.1 | 13.1030556 | 77.6011111 | 450 | Revenue width of the nala was very less, proposed to widen the nala under TDR scheme | 893.000 [Yelahanka zone, moderately vulnerable table, serial 7, pdf p.4]",13.1030556,77.6011111,,point,vulnerable buffer radius 450 m
Sarjapuraroad,Mahadevapura zone,"BBMP Storm Water Drain dept, List of vulnerable points identified for 2020-21 (PDF)",https://citizenmatters.in/wp-content/uploads/2020/06/SWD-Vul-lat-long-details-18.5.2020-1.pdf,2020-05-18,swd_vulnerable_severe,"Sarjapuraroad | 12.73142 | 77.727188 | 50 | Adjacent SWD have been De-silted [Mahadevapura zone, severely vulnerable table, serial 1, pdf p.4]",12.73142,77.727188,,point,vulnerable buffer radius 50 m
Gunjur,Mahadevapura zone,"BBMP Storm Water Drain dept, List of vulnerable points identified for 2020-21 (PDF)",https://citizenmatters.in/wp-content/uploads/2020/06/SWD-Vul-lat-long-details-18.5.2020-1.pdf,2020-05-18,swd_vulnerable_severe,"Gunjur | 12.92109 | 77.732498 | 50 | Adjacent SWD have been De-silted [Mahadevapura zone, severely vulnerable table, serial 2, pdf p.4]",12.92109,77.732498,,point,vulnerable buffer radius 50 m
Varthur,Mahadevapura zone,"BBMP Storm Water Drain dept, List of vulnerable points identified for 2020-21 (PDF)",https://citizenmatters.in/wp-content/uploads/2020/06/SWD-Vul-lat-long-details-18.5.2020-1.pdf,2020-05-18,swd_vulnerable_severe,"Varthur | 12.95694 | 77.735939 | 50 | Adjacent SWD have been De-silted [Mahadevapura zone, severely vulnerable table, serial 3, pdf p.4]",12.95694,77.735939,,point,vulnerable buffer radius 50 m
Panathur,Mahadevapura zone,"BBMP Storm Water Drain dept, List of vulnerable points identified for 2020-21 (PDF)",https://citizenmatters.in/wp-content/uploads/2020/06/SWD-Vul-lat-long-details-18.5.2020-1.pdf,2020-05-18,swd_vulnerable_severe,"Panathur | 12.936355 | 77.705013 | 50 | Adjacent SWD have been De-silted [Mahadevapura zone, severely vulnerable table, serial 4, pdf p.4]",12.936355,77.705013,,point,vulnerable buffer radius 50 m
Balagere,Mahadevapura zone,"BBMP Storm Water Drain dept, List of vulnerable points identified for 2020-21 (PDF)",https://citizenmatters.in/wp-content/uploads/2020/06/SWD-Vul-lat-long-details-18.5.2020-1.pdf,2020-05-18,swd_vulnerable_severe,"Balagere | 12.938932 | 77.723178 | 50 | Adjacent SWD have been De-silted [Mahadevapura zone, severely vulnerable table, serial 5, pdf p.4]",12.938932,77.723178,,point,vulnerable buffer radius 50 m
Hoodi,Mahadevapura zone,"BBMP Storm Water Drain dept, List of vulnerable points identified for 2020-21 (PDF)",https://citizenmatters.in/wp-content/uploads/2020/06/SWD-Vul-lat-long-details-18.5.2020-1.pdf,2020-05-18,swd_vulnerable_severe,"Hoodi | 12.992015 | 77.718137 | 50 | Adjacent SWD have been De-silted [Mahadevapura zone, severely vulnerable table, serial 6, pdf p.4]",12.992015,77.718137,,point,vulnerable buffer radius 50 m
Munnekolalu,Mahadevapura zone,"BBMP Storm Water Drain dept, List of vulnerable points identified for 2020-21 (PDF)",https://citizenmatters.in/wp-content/uploads/2020/06/SWD-Vul-lat-long-details-18.5.2020-1.pdf,2020-05-18,swd_vulnerable_moderate,"Munnekolalu | 50 | Adjacent SWD have been De-silted [Mahadevapura zone, moderately vulnerable table, serial 1, pdf p.4]",,,,point,vulnerable buffer radius 50 m
Pattandur agrahara,Mahadevapura zone,"BBMP Storm Water Drain dept, List of vulnerable points identified for 2020-21 (PDF)",https://citizenmatters.in/wp-content/uploads/2020/06/SWD-Vul-lat-long-details-18.5.2020-1.pdf,2020-05-18,swd_vulnerable_moderate,"Pattandur agrahara | 12.978889 | 77.733753 | 50 | Adjacent SWD have been De-silted [Mahadevapura zone, moderately vulnerable table, serial 2, pdf p.4]",12.978889,77.733753,,point,vulnerable buffer radius 50 m
Ddoddenakundi near gururaja layout,Mahadevapura zone,"BBMP Storm Water Drain dept, List of vulnerable points identified for 2020-21 (PDF)",https://citizenmatters.in/wp-content/uploads/2020/06/SWD-Vul-lat-long-details-18.5.2020-1.pdf,2020-05-18,swd_vulnerable_moderate,"Ddoddenakundi near gururaja layout | 12.969066 | 77.692178 | 50 | Adjacent SWD have been De-silted [Mahadevapura zone, moderately vulnerable table, serial 3, pdf p.4]",12.969066,77.692178,,point,vulnerable buffer radius 50 m
Maheshwari nagar,Mahadevapura zone,"BBMP Storm Water Drain dept, List of vulnerable points identified for 2020-21 (PDF)",https://citizenmatters.in/wp-content/uploads/2020/06/SWD-Vul-lat-long-details-18.5.2020-1.pdf,2020-05-18,swd_vulnerable_moderate,"Maheshwari nagar | 12.99492 | 77.692871 | 50 | Adjacent SWD have been De-silted [Mahadevapura zone, moderately vulnerable table, serial 4, pdf p.4]",12.99492,77.692871,,point,vulnerable buffer radius 50 m
Bellandur,Mahadevapura zone,"BBMP Storm Water Drain dept, List of vulnerable points identified for 2020-21 (PDF)",https://citizenmatters.in/wp-content/uploads/2020/06/SWD-Vul-lat-long-details-18.5.2020-1.pdf,2020-05-18,swd_vulnerable_moderate,"Bellandur | 12.926464 | 77.678116 | 50 | Adjacent SWD have been De-silted [Mahadevapura zone, moderately vulnerable table, serial 5, pdf p.4]",12.926464,77.678116,,point,vulnerable buffer radius 50 m
S G R dental college,Mahadevapura zone,"BBMP Storm Water Drain dept, List of vulnerable points identified for 2020-21 (PDF)",https://citizenmatters.in/wp-content/uploads/2020/06/SWD-Vul-lat-long-details-18.5.2020-1.pdf,2020-05-18,swd_vulnerable_moderate,"S G R dental college | 12.949943 | 77.700679 | 50 | Adjacent SWD have been De-silted [Mahadevapura zone, moderately vulnerable table, serial 6, pdf p.4]",12.949943,77.700679,,point,vulnerable buffer radius 50 m
varthur columbia asia hospital,Mahadevapura zone,"BBMP Storm Water Drain dept, List of vulnerable points identified for 2020-21 (PDF)",https://citizenmatters.in/wp-content/uploads/2020/06/SWD-Vul-lat-long-details-18.5.2020-1.pdf,2020-05-18,swd_vulnerable_moderate,"varthur columbia asia hospital | 13.014108 | 77.556049 | 50 | Adjacent SWD have been De-silted [Mahadevapura zone, moderately vulnerable table, serial 7, pdf p.4]",13.014108,77.556049,,point,vulnerable buffer radius 50 m
varthur police station,Mahadevapura zone,"BBMP Storm Water Drain dept, List of vulnerable points identified for 2020-21 (PDF)",https://citizenmatters.in/wp-content/uploads/2020/06/SWD-Vul-lat-long-details-18.5.2020-1.pdf,2020-05-18,swd_vulnerable_moderate,"varthur police station | 12.938078 | 77.746844 | 50 | Adjacent SWD have been De-silted [Mahadevapura zone, moderately vulnerable table, serial 8, pdf p.4]",12.938078,77.746844,,point,vulnerable buffer radius 50 m
Ramagondanahalli,Mahadevapura zone,"BBMP Storm Water Drain dept, List of vulnerable points identified for 2020-21 (PDF)",https://citizenmatters.in/wp-content/uploads/2020/06/SWD-Vul-lat-long-details-18.5.2020-1.pdf,2020-05-18,swd_vulnerable_moderate,"Ramagondanahalli | 13.112929 | 77.556933 | 50 | Adjacent SWD have been De-silted [Mahadevapura zone, moderately vulnerable table, serial 9, pdf p.4]",13.112929,77.556933,,point,vulnerable buffer radius 50 m
Vinayaka layout orr,Mahadevapura zone,"BBMP Storm Water Drain dept, List of vulnerable points identified for 2020-21 (PDF)",https://citizenmatters.in/wp-content/uploads/2020/06/SWD-Vul-lat-long-details-18.5.2020-1.pdf,2020-05-18,swd_vulnerable_moderate,"Vinayaka layout orr | 12.949595 | 77.487694 | 50 | Adjacent SWD have been De-silted [Mahadevapura zone, moderately vulnerable table, serial 10, pdf p.4]",12.949595,77.487694,,point,vulnerable buffer radius 50 m
Beml layout,Mahadevapura zone,"BBMP Storm Water Drain dept, List of vulnerable points identified for 2020-21 (PDF)",https://citizenmatters.in/wp-content/uploads/2020/06/SWD-Vul-lat-long-details-18.5.2020-1.pdf,2020-05-18,swd_vulnerable_moderate,"Beml layout | 12.911066 | 77.512709 | 50 | Adjacent SWD have been De-silted [Mahadevapura zone, moderately vulnerable table, serial 11, pdf p.4]",12.911066,77.512709,,point,vulnerable buffer radius 50 m
Deepa nursing home,Mahadevapura zone,"BBMP Storm Water Drain dept, List of vulnerable points identified for 2020-21 (PDF)",https://citizenmatters.in/wp-content/uploads/2020/06/SWD-Vul-lat-long-details-18.5.2020-1.pdf,2020-05-18,swd_vulnerable_moderate,"Deepa nursing home | 12.955021 | 77.690549 | 50 | Adjacent SWD have been De-silted [Mahadevapura zone, moderately vulnerable table, serial 12, pdf p.4]",12.955021,77.690549,,point,vulnerable buffer radius 50 m
Nellurahalli,Mahadevapura zone,"BBMP Storm Water Drain dept, List of vulnerable points identified for 2020-21 (PDF)",https://citizenmatters.in/wp-content/uploads/2020/06/SWD-Vul-lat-long-details-18.5.2020-1.pdf,2020-05-18,swd_vulnerable_moderate,"Nellurahalli | 12.9693 | 77.736686 | 50 | Adjacent SWD have been De-silted [Mahadevapura zone, moderately vulnerable table, serial 13, pdf p.4]",12.9693,77.736686,,point,vulnerable buffer radius 50 m
Thubarahalli,Mahadevapura zone,"BBMP Storm Water Drain dept, List of vulnerable points identified for 2020-21 (PDF)",https://citizenmatters.in/wp-content/uploads/2020/06/SWD-Vul-lat-long-details-18.5.2020-1.pdf,2020-05-18,swd_vulnerable_moderate,"Thubarahalli | 12.955652 | 77.720545 | 50 | Adjacent SWD have been De-silted [Mahadevapura zone, moderately vulnerable table, serial 14, pdf p.4]",12.955652,77.720545,,point,vulnerable buffer radius 50 m
Pai Layout,"Mahadevapura zone, KR Puram constituency (Mahadevapura zone)","BBMP Storm Water Drain dept, List of vulnerable points identified for 2020-21 (PDF)",https://citizenmatters.in/wp-content/uploads/2020/06/SWD-Vul-lat-long-details-18.5.2020-1.pdf,2020-05-18,swd_vulnerable_severe,"Pai Layout | 12.9902778 | 77.6683333 | 100 | Railway under bridge additional vent should be made | 887 [Mahadevapura zone, severely vulnerable table, serial 1, pdf p.4]",12.9902778,77.6683333,,point,vulnerable buffer radius 100 m
Ambedkar Nagar near Ramamurthy Nagar.,"Mahadevapura zone, KR Puram constituency (Mahadevapura zone)","BBMP Storm Water Drain dept, List of vulnerable points identified for 2020-21 (PDF)",https://citizenmatters.in/wp-content/uploads/2020/06/SWD-Vul-lat-long-details-18.5.2020-1.pdf,2020-05-18,swd_vulnerable_severe,"Ambedkar Nagar near Ramamurthy Nagar. | 13.0108333 | 77.6813889 | 200 | Because of closed box drain. | 888 [Mahadevapura zone, severely vulnerable table, serial 2, pdf p.4]",13.0108333,77.6813889,,point,vulnerable buffer radius 200 m
RR layout & Ambedkar Nagar,"Mahadevapura zone, KR Puram constituency (Mahadevapura zone)","BBMP Storm Water Drain dept, List of vulnerable points identified for 2020-21 (PDF)",https://citizenmatters.in/wp-content/uploads/2020/06/SWD-Vul-lat-long-details-18.5.2020-1.pdf,2020-05-18,swd_vulnerable_severe,"RR layout & Ambedkar Nagar | 13.0066667 | 77.6722222 | 150 | Low laying area | 898 [Mahadevapura zone, severely vulnerable table, serial 3, pdf p.4]",13.0066667,77.6722222,,point,vulnerable buffer radius 150 m
Vaddera Palya (Railway track),"Mahadevapura zone, KR Puram constituency (Mahadevapura zone)","BBMP Storm Water Drain dept, List of vulnerable points identified for 2020-21 (PDF)",https://citizenmatters.in/wp-content/uploads/2020/06/SWD-Vul-lat-long-details-18.5.2020-1.pdf,2020-05-18,swd_vulnerable_severe,"Vaddera Palya (Railway track) | 13.0427778 | 77.6447222 | 300 | Railway under bridge additional vent should be made | 877 [Mahadevapura zone, severely vulnerable table, serial 4, pdf p.4]",13.0427778,77.6447222,,point,vulnerable buffer radius 300 m
Talakaveri layout,"Mahadevapura zone, KR Puram constituency (Mahadevapura zone)","BBMP Storm Water Drain dept, List of vulnerable points identified for 2020-21 (PDF)",https://citizenmatters.in/wp-content/uploads/2020/06/SWD-Vul-lat-long-details-18.5.2020-1.pdf,2020-05-18,swd_vulnerable_severe,"Talakaveri layout | 12.9663889 | 77.6827778 | 150 | Opening at HAL Compound should made bigger ( Work is in progress) | 877 [Mahadevapura zone, severely vulnerable table, serial 5, pdf p.4]",12.9663889,77.6827778,,point,vulnerable buffer radius 150 m
ITI Layout,"Mahadevapura zone, KR Puram constituency (Mahadevapura zone)","BBMP Storm Water Drain dept, List of vulnerable points identified for 2020-21 (PDF)",https://citizenmatters.in/wp-content/uploads/2020/06/SWD-Vul-lat-long-details-18.5.2020-1.pdf,2020-05-18,swd_vulnerable_moderate,"ITI Layout | 13.0105556 | 77.6802778 | 150 | Narrow drain.(Series of buildings built along the drain. | 890 [Mahadevapura zone, moderately vulnerable table, serial 1, pdf p.4]",13.0105556,77.6802778,,point,vulnerable buffer radius 150 m
Koudenahalli (Ramamurthy Nagar main road),"Mahadevapura zone, KR Puram constituency (Mahadevapura zone)","BBMP Storm Water Drain dept, List of vulnerable points identified for 2020-21 (PDF)",https://citizenmatters.in/wp-content/uploads/2020/06/SWD-Vul-lat-long-details-18.5.2020-1.pdf,2020-05-18,swd_vulnerable_moderate,"Koudenahalli (Ramamurthy Nagar main road) | 13.0113889 | 77.6791667 | 200 | Narrow drain.(Series of buildings built along the drain. | 889 [Mahadevapura zone, moderately vulnerable table, serial 2, pdf p.4]",13.0113889,77.6791667,,point,vulnerable buffer radius 200 m
Hoysala nagar in Hormavu,"Mahadevapura zone, KR Puram constituency (Mahadevapura zone)","BBMP Storm Water Drain dept, List of vulnerable points identified for 2020-21 (PDF)",https://citizenmatters.in/wp-content/uploads/2020/06/SWD-Vul-lat-long-details-18.5.2020-1.pdf,2020-05-18,swd_vulnerable_moderate,"Hoysala nagar in Hormavu | 13.0186111 | 77.6655556 | 250 | No lead of drain due to buildings [Mahadevapura zone, moderately vulnerable table, serial 3, pdf p.4]",13.0186111,77.6655556,,point,vulnerable buffer radius 250 m
Devasandra(Nethravathi Badavane),"Mahadevapura zone, KR Puram constituency (Mahadevapura zone)","BBMP Storm Water Drain dept, List of vulnerable points identified for 2020-21 (PDF)",https://citizenmatters.in/wp-content/uploads/2020/06/SWD-Vul-lat-long-details-18.5.2020-1.pdf,2020-05-18,swd_vulnerable_moderate,"Devasandra(Nethravathi Badavane) | 13.0066667 | 77.6963889 | 200 | Low laying area.(Slum) [Mahadevapura zone, moderately vulnerable table, serial 4, pdf p.4]",13.0066667,77.6963889,,point,vulnerable buffer radius 200 m
Shivaganga layout,"Mahadevapura zone, KR Puram constituency (Mahadevapura zone)","BBMP Storm Water Drain dept, List of vulnerable points identified for 2020-21 (PDF)",https://citizenmatters.in/wp-content/uploads/2020/06/SWD-Vul-lat-long-details-18.5.2020-1.pdf,2020-05-18,swd_vulnerable_moderate,"Shivaganga layout | 12.9888889 | 77.6902778 | 250 | Narrow drain.(Series of buildings built along the drain. | 883 [Mahadevapura zone, moderately vulnerable table, serial 5, pdf p.4]",12.9888889,77.6902778,,point,vulnerable buffer radius 250 m
NRI layout,"Mahadevapura zone, KR Puram constituency (Mahadevapura zone)","BBMP Storm Water Drain dept, List of vulnerable points identified for 2020-21 (PDF)",https://citizenmatters.in/wp-content/uploads/2020/06/SWD-Vul-lat-long-details-18.5.2020-1.pdf,2020-05-18,swd_vulnerable_moderate,"NRI layout | 13.0127778 | 77.6788889 | 200 | Due to smallerdiverted box drain. | 896 [Mahadevapura zone, moderately vulnerable table, serial 6, pdf p.4]",13.0127778,77.6788889,,point,vulnerable buffer radius 200 m
Richi's Garden,"Mahadevapura zone, KR Puram constituency (Mahadevapura zone)","BBMP Storm Water Drain dept, List of vulnerable points identified for 2020-21 (PDF)",https://citizenmatters.in/wp-content/uploads/2020/06/SWD-Vul-lat-long-details-18.5.2020-1.pdf,2020-05-18,swd_vulnerable_moderate,"Richi's Garden | 13.0366667 | 77.6811111 | 150 | Encroachment. | 889 [Mahadevapura zone, moderately vulnerable table, serial 7, pdf p.4]",13.0366667,77.6811111,,point,vulnerable buffer radius 150 m
HSR 3rd sector lead off drains and no shoulder drains,Bommanahalli zone,"BBMP Storm Water Drain dept, List of vulnerable points identified for 2020-21 (PDF)",https://citizenmatters.in/wp-content/uploads/2020/06/SWD-Vul-lat-long-details-18.5.2020-1.pdf,2020-05-18,swd_vulnerable_severe,"HSR 3rd sector lead off drains and no shoulder drains | 12.909359 | 77.641585 | 150 | RSD have to be desilted [Bommanahalli zone, severely vulnerable table, serial 1, pdf p.5]",12.909359,77.641585,,point,vulnerable buffer radius 150 m
Sector 6 lead off drains surrounding 5th and 9th main,Bommanahalli zone,"BBMP Storm Water Drain dept, List of vulnerable points identified for 2020-21 (PDF)",https://citizenmatters.in/wp-content/uploads/2020/06/SWD-Vul-lat-long-details-18.5.2020-1.pdf,2020-05-18,swd_vulnerable_severe,"Sector 6 lead off drains surrounding 5th and 9th main | 12.911655 | 77.632402 | 200 | RSD have to be desilted [Bommanahalli zone, severely vulnerable table, serial 2, pdf p.5]",12.911655,77.632402,,point,vulnerable buffer radius 200 m
NS palya RSD not desilted from 3 years,Bommanahalli zone,"BBMP Storm Water Drain dept, List of vulnerable points identified for 2020-21 (PDF)",https://citizenmatters.in/wp-content/uploads/2020/06/SWD-Vul-lat-long-details-18.5.2020-1.pdf,2020-05-18,swd_vulnerable_severe,"NS palya RSD not desilted from 3 years | 12.904903 | 77.603036 | 100 | RSD/Ward drains have to be desilted [Bommanahalli zone, severely vulnerable table, serial 3, pdf p.5]",12.904903,77.603036,,point,vulnerable buffer radius 100 m
HSR sector 2 Garden layout RSD blocked,Bommanahalli zone,"BBMP Storm Water Drain dept, List of vulnerable points identified for 2020-21 (PDF)",https://citizenmatters.in/wp-content/uploads/2020/06/SWD-Vul-lat-long-details-18.5.2020-1.pdf,2020-05-18,swd_vulnerable_severe,"HSR sector 2 Garden layout RSD blocked | 12.909073 | 77.644933 | 100 | RSD have to be linked to SWD [Bommanahalli zone, severely vulnerable table, serial 4, pdf p.5]",12.909073,77.644933,,point,vulnerable buffer radius 100 m
Garebhavipalya NH service road junction,Bommanahalli zone,"BBMP Storm Water Drain dept, List of vulnerable points identified for 2020-21 (PDF)",https://citizenmatters.in/wp-content/uploads/2020/06/SWD-Vul-lat-long-details-18.5.2020-1.pdf,2020-05-18,swd_vulnerable_severe,"Garebhavipalya NH service road junction | 12.900922 | 77.633121 | 100 | SWD construction in progress [Bommanahalli zone, severely vulnerable table, serial 5, pdf p.5]",12.900922,77.633121,,point,vulnerable buffer radius 100 m
BDA layout Hulimavu,Bommanahalli zone,"BBMP Storm Water Drain dept, List of vulnerable points identified for 2020-21 (PDF)",https://citizenmatters.in/wp-content/uploads/2020/06/SWD-Vul-lat-long-details-18.5.2020-1.pdf,2020-05-18,swd_vulnerable_severe,"BDA layout Hulimavu | 12.880518 | 77.603987 | 100 | RSD have to be linked to SWD [Bommanahalli zone, severely vulnerable table, serial 6, pdf p.5]",12.880518,77.603987,,point,vulnerable buffer radius 100 m
Kempamma layout RSD Arekere,Bommanahalli zone,"BBMP Storm Water Drain dept, List of vulnerable points identified for 2020-21 (PDF)",https://citizenmatters.in/wp-content/uploads/2020/06/SWD-Vul-lat-long-details-18.5.2020-1.pdf,2020-05-18,swd_vulnerable_severe,"Kempamma layout RSD Arekere | 12.880586 | 77.604415 | 200 | RSD have to be linked to SWD [Bommanahalli zone, severely vulnerable table, serial 7, pdf p.5]",12.880586,77.604415,,point,vulnerable buffer radius 200 m
Someshwara layout Arekere,Bommanahalli zone,"BBMP Storm Water Drain dept, List of vulnerable points identified for 2020-21 (PDF)",https://citizenmatters.in/wp-content/uploads/2020/06/SWD-Vul-lat-long-details-18.5.2020-1.pdf,2020-05-18,swd_vulnerable_severe,"Someshwara layout Arekere | 12.879969 | 77.604051 | 100 | RSD have to be linked to SWD [Bommanahalli zone, severely vulnerable table, serial 8, pdf p.5]",12.879969,77.604051,,point,vulnerable buffer radius 100 m
Anugraha layout RSD phase 1,Bommanahalli zone,"BBMP Storm Water Drain dept, List of vulnerable points identified for 2020-21 (PDF)",https://citizenmatters.in/wp-content/uploads/2020/06/SWD-Vul-lat-long-details-18.5.2020-1.pdf,2020-05-18,swd_vulnerable_severe,"Anugraha layout RSD phase 1 | 12.901886 | 77.611262 | 250 | RSD have to be linked to SWD [Bommanahalli zone, severely vulnerable table, serial 9, pdf p.5]",12.901886,77.611262,,point,vulnerable buffer radius 250 m
Doddakanneli,Bommanahalli zone,"BBMP Storm Water Drain dept, List of vulnerable points identified for 2020-21 (PDF)",https://citizenmatters.in/wp-content/uploads/2020/06/SWD-Vul-lat-long-details-18.5.2020-1.pdf,2020-05-18,swd_vulnerable_severe,"Doddakanneli | 12.897817 | 77.692907 | 200 | RSD have to be linked to SWD [Bommanahalli zone, severely vulnerable table, serial 10, pdf p.5]",12.897817,77.692907,,point,vulnerable buffer radius 200 m
"Hosur road near Royal Enfield show room, white s hall",Bommanahalli zone,"BBMP Storm Water Drain dept, List of vulnerable points identified for 2020-21 (PDF)",https://citizenmatters.in/wp-content/uploads/2020/06/SWD-Vul-lat-long-details-18.5.2020-1.pdf,2020-05-18,swd_vulnerable_severe,"Hosur road near Royal Enfield show room, white s hall | 12.885937 | 77.642075 | 50 | RSD have to be linked to SWD [Bommanahalli zone, severely vulnerable table, serial 11, pdf p.5]",12.885937,77.642075,,point,vulnerable buffer radius 50 m
singasandra Country club road ward 191,"Bommanahalli zone, ward 191","BBMP Storm Water Drain dept, List of vulnerable points identified for 2020-21 (PDF)",https://citizenmatters.in/wp-content/uploads/2020/06/SWD-Vul-lat-long-details-18.5.2020-1.pdf,2020-05-18,swd_vulnerable_severe,"singasandra Country club road ward 191 | 12.878907 | 77.637418 | 100 | RSD have to be linked to SWD [Bommanahalli zone, severely vulnerable table, serial 12, pdf p.5]",12.878907,77.637418,,point,vulnerable buffer radius 100 m
HSR layout 9th and 5th main,Bommanahalli zone,"BBMP Storm Water Drain dept, List of vulnerable points identified for 2020-21 (PDF)",https://citizenmatters.in/wp-content/uploads/2020/06/SWD-Vul-lat-long-details-18.5.2020-1.pdf,2020-05-18,swd_vulnerable_moderate,"HSR layout 9th and 5th main | 12.911655 | 77.632402 | 200 | - [Bommanahalli zone, moderately vulnerable table, serial 1, pdf p.5]",12.911655,77.632402,,point,vulnerable buffer radius 200 m
Oxford college NH Junction,Bommanahalli zone,"BBMP Storm Water Drain dept, List of vulnerable points identified for 2020-21 (PDF)",https://citizenmatters.in/wp-content/uploads/2020/06/SWD-Vul-lat-long-details-18.5.2020-1.pdf,2020-05-18,swd_vulnerable_moderate,"Oxford college NH Junction | 12.90136 | 77.631443 | 300 | - [Bommanahalli zone, moderately vulnerable table, serial 2, pdf p.5]",12.90136,77.631443,,point,vulnerable buffer radius 300 m
Hongasandara Ambedkar Nagar,Bommanahalli zone,"BBMP Storm Water Drain dept, List of vulnerable points identified for 2020-21 (PDF)",https://citizenmatters.in/wp-content/uploads/2020/06/SWD-Vul-lat-long-details-18.5.2020-1.pdf,2020-05-18,swd_vulnerable_moderate,"Hongasandara Ambedkar Nagar | 12.904782 | 77.626758 | 300 | Low Lying areas Drainage system not efficient [Bommanahalli zone, moderately vulnerable table, serial 3, pdf p.5]",12.904782,77.626758,,point,vulnerable buffer radius 300 m
Anugraha layout Billekalhalli,Bommanahalli zone,"BBMP Storm Water Drain dept, List of vulnerable points identified for 2020-21 (PDF)",https://citizenmatters.in/wp-content/uploads/2020/06/SWD-Vul-lat-long-details-18.5.2020-1.pdf,2020-05-18,swd_vulnerable_moderate,"Anugraha layout Billekalhalli | 200 | Low Lying areas Drainage system not efficient [Bommanahalli zone, moderately vulnerable table, serial 4, pdf p.5]",,,,point,vulnerable buffer radius 200 m
Dollars Colony JP Nagar,Bommanahalli zone,"BBMP Storm Water Drain dept, List of vulnerable points identified for 2020-21 (PDF)",https://citizenmatters.in/wp-content/uploads/2020/06/SWD-Vul-lat-long-details-18.5.2020-1.pdf,2020-05-18,swd_vulnerable_moderate,"Dollars Colony JP Nagar | 12.903331 | 77.598853 | 100 | Work has been stayed in Hon.High Court by Vaishnavi Terrace Apartment Association [Bommanahalli zone, moderately vulnerable table, serial 5, pdf p.5]",12.903331,77.598853,,point,vulnerable buffer radius 100 m
Dollars Colony NS palya(BTM 2nd stage),Bommanahalli zone,"BBMP Storm Water Drain dept, List of vulnerable points identified for 2020-21 (PDF)",https://citizenmatters.in/wp-content/uploads/2020/06/SWD-Vul-lat-long-details-18.5.2020-1.pdf,2020-05-18,swd_vulnerable_moderate,"Dollars Colony NS palya(BTM 2nd stage) | 12.904455 | 77.602807 | 200 | Purva Heights Apartmeny Owners Association hs obtained a stay from lower court and stopped the work near their premisis [Bommanahalli zone, moderately vulnerable table, serial 6, pdf p.5]",12.904455,77.602807,,point,vulnerable buffer radius 200 m
Hulimavu Sri Lanka colony,Bommanahalli zone,"BBMP Storm Water Drain dept, List of vulnerable points identified for 2020-21 (PDF)",https://citizenmatters.in/wp-content/uploads/2020/06/SWD-Vul-lat-long-details-18.5.2020-1.pdf,2020-05-18,swd_vulnerable_moderate,"Hulimavu Sri Lanka colony | 12.881756 | 77.608253 | 150 | Drainage network (RSD & Lead off drains not existent) [Bommanahalli zone, moderately vulnerable table, serial 7, pdf p.5]",12.881756,77.608253,,point,vulnerable buffer radius 150 m
Ward non160 RR nagar beml 5th stage near kapi katte hotel,"RR Nagar zone, RRN constituency","BBMP Storm Water Drain dept, List of vulnerable points identified for 2020-21 (PDF)",https://citizenmatters.in/wp-content/uploads/2020/06/SWD-Vul-lat-long-details-18.5.2020-1.pdf,2020-05-18,swd_vulnerable_severe,"Ward non160 RR nagar beml 5th stage near kapi katte hotel | 12.9164333 | 77.5208833 | 250M | Existing pipe culvert not sufficient, Remodelling work approved, tender has to be floated. [RR Nagar zone, severely vulnerable table, serial 1, pdf p.5]",12.9164333,77.5208833,,point,vulnerable buffer radius 250M m
Ward no.38 peenya industrial area 3rd phase 1 st main road,"RR Nagar zone, RRN constituency, ward 38","BBMP Storm Water Drain dept, List of vulnerable points identified for 2020-21 (PDF)",https://citizenmatters.in/wp-content/uploads/2020/06/SWD-Vul-lat-long-details-18.5.2020-1.pdf,2020-05-18,swd_vulnerable_severe,"Ward no.38 peenya industrial area 3rd phase 1 st main road | 13.0330972 | 77.5201417 | 500M | Remodelling of SWD have proposed, but file not approved [RR Nagar zone, severely vulnerable table, serial 2, pdf p.5]",13.0330972,77.5201417,,point,vulnerable buffer radius 500M m
Ward no.160 near DIAT college,"RR Nagar zone, RRN constituency, ward 160","BBMP Storm Water Drain dept, List of vulnerable points identified for 2020-21 (PDF)",https://citizenmatters.in/wp-content/uploads/2020/06/SWD-Vul-lat-long-details-18.5.2020-1.pdf,2020-05-18,swd_vulnerable_severe,"Ward no.160 near DIAT college | 12.9315917 | 77.5129917 | 500M | Adjacent SWD have been De-silted [RR Nagar zone, severely vulnerable table, serial 3, pdf p.5]",12.9315917,77.5129917,,point,vulnerable buffer radius 500M m
Pattanagere main road beside r v college,"RR Nagar zone, YPR constituency","BBMP Storm Water Drain dept, List of vulnerable points identified for 2020-21 (PDF)",https://citizenmatters.in/wp-content/uploads/2020/06/SWD-Vul-lat-long-details-18.5.2020-1.pdf,2020-05-18,swd_vulnerable_severe,"Pattanagere main road beside r v college | 12.923679 | 77.504071 | 250M | Already tackled no flood occurred [RR Nagar zone, severely vulnerable table, serial 1, pdf p.5]",12.923679,77.504071,,point,vulnerable buffer radius 250M m
Andanappa layout doddabidarakallu,"RR Nagar zone, YPR constituency","BBMP Storm Water Drain dept, List of vulnerable points identified for 2020-21 (PDF)",https://citizenmatters.in/wp-content/uploads/2020/06/SWD-Vul-lat-long-details-18.5.2020-1.pdf,2020-05-18,swd_vulnerable_severe,"Andanappa layout doddabidarakallu | 13.039565 | 77.488025 | 200M | Already tackled no flood occurred [RR Nagar zone, severely vulnerable table, serial 2, pdf p.5]",13.039565,77.488025,,point,vulnerable buffer radius 200M m
Bhavani nagara doddabidarakallu,"RR Nagar zone, YPR constituency","BBMP Storm Water Drain dept, List of vulnerable points identified for 2020-21 (PDF)",https://citizenmatters.in/wp-content/uploads/2020/06/SWD-Vul-lat-long-details-18.5.2020-1.pdf,2020-05-18,swd_vulnerable_severe,"Bhavani nagara doddabidarakallu | 13.033788 | 77.490534 | 250M | Taken under CMNNY [RR Nagar zone, severely vulnerable table, serial 3, pdf p.5]",13.033788,77.490534,,point,vulnerable buffer radius 250M m
Herohalli lake inlet handrahalli main road,"RR Nagar zone, YPR constituency","BBMP Storm Water Drain dept, List of vulnerable points identified for 2020-21 (PDF)",https://citizenmatters.in/wp-content/uploads/2020/06/SWD-Vul-lat-long-details-18.5.2020-1.pdf,2020-05-18,swd_vulnerable_severe,"Herohalli lake inlet handrahalli main road | 12.990491 | 77.489889 | 200M | Already tackled no flood occurred [RR Nagar zone, severely vulnerable table, serial 4, pdf p.5]",12.990491,77.489889,,point,vulnerable buffer radius 200M m
Mallathahalli lake inlet muddaiahna palya road,"RR Nagar zone, YPR constituency","BBMP Storm Water Drain dept, List of vulnerable points identified for 2020-21 (PDF)",https://citizenmatters.in/wp-content/uploads/2020/06/SWD-Vul-lat-long-details-18.5.2020-1.pdf,2020-05-18,swd_vulnerable_severe,"Mallathahalli lake inlet muddaiahna palya road | 12.962212 | 77.491921 | 200M | Already tackled no flood occurred [RR Nagar zone, severely vulnerable table, serial 5, pdf p.5]",12.962212,77.491921,,point,vulnerable buffer radius 200M m
Srinivasa Nagara to P & T Layout,"RR Nagar zone, YPR constituency","BBMP Storm Water Drain dept, List of vulnerable points identified for 2020-21 (PDF)",https://citizenmatters.in/wp-content/uploads/2020/06/SWD-Vul-lat-long-details-18.5.2020-1.pdf,2020-05-18,swd_vulnerable_moderate,"Srinivasa Nagara to P & T Layout | Already tackled no f flood occurred [RR Nagar zone, moderately vulnerable table, serial 1, pdf p.5]",,,,point,
Near Nammura Thindi Hotel,"RR Nagar zone, YPR constituency","BBMP Storm Water Drain dept, List of vulnerable points identified for 2020-21 (PDF)",https://citizenmatters.in/wp-content/uploads/2020/06/SWD-Vul-lat-long-details-18.5.2020-1.pdf,2020-05-18,swd_vulnerable_moderate,"Near Nammura Thindi Hotel | Already tackled no f flood occurred [RR Nagar zone, moderately vulnerable table, serial 2, pdf p.5]",,,,point,
VV Puram Law College to Mallathhali tank,"RR Nagar zone, YPR constituency","BBMP Storm Water Drain dept, List of vulnerable points identified for 2020-21 (PDF)",https://citizenmatters.in/wp-content/uploads/2020/06/SWD-Vul-lat-long-details-18.5.2020-1.pdf,2020-05-18,swd_vulnerable_moderate,"VV Puram Law College to Mallathhali tank [RR Nagar zone, moderately vulnerable table, serial 3, pdf p.5]",,,,point,
Gurudutta Layout to Sapthagiri Layout in ward 160,"RR Nagar zone, YPR constituency, ward 160","BBMP Storm Water Drain dept, List of vulnerable points identified for 2020-21 (PDF)",https://citizenmatters.in/wp-content/uploads/2020/06/SWD-Vul-lat-long-details-18.5.2020-1.pdf,2020-05-18,swd_vulnerable_moderate,"Gurudutta Layout to Sapthagiri Layout in ward 160 | 12.9247111 | 77.541875 | 300M | Adjacent SWD have been De-silted [RR Nagar zone, moderately vulnerable table, serial 4, pdf p.5]",12.9247111,77.541875,,point,vulnerable buffer radius 300M m
Shankarappa Layout to BEML gate R.R.Nagara,"RR Nagar zone, YPR constituency","BBMP Storm Water Drain dept, List of vulnerable points identified for 2020-21 (PDF)",https://citizenmatters.in/wp-content/uploads/2020/06/SWD-Vul-lat-long-details-18.5.2020-1.pdf,2020-05-18,swd_vulnerable_moderate,"Shankarappa Layout to BEML gate R.R.Nagara | 12.9164056 | 77.5225556 | 200M | Adjacent SWD have been De-silted [RR Nagar zone, moderately vulnerable table, serial 5, pdf p.5]",12.9164056,77.5225556,,point,vulnerable buffer radius 200M m
"Jawaregowdana Doddi, Bangarappa Nagara","RR Nagar zone, YPR constituency","BBMP Storm Water Drain dept, List of vulnerable points identified for 2020-21 (PDF)",https://citizenmatters.in/wp-content/uploads/2020/06/SWD-Vul-lat-long-details-18.5.2020-1.pdf,2020-05-18,swd_vulnerable_moderate,"Jawaregowdana Doddi, Bangarappa Nagara | 12.9285694 | 77.5203306 | 500M | Adjacent SWD have been De-silted [RR Nagar zone, moderately vulnerable table, serial 6, pdf p.5]",12.9285694,77.5203306,,point,vulnerable buffer radius 500M m
Malagala main road to Vrishabhavathi Valley,"RR Nagar zone, YPR constituency","BBMP Storm Water Drain dept, List of vulnerable points identified for 2020-21 (PDF)",https://citizenmatters.in/wp-content/uploads/2020/06/SWD-Vul-lat-long-details-18.5.2020-1.pdf,2020-05-18,swd_vulnerable_moderate,"Malagala main road to Vrishabhavathi Valley | 12.96595 | 77.5174889 | 500M | Adjacent SWD have been De-silted [RR Nagar zone, moderately vulnerable table, serial 7, pdf p.5]",12.96595,77.5174889,,point,vulnerable buffer radius 500M m
Basaveshwara Circle BEML 3rd stage in ward no.160,"RR Nagar zone, YPR constituency, ward 160","BBMP Storm Water Drain dept, List of vulnerable points identified for 2020-21 (PDF)",https://citizenmatters.in/wp-content/uploads/2020/06/SWD-Vul-lat-long-details-18.5.2020-1.pdf,2020-05-18,swd_vulnerable_moderate,"Basaveshwara Circle BEML 3rd stage in ward no.160 | 12.9228167 | 77.5185222 | Adjacent SWD have been De-silted [RR Nagar zone, moderately vulnerable table, serial 8, pdf p.5]",12.9228167,77.5185222,,point,
Gurudutta Layout to Sapthagiri Layout in ward 160,"RR Nagar zone, YPR constituency, ward 160","BBMP Storm Water Drain dept, List of vulnerable points identified for 2020-21 (PDF)",https://citizenmatters.in/wp-content/uploads/2020/06/SWD-Vul-lat-long-details-18.5.2020-1.pdf,2020-05-18,swd_vulnerable_moderate,"Gurudutta Layout to Sapthagiri Layout in ward 160 | 12.9247111 | 77.5390972 | 300M | Adjacent SWD have been De-silted [RR Nagar zone, moderately vulnerable table, serial 9, pdf p.5]",12.9247111,77.5390972,,point,vulnerable buffer radius 300M m
Halagevadeyarahalli lake to Kenchenahalli lake in ward no 160,"RR Nagar zone, YPR constituency, ward 160","BBMP Storm Water Drain dept, List of vulnerable points identified for 2020-21 (PDF)",https://citizenmatters.in/wp-content/uploads/2020/06/SWD-Vul-lat-long-details-18.5.2020-1.pdf,2020-05-18,swd_vulnerable_moderate,"Halagevadeyarahalli lake to Kenchenahalli lake in ward no 160 | 12.9248167 | 77.5215556 | 300M | Already tackled no flood occurred [RR Nagar zone, moderately vulnerable table, serial 10, pdf p.5]",12.9248167,77.5215556,,point,vulnerable buffer radius 300M m
Lavakushanagara to Vrishabhavathi Valley,"RR Nagar zone, YPR constituency","BBMP Storm Water Drain dept, List of vulnerable points identified for 2020-21 (PDF)",https://citizenmatters.in/wp-content/uploads/2020/06/SWD-Vul-lat-long-details-18.5.2020-1.pdf,2020-05-18,swd_vulnerable_moderate,"Lavakushanagara to Vrishabhavathi Valley | 13.2543139 | 77.5173889 | 500M [RR Nagar zone, moderately vulnerable table, serial 11, pdf p.5]",13.2543139,77.5173889,,point,vulnerable buffer radius 500M m
Ideal Homes beside Akkamahadevi choultry,"RR Nagar zone, YPR constituency","BBMP Storm Water Drain dept, List of vulnerable points identified for 2020-21 (PDF)",https://citizenmatters.in/wp-content/uploads/2020/06/SWD-Vul-lat-long-details-18.5.2020-1.pdf,2020-05-18,swd_vulnerable_moderate,"Ideal Homes beside Akkamahadevi choultry | 13.9329972 | 77.5118611 | 500M [RR Nagar zone, moderately vulnerable table, serial 12, pdf p.5]",13.9329972,77.5118611,,point,vulnerable buffer radius 500M m
Bande Maramma Temple behind Nagarabhavi 10th cross Bus Stop,"RR Nagar zone, YPR constituency","BBMP Storm Water Drain dept, List of vulnerable points identified for 2020-21 (PDF)",https://citizenmatters.in/wp-content/uploads/2020/06/SWD-Vul-lat-long-details-18.5.2020-1.pdf,2020-05-18,swd_vulnerable_moderate,"Bande Maramma Temple behind Nagarabhavi 10th cross Bus Stop | 12.9657028 | 77.5173944 | 300M [RR Nagar zone, moderately vulnerable table, serial 13, pdf p.5]",12.9657028,77.5173944,,point,vulnerable buffer radius 300M m
Near Tippena Halli Govt. School,"RR Nagar zone, YPR constituency","BBMP Storm Water Drain dept, List of vulnerable points identified for 2020-21 (PDF)",https://citizenmatters.in/wp-content/uploads/2020/06/SWD-Vul-lat-long-details-18.5.2020-1.pdf,2020-05-18,swd_vulnerable_moderate,"Near Tippena Halli Govt. School | 13.036639 | 77.487364 | 300M | Taken under CMNNY [RR Nagar zone, moderately vulnerable table, serial 14, pdf p.5]",13.036639,77.487364,,point,vulnerable buffer radius 300M m
Chakranagara Doddabidirukallu,"RR Nagar zone, YPR constituency","BBMP Storm Water Drain dept, List of vulnerable points identified for 2020-21 (PDF)",https://citizenmatters.in/wp-content/uploads/2020/06/SWD-Vul-lat-long-details-18.5.2020-1.pdf,2020-05-18,swd_vulnerable_moderate,"Chakranagara Doddabidirukallu | 13.009690 | 77.477201 | 250M | Taken under CMNNY [RR Nagar zone, moderately vulnerable table, serial 15, pdf p.6]",13.009690,77.477201,,point,vulnerable buffer radius 250M m
Thigalara Palya Doddabidirukallu,"RR Nagar zone, YPR constituency","BBMP Storm Water Drain dept, List of vulnerable points identified for 2020-21 (PDF)",https://citizenmatters.in/wp-content/uploads/2020/06/SWD-Vul-lat-long-details-18.5.2020-1.pdf,2020-05-18,swd_vulnerable_moderate,"Thigalara Palya Doddabidirukallu | 13.017125 | 77.299901 | 250M | Taken under CMNNY [RR Nagar zone, moderately vulnerable table, serial 16, pdf p.6]",13.017125,77.299901,,point,vulnerable buffer radius 250M m
Horanadu Annapurneshwari Layout Doddabidirukallu,"RR Nagar zone, YPR constituency","BBMP Storm Water Drain dept, List of vulnerable points identified for 2020-21 (PDF)",https://citizenmatters.in/wp-content/uploads/2020/06/SWD-Vul-lat-long-details-18.5.2020-1.pdf,2020-05-18,swd_vulnerable_moderate,"Horanadu Annapurneshwari Layout Doddabidirukallu | 13.021657 | 77.484496 | 300M | Taken under CMNNY [RR Nagar zone, moderately vulnerable table, serial 17, pdf p.6]",13.021657,77.484496,,point,vulnerable buffer radius 300M m
Ambedkar Nagara Ullala,"RR Nagar zone, YPR constituency","BBMP Storm Water Drain dept, List of vulnerable points identified for 2020-21 (PDF)",https://citizenmatters.in/wp-content/uploads/2020/06/SWD-Vul-lat-long-details-18.5.2020-1.pdf,2020-05-18,swd_vulnerable_moderate,"Ambedkar Nagara Ullala | 12.963815 | 77.478921 | 300M | Taken under CMNNY [RR Nagar zone, moderately vulnerable table, serial 18, pdf p.6]",12.963815,77.478921,,point,vulnerable buffer radius 300M m
Dubasipalya Tank,"RR Nagar zone, YPR constituency","BBMP Storm Water Drain dept, List of vulnerable points identified for 2020-21 (PDF)",https://citizenmatters.in/wp-content/uploads/2020/06/SWD-Vul-lat-long-details-18.5.2020-1.pdf,2020-05-18,swd_vulnerable_moderate,"Dubasipalya Tank | 12.926779 | 77.495400 | 300M | action to be taken by lakes division [RR Nagar zone, moderately vulnerable table, serial 19, pdf p.6]",12.926779,77.495400,,point,vulnerable buffer radius 300M m
Bande Matta Kengeri,"RR Nagar zone, YPR constituency","BBMP Storm Water Drain dept, List of vulnerable points identified for 2020-21 (PDF)",https://citizenmatters.in/wp-content/uploads/2020/06/SWD-Vul-lat-long-details-18.5.2020-1.pdf,2020-05-18,swd_vulnerable_moderate,"Bande Matta Kengeri | 12.918535 | 77.477999 | 500M | Taken under CMNNY [RR Nagar zone, moderately vulnerable table, serial 20, pdf p.6]",12.918535,77.477999,,point,vulnerable buffer radius 500M m
Mysore Road Kengeri Satellite Town Main Road,"RR Nagar zone, YPR constituency","BBMP Storm Water Drain dept, List of vulnerable points identified for 2020-21 (PDF)",https://citizenmatters.in/wp-content/uploads/2020/06/SWD-Vul-lat-long-details-18.5.2020-1.pdf,2020-05-18,swd_vulnerable_moderate,"Mysore Road Kengeri Satellite Town Main Road | 12.905953 | 77.478994 | 300M | Taken under CMNNY [RR Nagar zone, moderately vulnerable table, serial 21, pdf p.6]",12.905953,77.478994,,point,vulnerable buffer radius 300M m
Vijayashri Layout,"RR Nagar zone, YPR constituency","BBMP Storm Water Drain dept, List of vulnerable points identified for 2020-21 (PDF)",https://citizenmatters.in/wp-content/uploads/2020/06/SWD-Vul-lat-long-details-18.5.2020-1.pdf,2020-05-18,swd_vulnerable_moderate,"Vijayashri Layout | 12.913417 | 77.490779 | 200M | Taken under CMNNY [RR Nagar zone, moderately vulnerable table, serial 22, pdf p.6]",12.913417,77.490779,,point,vulnerable buffer radius 200M m
Vishva Vakkaligara Maha Samsthana Mysore road,"RR Nagar zone, YPR constituency","BBMP Storm Water Drain dept, List of vulnerable points identified for 2020-21 (PDF)",https://citizenmatters.in/wp-content/uploads/2020/06/SWD-Vul-lat-long-details-18.5.2020-1.pdf,2020-05-18,swd_vulnerable_moderate,"Vishva Vakkaligara Maha Samsthana Mysore road | 12.901002 | 77.466559 | 500M | action will be taken by NHAI & BMRCL [RR Nagar zone, moderately vulnerable table, serial 23, pdf p.6]",12.901002,77.466559,,point,vulnerable buffer radius 500M m
Kempegowda nagar Ward,"RR Nagar zone, YPR constituency","BBMP Storm Water Drain dept, List of vulnerable points identified for 2020-21 (PDF)",https://citizenmatters.in/wp-content/uploads/2020/06/SWD-Vul-lat-long-details-18.5.2020-1.pdf,2020-05-18,swd_vulnerable_moderate,"Kempegowda nagar Ward | 12.989302 | 77.483394 | 200M [RR Nagar zone, moderately vulnerable table, serial 24, pdf p.6]",12.989302,77.483394,,point,vulnerable buffer radius 200M m
Balaji Layout Ward 198 Kanakapura Road,"RR Nagar zone, YPR constituency, ward 198","BBMP Storm Water Drain dept, List of vulnerable points identified for 2020-21 (PDF)",https://citizenmatters.in/wp-content/uploads/2020/06/SWD-Vul-lat-long-details-18.5.2020-1.pdf,2020-05-18,swd_vulnerable_moderate,"Balaji Layout Ward 198 Kanakapura Road | 12.876393 | 77.538538 | 300M | Taken under CMNNY [RR Nagar zone, moderately vulnerable table, serial 25, pdf p.6]",12.876393,77.538538,,point,vulnerable buffer radius 300M m
Mantri Lake view Appartment Next to Talagattapura Lake,"RR Nagar zone, YPR constituency","BBMP Storm Water Drain dept, List of vulnerable points identified for 2020-21 (PDF)",https://citizenmatters.in/wp-content/uploads/2020/06/SWD-Vul-lat-long-details-18.5.2020-1.pdf,2020-05-18,swd_vulnerable_moderate,"Mantri Lake view Appartment Next to Talagattapura Lake | 12.860256 | 77.527756 | 300M | Taken under CMNNY [RR Nagar zone, moderately vulnerable table, serial 26, pdf p.6]",12.860256,77.527756,,point,vulnerable buffer radius 300M m
Raghuvanahalli at Hemmigepura ward,"RR Nagar zone, YPR constituency","BBMP Storm Water Drain dept, List of vulnerable points identified for 2020-21 (PDF)",https://citizenmatters.in/wp-content/uploads/2020/06/SWD-Vul-lat-long-details-18.5.2020-1.pdf,2020-05-18,swd_vulnerable_moderate,"Raghuvanahalli at Hemmigepura ward | 12.878313 | 77.54944 | 250M | Encroachment issue, work to be proposed. Maintained under AMC [RR Nagar zone, moderately vulnerable table, serial 27, pdf p.6]",12.878313,77.54944,,point,vulnerable buffer radius 250M m
Global Village Joining V Vally at Glabal Village Property ward no.198.,"RR Nagar zone, YPR constituency, ward 198","BBMP Storm Water Drain dept, List of vulnerable points identified for 2020-21 (PDF)",https://citizenmatters.in/wp-content/uploads/2020/06/SWD-Vul-lat-long-details-18.5.2020-1.pdf,2020-05-18,swd_vulnerable_moderate,"Global Village Joining V Vally at Glabal Village Property ward no.198. | 12.920448 | 77.502519 | 200M | Taken under CMNNY [RR Nagar zone, moderately vulnerable table, serial 28, pdf p.6]",12.920448,77.502519,,point,vulnerable buffer radius 200M m
Kendriya nagara ward 198,"RR Nagar zone, YPR constituency, ward 198","BBMP Storm Water Drain dept, List of vulnerable points identified for 2020-21 (PDF)",https://citizenmatters.in/wp-content/uploads/2020/06/SWD-Vul-lat-long-details-18.5.2020-1.pdf,2020-05-18,swd_vulnerable_moderate,"Kendriya nagara ward 198 | 12.872472 | 77.528255 | 300M | Encroachment issue, work to be proposed. Maintained under AMC [RR Nagar zone, moderately vulnerable table, serial 29, pdf p.6]",12.872472,77.528255,,point,vulnerable buffer radius 300M m
Shettyhalli Janatha colony near Railway bridge,Dasarahalli zone,"BBMP Storm Water Drain dept, List of vulnerable points identified for 2020-21 (PDF)",https://citizenmatters.in/wp-content/uploads/2020/06/SWD-Vul-lat-long-details-18.5.2020-1.pdf,2020-05-18,swd_vulnerable_moderate,"Shettyhalli Janatha colony near Railway bridge | tackled [Dasarahalli zone, moderately vulnerable table, serial 1, pdf p.6]",,,,point,
Visghneshwara Layout Chikkansdra,Dasarahalli zone,"BBMP Storm Water Drain dept, List of vulnerable points identified for 2020-21 (PDF)",https://citizenmatters.in/wp-content/uploads/2020/06/SWD-Vul-lat-long-details-18.5.2020-1.pdf,2020-05-18,swd_vulnerable_moderate,"Visghneshwara Layout Chikkansdra | tackled [Dasarahalli zone, moderately vulnerable table, serial 2, pdf p.6]",,,,point,
Kammagondanahalli near MNTI Polytecnic,Dasarahalli zone,"BBMP Storm Water Drain dept, List of vulnerable points identified for 2020-21 (PDF)",https://citizenmatters.in/wp-content/uploads/2020/06/SWD-Vul-lat-long-details-18.5.2020-1.pdf,2020-05-18,swd_vulnerable_moderate,"Kammagondanahalli near MNTI Polytecnic | 13.06407 | 77.53471 | 500 [Dasarahalli zone, moderately vulnerable table, serial 3, pdf p.6]",13.06407,77.53471,,point,vulnerable buffer radius 500 m
Chikkasandra near Mahaveer Aprt.,Dasarahalli zone,"BBMP Storm Water Drain dept, List of vulnerable points identified for 2020-21 (PDF)",https://citizenmatters.in/wp-content/uploads/2020/06/SWD-Vul-lat-long-details-18.5.2020-1.pdf,2020-05-18,swd_vulnerable_moderate,"Chikkasandra near Mahaveer Aprt. | tackled [Dasarahalli zone, moderately vulnerable table, serial 4, pdf p.6]",,,,point,
Siddeswara Layout,Dasarahalli zone,"BBMP Storm Water Drain dept, List of vulnerable points identified for 2020-21 (PDF)",https://citizenmatters.in/wp-content/uploads/2020/06/SWD-Vul-lat-long-details-18.5.2020-1.pdf,2020-05-18,swd_vulnerable_moderate,"Siddeswara Layout | 13.034332 | 77.57271 | 500 | Adjacent SWD have been De-silted [Dasarahalli zone, moderately vulnerable table, serial 5, pdf p.6]",13.034332,77.57271,,point,vulnerable buffer radius 500 m
MEI layout,Dasarahalli zone,"BBMP Storm Water Drain dept, List of vulnerable points identified for 2020-21 (PDF)",https://citizenmatters.in/wp-content/uploads/2020/06/SWD-Vul-lat-long-details-18.5.2020-1.pdf,2020-05-18,swd_vulnerable_moderate,"MEI layout | 13.06087 | 77.50116 | 500 | Adjacent SWD have been De-silted [Dasarahalli zone, moderately vulnerable table, serial 6, pdf p.6]",13.06087,77.50116,,point,vulnerable buffer radius 500 m
Gundappa Layout & Belmar Layout,Dasarahalli zone,"BBMP Storm Water Drain dept, List of vulnerable points identified for 2020-21 (PDF)",https://citizenmatters.in/wp-content/uploads/2020/06/SWD-Vul-lat-long-details-18.5.2020-1.pdf,2020-05-18,swd_vulnerable_moderate,"Gundappa Layout & Belmar Layout | 13.04681 | 77.50074 | 500 | Adjacent SWD have been De-silted [Dasarahalli zone, moderately vulnerable table, serial 7, pdf p.6]",13.04681,77.50074,,point,vulnerable buffer radius 500 m
Government School & Durgalamma Temple,Dasarahalli zone,"BBMP Storm Water Drain dept, List of vulnerable points identified for 2020-21 (PDF)",https://citizenmatters.in/wp-content/uploads/2020/06/SWD-Vul-lat-long-details-18.5.2020-1.pdf,2020-05-18,swd_vulnerable_moderate,"Government School & Durgalamma Temple | 13.01264 | 77.51178 | 500 [Dasarahalli zone, moderately vulnerable table, serial 8, pdf p.6]",13.01264,77.51178,,point,vulnerable buffer radius 500 m
Settyhalli & Chikkasandra Village in Settyhalli Ward no. 12,"Dasarahalli zone, ward 12","BBMP Storm Water Drain dept, List of vulnerable points identified for 2020-21 (PDF)",https://citizenmatters.in/wp-content/uploads/2020/06/SWD-Vul-lat-long-details-18.5.2020-1.pdf,2020-05-18,swd_vulnerable_moderate,"Settyhalli & Chikkasandra Village in Settyhalli Ward no. 12 | 13.06634 | 77.51178 | 500 | Adjacent SWD have been De-silted [Dasarahalli zone, moderately vulnerable table, serial 9, pdf p.6]",13.06634,77.51178,,point,vulnerable buffer radius 500 m
"Aaimatha layout, Mallasandra, Bengaluru",Dasarahalli zone,"BBMP Storm Water Drain dept, List of vulnerable points identified for 2020-21 (PDF)",https://citizenmatters.in/wp-content/uploads/2020/06/SWD-Vul-lat-long-details-18.5.2020-1.pdf,2020-05-18,swd_vulnerable_moderate,"Aaimatha layout, Mallasandra, Bengaluru | 13.06068 | 77.51178 | 500 | Adjacent SWD have been De-silted [Dasarahalli zone, moderately vulnerable table, serial 10, pdf p.6]",13.06068,77.51178,,point,vulnerable buffer radius 500 m
Pillappanakatte valley (KTG Roads to DWCC),Dasarahalli zone,"BBMP Storm Water Drain dept, List of vulnerable points identified for 2020-21 (PDF)",https://citizenmatters.in/wp-content/uploads/2020/06/SWD-Vul-lat-long-details-18.5.2020-1.pdf,2020-05-18,swd_vulnerable_moderate,"Pillappanakatte valley (KTG Roads to DWCC) | 12.99822 | 77.51674 | 500 | Adjacent SWD have been De-silted [Dasarahalli zone, moderately vulnerable table, serial 11, pdf p.6]",12.99822,77.51674,,point,vulnerable buffer radius 500 m
Shivapura tank in ward No 41.,"Dasarahalli zone, ward 41","BBMP Storm Water Drain dept, List of vulnerable points identified for 2020-21 (PDF)",https://citizenmatters.in/wp-content/uploads/2020/06/SWD-Vul-lat-long-details-18.5.2020-1.pdf,2020-05-18,swd_vulnerable_moderate,"Shivapura tank in ward No 41. | 13.05796 | 77.60487 | 500 | Adjacent SWD have been De-silted [Dasarahalli zone, moderately vulnerable table, serial 12, pdf p.6]",13.05796,77.60487,,point,vulnerable buffer radius 500 m
Shambhavinagar in ward No 70,"Dasarahalli zone, ward 70","BBMP Storm Water Drain dept, List of vulnerable points identified for 2020-21 (PDF)",https://citizenmatters.in/wp-content/uploads/2020/06/SWD-Vul-lat-long-details-18.5.2020-1.pdf,2020-05-18,swd_vulnerable_moderate,"Shambhavinagar in ward No 70 | 13.04137 | 77.47808 | 500 [Dasarahalli zone, moderately vulnerable table, serial 13, pdf p.6]",13.04137,77.47808,,point,vulnerable buffer radius 500 m
Mantri Lake view Appartment Next to Talagattapura Lake,"Hemmigepura (ward 198), RR Nagar zone","BBMP/KSRSAC Map of Locations Vulnerable to Flooding in Bengaluru (KML, OpenCity)",https://data.opencity.in/dataset/b03218ea-4b7c-4fa9-ab67-b9054d7ecc4c/resource/a7d8a01f-1fbc-41e1-85f0-f15ea16b2d27/download/6b3c63b0-f461-4e9c-a2c2-006f734c5b41.kml,2023-02-16,swd_vulnerable_kgis,"WARD_NAME=Hemmigepura; WARDNO=198; LocationName=Mantri Lake view Appartment Next to Talagattapura Lake; KGISFVLID=1; ZONE=RR Nagar; coordinates=77.5324350003062,12.867499000001 [OBJECTID 1]",12.86749900,77.53243500,,point,source_date is the OpenCity dataset creation date; the underlying BBMP list is 2020-21 vintage
Kendriya nagara,"Hemmigepura (ward 198), RR Nagar zone","BBMP/KSRSAC Map of Locations Vulnerable to Flooding in Bengaluru (KML, OpenCity)",https://data.opencity.in/dataset/b03218ea-4b7c-4fa9-ab67-b9054d7ecc4c/resource/a7d8a01f-1fbc-41e1-85f0-f15ea16b2d27/download/6b3c63b0-f461-4e9c-a2c2-006f734c5b41.kml,2023-02-16,swd_vulnerable_kgis,"WARD_NAME=Hemmigepura; WARDNO=198; LocationName=Kendriya nagara; KGISFVLID=2; ZONE=RR Nagar; coordinates=77.5280829995545,12.8717750001904 [OBJECTID 2]",12.87177500,77.52808299,,point,source_date is the OpenCity dataset creation date; the underlying BBMP list is 2020-21 vintage
Raghuvanahalli,"Hemmigepura (ward 198), RR Nagar zone","BBMP/KSRSAC Map of Locations Vulnerable to Flooding in Bengaluru (KML, OpenCity)",https://data.opencity.in/dataset/b03218ea-4b7c-4fa9-ab67-b9054d7ecc4c/resource/a7d8a01f-1fbc-41e1-85f0-f15ea16b2d27/download/6b3c63b0-f461-4e9c-a2c2-006f734c5b41.kml,2023-02-16,swd_vulnerable_kgis,"WARD_NAME=Hemmigepura; WARDNO=198; LocationName=Raghuvanahalli; KGISFVLID=3; ZONE=RR Nagar; coordinates=77.5426940003978,12.8777110000686 [OBJECTID 3]",12.87771100,77.54269400,,point,source_date is the OpenCity dataset creation date; the underlying BBMP list is 2020-21 vintage
"Balaji Layout, Kanakapura Road","Hemmigepura (ward 198), RR Nagar zone","BBMP/KSRSAC Map of Locations Vulnerable to Flooding in Bengaluru (KML, OpenCity)",https://data.opencity.in/dataset/b03218ea-4b7c-4fa9-ab67-b9054d7ecc4c/resource/a7d8a01f-1fbc-41e1-85f0-f15ea16b2d27/download/6b3c63b0-f461-4e9c-a2c2-006f734c5b41.kml,2023-02-16,swd_vulnerable_kgis,"WARD_NAME=Hemmigepura; WARDNO=198; LocationName=Balaji Layout, Kanakapura Road; KGISFVLID=4; ZONE=RR Nagar; coordinates=77.5412729999903,12.877864999889 [OBJECTID 4]",12.87786499,77.54127299,,point,source_date is the OpenCity dataset creation date; the underlying BBMP list is 2020-21 vintage
Singasandra Country club road,"Begur (ward 192), Bommanahalli zone","BBMP/KSRSAC Map of Locations Vulnerable to Flooding in Bengaluru (KML, OpenCity)",https://data.opencity.in/dataset/b03218ea-4b7c-4fa9-ab67-b9054d7ecc4c/resource/a7d8a01f-1fbc-41e1-85f0-f15ea16b2d27/download/6b3c63b0-f461-4e9c-a2c2-006f734c5b41.kml,2023-02-16,swd_vulnerable_kgis,"WARD_NAME=Begur; WARDNO=192; LocationName=Singasandra Country club road; KGISFVLID=5; ZONE=Bommanahalli; coordinates=77.6374179998471,12.8789069996308 [OBJECTID 5]",12.87890699,77.63741799,,point,source_date is the OpenCity dataset creation date; the underlying BBMP list is 2020-21 vintage
Someshwara layout Arekere,"Arakere (ward 193), Bommanahalli zone","BBMP/KSRSAC Map of Locations Vulnerable to Flooding in Bengaluru (KML, OpenCity)",https://data.opencity.in/dataset/b03218ea-4b7c-4fa9-ab67-b9054d7ecc4c/resource/a7d8a01f-1fbc-41e1-85f0-f15ea16b2d27/download/6b3c63b0-f461-4e9c-a2c2-006f734c5b41.kml,2023-02-16,swd_vulnerable_kgis,"WARD_NAME=Arakere; WARDNO=193; LocationName=Someshwara layout Arekere; KGISFVLID=6; ZONE=Bommanahalli; coordinates=77.6040510003254,12.8799690003176 [OBJECTID 6]",12.87996900,77.60405100,,point,source_date is the OpenCity dataset creation date; the underlying BBMP list is 2020-21 vintage
BDA layout Hulimavu,"Arakere (ward 193), Bommanahalli zone","BBMP/KSRSAC Map of Locations Vulnerable to Flooding in Bengaluru (KML, OpenCity)",https://data.opencity.in/dataset/b03218ea-4b7c-4fa9-ab67-b9054d7ecc4c/resource/a7d8a01f-1fbc-41e1-85f0-f15ea16b2d27/download/6b3c63b0-f461-4e9c-a2c2-006f734c5b41.kml,2023-02-16,swd_vulnerable_kgis,"WARD_NAME=Arakere; WARDNO=193; LocationName=BDA layout Hulimavu; KGISFVLID=7; ZONE=Bommanahalli; coordinates=77.6039869998664,12.8805180001676 [OBJECTID 7]",12.88051800,77.60398699,,point,source_date is the OpenCity dataset creation date; the underlying BBMP list is 2020-21 vintage
Kempamma layout RSD Arekere,"Arakere (ward 193), Bommanahalli zone","BBMP/KSRSAC Map of Locations Vulnerable to Flooding in Bengaluru (KML, OpenCity)",https://data.opencity.in/dataset/b03218ea-4b7c-4fa9-ab67-b9054d7ecc4c/resource/a7d8a01f-1fbc-41e1-85f0-f15ea16b2d27/download/6b3c63b0-f461-4e9c-a2c2-006f734c5b41.kml,2023-02-16,swd_vulnerable_kgis,"WARD_NAME=Arakere; WARDNO=193; LocationName=Kempamma layout RSD Arekere; KGISFVLID=8; ZONE=Bommanahalli; coordinates=77.6044149998363,12.8805860001823 [OBJECTID 8]",12.88058600,77.60441499,,point,source_date is the OpenCity dataset creation date; the underlying BBMP list is 2020-21 vintage
Hulimavu Sri Lanka colony,"Arakere (ward 193), Bommanahalli zone","BBMP/KSRSAC Map of Locations Vulnerable to Flooding in Bengaluru (KML, OpenCity)",https://data.opencity.in/dataset/b03218ea-4b7c-4fa9-ab67-b9054d7ecc4c/resource/a7d8a01f-1fbc-41e1-85f0-f15ea16b2d27/download/6b3c63b0-f461-4e9c-a2c2-006f734c5b41.kml,2023-02-16,swd_vulnerable_kgis,"WARD_NAME=Arakere; WARDNO=193; LocationName=Hulimavu Sri Lanka colony; KGISFVLID=9; ZONE=Bommanahalli; coordinates=77.608253000444,12.8817559999585 [OBJECTID 9]",12.88175599,77.60825300,,point,source_date is the OpenCity dataset creation date; the underlying BBMP list is 2020-21 vintage
Hosur road near Royal Enfield show room,"Singasandra (ward 191), Bommanahalli zone","BBMP/KSRSAC Map of Locations Vulnerable to Flooding in Bengaluru (KML, OpenCity)",https://data.opencity.in/dataset/b03218ea-4b7c-4fa9-ab67-b9054d7ecc4c/resource/a7d8a01f-1fbc-41e1-85f0-f15ea16b2d27/download/6b3c63b0-f461-4e9c-a2c2-006f734c5b41.kml,2023-02-16,swd_vulnerable_kgis,"WARD_NAME=Singasandra; WARDNO=191; LocationName=Hosur road near Royal Enfield show room; KGISFVLID=10; ZONE=Bommanahalli; coordinates=77.6420749998582,12.8859370001465 [OBJECTID 10]",12.88593700,77.64207499,,point,source_date is the OpenCity dataset creation date; the underlying BBMP list is 2020-21 vintage
Anugraha layout Billekahalli,"Bilekhalli (ward 188), Bommanahalli zone","BBMP/KSRSAC Map of Locations Vulnerable to Flooding in Bengaluru (KML, OpenCity)",https://data.opencity.in/dataset/b03218ea-4b7c-4fa9-ab67-b9054d7ecc4c/resource/a7d8a01f-1fbc-41e1-85f0-f15ea16b2d27/download/6b3c63b0-f461-4e9c-a2c2-006f734c5b41.kml,2023-02-16,swd_vulnerable_kgis,"WARD_NAME=Bilekhalli; WARDNO=188; LocationName=Anugraha layout Billekahalli; KGISFVLID=11; ZONE=Bommanahalli; coordinates=77.611508000245,12.8965700001818 [OBJECTID 11]",12.89657000,77.61150800,,point,source_date is the OpenCity dataset creation date; the underlying BBMP list is 2020-21 vintage
Doddakannelli,"Bellandur (ward 150), Bommanahalli zone","BBMP/KSRSAC Map of Locations Vulnerable to Flooding in Bengaluru (KML, OpenCity)",https://data.opencity.in/dataset/b03218ea-4b7c-4fa9-ab67-b9054d7ecc4c/resource/a7d8a01f-1fbc-41e1-85f0-f15ea16b2d27/download/6b3c63b0-f461-4e9c-a2c2-006f734c5b41.kml,2023-02-16,swd_vulnerable_kgis,"WARD_NAME=Bellandur; WARDNO=150; LocationName=Doddakannelli; KGISFVLID=12; ZONE=Bommanahalli; coordinates=77.6929070003515,12.8978170003302 [OBJECTID 12]",12.89781700,77.69290700,,point,source_date is the OpenCity dataset creation date; the underlying BBMP list is 2020-21 vintage
Garebhavipalya NH  service road junction,"Hongasandra (ward 189), Bommanahalli zone","BBMP/KSRSAC Map of Locations Vulnerable to Flooding in Bengaluru (KML, OpenCity)",https://data.opencity.in/dataset/b03218ea-4b7c-4fa9-ab67-b9054d7ecc4c/resource/a7d8a01f-1fbc-41e1-85f0-f15ea16b2d27/download/6b3c63b0-f461-4e9c-a2c2-006f734c5b41.kml,2023-02-16,swd_vulnerable_kgis,"WARD_NAME=Hongasandra; WARDNO=189; LocationName=Garebhavipalya NH  service road junction; KGISFVLID=13; ZONE=Bommanahalli; coordinates=77.6331209998401,12.9009220002675 [OBJECTID 13]",12.90092200,77.63312099,,point,source_date is the OpenCity dataset creation date; the underlying BBMP list is 2020-21 vintage
Oxford college NH Junction,"Hongasandra (ward 189), Bommanahalli zone","BBMP/KSRSAC Map of Locations Vulnerable to Flooding in Bengaluru (KML, OpenCity)",https://data.opencity.in/dataset/b03218ea-4b7c-4fa9-ab67-b9054d7ecc4c/resource/a7d8a01f-1fbc-41e1-85f0-f15ea16b2d27/download/6b3c63b0-f461-4e9c-a2c2-006f734c5b41.kml,2023-02-16,swd_vulnerable_kgis,"WARD_NAME=Hongasandra; WARDNO=189; LocationName=Oxford college NH Junction; KGISFVLID=14; ZONE=Bommanahalli; coordinates=77.6314429996222,12.9013600001532 [OBJECTID 14]",12.90136000,77.63144299,,point,source_date is the OpenCity dataset creation date; the underlying BBMP list is 2020-21 vintage
Anugraha layout RSD phase 1,"Bilekhalli (ward 188), Bommanahalli zone","BBMP/KSRSAC Map of Locations Vulnerable to Flooding in Bengaluru (KML, OpenCity)",https://data.opencity.in/dataset/b03218ea-4b7c-4fa9-ab67-b9054d7ecc4c/resource/a7d8a01f-1fbc-41e1-85f0-f15ea16b2d27/download/6b3c63b0-f461-4e9c-a2c2-006f734c5b41.kml,2023-02-16,swd_vulnerable_kgis,"WARD_NAME=Bilekhalli; WARDNO=188; LocationName=Anugraha layout RSD phase 1; KGISFVLID=15; ZONE=Bommanahalli; coordinates=77.6112620004318,12.9018859997625 [OBJECTID 15]",12.90188599,77.61126200,,point,source_date is the OpenCity dataset creation date; the underlying BBMP list is 2020-21 vintage
Dollars Colony JP Nagar,"JP Nagar (ward 177), Bommanahalli zone","BBMP/KSRSAC Map of Locations Vulnerable to Flooding in Bengaluru (KML, OpenCity)",https://data.opencity.in/dataset/b03218ea-4b7c-4fa9-ab67-b9054d7ecc4c/resource/a7d8a01f-1fbc-41e1-85f0-f15ea16b2d27/download/6b3c63b0-f461-4e9c-a2c2-006f734c5b41.kml,2023-02-16,swd_vulnerable_kgis,"WARD_NAME=JP Nagar; WARDNO=177; LocationName=Dollars Colony JP Nagar; KGISFVLID=16; ZONE=Bommanahalli; coordinates=77.5988530001048,12.9033309997057 [OBJECTID 16]",12.90333099,77.59885300,,point,source_date is the OpenCity dataset creation date; the underlying BBMP list is 2020-21 vintage
Dollars Colony NS palya (BTM 2nd stage),"Bilekhalli (ward 188), Bommanahalli zone","BBMP/KSRSAC Map of Locations Vulnerable to Flooding in Bengaluru (KML, OpenCity)",https://data.opencity.in/dataset/b03218ea-4b7c-4fa9-ab67-b9054d7ecc4c/resource/a7d8a01f-1fbc-41e1-85f0-f15ea16b2d27/download/6b3c63b0-f461-4e9c-a2c2-006f734c5b41.kml,2023-02-16,swd_vulnerable_kgis,"WARD_NAME=Bilekhalli; WARDNO=188; LocationName=Dollars Colony NS palya (BTM 2nd stage); KGISFVLID=17; ZONE=Bommanahalli; coordinates=77.6028070002702,12.9044550001162 [OBJECTID 17]",12.90445500,77.60280700,,point,source_date is the OpenCity dataset creation date; the underlying BBMP list is 2020-21 vintage
Hongasandara Ambedkar Nagar,"Bommanahalli (ward 175), Bommanahalli zone","BBMP/KSRSAC Map of Locations Vulnerable to Flooding in Bengaluru (KML, OpenCity)",https://data.opencity.in/dataset/b03218ea-4b7c-4fa9-ab67-b9054d7ecc4c/resource/a7d8a01f-1fbc-41e1-85f0-f15ea16b2d27/download/6b3c63b0-f461-4e9c-a2c2-006f734c5b41.kml,2023-02-16,swd_vulnerable_kgis,"WARD_NAME=Bommanahalli; WARDNO=175; LocationName=Hongasandara Ambedkar Nagar; KGISFVLID=18; ZONE=Bommanahalli; coordinates=77.6267580001024,12.9047820003245 [OBJECTID 18]",12.90478200,77.62675800,,point,source_date is the OpenCity dataset creation date; the underlying BBMP list is 2020-21 vintage
NS palya RSD,"Bilekhalli (ward 188), Bommanahalli zone","BBMP/KSRSAC Map of Locations Vulnerable to Flooding in Bengaluru (KML, OpenCity)",https://data.opencity.in/dataset/b03218ea-4b7c-4fa9-ab67-b9054d7ecc4c/resource/a7d8a01f-1fbc-41e1-85f0-f15ea16b2d27/download/6b3c63b0-f461-4e9c-a2c2-006f734c5b41.kml,2023-02-16,swd_vulnerable_kgis,"WARD_NAME=Bilekhalli; WARDNO=188; LocationName=NS palya RSD; KGISFVLID=19; ZONE=Bommanahalli; coordinates=77.6030360002863,12.9049030001327 [OBJECTID 19]",12.90490300,77.60303600,,point,source_date is the OpenCity dataset creation date; the underlying BBMP list is 2020-21 vintage
HSR sector 2 Garden layout,"HSR Layout (ward 174), Bommanahalli zone","BBMP/KSRSAC Map of Locations Vulnerable to Flooding in Bengaluru (KML, OpenCity)",https://data.opencity.in/dataset/b03218ea-4b7c-4fa9-ab67-b9054d7ecc4c/resource/a7d8a01f-1fbc-41e1-85f0-f15ea16b2d27/download/6b3c63b0-f461-4e9c-a2c2-006f734c5b41.kml,2023-02-16,swd_vulnerable_kgis,"WARD_NAME=HSR Layout; WARDNO=174; LocationName=HSR sector 2 Garden layout; KGISFVLID=20; ZONE=Bommanahalli; coordinates=77.6449330003609,12.909073000038 [OBJECTID 20]",12.90907300,77.64493300,,point,source_date is the OpenCity dataset creation date; the underlying BBMP list is 2020-21 vintage
HSR 3rd sector lead off drains,"HSR Layout (ward 174), Bommanahalli zone","BBMP/KSRSAC Map of Locations Vulnerable to Flooding in Bengaluru (KML, OpenCity)",https://data.opencity.in/dataset/b03218ea-4b7c-4fa9-ab67-b9054d7ecc4c/resource/a7d8a01f-1fbc-41e1-85f0-f15ea16b2d27/download/6b3c63b0-f461-4e9c-a2c2-006f734c5b41.kml,2023-02-16,swd_vulnerable_kgis,"WARD_NAME=HSR Layout; WARDNO=174; LocationName=HSR 3rd sector lead off drains; KGISFVLID=21; ZONE=Bommanahalli; coordinates=77.6415849997452,12.9093590002885 [OBJECTID 21]",12.90935900,77.64158499,,point,source_date is the OpenCity dataset creation date; the underlying BBMP list is 2020-21 vintage
BEML layout,"Hemmigepura (ward 198), RR Nagar zone","BBMP/KSRSAC Map of Locations Vulnerable to Flooding in Bengaluru (KML, OpenCity)",https://data.opencity.in/dataset/b03218ea-4b7c-4fa9-ab67-b9054d7ecc4c/resource/a7d8a01f-1fbc-41e1-85f0-f15ea16b2d27/download/6b3c63b0-f461-4e9c-a2c2-006f734c5b41.kml,2023-02-16,swd_vulnerable_kgis,"WARD_NAME=Hemmigepura; WARDNO=198; LocationName=BEML layout; KGISFVLID=22; ZONE=RR Nagar; coordinates=77.5127089997889,12.9110659996409 [OBJECTID 22]",12.91106599,77.51270899,,point,source_date is the OpenCity dataset creation date; the underlying BBMP list is 2020-21 vintage
Sector 6 lead off drains surrounding 5th and 9th main,"HSR Layout (ward 174), Bommanahalli zone","BBMP/KSRSAC Map of Locations Vulnerable to Flooding in Bengaluru (KML, OpenCity)",https://data.opencity.in/dataset/b03218ea-4b7c-4fa9-ab67-b9054d7ecc4c/resource/a7d8a01f-1fbc-41e1-85f0-f15ea16b2d27/download/6b3c63b0-f461-4e9c-a2c2-006f734c5b41.kml,2023-02-16,swd_vulnerable_kgis,"WARD_NAME=HSR Layout; WARDNO=174; LocationName=Sector 6 lead off drains surrounding 5th and 9th main; KGISFVLID=23; ZONE=Bommanahalli; coordinates=77.6324019996395,12.911655000009 [OBJECTID 23]",12.91165500,77.63240199,,point,source_date is the OpenCity dataset creation date; the underlying BBMP list is 2020-21 vintage
HSR layout 9th and 5th main,"HSR Layout (ward 174), Bommanahalli zone","BBMP/KSRSAC Map of Locations Vulnerable to Flooding in Bengaluru (KML, OpenCity)",https://data.opencity.in/dataset/b03218ea-4b7c-4fa9-ab67-b9054d7ecc4c/resource/a7d8a01f-1fbc-41e1-85f0-f15ea16b2d27/download/6b3c63b0-f461-4e9c-a2c2-006f734c5b41.kml,2023-02-16,swd_vulnerable_kgis,"WARD_NAME=HSR Layout; WARDNO=174; LocationName=HSR layout 9th and 5th main; KGISFVLID=24; ZONE=Bommanahalli; coordinates=77.6324019996395,12.911655000009 [OBJECTID 24]",12.91165500,77.63240199,,point,source_date is the OpenCity dataset creation date; the underlying BBMP list is 2020-21 vintage
Navodaya Layout,"Shakambari Nagar (ward 179), South zone","BBMP/KSRSAC Map of Locations Vulnerable to Flooding in Bengaluru (KML, OpenCity)",https://data.opencity.in/dataset/b03218ea-4b7c-4fa9-ab67-b9054d7ecc4c/resource/a7d8a01f-1fbc-41e1-85f0-f15ea16b2d27/download/6b3c63b0-f461-4e9c-a2c2-006f734c5b41.kml,2023-02-16,swd_vulnerable_kgis,"WARD_NAME=Shakambari Nagar; WARDNO=179; LocationName=Navodaya Layout; KGISFVLID=25; ZONE=South; coordinates=77.574917000122,12.9140560001083 [OBJECTID 25]",12.91405600,77.57491700,,point,source_date is the OpenCity dataset creation date; the underlying BBMP list is 2020-21 vintage
BTM layout,"BTM Layout (ward 176), South zone","BBMP/KSRSAC Map of Locations Vulnerable to Flooding in Bengaluru (KML, OpenCity)",https://data.opencity.in/dataset/b03218ea-4b7c-4fa9-ab67-b9054d7ecc4c/resource/a7d8a01f-1fbc-41e1-85f0-f15ea16b2d27/download/6b3c63b0-f461-4e9c-a2c2-006f734c5b41.kml,2023-02-16,swd_vulnerable_kgis,"WARD_NAME=BTM Layout; WARDNO=176; LocationName=BTM layout; KGISFVLID=26; ZONE=South; coordinates=77.6167499995868,12.9157499999453 [OBJECTID 26]",12.91574999,77.61674999,,point,source_date is the OpenCity dataset creation date; the underlying BBMP list is 2020-21 vintage
"Near Kapi Katte hotel, BEML Layout, 3rd Stage","Rajarajeshwari Nagar (ward 160), RR Nagar zone","BBMP/KSRSAC Map of Locations Vulnerable to Flooding in Bengaluru (KML, OpenCity)",https://data.opencity.in/dataset/b03218ea-4b7c-4fa9-ab67-b9054d7ecc4c/resource/a7d8a01f-1fbc-41e1-85f0-f15ea16b2d27/download/6b3c63b0-f461-4e9c-a2c2-006f734c5b41.kml,2023-02-16,swd_vulnerable_kgis,"WARD_NAME=Rajarajeshwari Nagar; WARDNO=160; LocationName=Near Kapi Katte hotel, BEML Layout, 3rd Stage; KGISFVLID=27; ZONE=RR Nagar; coordinates=77.5205070003507,12.9157930001939 [OBJECTID 27]",12.91579300,77.52050700,,point,source_date is the OpenCity dataset creation date; the underlying BBMP list is 2020-21 vintage
Shankarappa Layout to BEML gate,"Rajarajeshwari Nagar (ward 160), RR Nagar zone","BBMP/KSRSAC Map of Locations Vulnerable to Flooding in Bengaluru (KML, OpenCity)",https://data.opencity.in/dataset/b03218ea-4b7c-4fa9-ab67-b9054d7ecc4c/resource/a7d8a01f-1fbc-41e1-85f0-f15ea16b2d27/download/6b3c63b0-f461-4e9c-a2c2-006f734c5b41.kml,2023-02-16,swd_vulnerable_kgis,"WARD_NAME=Rajarajeshwari Nagar; WARDNO=160; LocationName=Shankarappa Layout to BEML gate; KGISFVLID=28; ZONE=RR Nagar; coordinates=77.5225559997874,12.9164060001552 [OBJECTID 28]",12.91640600,77.52255599,,point,source_date is the OpenCity dataset creation date; the underlying BBMP list is 2020-21 vintage
RR nagar BEML 5th stage near Kapi katte hotel,"Rajarajeshwari Nagar (ward 160), RR Nagar zone","BBMP/KSRSAC Map of Locations Vulnerable to Flooding in Bengaluru (KML, OpenCity)",https://data.opencity.in/dataset/b03218ea-4b7c-4fa9-ab67-b9054d7ecc4c/resource/a7d8a01f-1fbc-41e1-85f0-f15ea16b2d27/download/6b3c63b0-f461-4e9c-a2c2-006f734c5b41.kml,2023-02-16,swd_vulnerable_kgis,"WARD_NAME=Rajarajeshwari Nagar; WARDNO=160; LocationName=RR nagar BEML 5th stage near Kapi katte hotel; KGISFVLID=29; ZONE=RR Nagar; coordinates=77.5208829999744,12.9164329997018 [OBJECTID 29]",12.91643299,77.52088299,,point,source_date is the OpenCity dataset creation date; the underlying BBMP list is 2020-21 vintage
Hosur road Jayadeva flyover to Udupi Garden Signal,"JP Nagar (ward 177), South zone","BBMP/KSRSAC Map of Locations Vulnerable to Flooding in Bengaluru (KML, OpenCity)",https://data.opencity.in/dataset/b03218ea-4b7c-4fa9-ab67-b9054d7ecc4c/resource/a7d8a01f-1fbc-41e1-85f0-f15ea16b2d27/download/6b3c63b0-f461-4e9c-a2c2-006f734c5b41.kml,2023-02-16,swd_vulnerable_kgis,"WARD_NAME=JP Nagar; WARDNO=177; LocationName=Hosur road Jayadeva flyover to Udupi Garden Signal; KGISFVLID=30; ZONE=South; coordinates=77.599888999588,12.9164720003761 [OBJECTID 30]",12.91647200,77.59988899,,point,source_date is the OpenCity dataset creation date; the underlying BBMP list is 2020-21 vintage
Silk Board junction,"Bommanahalli (ward 175), South zone","BBMP/KSRSAC Map of Locations Vulnerable to Flooding in Bengaluru (KML, OpenCity)",https://data.opencity.in/dataset/b03218ea-4b7c-4fa9-ab67-b9054d7ecc4c/resource/a7d8a01f-1fbc-41e1-85f0-f15ea16b2d27/download/6b3c63b0-f461-4e9c-a2c2-006f734c5b41.kml,2023-02-16,swd_vulnerable_kgis,"WARD_NAME=Bommanahalli; WARDNO=175; LocationName=Silk Board junction; KGISFVLID=31; ZONE=South; coordinates=77.6227219995918,12.9171940003384 [OBJECTID 31]",12.91719400,77.62272199,,point,source_date is the OpenCity dataset creation date; the underlying BBMP list is 2020-21 vintage
Global Village Joining V Valley at Global Village Property,"Hemmigepura (ward 198), RR Nagar zone","BBMP/KSRSAC Map of Locations Vulnerable to Flooding in Bengaluru (KML, OpenCity)",https://data.opencity.in/dataset/b03218ea-4b7c-4fa9-ab67-b9054d7ecc4c/resource/a7d8a01f-1fbc-41e1-85f0-f15ea16b2d27/download/6b3c63b0-f461-4e9c-a2c2-006f734c5b41.kml,2023-02-16,swd_vulnerable_kgis,"WARD_NAME=Hemmigepura; WARDNO=198; LocationName=Global Village Joining V Valley at Global Village Property; KGISFVLID=32; ZONE=RR Nagar; coordinates=77.5019910002475,12.918066999854 [OBJECTID 32]",12.91806699,77.50199100,,point,source_date is the OpenCity dataset creation date; the underlying BBMP list is 2020-21 vintage
Silk Board,"Jakkasandra (ward 173), South zone","BBMP/KSRSAC Map of Locations Vulnerable to Flooding in Bengaluru (KML, OpenCity)",https://data.opencity.in/dataset/b03218ea-4b7c-4fa9-ab67-b9054d7ecc4c/resource/a7d8a01f-1fbc-41e1-85f0-f15ea16b2d27/download/6b3c63b0-f461-4e9c-a2c2-006f734c5b41.kml,2023-02-16,swd_vulnerable_kgis,"WARD_NAME=Jakkasandra; WARDNO=173; LocationName=Silk Board; KGISFVLID=33; ZONE=South; coordinates=77.6218890001268,12.9186389995745 [OBJECTID 33]",12.91863899,77.62188900,,point,source_date is the OpenCity dataset creation date; the underlying BBMP list is 2020-21 vintage
Gunjur,"Varthuru (ward 149), Mahadevapura zone","BBMP/KSRSAC Map of Locations Vulnerable to Flooding in Bengaluru (KML, OpenCity)",https://data.opencity.in/dataset/b03218ea-4b7c-4fa9-ab67-b9054d7ecc4c/resource/a7d8a01f-1fbc-41e1-85f0-f15ea16b2d27/download/6b3c63b0-f461-4e9c-a2c2-006f734c5b41.kml,2023-02-16,swd_vulnerable_kgis,"WARD_NAME=Varthuru; WARDNO=149; LocationName=Gunjur; KGISFVLID=34; ZONE=Mahadevapura; coordinates=77.7324980001139,12.9210900003641 [OBJECTID 34]",12.92109000,77.73249800,,point,source_date is the OpenCity dataset creation date; the underlying BBMP list is 2020-21 vintage
Bannerghatta road near Oakyard Apartment,"Jayanagar East (ward 170), South zone","BBMP/KSRSAC Map of Locations Vulnerable to Flooding in Bengaluru (KML, OpenCity)",https://data.opencity.in/dataset/b03218ea-4b7c-4fa9-ab67-b9054d7ecc4c/resource/a7d8a01f-1fbc-41e1-85f0-f15ea16b2d27/download/6b3c63b0-f461-4e9c-a2c2-006f734c5b41.kml,2023-02-16,swd_vulnerable_kgis,"WARD_NAME=Jayanagar East; WARDNO=170; LocationName=Bannerghatta road near Oakyard Apartment; KGISFVLID=35; ZONE=South; coordinates=77.5999439997024,12.9216939998662 [OBJECTID 35]",12.92169399,77.59994399,,point,source_date is the OpenCity dataset creation date; the underlying BBMP list is 2020-21 vintage
"Heorhalli, Mahadeshwara Nagara","Hemmigepura (ward 198), RR Nagar zone","BBMP/KSRSAC Map of Locations Vulnerable to Flooding in Bengaluru (KML, OpenCity)",https://data.opencity.in/dataset/b03218ea-4b7c-4fa9-ab67-b9054d7ecc4c/resource/a7d8a01f-1fbc-41e1-85f0-f15ea16b2d27/download/6b3c63b0-f461-4e9c-a2c2-006f734c5b41.kml,2023-02-16,swd_vulnerable_kgis,"WARD_NAME=Hemmigepura; WARDNO=198; LocationName=Heorhalli, Mahadeshwara Nagara; KGISFVLID=36; ZONE=RR Nagar; coordinates=77.5114800003827,12.9222039999469 [OBJECTID 36]",12.92220399,77.51148000,,point,source_date is the OpenCity dataset creation date; the underlying BBMP list is 2020-21 vintage
Basaveshwara Circle BEML 3rd stage,"Rajarajeshwari Nagar (ward 160), RR Nagar zone","BBMP/KSRSAC Map of Locations Vulnerable to Flooding in Bengaluru (KML, OpenCity)",https://data.opencity.in/dataset/b03218ea-4b7c-4fa9-ab67-b9054d7ecc4c/resource/a7d8a01f-1fbc-41e1-85f0-f15ea16b2d27/download/6b3c63b0-f461-4e9c-a2c2-006f734c5b41.kml,2023-02-16,swd_vulnerable_kgis,"WARD_NAME=Rajarajeshwari Nagar; WARDNO=160; LocationName=Basaveshwara Circle BEML 3rd stage; KGISFVLID=37; ZONE=RR Nagar; coordinates=77.5185219998343,12.9228170001818 [OBJECTID 37]",12.92281700,77.51852199,,point,source_date is the OpenCity dataset creation date; the underlying BBMP list is 2020-21 vintage
Gurappanapalya Banneragatta main road,"Gurappanapalya (ward 171), South zone","BBMP/KSRSAC Map of Locations Vulnerable to Flooding in Bengaluru (KML, OpenCity)",https://data.opencity.in/dataset/b03218ea-4b7c-4fa9-ab67-b9054d7ecc4c/resource/a7d8a01f-1fbc-41e1-85f0-f15ea16b2d27/download/6b3c63b0-f461-4e9c-a2c2-006f734c5b41.kml,2023-02-16,swd_vulnerable_kgis,"WARD_NAME=Gurappanapalya; WARDNO=171; LocationName=Gurappanapalya Banneragatta main road; KGISFVLID=38; ZONE=South; coordinates=77.6004439997076,12.9230000002928 [OBJECTID 38]",12.92300000,77.60044399,,point,source_date is the OpenCity dataset creation date; the underlying BBMP list is 2020-21 vintage
Gurudutta Layout to Sapthagiri Layout,"Rajarajeshwari Nagar (ward 160), RR Nagar zone","BBMP/KSRSAC Map of Locations Vulnerable to Flooding in Bengaluru (KML, OpenCity)",https://data.opencity.in/dataset/b03218ea-4b7c-4fa9-ab67-b9054d7ecc4c/resource/a7d8a01f-1fbc-41e1-85f0-f15ea16b2d27/download/6b3c63b0-f461-4e9c-a2c2-006f734c5b41.kml,2023-02-16,swd_vulnerable_kgis,"WARD_NAME=Rajarajeshwari Nagar; WARDNO=160; LocationName=Gurudutta Layout to Sapthagiri Layout; KGISFVLID=39; ZONE=RR Nagar; coordinates=77.5389369996774,12.9232390000653 [OBJECTID 39]",12.92323900,77.53893699,,point,source_date is the OpenCity dataset creation date; the underlying BBMP list is 2020-21 vintage
Pattanagere main road beside RV college,"Hemmigepura (ward 198), RR Nagar zone","BBMP/KSRSAC Map of Locations Vulnerable to Flooding in Bengaluru (KML, OpenCity)",https://data.opencity.in/dataset/b03218ea-4b7c-4fa9-ab67-b9054d7ecc4c/resource/a7d8a01f-1fbc-41e1-85f0-f15ea16b2d27/download/6b3c63b0-f461-4e9c-a2c2-006f734c5b41.kml,2023-02-16,swd_vulnerable_kgis,"WARD_NAME=Hemmigepura; WARDNO=198; LocationName=Pattanagere main road beside RV college; KGISFVLID=40; ZONE=RR Nagar; coordinates=77.5050029996364,12.9234149999601 [OBJECTID 40]",12.92341499,77.50500299,,point,source_date is the OpenCity dataset creation date; the underlying BBMP list is 2020-21 vintage
"Near Dattarthraya Temple, Hosakerehalli","Hosakerehalli (ward 161), South zone","BBMP/KSRSAC Map of Locations Vulnerable to Flooding in Bengaluru (KML, OpenCity)",https://data.opencity.in/dataset/b03218ea-4b7c-4fa9-ab67-b9054d7ecc4c/resource/a7d8a01f-1fbc-41e1-85f0-f15ea16b2d27/download/6b3c63b0-f461-4e9c-a2c2-006f734c5b41.kml,2023-02-16,swd_vulnerable_kgis,"WARD_NAME=Hosakerehalli; WARDNO=161; LocationName=Near Dattarthraya Temple, Hosakerehalli; KGISFVLID=41; ZONE=South; coordinates=77.5391330000573,12.9246960001373 [OBJECTID 41]",12.92469600,77.53913300,,point,source_date is the OpenCity dataset creation date; the underlying BBMP list is 2020-21 vintage
Halagevadeyarahalli lake to Kenchenahalli  lake,"Rajarajeshwari Nagar (ward 160), RR Nagar zone","BBMP/KSRSAC Map of Locations Vulnerable to Flooding in Bengaluru (KML, OpenCity)",https://data.opencity.in/dataset/b03218ea-4b7c-4fa9-ab67-b9054d7ecc4c/resource/a7d8a01f-1fbc-41e1-85f0-f15ea16b2d27/download/6b3c63b0-f461-4e9c-a2c2-006f734c5b41.kml,2023-02-16,swd_vulnerable_kgis,"WARD_NAME=Rajarajeshwari Nagar; WARDNO=160; LocationName=Halagevadeyarahalli lake to Kenchenahalli  lake; KGISFVLID=42; ZONE=RR Nagar; coordinates=77.5215560001489,12.9248170004001 [OBJECTID 42]",12.92481700,77.52155600,,point,source_date is the OpenCity dataset creation date; the underlying BBMP list is 2020-21 vintage
Tavarekere Main road,"Madivala (ward 172), South zone","BBMP/KSRSAC Map of Locations Vulnerable to Flooding in Bengaluru (KML, OpenCity)",https://data.opencity.in/dataset/b03218ea-4b7c-4fa9-ab67-b9054d7ecc4c/resource/a7d8a01f-1fbc-41e1-85f0-f15ea16b2d27/download/6b3c63b0-f461-4e9c-a2c2-006f734c5b41.kml,2023-02-16,swd_vulnerable_kgis,"WARD_NAME=Madivala; WARDNO=172; LocationName=Tavarekere Main road; KGISFVLID=43; ZONE=South; coordinates=77.6090279999762,12.9249439996397 [OBJECTID 43]",12.92494399,77.60902799,,point,source_date is the OpenCity dataset creation date; the underlying BBMP list is 2020-21 vintage
Bellandur,"Bellandur (ward 150), Mahadevapura zone","BBMP/KSRSAC Map of Locations Vulnerable to Flooding in Bengaluru (KML, OpenCity)",https://data.opencity.in/dataset/b03218ea-4b7c-4fa9-ab67-b9054d7ecc4c/resource/a7d8a01f-1fbc-41e1-85f0-f15ea16b2d27/download/6b3c63b0-f461-4e9c-a2c2-006f734c5b41.kml,2023-02-16,swd_vulnerable_kgis,"WARD_NAME=Bellandur; WARDNO=150; LocationName=Bellandur; KGISFVLID=44; ZONE=Mahadevapura; coordinates=77.6781159995721,12.926463999968 [OBJECTID 44]",12.92646399,77.67811599,,point,source_date is the OpenCity dataset creation date; the underlying BBMP list is 2020-21 vintage
"Jawaregowdana Doddi, Bangarappa Nagara","Rajarajeshwari Nagar (ward 160), RR Nagar zone","BBMP/KSRSAC Map of Locations Vulnerable to Flooding in Bengaluru (KML, OpenCity)",https://data.opencity.in/dataset/b03218ea-4b7c-4fa9-ab67-b9054d7ecc4c/resource/a7d8a01f-1fbc-41e1-85f0-f15ea16b2d27/download/6b3c63b0-f461-4e9c-a2c2-006f734c5b41.kml,2023-02-16,swd_vulnerable_kgis,"WARD_NAME=Rajarajeshwari Nagar; WARDNO=160; LocationName=Jawaregowdana Doddi, Bangarappa Nagara; KGISFVLID=45; ZONE=RR Nagar; coordinates=77.5203309995722,12.9285690002317 [OBJECTID 45]",12.92856900,77.52033099,,point,source_date is the OpenCity dataset creation date; the underlying BBMP list is 2020-21 vintage
Sarjapura road,"Varthuru (ward 149), Mahadevapura zone","BBMP/KSRSAC Map of Locations Vulnerable to Flooding in Bengaluru (KML, OpenCity)",https://data.opencity.in/dataset/b03218ea-4b7c-4fa9-ab67-b9054d7ecc4c/resource/a7d8a01f-1fbc-41e1-85f0-f15ea16b2d27/download/6b3c63b0-f461-4e9c-a2c2-006f734c5b41.kml,2023-02-16,swd_vulnerable_kgis,"WARD_NAME=Varthuru; WARDNO=149; LocationName=Sarjapura road; KGISFVLID=46; ZONE=Mahadevapura; coordinates=77.7179079998361,12.9287960003197 [OBJECTID 46]",12.92879600,77.71790799,,point,source_date is the OpenCity dataset creation date; the underlying BBMP list is 2020-21 vintage
Bannerghatta Road near spar super market,"Suddgunte Palya (ward 152), South zone","BBMP/KSRSAC Map of Locations Vulnerable to Flooding in Bengaluru (KML, OpenCity)",https://data.opencity.in/dataset/b03218ea-4b7c-4fa9-ab67-b9054d7ecc4c/resource/a7d8a01f-1fbc-41e1-85f0-f15ea16b2d27/download/6b3c63b0-f461-4e9c-a2c2-006f734c5b41.kml,2023-02-16,swd_vulnerable_kgis,"WARD_NAME=Suddgunte Palya; WARDNO=152; LocationName=Bannerghatta Road near spar super market; KGISFVLID=47; ZONE=South; coordinates=77.6010279998388,12.9302500000676 [OBJECTID 47]",12.93025000,77.60102799,,point,source_date is the OpenCity dataset creation date; the underlying BBMP list is 2020-21 vintage
Near DIAT college,"Rajarajeshwari Nagar (ward 160), RR Nagar zone","BBMP/KSRSAC Map of Locations Vulnerable to Flooding in Bengaluru (KML, OpenCity)",https://data.opencity.in/dataset/b03218ea-4b7c-4fa9-ab67-b9054d7ecc4c/resource/a7d8a01f-1fbc-41e1-85f0-f15ea16b2d27/download/6b3c63b0-f461-4e9c-a2c2-006f734c5b41.kml,2023-02-16,swd_vulnerable_kgis,"WARD_NAME=Rajarajeshwari Nagar; WARDNO=160; LocationName=Near DIAT college; KGISFVLID=48; ZONE=RR Nagar; coordinates=77.5129919999065,12.9315919998495 [OBJECTID 48]",12.93159199,77.51299199,,point,source_date is the OpenCity dataset creation date; the underlying BBMP list is 2020-21 vintage
Gulbarga Calony RBI extension,"Jayanagar (ward 153), South zone","BBMP/KSRSAC Map of Locations Vulnerable to Flooding in Bengaluru (KML, OpenCity)",https://data.opencity.in/dataset/b03218ea-4b7c-4fa9-ab67-b9054d7ecc4c/resource/a7d8a01f-1fbc-41e1-85f0-f15ea16b2d27/download/6b3c63b0-f461-4e9c-a2c2-006f734c5b41.kml,2023-02-16,swd_vulnerable_kgis,"WARD_NAME=Jayanagar; WARDNO=153; LocationName=Gulbarga Calony RBI extension; KGISFVLID=49; ZONE=South; coordinates=77.5939170002161,12.9319170000067 [OBJECTID 49]",12.93191700,77.59391700,,point,source_date is the OpenCity dataset creation date; the underlying BBMP list is 2020-21 vintage
"Hosakerehalli, near D'souza Nagara","Hosakerehalli (ward 161), South zone","BBMP/KSRSAC Map of Locations Vulnerable to Flooding in Bengaluru (KML, OpenCity)",https://data.opencity.in/dataset/b03218ea-4b7c-4fa9-ab67-b9054d7ecc4c/resource/a7d8a01f-1fbc-41e1-85f0-f15ea16b2d27/download/6b3c63b0-f461-4e9c-a2c2-006f734c5b41.kml,2023-02-16,swd_vulnerable_kgis,"WARD_NAME=Hosakerehalli; WARDNO=161; LocationName=Hosakerehalli, near D'souza Nagara; KGISFVLID=50; ZONE=South; coordinates=77.5353230002493,12.9320229995686 [OBJECTID 50]",12.93202299,77.53532300,,point,source_date is the OpenCity dataset creation date; the underlying BBMP list is 2020-21 vintage
Ideal Homes beside Akkamahadevi choultry,"Rajarajeshwari Nagar (ward 160), RR Nagar zone","BBMP/KSRSAC Map of Locations Vulnerable to Flooding in Bengaluru (KML, OpenCity)",https://data.opencity.in/dataset/b03218ea-4b7c-4fa9-ab67-b9054d7ecc4c/resource/a7d8a01f-1fbc-41e1-85f0-f15ea16b2d27/download/6b3c63b0-f461-4e9c-a2c2-006f734c5b41.kml,2023-02-16,swd_vulnerable_kgis,"WARD_NAME=Rajarajeshwari Nagar; WARDNO=160; LocationName=Ideal Homes beside Akkamahadevi choultry; KGISFVLID=51; ZONE=RR Nagar; coordinates=77.5168580003841,12.9327910000653 [OBJECTID 51]",12.93279100,77.51685800,,point,source_date is the OpenCity dataset creation date; the underlying BBMP list is 2020-21 vintage
Byrasandara Fire station,"Byrasandra (ward 169), South zone","BBMP/KSRSAC Map of Locations Vulnerable to Flooding in Bengaluru (KML, OpenCity)",https://data.opencity.in/dataset/b03218ea-4b7c-4fa9-ab67-b9054d7ecc4c/resource/a7d8a01f-1fbc-41e1-85f0-f15ea16b2d27/download/6b3c63b0-f461-4e9c-a2c2-006f734c5b41.kml,2023-02-16,swd_vulnerable_kgis,"WARD_NAME=Byrasandra; WARDNO=169; LocationName=Byrasandara Fire station; KGISFVLID=52; ZONE=South; coordinates=77.5889720000425,12.9329440004321 [OBJECTID 52]",12.93294400,77.58897200,,point,source_date is the OpenCity dataset creation date; the underlying BBMP list is 2020-21 vintage
Koramangala 4 th block,"Ejipura (ward 148), South zone","BBMP/KSRSAC Map of Locations Vulnerable to Flooding in Bengaluru (KML, OpenCity)",https://data.opencity.in/dataset/b03218ea-4b7c-4fa9-ab67-b9054d7ecc4c/resource/a7d8a01f-1fbc-41e1-85f0-f15ea16b2d27/download/6b3c63b0-f461-4e9c-a2c2-006f734c5b41.kml,2023-02-16,swd_vulnerable_kgis,"WARD_NAME=Ejipura; WARDNO=148; LocationName=Koramangala 4 th block; KGISFVLID=53; ZONE=South; coordinates=77.6303889996797,12.9338059995997 [OBJECTID 53]",12.93380599,77.63038899,,point,source_date is the OpenCity dataset creation date; the underlying BBMP list is 2020-21 vintage
ST Bed Koramangala,"Ejipura (ward 148), South zone","BBMP/KSRSAC Map of Locations Vulnerable to Flooding in Bengaluru (KML, OpenCity)",https://data.opencity.in/dataset/b03218ea-4b7c-4fa9-ab67-b9054d7ecc4c/resource/a7d8a01f-1fbc-41e1-85f0-f15ea16b2d27/download/6b3c63b0-f461-4e9c-a2c2-006f734c5b41.kml,2023-02-16,swd_vulnerable_kgis,"WARD_NAME=Ejipura; WARDNO=148; LocationName=ST Bed Koramangala; KGISFVLID=54; ZONE=South; coordinates=77.6301390003163,12.9347220002171 [OBJECTID 54]",12.93472200,77.63013900,,point,source_date is the OpenCity dataset creation date; the underlying BBMP list is 2020-21 vintage
Panathur,"Varthuru (ward 149), Mahadevapura zone","BBMP/KSRSAC Map of Locations Vulnerable to Flooding in Bengaluru (KML, OpenCity)",https://data.opencity.in/dataset/b03218ea-4b7c-4fa9-ab67-b9054d7ecc4c/resource/a7d8a01f-1fbc-41e1-85f0-f15ea16b2d27/download/6b3c63b0-f461-4e9c-a2c2-006f734c5b41.kml,2023-02-16,swd_vulnerable_kgis,"WARD_NAME=Varthuru; WARDNO=149; LocationName=Panathur; KGISFVLID=55; ZONE=Mahadevapura; coordinates=77.7050130001721,12.9363549996158 [OBJECTID 55]",12.93635499,77.70501300,,point,source_date is the OpenCity dataset creation date; the underlying BBMP list is 2020-21 vintage
Sony Signal to Maharaja signal in Koramangala,"Koramangala (ward 151), South zone","BBMP/KSRSAC Map of Locations Vulnerable to Flooding in Bengaluru (KML, OpenCity)",https://data.opencity.in/dataset/b03218ea-4b7c-4fa9-ab67-b9054d7ecc4c/resource/a7d8a01f-1fbc-41e1-85f0-f15ea16b2d27/download/6b3c63b0-f461-4e9c-a2c2-006f734c5b41.kml,2023-02-16,swd_vulnerable_kgis,"WARD_NAME=Koramangala; WARDNO=151; LocationName=Sony Signal to Maharaja signal in Koramangala; KGISFVLID=56; ZONE=South; coordinates=77.6264169996428,12.9368889998067 [OBJECTID 56]",12.93688899,77.62641699,,point,source_date is the OpenCity dataset creation date; the underlying BBMP list is 2020-21 vintage
Varthur police station,"Varthuru (ward 149), Mahadevapura zone","BBMP/KSRSAC Map of Locations Vulnerable to Flooding in Bengaluru (KML, OpenCity)",https://data.opencity.in/dataset/b03218ea-4b7c-4fa9-ab67-b9054d7ecc4c/resource/a7d8a01f-1fbc-41e1-85f0-f15ea16b2d27/download/6b3c63b0-f461-4e9c-a2c2-006f734c5b41.kml,2023-02-16,swd_vulnerable_kgis,"WARD_NAME=Varthuru; WARDNO=149; LocationName=Varthur police station; KGISFVLID=57; ZONE=Mahadevapura; coordinates=77.7468440000649,12.9380780003797 [OBJECTID 57]",12.93807800,77.74684400,,point,source_date is the OpenCity dataset creation date; the underlying BBMP list is 2020-21 vintage
Ejipura Ashwini layout,"Ejipura (ward 148), South zone","BBMP/KSRSAC Map of Locations Vulnerable to Flooding in Bengaluru (KML, OpenCity)",https://data.opencity.in/dataset/b03218ea-4b7c-4fa9-ab67-b9054d7ecc4c/resource/a7d8a01f-1fbc-41e1-85f0-f15ea16b2d27/download/6b3c63b0-f461-4e9c-a2c2-006f734c5b41.kml,2023-02-16,swd_vulnerable_kgis,"WARD_NAME=Ejipura; WARDNO=148; LocationName=Ejipura Ashwini layout; KGISFVLID=58; ZONE=South; coordinates=77.6287500002291,12.9386389997591 [OBJECTID 58]",12.93863899,77.62875000,,point,source_date is the OpenCity dataset creation date; the underlying BBMP list is 2020-21 vintage
Balagere,"Varthuru (ward 149), Mahadevapura zone","BBMP/KSRSAC Map of Locations Vulnerable to Flooding in Bengaluru (KML, OpenCity)",https://data.opencity.in/dataset/b03218ea-4b7c-4fa9-ab67-b9054d7ecc4c/resource/a7d8a01f-1fbc-41e1-85f0-f15ea16b2d27/download/6b3c63b0-f461-4e9c-a2c2-006f734c5b41.kml,2023-02-16,swd_vulnerable_kgis,"WARD_NAME=Varthuru; WARDNO=149; LocationName=Balagere; KGISFVLID=59; ZONE=Mahadevapura; coordinates=77.7231780003678,12.9389319999565 [OBJECTID 59]",12.93893199,77.72317800,,point,source_date is the OpenCity dataset creation date; the underlying BBMP list is 2020-21 vintage
Sonnenahalli Bridge Upstream  Gollarahatti,"Ullalu (ward 130), RR Nagar zone","BBMP/KSRSAC Map of Locations Vulnerable to Flooding in Bengaluru (KML, OpenCity)",https://data.opencity.in/dataset/b03218ea-4b7c-4fa9-ab67-b9054d7ecc4c/resource/a7d8a01f-1fbc-41e1-85f0-f15ea16b2d27/download/6b3c63b0-f461-4e9c-a2c2-006f734c5b41.kml,2023-02-16,swd_vulnerable_kgis,"WARD_NAME=Ullalu; WARDNO=130; LocationName=Sonnenahalli Bridge Upstream  Gollarahatti; KGISFVLID=60; ZONE=RR Nagar; coordinates=77.4829419999122,12.9420450004498 [OBJECTID 60]",12.94204500,77.48294199,,point,source_date is the OpenCity dataset creation date; the underlying BBMP list is 2020-21 vintage
RV Teachers College,"Jayanagar (ward 153), South zone","BBMP/KSRSAC Map of Locations Vulnerable to Flooding in Bengaluru (KML, OpenCity)",https://data.opencity.in/dataset/b03218ea-4b7c-4fa9-ab67-b9054d7ecc4c/resource/a7d8a01f-1fbc-41e1-85f0-f15ea16b2d27/download/6b3c63b0-f461-4e9c-a2c2-006f734c5b41.kml,2023-02-16,swd_vulnerable_kgis,"WARD_NAME=Jayanagar; WARDNO=153; LocationName=RV Teachers College; KGISFVLID=61; ZONE=South; coordinates=77.5814719998392,12.943583000005 [OBJECTID 61]",12.94358300,77.58147199,,point,source_date is the OpenCity dataset creation date; the underlying BBMP list is 2020-21 vintage
Nayandahalli and near Railway track,"Nayandahalli (ward 131), West zone","BBMP/KSRSAC Map of Locations Vulnerable to Flooding in Bengaluru (KML, OpenCity)",https://data.opencity.in/dataset/b03218ea-4b7c-4fa9-ab67-b9054d7ecc4c/resource/a7d8a01f-1fbc-41e1-85f0-f15ea16b2d27/download/6b3c63b0-f461-4e9c-a2c2-006f734c5b41.kml,2023-02-16,swd_vulnerable_kgis,"WARD_NAME=Nayandahalli; WARDNO=131; LocationName=Nayandahalli and near Railway track; KGISFVLID=62; ZONE=West; coordinates=77.525586000155,12.944652999721 [OBJECTID 62]",12.94465299,77.52558600,,point,source_date is the OpenCity dataset creation date; the underlying BBMP list is 2020-21 vintage
Ranganatha Colony,"Deepanjali Nagar (ward 158), South zone","BBMP/KSRSAC Map of Locations Vulnerable to Flooding in Bengaluru (KML, OpenCity)",https://data.opencity.in/dataset/b03218ea-4b7c-4fa9-ab67-b9054d7ecc4c/resource/a7d8a01f-1fbc-41e1-85f0-f15ea16b2d27/download/6b3c63b0-f461-4e9c-a2c2-006f734c5b41.kml,2023-02-16,swd_vulnerable_kgis,"WARD_NAME=Deepanjali Nagar; WARDNO=158; LocationName=Ranganatha Colony; KGISFVLID=63; ZONE=South; coordinates=77.5350700000603,12.9453019997598 [OBJECTID 63]",12.94530199,77.53507000,,point,source_date is the OpenCity dataset creation date; the underlying BBMP list is 2020-21 vintage
"Nayandahalli Junction, Mysore road","Deepanjali Nagar (ward 158), South zone","BBMP/KSRSAC Map of Locations Vulnerable to Flooding in Bengaluru (KML, OpenCity)",https://data.opencity.in/dataset/b03218ea-4b7c-4fa9-ab67-b9054d7ecc4c/resource/a7d8a01f-1fbc-41e1-85f0-f15ea16b2d27/download/6b3c63b0-f461-4e9c-a2c2-006f734c5b41.kml,2023-02-16,swd_vulnerable_kgis,"WARD_NAME=Deepanjali Nagar; WARDNO=158; LocationName=Nayandahalli Junction, Mysore road; KGISFVLID=64; ZONE=South; coordinates=77.5289369997109,12.9454799999144 [OBJECTID 64]",12.94547999,77.52893699,,point,source_date is the OpenCity dataset creation date; the underlying BBMP list is 2020-21 vintage
Siddpapura gate,"Siddapura (ward 144), South zone","BBMP/KSRSAC Map of Locations Vulnerable to Flooding in Bengaluru (KML, OpenCity)",https://data.opencity.in/dataset/b03218ea-4b7c-4fa9-ab67-b9054d7ecc4c/resource/a7d8a01f-1fbc-41e1-85f0-f15ea16b2d27/download/6b3c63b0-f461-4e9c-a2c2-006f734c5b41.kml,2023-02-16,swd_vulnerable_kgis,"WARD_NAME=Siddapura; WARDNO=144; LocationName=Siddpapura gate; KGISFVLID=65; ZONE=South; coordinates=77.5896389996749,12.9463060000123 [OBJECTID 65]",12.94630600,77.58963899,,point,source_date is the OpenCity dataset creation date; the underlying BBMP list is 2020-21 vintage
Kempegowda Nagar,"Hanumanth Nagar (ward 155), South zone","BBMP/KSRSAC Map of Locations Vulnerable to Flooding in Bengaluru (KML, OpenCity)",https://data.opencity.in/dataset/b03218ea-4b7c-4fa9-ab67-b9054d7ecc4c/resource/a7d8a01f-1fbc-41e1-85f0-f15ea16b2d27/download/6b3c63b0-f461-4e9c-a2c2-006f734c5b41.kml,2023-02-16,swd_vulnerable_kgis,"WARD_NAME=Hanumanth Nagar; WARDNO=155; LocationName=Kempegowda Nagar; KGISFVLID=66; ZONE=South; coordinates=77.5633780004369,12.9472350000525 [OBJECTID 66]",12.94723500,77.56337800,,point,source_date is the OpenCity dataset creation date; the underlying BBMP list is 2020-21 vintage
Anjanappa Layout to Kempegowda Nagara,"Hanumanth Nagar (ward 155), South zone","BBMP/KSRSAC Map of Locations Vulnerable to Flooding in Bengaluru (KML, OpenCity)",https://data.opencity.in/dataset/b03218ea-4b7c-4fa9-ab67-b9054d7ecc4c/resource/a7d8a01f-1fbc-41e1-85f0-f15ea16b2d27/download/6b3c63b0-f461-4e9c-a2c2-006f734c5b41.kml,2023-02-16,swd_vulnerable_kgis,"WARD_NAME=Hanumanth Nagar; WARDNO=155; LocationName=Anjanappa Layout to Kempegowda Nagara; KGISFVLID=67; ZONE=South; coordinates=77.5633749999135,12.9473279997002 [OBJECTID 67]",12.94732799,77.56337499,,point,source_date is the OpenCity dataset creation date; the underlying BBMP list is 2020-21 vintage
Rajendra Nagar slum opp KPWD quarters,"Nilasandra (ward 116), South zone","BBMP/KSRSAC Map of Locations Vulnerable to Flooding in Bengaluru (KML, OpenCity)",https://data.opencity.in/dataset/b03218ea-4b7c-4fa9-ab67-b9054d7ecc4c/resource/a7d8a01f-1fbc-41e1-85f0-f15ea16b2d27/download/6b3c63b0-f461-4e9c-a2c2-006f734c5b41.kml,2023-02-16,swd_vulnerable_kgis,"WARD_NAME=Nilasandra; WARDNO=116; LocationName=Rajendra Nagar slum opp KPWD quarters; KGISFVLID=68; ZONE=South; coordinates=77.6191940003729,12.9478609998277 [OBJECTID 68]",12.94786099,77.61919400,,point,source_date is the OpenCity dataset creation date; the underlying BBMP list is 2020-21 vintage
Vinayaka layout,"Ullalu (ward 130), RR Nagar zone","BBMP/KSRSAC Map of Locations Vulnerable to Flooding in Bengaluru (KML, OpenCity)",https://data.opencity.in/dataset/b03218ea-4b7c-4fa9-ab67-b9054d7ecc4c/resource/a7d8a01f-1fbc-41e1-85f0-f15ea16b2d27/download/6b3c63b0-f461-4e9c-a2c2-006f734c5b41.kml,2023-02-16,swd_vulnerable_kgis,"WARD_NAME=Ullalu; WARDNO=130; LocationName=Vinayaka layout; KGISFVLID=69; ZONE=RR Nagar; coordinates=77.4876939998255,12.9495949995645 [OBJECTID 69]",12.94959499,77.48769399,,point,source_date is the OpenCity dataset creation date; the underlying BBMP list is 2020-21 vintage
S G R Dental college,"Bellandur (ward 150), Mahadevapura zone","BBMP/KSRSAC Map of Locations Vulnerable to Flooding in Bengaluru (KML, OpenCity)",https://data.opencity.in/dataset/b03218ea-4b7c-4fa9-ab67-b9054d7ecc4c/resource/a7d8a01f-1fbc-41e1-85f0-f15ea16b2d27/download/6b3c63b0-f461-4e9c-a2c2-006f734c5b41.kml,2023-02-16,swd_vulnerable_kgis,"WARD_NAME=Bellandur; WARDNO=150; LocationName=S G R Dental college; KGISFVLID=70; ZONE=Mahadevapura; coordinates=77.7006789995642,12.9499429997715 [OBJECTID 70]",12.94994299,77.70067899,,point,source_date is the OpenCity dataset creation date; the underlying BBMP list is 2020-21 vintage
Ejipura opp army land,"Vannarpet (ward 115), East zone","BBMP/KSRSAC Map of Locations Vulnerable to Flooding in Bengaluru (KML, OpenCity)",https://data.opencity.in/dataset/b03218ea-4b7c-4fa9-ab67-b9054d7ecc4c/resource/a7d8a01f-1fbc-41e1-85f0-f15ea16b2d27/download/6b3c63b0-f461-4e9c-a2c2-006f734c5b41.kml,2023-02-16,swd_vulnerable_kgis,"WARD_NAME=Vannarpet; WARDNO=115; LocationName=Ejipura opp army land; KGISFVLID=71; ZONE=East; coordinates=77.6258889999632,12.9503890003974 [OBJECTID 71]",12.95038900,77.62588899,,point,source_date is the OpenCity dataset creation date; the underlying BBMP list is 2020-21 vintage
Kavika Bridge to Nice road bridge,"Gali Anjanaya Temple (ward 157), South zone","BBMP/KSRSAC Map of Locations Vulnerable to Flooding in Bengaluru (KML, OpenCity)",https://data.opencity.in/dataset/b03218ea-4b7c-4fa9-ab67-b9054d7ecc4c/resource/a7d8a01f-1fbc-41e1-85f0-f15ea16b2d27/download/6b3c63b0-f461-4e9c-a2c2-006f734c5b41.kml,2023-02-16,swd_vulnerable_kgis,"WARD_NAME=Gali Anjanaya Temple; WARDNO=157; LocationName=Kavika Bridge to Nice road bridge; KGISFVLID=72; ZONE=South; coordinates=77.538597000007,12.9505679997939 [OBJECTID 72]",12.95056799,77.53859700,,point,source_date is the OpenCity dataset creation date; the underlying BBMP list is 2020-21 vintage
Anepalya junction,"Shanthi Nagar (ward 117), East zone","BBMP/KSRSAC Map of Locations Vulnerable to Flooding in Bengaluru (KML, OpenCity)",https://data.opencity.in/dataset/b03218ea-4b7c-4fa9-ab67-b9054d7ecc4c/resource/a7d8a01f-1fbc-41e1-85f0-f15ea16b2d27/download/6b3c63b0-f461-4e9c-a2c2-006f734c5b41.kml,2023-02-16,swd_vulnerable_kgis,"WARD_NAME=Shanthi Nagar; WARDNO=117; LocationName=Anepalya junction; KGISFVLID=73; ZONE=East; coordinates=77.6056110001208,12.9509999995556 [OBJECTID 73]",12.95099999,77.60561100,,point,source_date is the OpenCity dataset creation date; the underlying BBMP list is 2020-21 vintage
JK Pura,"Shanthi Nagar (ward 117), East zone","BBMP/KSRSAC Map of Locations Vulnerable to Flooding in Bengaluru (KML, OpenCity)",https://data.opencity.in/dataset/b03218ea-4b7c-4fa9-ab67-b9054d7ecc4c/resource/a7d8a01f-1fbc-41e1-85f0-f15ea16b2d27/download/6b3c63b0-f461-4e9c-a2c2-006f734c5b41.kml,2023-02-16,swd_vulnerable_kgis,"WARD_NAME=Shanthi Nagar; WARDNO=117; LocationName=JK Pura; KGISFVLID=74; ZONE=East; coordinates=77.5989999996095,12.9511669997171 [OBJECTID 74]",12.95116699,77.59899999,,point,source_date is the OpenCity dataset creation date; the underlying BBMP list is 2020-21 vintage
Anepalya Gajendranagar SWD surroundings,"Shanthi Nagar (ward 117), East zone","BBMP/KSRSAC Map of Locations Vulnerable to Flooding in Bengaluru (KML, OpenCity)",https://data.opencity.in/dataset/b03218ea-4b7c-4fa9-ab67-b9054d7ecc4c/resource/a7d8a01f-1fbc-41e1-85f0-f15ea16b2d27/download/6b3c63b0-f461-4e9c-a2c2-006f734c5b41.kml,2023-02-16,swd_vulnerable_kgis,"WARD_NAME=Shanthi Nagar; WARDNO=117; LocationName=Anepalya Gajendranagar SWD surroundings; KGISFVLID=75; ZONE=East; coordinates=77.6059440001871,12.951944000318 [OBJECTID 75]",12.95194400,77.60594400,,point,source_date is the OpenCity dataset creation date; the underlying BBMP list is 2020-21 vintage
Wilson garden PWD quarters,"Shanthi Nagar (ward 117), East zone","BBMP/KSRSAC Map of Locations Vulnerable to Flooding in Bengaluru (KML, OpenCity)",https://data.opencity.in/dataset/b03218ea-4b7c-4fa9-ab67-b9054d7ecc4c/resource/a7d8a01f-1fbc-41e1-85f0-f15ea16b2d27/download/6b3c63b0-f461-4e9c-a2c2-006f734c5b41.kml,2023-02-16,swd_vulnerable_kgis,"WARD_NAME=Shanthi Nagar; WARDNO=117; LocationName=Wilson garden PWD quarters; KGISFVLID=76; ZONE=East; coordinates=77.5968330003742,12.9529720003271 [OBJECTID 76]",12.95297200,77.59683300,,point,source_date is the OpenCity dataset creation date; the underlying BBMP list is 2020-21 vintage
"Sri Galianjaneya  swamy temple, Mysore road","Hampinagar (ward 133), South zone","BBMP/KSRSAC Map of Locations Vulnerable to Flooding in Bengaluru (KML, OpenCity)",https://data.opencity.in/dataset/b03218ea-4b7c-4fa9-ab67-b9054d7ecc4c/resource/a7d8a01f-1fbc-41e1-85f0-f15ea16b2d27/download/6b3c63b0-f461-4e9c-a2c2-006f734c5b41.kml,2023-02-16,swd_vulnerable_kgis,"WARD_NAME=Hampinagar; WARDNO=133; LocationName=Sri Galianjaneya  swamy temple, Mysore road; KGISFVLID=77; ZONE=South; coordinates=77.5412530000206,12.9530350001226 [OBJECTID 77]",12.95303500,77.54125300,,point,source_date is the OpenCity dataset creation date; the underlying BBMP list is 2020-21 vintage
VV Puram Law College to Mallathhali tank,"Vishveshwara Puram (ward 143), South zone","BBMP/KSRSAC Map of Locations Vulnerable to Flooding in Bengaluru (KML, OpenCity)",https://data.opencity.in/dataset/b03218ea-4b7c-4fa9-ab67-b9054d7ecc4c/resource/a7d8a01f-1fbc-41e1-85f0-f15ea16b2d27/download/6b3c63b0-f461-4e9c-a2c2-006f734c5b41.kml,2023-02-16,swd_vulnerable_kgis,"WARD_NAME=Vishveshwara Puram; WARDNO=143; LocationName=VV Puram Law College to Mallathhali tank; KGISFVLID=78; ZONE=South; coordinates=77.5742830002665,12.9537479997871 [OBJECTID 78]",12.95374799,77.57428300,,point,source_date is the OpenCity dataset creation date; the underlying BBMP list is 2020-21 vintage
Deepa nursing home,"Marathahalli (ward 86), Mahadevapura zone","BBMP/KSRSAC Map of Locations Vulnerable to Flooding in Bengaluru (KML, OpenCity)",https://data.opencity.in/dataset/b03218ea-4b7c-4fa9-ab67-b9054d7ecc4c/resource/a7d8a01f-1fbc-41e1-85f0-f15ea16b2d27/download/6b3c63b0-f461-4e9c-a2c2-006f734c5b41.kml,2023-02-16,swd_vulnerable_kgis,"WARD_NAME=Marathahalli; WARDNO=86; LocationName=Deepa nursing home; KGISFVLID=79; ZONE=Mahadevapura; coordinates=77.6905489997383,12.9550209998133 [OBJECTID 79]",12.95502099,77.69054899,,point,source_date is the OpenCity dataset creation date; the underlying BBMP list is 2020-21 vintage
BDA Layout Konena Agrahara,"Konena Agrahara (ward 113), East zone","BBMP/KSRSAC Map of Locations Vulnerable to Flooding in Bengaluru (KML, OpenCity)",https://data.opencity.in/dataset/b03218ea-4b7c-4fa9-ab67-b9054d7ecc4c/resource/a7d8a01f-1fbc-41e1-85f0-f15ea16b2d27/download/6b3c63b0-f461-4e9c-a2c2-006f734c5b41.kml,2023-02-16,swd_vulnerable_kgis,"WARD_NAME=Konena Agrahara; WARDNO=113; LocationName=BDA Layout Konena Agrahara; KGISFVLID=80; ZONE=East; coordinates=77.6490480004463,12.9556239996646 [OBJECTID 80]",12.95562399,77.64904800,,point,source_date is the OpenCity dataset creation date; the underlying BBMP list is 2020-21 vintage
Thubarahalli,"Doddanekkundi (ward 85), Mahadevapura zone","BBMP/KSRSAC Map of Locations Vulnerable to Flooding in Bengaluru (KML, OpenCity)",https://data.opencity.in/dataset/b03218ea-4b7c-4fa9-ab67-b9054d7ecc4c/resource/a7d8a01f-1fbc-41e1-85f0-f15ea16b2d27/download/6b3c63b0-f461-4e9c-a2c2-006f734c5b41.kml,2023-02-16,swd_vulnerable_kgis,"WARD_NAME=Doddanekkundi; WARDNO=85; LocationName=Thubarahalli; KGISFVLID=81; ZONE=Mahadevapura; coordinates=77.7205450004042,12.9556519996609 [OBJECTID 81]",12.95565199,77.72054500,,point,source_date is the OpenCity dataset creation date; the underlying BBMP list is 2020-21 vintage
Micheal church,"Shanthi Nagar (ward 117), East zone","BBMP/KSRSAC Map of Locations Vulnerable to Flooding in Bengaluru (KML, OpenCity)",https://data.opencity.in/dataset/b03218ea-4b7c-4fa9-ab67-b9054d7ecc4c/resource/a7d8a01f-1fbc-41e1-85f0-f15ea16b2d27/download/6b3c63b0-f461-4e9c-a2c2-006f734c5b41.kml,2023-02-16,swd_vulnerable_kgis,"WARD_NAME=Shanthi Nagar; WARDNO=117; LocationName=Micheal church; KGISFVLID=82; ZONE=East; coordinates=77.5970280003726,12.9561390000171 [OBJECTID 82]",12.95613900,77.59702800,,point,source_date is the OpenCity dataset creation date; the underlying BBMP list is 2020-21 vintage
Ramagondanahalli,"Hagadur (ward 84), Mahadevapura zone","BBMP/KSRSAC Map of Locations Vulnerable to Flooding in Bengaluru (KML, OpenCity)",https://data.opencity.in/dataset/b03218ea-4b7c-4fa9-ab67-b9054d7ecc4c/resource/a7d8a01f-1fbc-41e1-85f0-f15ea16b2d27/download/6b3c63b0-f461-4e9c-a2c2-006f734c5b41.kml,2023-02-16,swd_vulnerable_kgis,"WARD_NAME=Hagadur; WARDNO=84; LocationName=Ramagondanahalli; KGISFVLID=83; ZONE=Mahadevapura; coordinates=77.7410439996623,12.9561819998388 [OBJECTID 83]",12.95618199,77.74104399,,point,source_date is the OpenCity dataset creation date; the underlying BBMP list is 2020-21 vintage
"Hosaguddadahalli, Bapujinagara","Bapuji Nagar (ward 134), South zone","BBMP/KSRSAC Map of Locations Vulnerable to Flooding in Bengaluru (KML, OpenCity)",https://data.opencity.in/dataset/b03218ea-4b7c-4fa9-ab67-b9054d7ecc4c/resource/a7d8a01f-1fbc-41e1-85f0-f15ea16b2d27/download/6b3c63b0-f461-4e9c-a2c2-006f734c5b41.kml,2023-02-16,swd_vulnerable_kgis,"WARD_NAME=Bapuji Nagar; WARDNO=134; LocationName=Hosaguddadahalli, Bapujinagara; KGISFVLID=84; ZONE=South; coordinates=77.5425799995643,12.9563169999223 [OBJECTID 84]",12.95631699,77.54257999,,point,source_date is the OpenCity dataset creation date; the underlying BBMP list is 2020-21 vintage
Varthur,"Hagadur (ward 84), Mahadevapura zone","BBMP/KSRSAC Map of Locations Vulnerable to Flooding in Bengaluru (KML, OpenCity)",https://data.opencity.in/dataset/b03218ea-4b7c-4fa9-ab67-b9054d7ecc4c/resource/a7d8a01f-1fbc-41e1-85f0-f15ea16b2d27/download/6b3c63b0-f461-4e9c-a2c2-006f734c5b41.kml,2023-02-16,swd_vulnerable_kgis,"WARD_NAME=Hagadur; WARDNO=84; LocationName=Varthur; KGISFVLID=85; ZONE=Mahadevapura; coordinates=77.7359389999681,12.9569400002218 [OBJECTID 85]",12.95694000,77.73593899,,point,source_date is the OpenCity dataset creation date; the underlying BBMP list is 2020-21 vintage
Chamarajapet,"Chamrajpet (ward 140), West zone","BBMP/KSRSAC Map of Locations Vulnerable to Flooding in Bengaluru (KML, OpenCity)",https://data.opencity.in/dataset/b03218ea-4b7c-4fa9-ab67-b9054d7ecc4c/resource/a7d8a01f-1fbc-41e1-85f0-f15ea16b2d27/download/6b3c63b0-f461-4e9c-a2c2-006f734c5b41.kml,2023-02-16,swd_vulnerable_kgis,"WARD_NAME=Chamrajpet; WARDNO=140; LocationName=Chamarajapet; KGISFVLID=86; ZONE=West; coordinates=77.5620830002074,12.9570390000152 [OBJECTID 86]",12.95703900,77.56208300,,point,source_date is the OpenCity dataset creation date; the underlying BBMP list is 2020-21 vintage
Nari Halla,"Chamrajpet (ward 140), West zone","BBMP/KSRSAC Map of Locations Vulnerable to Flooding in Bengaluru (KML, OpenCity)",https://data.opencity.in/dataset/b03218ea-4b7c-4fa9-ab67-b9054d7ecc4c/resource/a7d8a01f-1fbc-41e1-85f0-f15ea16b2d27/download/6b3c63b0-f461-4e9c-a2c2-006f734c5b41.kml,2023-02-16,swd_vulnerable_kgis,"WARD_NAME=Chamrajpet; WARDNO=140; LocationName=Nari Halla; KGISFVLID=87; ZONE=West; coordinates=77.5686809997419,12.957241999757 [OBJECTID 87]",12.95724199,77.56868099,,point,source_date is the OpenCity dataset creation date; the underlying BBMP list is 2020-21 vintage
NGEF layout,"Nagarbhavi (ward 128), West zone","BBMP/KSRSAC Map of Locations Vulnerable to Flooding in Bengaluru (KML, OpenCity)",https://data.opencity.in/dataset/b03218ea-4b7c-4fa9-ab67-b9054d7ecc4c/resource/a7d8a01f-1fbc-41e1-85f0-f15ea16b2d27/download/6b3c63b0-f461-4e9c-a2c2-006f734c5b41.kml,2023-02-16,swd_vulnerable_kgis,"WARD_NAME=Nagarbhavi; WARDNO=128; LocationName=NGEF layout; KGISFVLID=88; ZONE=West; coordinates=77.5144290004146,12.9576869996214 [OBJECTID 88]",12.95768699,77.51442900,,point,source_date is the OpenCity dataset creation date; the underlying BBMP list is 2020-21 vintage
Varthur Columbia Asia hospital,"Hagadur (ward 84), Mahadevapura zone","BBMP/KSRSAC Map of Locations Vulnerable to Flooding in Bengaluru (KML, OpenCity)",https://data.opencity.in/dataset/b03218ea-4b7c-4fa9-ab67-b9054d7ecc4c/resource/a7d8a01f-1fbc-41e1-85f0-f15ea16b2d27/download/6b3c63b0-f461-4e9c-a2c2-006f734c5b41.kml,2023-02-16,swd_vulnerable_kgis,"WARD_NAME=Hagadur; WARDNO=84; LocationName=Varthur Columbia Asia hospital; KGISFVLID=89; ZONE=Mahadevapura; coordinates=77.7449189996862,12.9584879997902 [OBJECTID 89]",12.95848799,77.74491899,,point,source_date is the OpenCity dataset creation date; the underlying BBMP list is 2020-21 vintage
Backside Fortis Hospital NGEF Layout,"Jnana Bharathi (ward 129), RR Nagar zone","BBMP/KSRSAC Map of Locations Vulnerable to Flooding in Bengaluru (KML, OpenCity)",https://data.opencity.in/dataset/b03218ea-4b7c-4fa9-ab67-b9054d7ecc4c/resource/a7d8a01f-1fbc-41e1-85f0-f15ea16b2d27/download/6b3c63b0-f461-4e9c-a2c2-006f734c5b41.kml,2023-02-16,swd_vulnerable_kgis,"WARD_NAME=Jnana Bharathi; WARDNO=129; LocationName=Backside Fortis Hospital NGEF Layout; KGISFVLID=90; ZONE=RR Nagar; coordinates=77.5113029995796,12.9592619996094 [OBJECTID 90]",12.95926199,77.51130299,,point,source_date is the OpenCity dataset creation date; the underlying BBMP list is 2020-21 vintage
Munnekolalu,"Doddanekkundi (ward 85), Mahadevapura zone","BBMP/KSRSAC Map of Locations Vulnerable to Flooding in Bengaluru (KML, OpenCity)",https://data.opencity.in/dataset/b03218ea-4b7c-4fa9-ab67-b9054d7ecc4c/resource/a7d8a01f-1fbc-41e1-85f0-f15ea16b2d27/download/6b3c63b0-f461-4e9c-a2c2-006f734c5b41.kml,2023-02-16,swd_vulnerable_kgis,"WARD_NAME=Doddanekkundi; WARDNO=85; LocationName=Munnekolalu; KGISFVLID=91; ZONE=Mahadevapura; coordinates=77.7080749997724,12.9598240002569 [OBJECTID 91]",12.95982400,77.70807499,,point,source_date is the OpenCity dataset creation date; the underlying BBMP list is 2020-21 vintage
Nandhini hotel backside on 100 feet road Indiranagar,"Jeevanbhima Nagar (ward 88), East zone","BBMP/KSRSAC Map of Locations Vulnerable to Flooding in Bengaluru (KML, OpenCity)",https://data.opencity.in/dataset/b03218ea-4b7c-4fa9-ab67-b9054d7ecc4c/resource/a7d8a01f-1fbc-41e1-85f0-f15ea16b2d27/download/6b3c63b0-f461-4e9c-a2c2-006f734c5b41.kml,2023-02-16,swd_vulnerable_kgis,"WARD_NAME=Jeevanbhima Nagar; WARDNO=88; LocationName=Nandhini hotel backside on 100 feet road Indiranagar; KGISFVLID=92; ZONE=East; coordinates=77.6430559997718,12.96111100043 [OBJECTID 92]",12.96111100,77.64305599,,point,source_date is the OpenCity dataset creation date; the underlying BBMP list is 2020-21 vintage
Kumbaragundi,"Dharmaraya Swamy Temple Ward (ward 119), South zone","BBMP/KSRSAC Map of Locations Vulnerable to Flooding in Bengaluru (KML, OpenCity)",https://data.opencity.in/dataset/b03218ea-4b7c-4fa9-ab67-b9054d7ecc4c/resource/a7d8a01f-1fbc-41e1-85f0-f15ea16b2d27/download/6b3c63b0-f461-4e9c-a2c2-006f734c5b41.kml,2023-02-16,swd_vulnerable_kgis,"WARD_NAME=Dharmaraya Swamy Temple Ward; WARDNO=119; LocationName=Kumbaragundi; KGISFVLID=93; ZONE=South; coordinates=77.582806000285,12.9621110002995 [OBJECTID 93]",12.96211100,77.58280600,,point,source_date is the OpenCity dataset creation date; the underlying BBMP list is 2020-21 vintage
Mallathahalli lake inlet Muddaiahna palya road,"Herohalli (ward 72), RR Nagar zone","BBMP/KSRSAC Map of Locations Vulnerable to Flooding in Bengaluru (KML, OpenCity)",https://data.opencity.in/dataset/b03218ea-4b7c-4fa9-ab67-b9054d7ecc4c/resource/a7d8a01f-1fbc-41e1-85f0-f15ea16b2d27/download/6b3c63b0-f461-4e9c-a2c2-006f734c5b41.kml,2023-02-16,swd_vulnerable_kgis,"WARD_NAME=Herohalli; WARDNO=72; LocationName=Mallathahalli lake inlet Muddaiahna palya road; KGISFVLID=94; ZONE=RR Nagar; coordinates=77.4919100002234,12.9624099995629 [OBJECTID 94]",12.96240999,77.49191000,,point,source_date is the OpenCity dataset creation date; the underlying BBMP list is 2020-21 vintage
Kumbargundi lead off drains,"Dharmaraya Swamy Temple Ward (ward 119), South zone","BBMP/KSRSAC Map of Locations Vulnerable to Flooding in Bengaluru (KML, OpenCity)",https://data.opencity.in/dataset/b03218ea-4b7c-4fa9-ab67-b9054d7ecc4c/resource/a7d8a01f-1fbc-41e1-85f0-f15ea16b2d27/download/6b3c63b0-f461-4e9c-a2c2-006f734c5b41.kml,2023-02-16,swd_vulnerable_kgis,"WARD_NAME=Dharmaraya Swamy Temple Ward; WARDNO=119; LocationName=Kumbargundi lead off drains; KGISFVLID=95; ZONE=South; coordinates=77.5839720004376,12.9624170000544 [OBJECTID 95]",12.96241700,77.58397200,,point,source_date is the OpenCity dataset creation date; the underlying BBMP list is 2020-21 vintage
Osaman Khan  road near KR Market,"Dharmaraya Swamy Temple Ward (ward 119), South zone","BBMP/KSRSAC Map of Locations Vulnerable to Flooding in Bengaluru (KML, OpenCity)",https://data.opencity.in/dataset/b03218ea-4b7c-4fa9-ab67-b9054d7ecc4c/resource/a7d8a01f-1fbc-41e1-85f0-f15ea16b2d27/download/6b3c63b0-f461-4e9c-a2c2-006f734c5b41.kml,2023-02-16,swd_vulnerable_kgis,"WARD_NAME=Dharmaraya Swamy Temple Ward; WARDNO=119; LocationName=Osaman Khan  road near KR Market; KGISFVLID=96; ZONE=South; coordinates=77.5798060002524,12.9630000001948 [OBJECTID 96]",12.96300000,77.57980600,,point,source_date is the OpenCity dataset creation date; the underlying BBMP list is 2020-21 vintage
Palm grove road,"Shantala Nagar (ward 111), East zone","BBMP/KSRSAC Map of Locations Vulnerable to Flooding in Bengaluru (KML, OpenCity)",https://data.opencity.in/dataset/b03218ea-4b7c-4fa9-ab67-b9054d7ecc4c/resource/a7d8a01f-1fbc-41e1-85f0-f15ea16b2d27/download/6b3c63b0-f461-4e9c-a2c2-006f734c5b41.kml,2023-02-16,swd_vulnerable_kgis,"WARD_NAME=Shantala Nagar; WARDNO=111; LocationName=Palm grove road; KGISFVLID=97; ZONE=East; coordinates=77.6146390004251,12.9637220001151 [OBJECTID 97]",12.96372200,77.61463900,,point,source_date is the OpenCity dataset creation date; the underlying BBMP list is 2020-21 vintage
Cheluvadipalya Near by  Good Shed Road,"Chalavadipalya (ward 138), West zone","BBMP/KSRSAC Map of Locations Vulnerable to Flooding in Bengaluru (KML, OpenCity)",https://data.opencity.in/dataset/b03218ea-4b7c-4fa9-ab67-b9054d7ecc4c/resource/a7d8a01f-1fbc-41e1-85f0-f15ea16b2d27/download/6b3c63b0-f461-4e9c-a2c2-006f734c5b41.kml,2023-02-16,swd_vulnerable_kgis,"WARD_NAME=Chalavadipalya; WARDNO=138; LocationName=Cheluvadipalya Near by  Good Shed Road; KGISFVLID=98; ZONE=West; coordinates=77.5665249996156,12.9653170002783 [OBJECTID 98]",12.96531700,77.56652499,,point,source_date is the OpenCity dataset creation date; the underlying BBMP list is 2020-21 vintage
"Siddartha Nagar, Cheluvadipalya","Chalavadipalya (ward 138), West zone","BBMP/KSRSAC Map of Locations Vulnerable to Flooding in Bengaluru (KML, OpenCity)",https://data.opencity.in/dataset/b03218ea-4b7c-4fa9-ab67-b9054d7ecc4c/resource/a7d8a01f-1fbc-41e1-85f0-f15ea16b2d27/download/6b3c63b0-f461-4e9c-a2c2-006f734c5b41.kml,2023-02-16,swd_vulnerable_kgis,"WARD_NAME=Chalavadipalya; WARDNO=138; LocationName=Siddartha Nagar, Cheluvadipalya; KGISFVLID=99; ZONE=West; coordinates=77.5665249996156,12.9653170002783 [OBJECTID 99]",12.96531700,77.56652499,,point,source_date is the OpenCity dataset creation date; the underlying BBMP list is 2020-21 vintage
Bande Maramma Temple behind Nagarabhavi 10th cross Bus Stop,"Kottegepalya (ward 73), RR Nagar zone","BBMP/KSRSAC Map of Locations Vulnerable to Flooding in Bengaluru (KML, OpenCity)",https://data.opencity.in/dataset/b03218ea-4b7c-4fa9-ab67-b9054d7ecc4c/resource/a7d8a01f-1fbc-41e1-85f0-f15ea16b2d27/download/6b3c63b0-f461-4e9c-a2c2-006f734c5b41.kml,2023-02-16,swd_vulnerable_kgis,"WARD_NAME=Kottegepalya; WARDNO=73; LocationName=Bande Maramma Temple behind Nagarabhavi 10th cross Bus Stop; KGISFVLID=100; ZONE=RR Nagar; coordinates=77.517394000081,12.9657029995558 [OBJECTID 100]",12.96570299,77.51739400,,point,source_date is the OpenCity dataset creation date; the underlying BBMP list is 2020-21 vintage
Rayapuram near Govt. Maternity Hospital,"Rayapuram (ward 137), West zone","BBMP/KSRSAC Map of Locations Vulnerable to Flooding in Bengaluru (KML, OpenCity)",https://data.opencity.in/dataset/b03218ea-4b7c-4fa9-ab67-b9054d7ecc4c/resource/a7d8a01f-1fbc-41e1-85f0-f15ea16b2d27/download/6b3c63b0-f461-4e9c-a2c2-006f734c5b41.kml,2023-02-16,swd_vulnerable_kgis,"WARD_NAME=Rayapuram; WARDNO=137; LocationName=Rayapuram near Govt. Maternity Hospital; KGISFVLID=101; ZONE=West; coordinates=77.5526190001116,12.9658829998577 [OBJECTID 101]",12.96588299,77.55261900,,point,source_date is the OpenCity dataset creation date; the underlying BBMP list is 2020-21 vintage
Malagala main road to Vrishabhavathi Valley,"Kottegepalya (ward 73), RR Nagar zone","BBMP/KSRSAC Map of Locations Vulnerable to Flooding in Bengaluru (KML, OpenCity)",https://data.opencity.in/dataset/b03218ea-4b7c-4fa9-ab67-b9054d7ecc4c/resource/a7d8a01f-1fbc-41e1-85f0-f15ea16b2d27/download/6b3c63b0-f461-4e9c-a2c2-006f734c5b41.kml,2023-02-16,swd_vulnerable_kgis,"WARD_NAME=Kottegepalya; WARDNO=73; LocationName=Malagala main road to Vrishabhavathi Valley; KGISFVLID=102; ZONE=RR Nagar; coordinates=77.5174889995426,12.9659500000668 [OBJECTID 102]",12.96595000,77.51748899,,point,source_date is the OpenCity dataset creation date; the underlying BBMP list is 2020-21 vintage
Talakaveri layout,"Vijnana Nagar (ward 81), Mahadevapura zone","BBMP/KSRSAC Map of Locations Vulnerable to Flooding in Bengaluru (KML, OpenCity)",https://data.opencity.in/dataset/b03218ea-4b7c-4fa9-ab67-b9054d7ecc4c/resource/a7d8a01f-1fbc-41e1-85f0-f15ea16b2d27/download/6b3c63b0-f461-4e9c-a2c2-006f734c5b41.kml,2023-02-16,swd_vulnerable_kgis,"WARD_NAME=Vijnana Nagar; WARDNO=81; LocationName=Talakaveri layout; KGISFVLID=103; ZONE=Mahadevapura; coordinates=77.6827779996137,12.9663889997484 [OBJECTID 103]",12.96638899,77.68277799,,point,source_date is the OpenCity dataset creation date; the underlying BBMP list is 2020-21 vintage
Vrishabhavthi main valley near Cholurapalya,"Hosahalli (ward 124), South zone","BBMP/KSRSAC Map of Locations Vulnerable to Flooding in Bengaluru (KML, OpenCity)",https://data.opencity.in/dataset/b03218ea-4b7c-4fa9-ab67-b9054d7ecc4c/resource/a7d8a01f-1fbc-41e1-85f0-f15ea16b2d27/download/6b3c63b0-f461-4e9c-a2c2-006f734c5b41.kml,2023-02-16,swd_vulnerable_kgis,"WARD_NAME=Hosahalli; WARDNO=124; LocationName=Vrishabhavthi main valley near Cholurapalya; KGISFVLID=104; ZONE=South; coordinates=77.5496969995646,12.9684050002546 [OBJECTID 104]",12.96840500,77.54969699,,point,source_date is the OpenCity dataset creation date; the underlying BBMP list is 2020-21 vintage
Doddenakundi near Gururaja layout,"Doddanekkundi (ward 85), Mahadevapura zone","BBMP/KSRSAC Map of Locations Vulnerable to Flooding in Bengaluru (KML, OpenCity)",https://data.opencity.in/dataset/b03218ea-4b7c-4fa9-ab67-b9054d7ecc4c/resource/a7d8a01f-1fbc-41e1-85f0-f15ea16b2d27/download/6b3c63b0-f461-4e9c-a2c2-006f734c5b41.kml,2023-02-16,swd_vulnerable_kgis,"WARD_NAME=Doddanekkundi; WARDNO=85; LocationName=Doddenakundi near Gururaja layout; KGISFVLID=105; ZONE=Mahadevapura; coordinates=77.6921780002252,12.969065999681 [OBJECTID 105]",12.96906599,77.69217800,,point,source_date is the OpenCity dataset creation date; the underlying BBMP list is 2020-21 vintage
Nellurahalli,"Hagadur (ward 84), Mahadevapura zone","BBMP/KSRSAC Map of Locations Vulnerable to Flooding in Bengaluru (KML, OpenCity)",https://data.opencity.in/dataset/b03218ea-4b7c-4fa9-ab67-b9054d7ecc4c/resource/a7d8a01f-1fbc-41e1-85f0-f15ea16b2d27/download/6b3c63b0-f461-4e9c-a2c2-006f734c5b41.kml,2023-02-16,swd_vulnerable_kgis,"WARD_NAME=Hagadur; WARDNO=84; LocationName=Nellurahalli; KGISFVLID=106; ZONE=Mahadevapura; coordinates=77.7366859995484,12.9692999997563 [OBJECTID 106]",12.96929999,77.73668599,,point,source_date is the OpenCity dataset creation date; the underlying BBMP list is 2020-21 vintage
Magrath road and brigade road junction,"Shantala Nagar (ward 111), East zone","BBMP/KSRSAC Map of Locations Vulnerable to Flooding in Bengaluru (KML, OpenCity)",https://data.opencity.in/dataset/b03218ea-4b7c-4fa9-ab67-b9054d7ecc4c/resource/a7d8a01f-1fbc-41e1-85f0-f15ea16b2d27/download/6b3c63b0-f461-4e9c-a2c2-006f734c5b41.kml,2023-02-16,swd_vulnerable_kgis,"WARD_NAME=Shantala Nagar; WARDNO=111; LocationName=Magrath road and brigade road junction; KGISFVLID=107; ZONE=East; coordinates=77.609667000206,12.9706109999042 [OBJECTID 107]",12.97061099,77.60966700,,point,source_date is the OpenCity dataset creation date; the underlying BBMP list is 2020-21 vintage
Cambridge layout near Jogupalya,"Jogupalya (ward 89), East zone","BBMP/KSRSAC Map of Locations Vulnerable to Flooding in Bengaluru (KML, OpenCity)",https://data.opencity.in/dataset/b03218ea-4b7c-4fa9-ab67-b9054d7ecc4c/resource/a7d8a01f-1fbc-41e1-85f0-f15ea16b2d27/download/6b3c63b0-f461-4e9c-a2c2-006f734c5b41.kml,2023-02-16,swd_vulnerable_kgis,"WARD_NAME=Jogupalya; WARDNO=89; LocationName=Cambridge layout near Jogupalya; KGISFVLID=108; ZONE=East; coordinates=77.6336109997223,12.9708330001648 [OBJECTID 108]",12.97083300,77.63361099,,point,source_date is the OpenCity dataset creation date; the underlying BBMP list is 2020-21 vintage
"Kalyannagar, Moodalapalya","Mudalapalya (ward 127), West zone","BBMP/KSRSAC Map of Locations Vulnerable to Flooding in Bengaluru (KML, OpenCity)",https://data.opencity.in/dataset/b03218ea-4b7c-4fa9-ab67-b9054d7ecc4c/resource/a7d8a01f-1fbc-41e1-85f0-f15ea16b2d27/download/6b3c63b0-f461-4e9c-a2c2-006f734c5b41.kml,2023-02-16,swd_vulnerable_kgis,"WARD_NAME=Mudalapalya; WARDNO=127; LocationName=Kalyannagar, Moodalapalya; KGISFVLID=109; ZONE=West; coordinates=77.5186560004364,12.9711689997559 [OBJECTID 109]",12.97116899,77.51865600,,point,source_date is the OpenCity dataset creation date; the underlying BBMP list is 2020-21 vintage
Jogupalya in Ulsoor,"Jogupalya (ward 89), East zone","BBMP/KSRSAC Map of Locations Vulnerable to Flooding in Bengaluru (KML, OpenCity)",https://data.opencity.in/dataset/b03218ea-4b7c-4fa9-ab67-b9054d7ecc4c/resource/a7d8a01f-1fbc-41e1-85f0-f15ea16b2d27/download/6b3c63b0-f461-4e9c-a2c2-006f734c5b41.kml,2023-02-16,swd_vulnerable_kgis,"WARD_NAME=Jogupalya; WARDNO=89; LocationName=Jogupalya in Ulsoor; KGISFVLID=110; ZONE=East; coordinates=77.6333329999603,12.9716670001861 [OBJECTID 110]",12.97166700,77.63333299,,point,source_date is the OpenCity dataset creation date; the underlying BBMP list is 2020-21 vintage
"Kempapura Agrahara Secondary Drain, Magadi road","Kempapura (ward 122), South zone","BBMP/KSRSAC Map of Locations Vulnerable to Flooding in Bengaluru (KML, OpenCity)",https://data.opencity.in/dataset/b03218ea-4b7c-4fa9-ab67-b9054d7ecc4c/resource/a7d8a01f-1fbc-41e1-85f0-f15ea16b2d27/download/6b3c63b0-f461-4e9c-a2c2-006f734c5b41.kml,2023-02-16,swd_vulnerable_kgis,"WARD_NAME=Kempapura; WARDNO=122; LocationName=Kempapura Agrahara Secondary Drain, Magadi road; KGISFVLID=111; ZONE=South; coordinates=77.5541089999492,12.9722480000324 [OBJECTID 111]",12.97224800,77.55410899,,point,source_date is the OpenCity dataset creation date; the underlying BBMP list is 2020-21 vintage
K P Agrahara 7th Cross  Road,"Cottonpete (ward 120), West zone","BBMP/KSRSAC Map of Locations Vulnerable to Flooding in Bengaluru (KML, OpenCity)",https://data.opencity.in/dataset/b03218ea-4b7c-4fa9-ab67-b9054d7ecc4c/resource/a7d8a01f-1fbc-41e1-85f0-f15ea16b2d27/download/6b3c63b0-f461-4e9c-a2c2-006f734c5b41.kml,2023-02-16,swd_vulnerable_kgis,"WARD_NAME=Cottonpete; WARDNO=120; LocationName=K P Agrahara 7th Cross  Road; KGISFVLID=112; ZONE=West; coordinates=77.5628830003884,12.972618999646 [OBJECTID 112]",12.97261899,77.56288300,,point,source_date is the OpenCity dataset creation date; the underlying BBMP list is 2020-21 vintage
"Manuvana, Pipeline road","Vijayanagar (ward 123), South zone","BBMP/KSRSAC Map of Locations Vulnerable to Flooding in Bengaluru (KML, OpenCity)",https://data.opencity.in/dataset/b03218ea-4b7c-4fa9-ab67-b9054d7ecc4c/resource/a7d8a01f-1fbc-41e1-85f0-f15ea16b2d27/download/6b3c63b0-f461-4e9c-a2c2-006f734c5b41.kml,2023-02-16,swd_vulnerable_kgis,"WARD_NAME=Vijayanagar; WARDNO=123; LocationName=Manuvana, Pipeline road; KGISFVLID=113; ZONE=South; coordinates=77.5466510000851,12.9737299998207 [OBJECTID 113]",12.97372999,77.54665100,,point,source_date is the OpenCity dataset creation date; the underlying BBMP list is 2020-21 vintage
Gopalpura area,"Binnypete (ward 121), West zone","BBMP/KSRSAC Map of Locations Vulnerable to Flooding in Bengaluru (KML, OpenCity)",https://data.opencity.in/dataset/b03218ea-4b7c-4fa9-ab67-b9054d7ecc4c/resource/a7d8a01f-1fbc-41e1-85f0-f15ea16b2d27/download/6b3c63b0-f461-4e9c-a2c2-006f734c5b41.kml,2023-02-16,swd_vulnerable_kgis,"WARD_NAME=Binnypete; WARDNO=121; LocationName=Gopalpura area; KGISFVLID=114; ZONE=West; coordinates=77.5604169997079,12.9752170001849 [OBJECTID 114]",12.97521700,77.56041699,,point,source_date is the OpenCity dataset creation date; the underlying BBMP list is 2020-21 vintage
Gopalpura,"Binnypete (ward 121), West zone","BBMP/KSRSAC Map of Locations Vulnerable to Flooding in Bengaluru (KML, OpenCity)",https://data.opencity.in/dataset/b03218ea-4b7c-4fa9-ab67-b9054d7ecc4c/resource/a7d8a01f-1fbc-41e1-85f0-f15ea16b2d27/download/6b3c63b0-f461-4e9c-a2c2-006f734c5b41.kml,2023-02-16,swd_vulnerable_kgis,"WARD_NAME=Binnypete; WARDNO=121; LocationName=Gopalpura; KGISFVLID=115; ZONE=West; coordinates=77.5604169997079,12.9752170001849 [OBJECTID 115]",12.97521700,77.56041699,,point,source_date is the OpenCity dataset creation date; the underlying BBMP list is 2020-21 vintage
Netaji Nagara in  KP Agrahara,"Okalipuram (ward 96), West zone","BBMP/KSRSAC Map of Locations Vulnerable to Flooding in Bengaluru (KML, OpenCity)",https://data.opencity.in/dataset/b03218ea-4b7c-4fa9-ab67-b9054d7ecc4c/resource/a7d8a01f-1fbc-41e1-85f0-f15ea16b2d27/download/6b3c63b0-f461-4e9c-a2c2-006f734c5b41.kml,2023-02-16,swd_vulnerable_kgis,"WARD_NAME=Okalipuram; WARDNO=96; LocationName=Netaji Nagara in  KP Agrahara; KGISFVLID=116; ZONE=West; coordinates=77.5627040001008,12.9756190003332 [OBJECTID 116]",12.97561900,77.56270400,,point,source_date is the OpenCity dataset creation date; the underlying BBMP list is 2020-21 vintage
Binnymill Road  near Belimath,"Subhash Nagar (ward 95), West zone","BBMP/KSRSAC Map of Locations Vulnerable to Flooding in Bengaluru (KML, OpenCity)",https://data.opencity.in/dataset/b03218ea-4b7c-4fa9-ab67-b9054d7ecc4c/resource/a7d8a01f-1fbc-41e1-85f0-f15ea16b2d27/download/6b3c63b0-f461-4e9c-a2c2-006f734c5b41.kml,2023-02-16,swd_vulnerable_kgis,"WARD_NAME=Subhash Nagar; WARDNO=95; LocationName=Binnymill Road  near Belimath; KGISFVLID=117; ZONE=West; coordinates=77.5673469998796,12.9765969995814 [OBJECTID 117]",12.97659699,77.56734699,,point,source_date is the OpenCity dataset creation date; the underlying BBMP list is 2020-21 vintage
MV garden & Murphy market,"Halsoor (ward 90), East zone","BBMP/KSRSAC Map of Locations Vulnerable to Flooding in Bengaluru (KML, OpenCity)",https://data.opencity.in/dataset/b03218ea-4b7c-4fa9-ab67-b9054d7ecc4c/resource/a7d8a01f-1fbc-41e1-85f0-f15ea16b2d27/download/6b3c63b0-f461-4e9c-a2c2-006f734c5b41.kml,2023-02-16,swd_vulnerable_kgis,"WARD_NAME=Halsoor; WARDNO=90; LocationName=MV garden & Murphy market; KGISFVLID=118; ZONE=East; coordinates=77.6272219997728,12.9783330001697 [OBJECTID 118]",12.97833300,77.62722199,,point,source_date is the OpenCity dataset creation date; the underlying BBMP list is 2020-21 vintage
Pattandur agrahara,"Garudachar Palya (ward 82), Mahadevapura zone","BBMP/KSRSAC Map of Locations Vulnerable to Flooding in Bengaluru (KML, OpenCity)",https://data.opencity.in/dataset/b03218ea-4b7c-4fa9-ab67-b9054d7ecc4c/resource/a7d8a01f-1fbc-41e1-85f0-f15ea16b2d27/download/6b3c63b0-f461-4e9c-a2c2-006f734c5b41.kml,2023-02-16,swd_vulnerable_kgis,"WARD_NAME=Garudachar Palya; WARDNO=82; LocationName=Pattandur agrahara; KGISFVLID=119; ZONE=Mahadevapura; coordinates=77.7337530001081,12.9788889998589 [OBJECTID 119]",12.97888899,77.73375300,,point,source_date is the OpenCity dataset creation date; the underlying BBMP list is 2020-21 vintage
Nagamma nagara Near Binny mill road,"Subhash Nagar (ward 95), West zone","BBMP/KSRSAC Map of Locations Vulnerable to Flooding in Bengaluru (KML, OpenCity)",https://data.opencity.in/dataset/b03218ea-4b7c-4fa9-ab67-b9054d7ecc4c/resource/a7d8a01f-1fbc-41e1-85f0-f15ea16b2d27/download/6b3c63b0-f461-4e9c-a2c2-006f734c5b41.kml,2023-02-16,swd_vulnerable_kgis,"WARD_NAME=Subhash Nagar; WARDNO=95; LocationName=Nagamma nagara Near Binny mill road; KGISFVLID=120; ZONE=West; coordinates=77.5697720002867,12.9799999996435 [OBJECTID 120]",12.97999999,77.56977200,,point,source_date is the OpenCity dataset creation date; the underlying BBMP list is 2020-21 vintage
"Gandi Statue, Oklipuram.","Okalipuram (ward 96), West zone","BBMP/KSRSAC Map of Locations Vulnerable to Flooding in Bengaluru (KML, OpenCity)",https://data.opencity.in/dataset/b03218ea-4b7c-4fa9-ab67-b9054d7ecc4c/resource/a7d8a01f-1fbc-41e1-85f0-f15ea16b2d27/download/6b3c63b0-f461-4e9c-a2c2-006f734c5b41.kml,2023-02-16,swd_vulnerable_kgis,"WARD_NAME=Okalipuram; WARDNO=96; LocationName=Gandi Statue, Oklipuram.; KGISFVLID=121; ZONE=West; coordinates=77.5655249998615,12.9834499997698 [OBJECTID 121]",12.98344999,77.56552499,,point,source_date is the OpenCity dataset creation date; the underlying BBMP list is 2020-21 vintage
"Rajajinagar  Industrial  Area ,1st Cross Road","Dr. Rajkumar (ward 106), West zone","BBMP/KSRSAC Map of Locations Vulnerable to Flooding in Bengaluru (KML, OpenCity)",https://data.opencity.in/dataset/b03218ea-4b7c-4fa9-ab67-b9054d7ecc4c/resource/a7d8a01f-1fbc-41e1-85f0-f15ea16b2d27/download/6b3c63b0-f461-4e9c-a2c2-006f734c5b41.kml,2023-02-16,swd_vulnerable_kgis,"WARD_NAME=Dr. Rajkumar; WARDNO=106; LocationName=Rajajinagar  Industrial  Area ,1st Cross Road; KGISFVLID=122; ZONE=West; coordinates=77.5460639998798,12.9841170002625 [OBJECTID 122]",12.98411700,77.54606399,,point,source_date is the OpenCity dataset creation date; the underlying BBMP list is 2020-21 vintage
Broadway road junction,"Shivaji Nagar (ward 92), East zone","BBMP/KSRSAC Map of Locations Vulnerable to Flooding in Bengaluru (KML, OpenCity)",https://data.opencity.in/dataset/b03218ea-4b7c-4fa9-ab67-b9054d7ecc4c/resource/a7d8a01f-1fbc-41e1-85f0-f15ea16b2d27/download/6b3c63b0-f461-4e9c-a2c2-006f734c5b41.kml,2023-02-16,swd_vulnerable_kgis,"WARD_NAME=Shivaji Nagar; WARDNO=92; LocationName=Broadway road junction; KGISFVLID=123; ZONE=East; coordinates=77.6041670001918,12.9863889998184 [OBJECTID 123]",12.98638899,77.60416700,,point,source_date is the OpenCity dataset creation date; the underlying BBMP list is 2020-21 vintage
Armstrong road junction in Shivajinagar,"Bharathi Nagar (ward 91), East zone","BBMP/KSRSAC Map of Locations Vulnerable to Flooding in Bengaluru (KML, OpenCity)",https://data.opencity.in/dataset/b03218ea-4b7c-4fa9-ab67-b9054d7ecc4c/resource/a7d8a01f-1fbc-41e1-85f0-f15ea16b2d27/download/6b3c63b0-f461-4e9c-a2c2-006f734c5b41.kml,2023-02-16,swd_vulnerable_kgis,"WARD_NAME=Bharathi Nagar; WARDNO=91; LocationName=Armstrong road junction in Shivajinagar; KGISFVLID=124; ZONE=East; coordinates=77.6102780001299,12.9863890001152 [OBJECTID 124]",12.98638900,77.61027800,,point,source_date is the OpenCity dataset creation date; the underlying BBMP list is 2020-21 vintage
Herohalli lake inlet Handrahalli main road,"Herohalli (ward 72), RR Nagar zone","BBMP/KSRSAC Map of Locations Vulnerable to Flooding in Bengaluru (KML, OpenCity)",https://data.opencity.in/dataset/b03218ea-4b7c-4fa9-ab67-b9054d7ecc4c/resource/a7d8a01f-1fbc-41e1-85f0-f15ea16b2d27/download/6b3c63b0-f461-4e9c-a2c2-006f734c5b41.kml,2023-02-16,swd_vulnerable_kgis,"WARD_NAME=Herohalli; WARDNO=72; LocationName=Herohalli lake inlet Handrahalli main road; KGISFVLID=125; ZONE=RR Nagar; coordinates=77.4895020004309,12.9870139997285 [OBJECTID 125]",12.98701399,77.48950200,,point,source_date is the OpenCity dataset creation date; the underlying BBMP list is 2020-21 vintage
"Sri Rammandir, Gubbanna Industrial Estate","Sri Ramamandir (ward 108), West zone","BBMP/KSRSAC Map of Locations Vulnerable to Flooding in Bengaluru (KML, OpenCity)",https://data.opencity.in/dataset/b03218ea-4b7c-4fa9-ab67-b9054d7ecc4c/resource/a7d8a01f-1fbc-41e1-85f0-f15ea16b2d27/download/6b3c63b0-f461-4e9c-a2c2-006f734c5b41.kml,2023-02-16,swd_vulnerable_kgis,"WARD_NAME=Sri Ramamandir; WARDNO=108; LocationName=Sri Rammandir, Gubbanna Industrial Estate; KGISFVLID=126; ZONE=West; coordinates=77.5592970002844,12.987563999594 [OBJECTID 126]",12.98756399,77.55929700,,point,source_date is the OpenCity dataset creation date; the underlying BBMP list is 2020-21 vintage
Shivaganga layout,"Vijnana Nagar (ward 81), Mahadevapura zone","BBMP/KSRSAC Map of Locations Vulnerable to Flooding in Bengaluru (KML, OpenCity)",https://data.opencity.in/dataset/b03218ea-4b7c-4fa9-ab67-b9054d7ecc4c/resource/a7d8a01f-1fbc-41e1-85f0-f15ea16b2d27/download/6b3c63b0-f461-4e9c-a2c2-006f734c5b41.kml,2023-02-16,swd_vulnerable_kgis,"WARD_NAME=Vijnana Nagar; WARDNO=81; LocationName=Shivaganga layout; KGISFVLID=127; ZONE=Mahadevapura; coordinates=77.6902780000745,12.9888890003729 [OBJECTID 127]",12.98888900,77.69027800,,point,source_date is the OpenCity dataset creation date; the underlying BBMP list is 2020-21 vintage
Pai Layout,"A Narayanapura (ward 56), Mahadevapura zone","BBMP/KSRSAC Map of Locations Vulnerable to Flooding in Bengaluru (KML, OpenCity)",https://data.opencity.in/dataset/b03218ea-4b7c-4fa9-ab67-b9054d7ecc4c/resource/a7d8a01f-1fbc-41e1-85f0-f15ea16b2d27/download/6b3c63b0-f461-4e9c-a2c2-006f734c5b41.kml,2023-02-16,swd_vulnerable_kgis,"WARD_NAME=A Narayanapura; WARDNO=56; LocationName=Pai Layout; KGISFVLID=128; ZONE=Mahadevapura; coordinates=77.6683329996398,12.990277999831 [OBJECTID 128]",12.99027799,77.66833299,,point,source_date is the OpenCity dataset creation date; the underlying BBMP list is 2020-21 vintage
Netaji ground & Saneguruvanalli,"Basaveshwaranagar (ward 100), West zone","BBMP/KSRSAC Map of Locations Vulnerable to Flooding in Bengaluru (KML, OpenCity)",https://data.opencity.in/dataset/b03218ea-4b7c-4fa9-ab67-b9054d7ecc4c/resource/a7d8a01f-1fbc-41e1-85f0-f15ea16b2d27/download/6b3c63b0-f461-4e9c-a2c2-006f734c5b41.kml,2023-02-16,swd_vulnerable_kgis,"WARD_NAME=Basaveshwaranagar; WARDNO=100; LocationName=Netaji ground & Saneguruvanalli; KGISFVLID=129; ZONE=West; coordinates=77.5440499997635,12.990871999651 [OBJECTID 129]",12.99087199,77.54404999,,point,source_date is the OpenCity dataset creation date; the underlying BBMP list is 2020-21 vintage
Near summanahalli bridge (up stream),"Vrisabhavathi Nagar (ward 102), West zone","BBMP/KSRSAC Map of Locations Vulnerable to Flooding in Bengaluru (KML, OpenCity)",https://data.opencity.in/dataset/b03218ea-4b7c-4fa9-ab67-b9054d7ecc4c/resource/a7d8a01f-1fbc-41e1-85f0-f15ea16b2d27/download/6b3c63b0-f461-4e9c-a2c2-006f734c5b41.kml,2023-02-16,swd_vulnerable_kgis,"WARD_NAME=Vrisabhavathi Nagar; WARDNO=102; LocationName=Near summanahalli bridge (up stream); KGISFVLID=130; ZONE=West; coordinates=77.5214369999444,12.9912430000379 [OBJECTID 130]",12.99124300,77.52143699,,point,source_date is the OpenCity dataset creation date; the underlying BBMP list is 2020-21 vintage
Near Mantri Mall bridge,"Subhash Nagar (ward 95), West zone","BBMP/KSRSAC Map of Locations Vulnerable to Flooding in Bengaluru (KML, OpenCity)",https://data.opencity.in/dataset/b03218ea-4b7c-4fa9-ab67-b9054d7ecc4c/resource/a7d8a01f-1fbc-41e1-85f0-f15ea16b2d27/download/6b3c63b0-f461-4e9c-a2c2-006f734c5b41.kml,2023-02-16,swd_vulnerable_kgis,"WARD_NAME=Subhash Nagar; WARDNO=95; LocationName=Near Mantri Mall bridge; KGISFVLID=131; ZONE=West; coordinates=77.5705640000386,12.9913279999354 [OBJECTID 131]",12.99132799,77.57056400,,point,source_date is the OpenCity dataset creation date; the underlying BBMP list is 2020-21 vintage
Hoodi,"Garudachar Palya (ward 82), Mahadevapura zone","BBMP/KSRSAC Map of Locations Vulnerable to Flooding in Bengaluru (KML, OpenCity)",https://data.opencity.in/dataset/b03218ea-4b7c-4fa9-ab67-b9054d7ecc4c/resource/a7d8a01f-1fbc-41e1-85f0-f15ea16b2d27/download/6b3c63b0-f461-4e9c-a2c2-006f734c5b41.kml,2023-02-16,swd_vulnerable_kgis,"WARD_NAME=Garudachar Palya; WARDNO=82; LocationName=Hoodi; KGISFVLID=132; ZONE=Mahadevapura; coordinates=77.7181370002738,12.9920149996462 [OBJECTID 132]",12.99201499,77.71813700,,point,source_date is the OpenCity dataset creation date; the underlying BBMP list is 2020-21 vintage
Prakashnagar Near Mudalayar Choultry,"Prakash Nagar (ward 98), West zone","BBMP/KSRSAC Map of Locations Vulnerable to Flooding in Bengaluru (KML, OpenCity)",https://data.opencity.in/dataset/b03218ea-4b7c-4fa9-ab67-b9054d7ecc4c/resource/a7d8a01f-1fbc-41e1-85f0-f15ea16b2d27/download/6b3c63b0-f461-4e9c-a2c2-006f734c5b41.kml,2023-02-16,swd_vulnerable_kgis,"WARD_NAME=Prakash Nagar; WARDNO=98; LocationName=Prakashnagar Near Mudalayar Choultry; KGISFVLID=133; ZONE=West; coordinates=77.557166999634,12.9934829997549 [OBJECTID 133]",12.99348299,77.55716699,,point,source_date is the OpenCity dataset creation date; the underlying BBMP list is 2020-21 vintage
Railway parallel road Sadanadanagar,"Benniganahalli (ward 50), East zone","BBMP/KSRSAC Map of Locations Vulnerable to Flooding in Bengaluru (KML, OpenCity)",https://data.opencity.in/dataset/b03218ea-4b7c-4fa9-ab67-b9054d7ecc4c/resource/a7d8a01f-1fbc-41e1-85f0-f15ea16b2d27/download/6b3c63b0-f461-4e9c-a2c2-006f734c5b41.kml,2023-02-16,swd_vulnerable_kgis,"WARD_NAME=Benniganahalli; WARDNO=50; LocationName=Railway parallel road Sadanadanagar; KGISFVLID=134; ZONE=East; coordinates=77.6588889998819,12.9947220001824 [OBJECTID 134]",12.99472200,77.65888899,,point,source_date is the OpenCity dataset creation date; the underlying BBMP list is 2020-21 vintage
Maheshwari nagar,"Garudachar Palya (ward 82), Mahadevapura zone","BBMP/KSRSAC Map of Locations Vulnerable to Flooding in Bengaluru (KML, OpenCity)",https://data.opencity.in/dataset/b03218ea-4b7c-4fa9-ab67-b9054d7ecc4c/resource/a7d8a01f-1fbc-41e1-85f0-f15ea16b2d27/download/6b3c63b0-f461-4e9c-a2c2-006f734c5b41.kml,2023-02-16,swd_vulnerable_kgis,"WARD_NAME=Garudachar Palya; WARDNO=82; LocationName=Maheshwari nagar; KGISFVLID=135; ZONE=Mahadevapura; coordinates=77.6928709998418,12.9949200004422 [OBJECTID 135]",12.99492000,77.69287099,,point,source_date is the OpenCity dataset creation date; the underlying BBMP list is 2020-21 vintage
"Link Road, Malleshwaram","Dattatreya Temple (ward 77), West zone","BBMP/KSRSAC Map of Locations Vulnerable to Flooding in Bengaluru (KML, OpenCity)",https://data.opencity.in/dataset/b03218ea-4b7c-4fa9-ab67-b9054d7ecc4c/resource/a7d8a01f-1fbc-41e1-85f0-f15ea16b2d27/download/6b3c63b0-f461-4e9c-a2c2-006f734c5b41.kml,2023-02-16,swd_vulnerable_kgis,"WARD_NAME=Dattatreya Temple; WARDNO=77; LocationName=Link Road, Malleshwaram; KGISFVLID=136; ZONE=West; coordinates=77.5733829999703,12.9960140000966 [OBJECTID 136]",12.99601400,77.57338299,,point,source_date is the OpenCity dataset creation date; the underlying BBMP list is 2020-21 vintage
Syndicate Layout beside park,"Herohalli (ward 72), RR Nagar zone","BBMP/KSRSAC Map of Locations Vulnerable to Flooding in Bengaluru (KML, OpenCity)",https://data.opencity.in/dataset/b03218ea-4b7c-4fa9-ab67-b9054d7ecc4c/resource/a7d8a01f-1fbc-41e1-85f0-f15ea16b2d27/download/6b3c63b0-f461-4e9c-a2c2-006f734c5b41.kml,2023-02-16,swd_vulnerable_kgis,"WARD_NAME=Herohalli; WARDNO=72; LocationName=Syndicate Layout beside park; KGISFVLID=137; ZONE=RR Nagar; coordinates=77.4881040000855,12.9964130000207 [OBJECTID 137]",12.99641300,77.48810400,,point,source_date is the OpenCity dataset creation date; the underlying BBMP list is 2020-21 vintage
"Guttahalli Circle, Malleshwaram","Dattatreya Temple (ward 77), West zone","BBMP/KSRSAC Map of Locations Vulnerable to Flooding in Bengaluru (KML, OpenCity)",https://data.opencity.in/dataset/b03218ea-4b7c-4fa9-ab67-b9054d7ecc4c/resource/a7d8a01f-1fbc-41e1-85f0-f15ea16b2d27/download/6b3c63b0-f461-4e9c-a2c2-006f734c5b41.kml,2023-02-16,swd_vulnerable_kgis,"WARD_NAME=Dattatreya Temple; WARDNO=77; LocationName=Guttahalli Circle, Malleshwaram; KGISFVLID=138; ZONE=West; coordinates=77.5780420000429,12.9974140000488 [OBJECTID 138]",12.99741400,77.57804200,,point,source_date is the OpenCity dataset creation date; the underlying BBMP list is 2020-21 vintage
Near by 2nd Cross Ring Road,"Dattatreya Temple (ward 77), West zone","BBMP/KSRSAC Map of Locations Vulnerable to Flooding in Bengaluru (KML, OpenCity)",https://data.opencity.in/dataset/b03218ea-4b7c-4fa9-ab67-b9054d7ecc4c/resource/a7d8a01f-1fbc-41e1-85f0-f15ea16b2d27/download/6b3c63b0-f461-4e9c-a2c2-006f734c5b41.kml,2023-02-16,swd_vulnerable_kgis,"WARD_NAME=Dattatreya Temple; WARDNO=77; LocationName=Near by 2nd Cross Ring Road; KGISFVLID=139; ZONE=West; coordinates=77.5731080003203,12.9976689998968 [OBJECTID 139]",12.99766899,77.57310800,,point,source_date is the OpenCity dataset creation date; the underlying BBMP list is 2020-21 vintage
Pillappanakatte valley (KTG Roads to DWCC),"Kottegepalya (ward 73), Dasarahalli zone","BBMP/KSRSAC Map of Locations Vulnerable to Flooding in Bengaluru (KML, OpenCity)",https://data.opencity.in/dataset/b03218ea-4b7c-4fa9-ab67-b9054d7ecc4c/resource/a7d8a01f-1fbc-41e1-85f0-f15ea16b2d27/download/6b3c63b0-f461-4e9c-a2c2-006f734c5b41.kml,2023-02-16,swd_vulnerable_kgis,"WARD_NAME=Kottegepalya; WARDNO=73; LocationName=Pillappanakatte valley (KTG Roads to DWCC); KGISFVLID=140; ZONE=Dasarahalli; coordinates=77.5167400001607,12.998219999936 [OBJECTID 140]",12.99821999,77.51674000,,point,source_date is the OpenCity dataset creation date; the underlying BBMP list is 2020-21 vintage
1st main road bridge down stream,"Shankar Matt (ward 75), West zone","BBMP/KSRSAC Map of Locations Vulnerable to Flooding in Bengaluru (KML, OpenCity)",https://data.opencity.in/dataset/b03218ea-4b7c-4fa9-ab67-b9054d7ecc4c/resource/a7d8a01f-1fbc-41e1-85f0-f15ea16b2d27/download/6b3c63b0-f461-4e9c-a2c2-006f734c5b41.kml,2023-02-16,swd_vulnerable_kgis,"WARD_NAME=Shankar Matt; WARDNO=75; LocationName=1st main road bridge down stream; KGISFVLID=141; ZONE=West; coordinates=77.5278780003759,13.0010000003161 [OBJECTID 141]",13.00100000,77.52787800,,point,source_date is the OpenCity dataset creation date; the underlying BBMP list is 2020-21 vintage
Lavakushanagara to Vrishabhavathi Valley,"Rajagopal Nagar (ward 70), Dasarahalli zone","BBMP/KSRSAC Map of Locations Vulnerable to Flooding in Bengaluru (KML, OpenCity)",https://data.opencity.in/dataset/b03218ea-4b7c-4fa9-ab67-b9054d7ecc4c/resource/a7d8a01f-1fbc-41e1-85f0-f15ea16b2d27/download/6b3c63b0-f461-4e9c-a2c2-006f734c5b41.kml,2023-02-16,swd_vulnerable_kgis,"WARD_NAME=Rajagopal Nagar; WARDNO=70; LocationName=Lavakushanagara to Vrishabhavathi Valley; KGISFVLID=142; ZONE=Dasarahalli; coordinates=77.5164540000044,13.0015319999151 [OBJECTID 142]",13.00153199,77.51645400,,point,source_date is the OpenCity dataset creation date; the underlying BBMP list is 2020-21 vintage
Jai Maruthi nagar and Nandini layout bridge ( up and down stream),"Shankar Matt (ward 75), West zone","BBMP/KSRSAC Map of Locations Vulnerable to Flooding in Bengaluru (KML, OpenCity)",https://data.opencity.in/dataset/b03218ea-4b7c-4fa9-ab67-b9054d7ecc4c/resource/a7d8a01f-1fbc-41e1-85f0-f15ea16b2d27/download/6b3c63b0-f461-4e9c-a2c2-006f734c5b41.kml,2023-02-16,swd_vulnerable_kgis,"WARD_NAME=Shankar Matt; WARDNO=75; LocationName=Jai Maruthi nagar and Nandini layout bridge ( up and down stream); KGISFVLID=143; ZONE=West; coordinates=77.5325529996695,13.0017559998102 [OBJECTID 143]",13.00175599,77.53255299,,point,source_date is the OpenCity dataset creation date; the underlying BBMP list is 2020-21 vintage
Munikrishnappa layout area of Kaveripura,"Kadu Malleshwar (ward 65), West zone","BBMP/KSRSAC Map of Locations Vulnerable to Flooding in Bengaluru (KML, OpenCity)",https://data.opencity.in/dataset/b03218ea-4b7c-4fa9-ab67-b9054d7ecc4c/resource/a7d8a01f-1fbc-41e1-85f0-f15ea16b2d27/download/6b3c63b0-f461-4e9c-a2c2-006f734c5b41.kml,2023-02-16,swd_vulnerable_kgis,"WARD_NAME=Kadu Malleshwar; WARDNO=65; LocationName=Munikrishnappa layout area of Kaveripura; KGISFVLID=144; ZONE=West; coordinates=77.5636110003156,13.0033059997124 [OBJECTID 144]",13.00330599,77.56361100,,point,source_date is the OpenCity dataset creation date; the underlying BBMP list is 2020-21 vintage
Sandeep bar,"Shankar Matt (ward 75), West zone","BBMP/KSRSAC Map of Locations Vulnerable to Flooding in Bengaluru (KML, OpenCity)",https://data.opencity.in/dataset/b03218ea-4b7c-4fa9-ab67-b9054d7ecc4c/resource/a7d8a01f-1fbc-41e1-85f0-f15ea16b2d27/download/6b3c63b0-f461-4e9c-a2c2-006f734c5b41.kml,2023-02-16,swd_vulnerable_kgis,"WARD_NAME=Shankar Matt; WARDNO=75; LocationName=Sandeep bar; KGISFVLID=145; ZONE=West; coordinates=77.5290469997468,13.0035669996389 [OBJECTID 145]",13.00356699,77.52904699,,point,source_date is the OpenCity dataset creation date; the underlying BBMP list is 2020-21 vintage
Kemegowda bridge,"Laggere (ward 69), West zone","BBMP/KSRSAC Map of Locations Vulnerable to Flooding in Bengaluru (KML, OpenCity)",https://data.opencity.in/dataset/b03218ea-4b7c-4fa9-ab67-b9054d7ecc4c/resource/a7d8a01f-1fbc-41e1-85f0-f15ea16b2d27/download/6b3c63b0-f461-4e9c-a2c2-006f734c5b41.kml,2023-02-16,swd_vulnerable_kgis,"WARD_NAME=Laggere; WARDNO=69; LocationName=Kemegowda bridge; KGISFVLID=146; ZONE=West; coordinates=77.5294920002743,13.0041169998666 [OBJECTID 146]",13.00411699,77.52949200,,point,source_date is the OpenCity dataset creation date; the underlying BBMP list is 2020-21 vintage
17th and 19th main in Kamalanagar,"Laggere (ward 69), West zone","BBMP/KSRSAC Map of Locations Vulnerable to Flooding in Bengaluru (KML, OpenCity)",https://data.opencity.in/dataset/b03218ea-4b7c-4fa9-ab67-b9054d7ecc4c/resource/a7d8a01f-1fbc-41e1-85f0-f15ea16b2d27/download/6b3c63b0-f461-4e9c-a2c2-006f734c5b41.kml,2023-02-16,swd_vulnerable_kgis,"WARD_NAME=Laggere; WARDNO=69; LocationName=17th and 19th main in Kamalanagar; KGISFVLID=147; ZONE=West; coordinates=77.5293170001005,13.0041750002618 [OBJECTID 147]",13.00417500,77.52931700,,point,source_date is the OpenCity dataset creation date; the underlying BBMP list is 2020-21 vintage
Laggere 40-vent Bridge,"Laggere (ward 69), West zone","BBMP/KSRSAC Map of Locations Vulnerable to Flooding in Bengaluru (KML, OpenCity)",https://data.opencity.in/dataset/b03218ea-4b7c-4fa9-ab67-b9054d7ecc4c/resource/a7d8a01f-1fbc-41e1-85f0-f15ea16b2d27/download/6b3c63b0-f461-4e9c-a2c2-006f734c5b41.kml,2023-02-16,swd_vulnerable_kgis,"WARD_NAME=Laggere; WARDNO=69; LocationName=Laggere 40-vent Bridge; KGISFVLID=148; ZONE=West; coordinates=77.5290939999229,13.0044060003846 [OBJECTID 148]",13.00440600,77.52909399,,point,source_date is the OpenCity dataset creation date; the underlying BBMP list is 2020-21 vintage
Nandini Layout Junction,"Nandini Layout (ward 43), West zone","BBMP/KSRSAC Map of Locations Vulnerable to Flooding in Bengaluru (KML, OpenCity)",https://data.opencity.in/dataset/b03218ea-4b7c-4fa9-ab67-b9054d7ecc4c/resource/a7d8a01f-1fbc-41e1-85f0-f15ea16b2d27/download/6b3c63b0-f461-4e9c-a2c2-006f734c5b41.kml,2023-02-16,swd_vulnerable_kgis,"WARD_NAME=Nandini Layout; WARDNO=43; LocationName=Nandini Layout Junction; KGISFVLID=149; ZONE=West; coordinates=77.5300419997567,13.0058639995654 [OBJECTID 149]",13.00586399,77.53004199,,point,source_date is the OpenCity dataset creation date; the underlying BBMP list is 2020-21 vintage
RR layout & Ambedkar Nagar,"Vijnanapura (ward 51), Mahadevapura zone","BBMP/KSRSAC Map of Locations Vulnerable to Flooding in Bengaluru (KML, OpenCity)",https://data.opencity.in/dataset/b03218ea-4b7c-4fa9-ab67-b9054d7ecc4c/resource/a7d8a01f-1fbc-41e1-85f0-f15ea16b2d27/download/6b3c63b0-f461-4e9c-a2c2-006f734c5b41.kml,2023-02-16,swd_vulnerable_kgis,"WARD_NAME=Vijnanapura; WARDNO=51; LocationName=RR layout & Ambedkar Nagar; KGISFVLID=150; ZONE=Mahadevapura; coordinates=77.6722220004205,13.0066670000632 [OBJECTID 150]",13.00666700,77.67222200,,point,source_date is the OpenCity dataset creation date; the underlying BBMP list is 2020-21 vintage
Devasandra (Nethravathi Badavane),"Devasandra (ward 55), Mahadevapura zone","BBMP/KSRSAC Map of Locations Vulnerable to Flooding in Bengaluru (KML, OpenCity)",https://data.opencity.in/dataset/b03218ea-4b7c-4fa9-ab67-b9054d7ecc4c/resource/a7d8a01f-1fbc-41e1-85f0-f15ea16b2d27/download/6b3c63b0-f461-4e9c-a2c2-006f734c5b41.kml,2023-02-16,swd_vulnerable_kgis,"WARD_NAME=Devasandra; WARDNO=55; LocationName=Devasandra (Nethravathi Badavane); KGISFVLID=151; ZONE=Mahadevapura; coordinates=77.6963890001064,13.0066669998917 [OBJECTID 151]",13.00666699,77.69638900,,point,source_date is the OpenCity dataset creation date; the underlying BBMP list is 2020-21 vintage
Kalyananagar,"Kammanahalli (ward 28), East zone","BBMP/KSRSAC Map of Locations Vulnerable to Flooding in Bengaluru (KML, OpenCity)",https://data.opencity.in/dataset/b03218ea-4b7c-4fa9-ab67-b9054d7ecc4c/resource/a7d8a01f-1fbc-41e1-85f0-f15ea16b2d27/download/6b3c63b0-f461-4e9c-a2c2-006f734c5b41.kml,2023-02-16,swd_vulnerable_kgis,"WARD_NAME=Kammanahalli; WARDNO=28; LocationName=Kalyananagar; KGISFVLID=152; ZONE=East; coordinates=77.6369440003274,13.0088889996928 [OBJECTID 152]",13.00888899,77.63694400,,point,source_date is the OpenCity dataset creation date; the underlying BBMP list is 2020-21 vintage
Near ward office ( circular road),"Nandini Layout (ward 43), West zone","BBMP/KSRSAC Map of Locations Vulnerable to Flooding in Bengaluru (KML, OpenCity)",https://data.opencity.in/dataset/b03218ea-4b7c-4fa9-ab67-b9054d7ecc4c/resource/a7d8a01f-1fbc-41e1-85f0-f15ea16b2d27/download/6b3c63b0-f461-4e9c-a2c2-006f734c5b41.kml,2023-02-16,swd_vulnerable_kgis,"WARD_NAME=Nandini Layout; WARDNO=43; LocationName=Near ward office ( circular road); KGISFVLID=153; ZONE=West; coordinates=77.5355280001312,13.0095110001703 [OBJECTID 153]",13.00951100,77.53552800,,point,source_date is the OpenCity dataset creation date; the underlying BBMP list is 2020-21 vintage
Back of Presidency school,"Nandini Layout (ward 43), West zone","BBMP/KSRSAC Map of Locations Vulnerable to Flooding in Bengaluru (KML, OpenCity)",https://data.opencity.in/dataset/b03218ea-4b7c-4fa9-ab67-b9054d7ecc4c/resource/a7d8a01f-1fbc-41e1-85f0-f15ea16b2d27/download/6b3c63b0-f461-4e9c-a2c2-006f734c5b41.kml,2023-02-16,swd_vulnerable_kgis,"WARD_NAME=Nandini Layout; WARDNO=43; LocationName=Back of Presidency school; KGISFVLID=154; ZONE=West; coordinates=77.5355280001312,13.0095110001703 [OBJECTID 154]",13.00951100,77.53552800,,point,source_date is the OpenCity dataset creation date; the underlying BBMP list is 2020-21 vintage
3rd circular road Nandini layout,"Nandini Layout (ward 43), West zone","BBMP/KSRSAC Map of Locations Vulnerable to Flooding in Bengaluru (KML, OpenCity)",https://data.opencity.in/dataset/b03218ea-4b7c-4fa9-ab67-b9054d7ecc4c/resource/a7d8a01f-1fbc-41e1-85f0-f15ea16b2d27/download/6b3c63b0-f461-4e9c-a2c2-006f734c5b41.kml,2023-02-16,swd_vulnerable_kgis,"WARD_NAME=Nandini Layout; WARDNO=43; LocationName=3rd circular road Nandini layout; KGISFVLID=155; ZONE=West; coordinates=77.5355280001312,13.0095110001703 [OBJECTID 155]",13.00951100,77.53552800,,point,source_date is the OpenCity dataset creation date; the underlying BBMP list is 2020-21 vintage
ITI Layout,"Vijnanapura (ward 51), Mahadevapura zone","BBMP/KSRSAC Map of Locations Vulnerable to Flooding in Bengaluru (KML, OpenCity)",https://data.opencity.in/dataset/b03218ea-4b7c-4fa9-ab67-b9054d7ecc4c/resource/a7d8a01f-1fbc-41e1-85f0-f15ea16b2d27/download/6b3c63b0-f461-4e9c-a2c2-006f734c5b41.kml,2023-02-16,swd_vulnerable_kgis,"WARD_NAME=Vijnanapura; WARDNO=51; LocationName=ITI Layout; KGISFVLID=156; ZONE=Mahadevapura; coordinates=77.6802779998802,13.0105559999868 [OBJECTID 156]",13.01055599,77.68027799,,point,source_date is the OpenCity dataset creation date; the underlying BBMP list is 2020-21 vintage
Ambedkar Nagar near Ramamurthy Nagar,"K R Puram (ward 52), Mahadevapura zone","BBMP/KSRSAC Map of Locations Vulnerable to Flooding in Bengaluru (KML, OpenCity)",https://data.opencity.in/dataset/b03218ea-4b7c-4fa9-ab67-b9054d7ecc4c/resource/a7d8a01f-1fbc-41e1-85f0-f15ea16b2d27/download/6b3c63b0-f461-4e9c-a2c2-006f734c5b41.kml,2023-02-16,swd_vulnerable_kgis,"WARD_NAME=K R Puram; WARDNO=52; LocationName=Ambedkar Nagar near Ramamurthy Nagar; KGISFVLID=157; ZONE=Mahadevapura; coordinates=77.6813890003321,13.0108329998322 [OBJECTID 157]",13.01083299,77.68138900,,point,source_date is the OpenCity dataset creation date; the underlying BBMP list is 2020-21 vintage
Down stream of Aggere bridge (Sakamma badavane),"Nandini Layout (ward 43), West zone","BBMP/KSRSAC Map of Locations Vulnerable to Flooding in Bengaluru (KML, OpenCity)",https://data.opencity.in/dataset/b03218ea-4b7c-4fa9-ab67-b9054d7ecc4c/resource/a7d8a01f-1fbc-41e1-85f0-f15ea16b2d27/download/6b3c63b0-f461-4e9c-a2c2-006f734c5b41.kml,2023-02-16,swd_vulnerable_kgis,"WARD_NAME=Nandini Layout; WARDNO=43; LocationName=Down stream of Aggere bridge (Sakamma badavane); KGISFVLID=158; ZONE=West; coordinates=77.5280640003205,13.0109529999659 [OBJECTID 158]",13.01095299,77.52806400,,point,source_date is the OpenCity dataset creation date; the underlying BBMP list is 2020-21 vintage
Koudenahalli (Ramamurthy Nagar main road),"Vijnanapura (ward 51), Mahadevapura zone","BBMP/KSRSAC Map of Locations Vulnerable to Flooding in Bengaluru (KML, OpenCity)",https://data.opencity.in/dataset/b03218ea-4b7c-4fa9-ab67-b9054d7ecc4c/resource/a7d8a01f-1fbc-41e1-85f0-f15ea16b2d27/download/6b3c63b0-f461-4e9c-a2c2-006f734c5b41.kml,2023-02-16,swd_vulnerable_kgis,"WARD_NAME=Vijnanapura; WARDNO=51; LocationName=Koudenahalli (Ramamurthy Nagar main road); KGISFVLID=159; ZONE=Mahadevapura; coordinates=77.6791670000031,13.0113890001174 [OBJECTID 159]",13.01138900,77.67916700,,point,source_date is the OpenCity dataset creation date; the underlying BBMP list is 2020-21 vintage
Government School & Durgalamma Temple,"Rajagopal Nagar (ward 70), Dasarahalli zone","BBMP/KSRSAC Map of Locations Vulnerable to Flooding in Bengaluru (KML, OpenCity)",https://data.opencity.in/dataset/b03218ea-4b7c-4fa9-ab67-b9054d7ecc4c/resource/a7d8a01f-1fbc-41e1-85f0-f15ea16b2d27/download/6b3c63b0-f461-4e9c-a2c2-006f734c5b41.kml,2023-02-16,swd_vulnerable_kgis,"WARD_NAME=Rajagopal Nagar; WARDNO=70; LocationName=Government School & Durgalamma Temple; KGISFVLID=160; ZONE=Dasarahalli; coordinates=77.5117799998828,13.0126399999882 [OBJECTID 160]",13.01263999,77.51177999,,point,source_date is the OpenCity dataset creation date; the underlying BBMP list is 2020-21 vintage
NRI layout,"Rammurthynagar (ward 26), Mahadevapura zone","BBMP/KSRSAC Map of Locations Vulnerable to Flooding in Bengaluru (KML, OpenCity)",https://data.opencity.in/dataset/b03218ea-4b7c-4fa9-ab67-b9054d7ecc4c/resource/a7d8a01f-1fbc-41e1-85f0-f15ea16b2d27/download/6b3c63b0-f461-4e9c-a2c2-006f734c5b41.kml,2023-02-16,swd_vulnerable_kgis,"WARD_NAME=Rammurthynagar; WARDNO=26; LocationName=NRI layout; KGISFVLID=161; ZONE=Mahadevapura; coordinates=77.6788889999928,13.0127779998621 [OBJECTID 161]",13.01277799,77.67888899,,point,source_date is the OpenCity dataset creation date; the underlying BBMP list is 2020-21 vintage
Near Yashavanthpur TTMC,"Malleshwaram (ward 45), West zone","BBMP/KSRSAC Map of Locations Vulnerable to Flooding in Bengaluru (KML, OpenCity)",https://data.opencity.in/dataset/b03218ea-4b7c-4fa9-ab67-b9054d7ecc4c/resource/a7d8a01f-1fbc-41e1-85f0-f15ea16b2d27/download/6b3c63b0-f461-4e9c-a2c2-006f734c5b41.kml,2023-02-16,swd_vulnerable_kgis,"WARD_NAME=Malleshwaram; WARDNO=45; LocationName=Near Yashavanthpur TTMC; KGISFVLID=162; ZONE=West; coordinates=77.5613889997101,13.0128949999045 [OBJECTID 162]",13.01289499,77.56138899,,point,source_date is the OpenCity dataset creation date; the underlying BBMP list is 2020-21 vintage
Hoysala nagar in Hormavu,"Horamavu (ward 25), Mahadevapura zone","BBMP/KSRSAC Map of Locations Vulnerable to Flooding in Bengaluru (KML, OpenCity)",https://data.opencity.in/dataset/b03218ea-4b7c-4fa9-ab67-b9054d7ecc4c/resource/a7d8a01f-1fbc-41e1-85f0-f15ea16b2d27/download/6b3c63b0-f461-4e9c-a2c2-006f734c5b41.kml,2023-02-16,swd_vulnerable_kgis,"WARD_NAME=Horamavu; WARDNO=25; LocationName=Hoysala nagar in Hormavu; KGISFVLID=163; ZONE=Mahadevapura; coordinates=77.6655560003485,13.0186110004055 [OBJECTID 163]",13.01861100,77.66555600,,point,source_date is the OpenCity dataset creation date; the underlying BBMP list is 2020-21 vintage
HRBR Lyt,"Kacharakanahalli (ward 29), East zone","BBMP/KSRSAC Map of Locations Vulnerable to Flooding in Bengaluru (KML, OpenCity)",https://data.opencity.in/dataset/b03218ea-4b7c-4fa9-ab67-b9054d7ecc4c/resource/a7d8a01f-1fbc-41e1-85f0-f15ea16b2d27/download/6b3c63b0-f461-4e9c-a2c2-006f734c5b41.kml,2023-02-16,swd_vulnerable_kgis,"WARD_NAME=Kacharakanahalli; WARDNO=29; LocationName=HRBR Lyt; KGISFVLID=164; ZONE=East; coordinates=77.6347219997556,13.0188889999146 [OBJECTID 164]",13.01888899,77.63472199,,point,source_date is the OpenCity dataset creation date; the underlying BBMP list is 2020-21 vintage
Jala Dharshani Layout of Hebbal,"Ganganagar (ward 20), East zone","BBMP/KSRSAC Map of Locations Vulnerable to Flooding in Bengaluru (KML, OpenCity)",https://data.opencity.in/dataset/b03218ea-4b7c-4fa9-ab67-b9054d7ecc4c/resource/a7d8a01f-1fbc-41e1-85f0-f15ea16b2d27/download/6b3c63b0-f461-4e9c-a2c2-006f734c5b41.kml,2023-02-16,swd_vulnerable_kgis,"WARD_NAME=Ganganagar; WARDNO=20; LocationName=Jala Dharshani Layout of Hebbal; KGISFVLID=165; ZONE=East; coordinates=77.5824999999099,13.0247220002418 [OBJECTID 165]",13.02472200,77.58249999,,point,source_date is the OpenCity dataset creation date; the underlying BBMP list is 2020-21 vintage
Vasanthappa block  Hebbal,"Ganganagar (ward 20), East zone","BBMP/KSRSAC Map of Locations Vulnerable to Flooding in Bengaluru (KML, OpenCity)",https://data.opencity.in/dataset/b03218ea-4b7c-4fa9-ab67-b9054d7ecc4c/resource/a7d8a01f-1fbc-41e1-85f0-f15ea16b2d27/download/6b3c63b0-f461-4e9c-a2c2-006f734c5b41.kml,2023-02-16,swd_vulnerable_kgis,"WARD_NAME=Ganganagar; WARDNO=20; LocationName=Vasanthappa block  Hebbal; KGISFVLID=166; ZONE=East; coordinates=77.5846359999877,13.0297769996971 [OBJECTID 166]",13.02977699,77.58463599,,point,source_date is the OpenCity dataset creation date; the underlying BBMP list is 2020-21 vintage
Peenya industrial  area 3rd phase 1st  main road,"HMT (ward 38), RR Nagar zone","BBMP/KSRSAC Map of Locations Vulnerable to Flooding in Bengaluru (KML, OpenCity)",https://data.opencity.in/dataset/b03218ea-4b7c-4fa9-ab67-b9054d7ecc4c/resource/a7d8a01f-1fbc-41e1-85f0-f15ea16b2d27/download/6b3c63b0-f461-4e9c-a2c2-006f734c5b41.kml,2023-02-16,swd_vulnerable_kgis,"WARD_NAME=HMT; WARDNO=38; LocationName=Peenya industrial  area 3rd phase 1st  main road; KGISFVLID=167; ZONE=RR Nagar; coordinates=77.5201420002763,13.0330969996944 [OBJECTID 167]",13.03309699,77.52014200,,point,source_date is the OpenCity dataset creation date; the underlying BBMP list is 2020-21 vintage
Bhavani nagara Doddabidarakallu,"Dodda Bidarakallu (ward 40), RR Nagar zone","BBMP/KSRSAC Map of Locations Vulnerable to Flooding in Bengaluru (KML, OpenCity)",https://data.opencity.in/dataset/b03218ea-4b7c-4fa9-ab67-b9054d7ecc4c/resource/a7d8a01f-1fbc-41e1-85f0-f15ea16b2d27/download/6b3c63b0-f461-4e9c-a2c2-006f734c5b41.kml,2023-02-16,swd_vulnerable_kgis,"WARD_NAME=Dodda Bidarakallu; WARDNO=40; LocationName=Bhavani nagara Doddabidarakallu; KGISFVLID=168; ZONE=RR Nagar; coordinates=77.4905820000948,13.033173000101 [OBJECTID 168]",13.03317300,77.49058200,,point,source_date is the OpenCity dataset creation date; the underlying BBMP list is 2020-21 vintage
A Block of  Hebbal,"Hebbala (ward 21), East zone","BBMP/KSRSAC Map of Locations Vulnerable to Flooding in Bengaluru (KML, OpenCity)",https://data.opencity.in/dataset/b03218ea-4b7c-4fa9-ab67-b9054d7ecc4c/resource/a7d8a01f-1fbc-41e1-85f0-f15ea16b2d27/download/6b3c63b0-f461-4e9c-a2c2-006f734c5b41.kml,2023-02-16,swd_vulnerable_kgis,"WARD_NAME=Hebbala; WARDNO=21; LocationName=A Block of  Hebbal; KGISFVLID=169; ZONE=East; coordinates=77.5902780004546,13.0333329999155 [OBJECTID 169]",13.03333299,77.59027800,,point,source_date is the OpenCity dataset creation date; the underlying BBMP list is 2020-21 vintage
Low Laying areas of Chamundi nagar of Hebbal,"Hebbala (ward 21), East zone","BBMP/KSRSAC Map of Locations Vulnerable to Flooding in Bengaluru (KML, OpenCity)",https://data.opencity.in/dataset/b03218ea-4b7c-4fa9-ab67-b9054d7ecc4c/resource/a7d8a01f-1fbc-41e1-85f0-f15ea16b2d27/download/6b3c63b0-f461-4e9c-a2c2-006f734c5b41.kml,2023-02-16,swd_vulnerable_kgis,"WARD_NAME=Hebbala; WARDNO=21; LocationName=Low Laying areas of Chamundi nagar of Hebbal; KGISFVLID=170; ZONE=East; coordinates=77.6002779999901,13.0333329997996 [OBJECTID 170]",13.03333299,77.60027799,,point,source_date is the OpenCity dataset creation date; the underlying BBMP list is 2020-21 vintage
Sun Rise colony of Hebbal,"Hebbala (ward 21), East zone","BBMP/KSRSAC Map of Locations Vulnerable to Flooding in Bengaluru (KML, OpenCity)",https://data.opencity.in/dataset/b03218ea-4b7c-4fa9-ab67-b9054d7ecc4c/resource/a7d8a01f-1fbc-41e1-85f0-f15ea16b2d27/download/6b3c63b0-f461-4e9c-a2c2-006f734c5b41.kml,2023-02-16,swd_vulnerable_kgis,"WARD_NAME=Hebbala; WARDNO=21; LocationName=Sun Rise colony of Hebbal; KGISFVLID=171; ZONE=East; coordinates=77.5972219997212,13.0355560000782 [OBJECTID 171]",13.03555600,77.59722199,,point,source_date is the OpenCity dataset creation date; the underlying BBMP list is 2020-21 vintage
Richi's Garden,"Rammurthynagar (ward 26), Mahadevapura zone","BBMP/KSRSAC Map of Locations Vulnerable to Flooding in Bengaluru (KML, OpenCity)",https://data.opencity.in/dataset/b03218ea-4b7c-4fa9-ab67-b9054d7ecc4c/resource/a7d8a01f-1fbc-41e1-85f0-f15ea16b2d27/download/6b3c63b0-f461-4e9c-a2c2-006f734c5b41.kml,2023-02-16,swd_vulnerable_kgis,"WARD_NAME=Rammurthynagar; WARDNO=26; LocationName=Richi's Garden; KGISFVLID=172; ZONE=Mahadevapura; coordinates=77.6811109998455,13.0366669997307 [OBJECTID 172]",13.03666699,77.68111099,,point,source_date is the OpenCity dataset creation date; the underlying BBMP list is 2020-21 vintage
Andanappa layout Doddabidarakallu,"Dodda Bidarakallu (ward 40), RR Nagar zone","BBMP/KSRSAC Map of Locations Vulnerable to Flooding in Bengaluru (KML, OpenCity)",https://data.opencity.in/dataset/b03218ea-4b7c-4fa9-ab67-b9054d7ecc4c/resource/a7d8a01f-1fbc-41e1-85f0-f15ea16b2d27/download/6b3c63b0-f461-4e9c-a2c2-006f734c5b41.kml,2023-02-16,swd_vulnerable_kgis,"WARD_NAME=Dodda Bidarakallu; WARDNO=40; LocationName=Andanappa layout Doddabidarakallu; KGISFVLID=173; ZONE=RR Nagar; coordinates=77.4871170004473,13.0366980002346 [OBJECTID 173]",13.03669800,77.48711700,,point,source_date is the OpenCity dataset creation date; the underlying BBMP list is 2020-21 vintage
Near bescom office Mattikere,"J P Park (ward 17), West zone","BBMP/KSRSAC Map of Locations Vulnerable to Flooding in Bengaluru (KML, OpenCity)",https://data.opencity.in/dataset/b03218ea-4b7c-4fa9-ab67-b9054d7ecc4c/resource/a7d8a01f-1fbc-41e1-85f0-f15ea16b2d27/download/6b3c63b0-f461-4e9c-a2c2-006f734c5b41.kml,2023-02-16,swd_vulnerable_kgis,"WARD_NAME=J P Park; WARDNO=17; LocationName=Near bescom office Mattikere; KGISFVLID=174; ZONE=West; coordinates=77.55670599993,13.0367360000285 [OBJECTID 174]",13.03673600,77.55670599,,point,source_date is the OpenCity dataset creation date; the underlying BBMP list is 2020-21 vintage
HBR Layout,"HBR Layout (ward 24), East zone","BBMP/KSRSAC Map of Locations Vulnerable to Flooding in Bengaluru (KML, OpenCity)",https://data.opencity.in/dataset/b03218ea-4b7c-4fa9-ab67-b9054d7ecc4c/resource/a7d8a01f-1fbc-41e1-85f0-f15ea16b2d27/download/6b3c63b0-f461-4e9c-a2c2-006f734c5b41.kml,2023-02-16,swd_vulnerable_kgis,"WARD_NAME=HBR Layout; WARDNO=24; LocationName=HBR Layout; KGISFVLID=175; ZONE=East; coordinates=77.6380559998534,13.0391669999123 [OBJECTID 175]",13.03916699,77.63805599,,point,source_date is the OpenCity dataset creation date; the underlying BBMP list is 2020-21 vintage
Near Jalahalli Metro station,"HMT (ward 38), RR Nagar zone","BBMP/KSRSAC Map of Locations Vulnerable to Flooding in Bengaluru (KML, OpenCity)",https://data.opencity.in/dataset/b03218ea-4b7c-4fa9-ab67-b9054d7ecc4c/resource/a7d8a01f-1fbc-41e1-85f0-f15ea16b2d27/download/6b3c63b0-f461-4e9c-a2c2-006f734c5b41.kml,2023-02-16,swd_vulnerable_kgis,"WARD_NAME=HMT; WARDNO=38; LocationName=Near Jalahalli Metro station; KGISFVLID=176; ZONE=RR Nagar; coordinates=77.5199260002574,13.0397289999055 [OBJECTID 176]",13.03972899,77.51992600,,point,source_date is the OpenCity dataset creation date; the underlying BBMP list is 2020-21 vintage
Veerannapalya,"Nagavara (ward 23), East zone","BBMP/KSRSAC Map of Locations Vulnerable to Flooding in Bengaluru (KML, OpenCity)",https://data.opencity.in/dataset/b03218ea-4b7c-4fa9-ab67-b9054d7ecc4c/resource/a7d8a01f-1fbc-41e1-85f0-f15ea16b2d27/download/6b3c63b0-f461-4e9c-a2c2-006f734c5b41.kml,2023-02-16,swd_vulnerable_kgis,"WARD_NAME=Nagavara; WARDNO=23; LocationName=Veerannapalya; KGISFVLID=177; ZONE=East; coordinates=77.61222199988,13.0411110003888 [OBJECTID 177]",13.04111100,77.61222199,,point,source_date is the OpenCity dataset creation date; the underlying BBMP list is 2020-21 vintage
Shambhavinagar,,"BBMP/KSRSAC Map of Locations Vulnerable to Flooding in Bengaluru (KML, OpenCity)",https://data.opencity.in/dataset/b03218ea-4b7c-4fa9-ab67-b9054d7ecc4c/resource/a7d8a01f-1fbc-41e1-85f0-f15ea16b2d27/download/6b3c63b0-f461-4e9c-a2c2-006f734c5b41.kml,2023-02-16,swd_vulnerable_kgis,"WARDNO=40; LocationName=Shambhavinagar; KGISFVLID=178; ZONE=Dasarahalli; coordinates=77.4780799999728,13.0413700000185 [OBJECTID 178]",13.04137000,77.47807999,,point,source_date is the OpenCity dataset creation date; the underlying BBMP list is 2020-21 vintage
Veerannapalya drain near Manpho convention center,"Thanisandra (ward 6), Yelahanka zone","BBMP/KSRSAC Map of Locations Vulnerable to Flooding in Bengaluru (KML, OpenCity)",https://data.opencity.in/dataset/b03218ea-4b7c-4fa9-ab67-b9054d7ecc4c/resource/a7d8a01f-1fbc-41e1-85f0-f15ea16b2d27/download/6b3c63b0-f461-4e9c-a2c2-006f734c5b41.kml,2023-02-16,swd_vulnerable_kgis,"WARD_NAME=Thanisandra; WARDNO=6; LocationName=Veerannapalya drain near Manpho convention center; KGISFVLID=179; ZONE=Yelahanka; coordinates=77.6155559996975,13.0424999996035 [OBJECTID 179]",13.04249999,77.61555599,,point,source_date is the OpenCity dataset creation date; the underlying BBMP list is 2020-21 vintage
Near Shani mahathma temple beside Hebbal Flyover,"Byatarayanapura (ward 7), East zone","BBMP/KSRSAC Map of Locations Vulnerable to Flooding in Bengaluru (KML, OpenCity)",https://data.opencity.in/dataset/b03218ea-4b7c-4fa9-ab67-b9054d7ecc4c/resource/a7d8a01f-1fbc-41e1-85f0-f15ea16b2d27/download/6b3c63b0-f461-4e9c-a2c2-006f734c5b41.kml,2023-02-16,swd_vulnerable_kgis,"WARD_NAME=Byatarayanapura; WARDNO=7; LocationName=Near Shani mahathma temple beside Hebbal Flyover; KGISFVLID=180; ZONE=East; coordinates=77.5913889998385,13.0425000003776 [OBJECTID 180]",13.04250000,77.59138899,,point,source_date is the OpenCity dataset creation date; the underlying BBMP list is 2020-21 vintage
Vaddera Palya (Railway track),"Horamavu (ward 25), Mahadevapura zone","BBMP/KSRSAC Map of Locations Vulnerable to Flooding in Bengaluru (KML, OpenCity)",https://data.opencity.in/dataset/b03218ea-4b7c-4fa9-ab67-b9054d7ecc4c/resource/a7d8a01f-1fbc-41e1-85f0-f15ea16b2d27/download/6b3c63b0-f461-4e9c-a2c2-006f734c5b41.kml,2023-02-16,swd_vulnerable_kgis,"WARD_NAME=Horamavu; WARDNO=25; LocationName=Vaddera Palya (Railway track); KGISFVLID=181; ZONE=Mahadevapura; coordinates=77.6447219998583,13.0427780001412 [OBJECTID 181]",13.04277800,77.64472199,,point,source_date is the OpenCity dataset creation date; the underlying BBMP list is 2020-21 vintage
"Kariyannapalya outer ring road, near Varun motors","Byatarayanapura (ward 7), Yelahanka zone","BBMP/KSRSAC Map of Locations Vulnerable to Flooding in Bengaluru (KML, OpenCity)",https://data.opencity.in/dataset/b03218ea-4b7c-4fa9-ab67-b9054d7ecc4c/resource/a7d8a01f-1fbc-41e1-85f0-f15ea16b2d27/download/6b3c63b0-f461-4e9c-a2c2-006f734c5b41.kml,2023-02-16,swd_vulnerable_kgis,"WARD_NAME=Byatarayanapura; WARDNO=7; LocationName=Kariyannapalya outer ring road, near Varun motors; KGISFVLID=182; ZONE=Yelahanka; coordinates=77.5988889997057,13.0430560002637 [OBJECTID 182]",13.04305600,77.59888899,,point,source_date is the OpenCity dataset creation date; the underlying BBMP list is 2020-21 vintage
Nanda gokula,"HBR Layout (ward 24), East zone","BBMP/KSRSAC Map of Locations Vulnerable to Flooding in Bengaluru (KML, OpenCity)",https://data.opencity.in/dataset/b03218ea-4b7c-4fa9-ab67-b9054d7ecc4c/resource/a7d8a01f-1fbc-41e1-85f0-f15ea16b2d27/download/6b3c63b0-f461-4e9c-a2c2-006f734c5b41.kml,2023-02-16,swd_vulnerable_kgis,"WARD_NAME=HBR Layout; WARDNO=24; LocationName=Nanda gokula; KGISFVLID=183; ZONE=East; coordinates=77.6280559999516,13.0436110002171 [OBJECTID 183]",13.04361100,77.62805599,,point,source_date is the OpenCity dataset creation date; the underlying BBMP list is 2020-21 vintage
Kariyannapalya Bridge over flowed ORR,"Byatarayanapura (ward 7), Yelahanka zone","BBMP/KSRSAC Map of Locations Vulnerable to Flooding in Bengaluru (KML, OpenCity)",https://data.opencity.in/dataset/b03218ea-4b7c-4fa9-ab67-b9054d7ecc4c/resource/a7d8a01f-1fbc-41e1-85f0-f15ea16b2d27/download/6b3c63b0-f461-4e9c-a2c2-006f734c5b41.kml,2023-02-16,swd_vulnerable_kgis,"WARD_NAME=Byatarayanapura; WARDNO=7; LocationName=Kariyannapalya Bridge over flowed ORR; KGISFVLID=184; ZONE=Yelahanka; coordinates=77.6002780002857,13.0436109999325 [OBJECTID 184]",13.04361099,77.60027800,,point,source_date is the OpenCity dataset creation date; the underlying BBMP list is 2020-21 vintage
Upstreams of Devinagar (junction of Ring road and railway track)  of Hebbal,"Radhakrishna Temple (ward 18), East zone","BBMP/KSRSAC Map of Locations Vulnerable to Flooding in Bengaluru (KML, OpenCity)",https://data.opencity.in/dataset/b03218ea-4b7c-4fa9-ab67-b9054d7ecc4c/resource/a7d8a01f-1fbc-41e1-85f0-f15ea16b2d27/download/6b3c63b0-f461-4e9c-a2c2-006f734c5b41.kml,2023-02-16,swd_vulnerable_kgis,"WARD_NAME=Radhakrishna Temple; WARDNO=18; LocationName=Upstreams of Devinagar (junction of Ring road and railway track)  of Hebbal; KGISFVLID=185; ZONE=East; coordinates=77.5708330003102,13.0466670000846 [OBJECTID 185]",13.04666700,77.57083300,,point,source_date is the OpenCity dataset creation date; the underlying BBMP list is 2020-21 vintage
Gundappa Layout & Belmar Layout,"Chokkasandra (ward 39), Dasarahalli zone","BBMP/KSRSAC Map of Locations Vulnerable to Flooding in Bengaluru (KML, OpenCity)",https://data.opencity.in/dataset/b03218ea-4b7c-4fa9-ab67-b9054d7ecc4c/resource/a7d8a01f-1fbc-41e1-85f0-f15ea16b2d27/download/6b3c63b0-f461-4e9c-a2c2-006f734c5b41.kml,2023-02-16,swd_vulnerable_kgis,"WARD_NAME=Chokkasandra; WARDNO=39; LocationName=Gundappa Layout & Belmar Layout; KGISFVLID=186; ZONE=Dasarahalli; coordinates=77.500740000131,13.0468099997455 [OBJECTID 186]",13.04680999,77.50074000,,point,source_date is the OpenCity dataset creation date; the underlying BBMP list is 2020-21 vintage
"Manyata tech park, MS Ramaiah north city To element mall","Thanisandra (ward 6), Yelahanka zone","BBMP/KSRSAC Map of Locations Vulnerable to Flooding in Bengaluru (KML, OpenCity)",https://data.opencity.in/dataset/b03218ea-4b7c-4fa9-ab67-b9054d7ecc4c/resource/a7d8a01f-1fbc-41e1-85f0-f15ea16b2d27/download/6b3c63b0-f461-4e9c-a2c2-006f734c5b41.kml,2023-02-16,swd_vulnerable_kgis,"WARD_NAME=Thanisandra; WARDNO=6; LocationName=Manyata tech park, MS Ramaiah north city To element mall; KGISFVLID=187; ZONE=Yelahanka; coordinates=77.6236110002089,13.0472219998923 [OBJECTID 187]",13.04722199,77.62361100,,point,source_date is the OpenCity dataset creation date; the underlying BBMP list is 2020-21 vintage
From Esteem mall beside Dhobi Ghat to Yogesh nagar bridge,"Byatarayanapura (ward 7), Yelahanka zone","BBMP/KSRSAC Map of Locations Vulnerable to Flooding in Bengaluru (KML, OpenCity)",https://data.opencity.in/dataset/b03218ea-4b7c-4fa9-ab67-b9054d7ecc4c/resource/a7d8a01f-1fbc-41e1-85f0-f15ea16b2d27/download/6b3c63b0-f461-4e9c-a2c2-006f734c5b41.kml,2023-02-16,swd_vulnerable_kgis,"WARD_NAME=Byatarayanapura; WARDNO=7; LocationName=From Esteem mall beside Dhobi Ghat to Yogesh nagar bridge; KGISFVLID=188; ZONE=Yelahanka; coordinates=77.5933330000545,13.0472220002583 [OBJECTID 188]",13.04722200,77.59333300,,point,source_date is the OpenCity dataset creation date; the underlying BBMP list is 2020-21 vintage
TATA nagar 8th cross,"Kodigehalli (ward 8), Yelahanka zone","BBMP/KSRSAC Map of Locations Vulnerable to Flooding in Bengaluru (KML, OpenCity)",https://data.opencity.in/dataset/b03218ea-4b7c-4fa9-ab67-b9054d7ecc4c/resource/a7d8a01f-1fbc-41e1-85f0-f15ea16b2d27/download/6b3c63b0-f461-4e9c-a2c2-006f734c5b41.kml,2023-02-16,swd_vulnerable_kgis,"WARD_NAME=Kodigehalli; WARDNO=8; LocationName=TATA nagar 8th cross; KGISFVLID=189; ZONE=Yelahanka; coordinates=77.5716669996158,13.0550000002269 [OBJECTID 189]",13.05500000,77.57166699,,point,source_date is the OpenCity dataset creation date; the underlying BBMP list is 2020-21 vintage
Near Rachanahalli lake inlet,"Thanisandra (ward 6), Yelahanka zone","BBMP/KSRSAC Map of Locations Vulnerable to Flooding in Bengaluru (KML, OpenCity)",https://data.opencity.in/dataset/b03218ea-4b7c-4fa9-ab67-b9054d7ecc4c/resource/a7d8a01f-1fbc-41e1-85f0-f15ea16b2d27/download/6b3c63b0-f461-4e9c-a2c2-006f734c5b41.kml,2023-02-16,swd_vulnerable_kgis,"WARD_NAME=Thanisandra; WARDNO=6; LocationName=Near Rachanahalli lake inlet; KGISFVLID=190; ZONE=Yelahanka; coordinates=77.6147219998168,13.0577779997751 [OBJECTID 190]",13.05777799,77.61472199,,point,source_date is the OpenCity dataset creation date; the underlying BBMP list is 2020-21 vintage
"Aaimatha layout, Mallasandra","Shettihalli (ward 12), Dasarahalli zone","BBMP/KSRSAC Map of Locations Vulnerable to Flooding in Bengaluru (KML, OpenCity)",https://data.opencity.in/dataset/b03218ea-4b7c-4fa9-ab67-b9054d7ecc4c/resource/a7d8a01f-1fbc-41e1-85f0-f15ea16b2d27/download/6b3c63b0-f461-4e9c-a2c2-006f734c5b41.kml,2023-02-16,swd_vulnerable_kgis,"WARD_NAME=Shettihalli; WARDNO=12; LocationName=Aaimatha layout, Mallasandra; KGISFVLID=191; ZONE=Dasarahalli; coordinates=77.5117799995436,13.0606799996662 [OBJECTID 191]",13.06067999,77.51177999,,point,source_date is the OpenCity dataset creation date; the underlying BBMP list is 2020-21 vintage
MEI layout,"Bagalakunte (ward 14), Dasarahalli zone","BBMP/KSRSAC Map of Locations Vulnerable to Flooding in Bengaluru (KML, OpenCity)",https://data.opencity.in/dataset/b03218ea-4b7c-4fa9-ab67-b9054d7ecc4c/resource/a7d8a01f-1fbc-41e1-85f0-f15ea16b2d27/download/6b3c63b0-f461-4e9c-a2c2-006f734c5b41.kml,2023-02-16,swd_vulnerable_kgis,"WARD_NAME=Bagalakunte; WARDNO=14; LocationName=MEI layout; KGISFVLID=192; ZONE=Dasarahalli; coordinates=77.5011599998644,13.0608700000336 [OBJECTID 192]",13.06087000,77.50115999,,point,source_date is the OpenCity dataset creation date; the underlying BBMP list is 2020-21 vintage
Kammagondanahalli near MNTI Polytechnic,"Kuvempu Nagar (ward 11), Dasarahalli zone","BBMP/KSRSAC Map of Locations Vulnerable to Flooding in Bengaluru (KML, OpenCity)",https://data.opencity.in/dataset/b03218ea-4b7c-4fa9-ab67-b9054d7ecc4c/resource/a7d8a01f-1fbc-41e1-85f0-f15ea16b2d27/download/6b3c63b0-f461-4e9c-a2c2-006f734c5b41.kml,2023-02-16,swd_vulnerable_kgis,"WARD_NAME=Kuvempu Nagar; WARDNO=11; LocationName=Kammagondanahalli near MNTI Polytechnic; KGISFVLID=193; ZONE=Dasarahalli; coordinates=77.5347100003529,13.0640699996863 [OBJECTID 193]",13.06406999,77.53471000,,point,source_date is the OpenCity dataset creation date; the underlying BBMP list is 2020-21 vintage
Shettihalli & Chikkasandra Village,"Shettihalli (ward 12), Dasarahalli zone","BBMP/KSRSAC Map of Locations Vulnerable to Flooding in Bengaluru (KML, OpenCity)",https://data.opencity.in/dataset/b03218ea-4b7c-4fa9-ab67-b9054d7ecc4c/resource/a7d8a01f-1fbc-41e1-85f0-f15ea16b2d27/download/6b3c63b0-f461-4e9c-a2c2-006f734c5b41.kml,2023-02-16,swd_vulnerable_kgis,"WARD_NAME=Shettihalli; WARDNO=12; LocationName=Shettihalli & Chikkasandra Village; KGISFVLID=194; ZONE=Dasarahalli; coordinates=77.5117800000453,13.0663400000601 [OBJECTID 194]",13.06634000,77.51178000,,point,source_date is the OpenCity dataset creation date; the underlying BBMP list is 2020-21 vintage
Siddeswara Layout,"Bagalakunte (ward 14), Dasarahalli zone","BBMP/KSRSAC Map of Locations Vulnerable to Flooding in Bengaluru (KML, OpenCity)",https://data.opencity.in/dataset/b03218ea-4b7c-4fa9-ab67-b9054d7ecc4c/resource/a7d8a01f-1fbc-41e1-85f0-f15ea16b2d27/download/6b3c63b0-f461-4e9c-a2c2-006f734c5b41.kml,2023-02-16,swd_vulnerable_kgis,"WARD_NAME=Bagalakunte; WARDNO=14; LocationName=Siddeswara Layout; KGISFVLID=195; ZONE=Dasarahalli; coordinates=77.5006499998342,13.0672400001178 [OBJECTID 195]",13.06724000,77.50064999,,point,source_date is the OpenCity dataset creation date; the underlying BBMP list is 2020-21 vintage
Shivapura tank,"Bagalakunte (ward 14), Dasarahalli zone","BBMP/KSRSAC Map of Locations Vulnerable to Flooding in Bengaluru (KML, OpenCity)",https://data.opencity.in/dataset/b03218ea-4b7c-4fa9-ab67-b9054d7ecc4c/resource/a7d8a01f-1fbc-41e1-85f0-f15ea16b2d27/download/6b3c63b0-f461-4e9c-a2c2-006f734c5b41.kml,2023-02-16,swd_vulnerable_kgis,"WARD_NAME=Bagalakunte; WARDNO=14; LocationName=Shivapura tank; KGISFVLID=196; ZONE=Dasarahalli; coordinates=77.5006499998342,13.0672400001178 [OBJECTID 196]",13.06724000,77.50064999,,point,source_date is the OpenCity dataset creation date; the underlying BBMP list is 2020-21 vintage
Thindlu  to Doddabommasandra tank,"Vidyaranyapura (ward 9), Yelahanka zone","BBMP/KSRSAC Map of Locations Vulnerable to Flooding in Bengaluru (KML, OpenCity)",https://data.opencity.in/dataset/b03218ea-4b7c-4fa9-ab67-b9054d7ecc4c/resource/a7d8a01f-1fbc-41e1-85f0-f15ea16b2d27/download/6b3c63b0-f461-4e9c-a2c2-006f734c5b41.kml,2023-02-16,swd_vulnerable_kgis,"WARD_NAME=Vidyaranyapura; WARDNO=9; LocationName=Thindlu  to Doddabommasandra tank; KGISFVLID=197; ZONE=Yelahanka; coordinates=77.5627780001287,13.0691669998851 [OBJECTID 197]",13.06916699,77.56277800,,point,source_date is the OpenCity dataset creation date; the underlying BBMP list is 2020-21 vintage
LBSnagar Yelahanka,"Yelahanka Satellite Town (ward 4), Yelahanka zone","BBMP/KSRSAC Map of Locations Vulnerable to Flooding in Bengaluru (KML, OpenCity)",https://data.opencity.in/dataset/b03218ea-4b7c-4fa9-ab67-b9054d7ecc4c/resource/a7d8a01f-1fbc-41e1-85f0-f15ea16b2d27/download/6b3c63b0-f461-4e9c-a2c2-006f734c5b41.kml,2023-02-16,swd_vulnerable_kgis,"WARD_NAME=Yelahanka Satellite Town; WARDNO=4; LocationName=LBSnagar Yelahanka; KGISFVLID=198; ZONE=Yelahanka; coordinates=77.5936109999906,13.0925000001134 [OBJECTID 198]",13.09250000,77.59361099,,point,source_date is the OpenCity dataset creation date; the underlying BBMP list is 2020-21 vintage
Kogilu cross behind Udupi Grand hotel,"Kempegowda (ward 1), Yelahanka zone","BBMP/KSRSAC Map of Locations Vulnerable to Flooding in Bengaluru (KML, OpenCity)",https://data.opencity.in/dataset/b03218ea-4b7c-4fa9-ab67-b9054d7ecc4c/resource/a7d8a01f-1fbc-41e1-85f0-f15ea16b2d27/download/6b3c63b0-f461-4e9c-a2c2-006f734c5b41.kml,2023-02-16,swd_vulnerable_kgis,"WARD_NAME=Kempegowda; WARDNO=1; LocationName=Kogilu cross behind Udupi Grand hotel; KGISFVLID=199; ZONE=Yelahanka; coordinates=77.6011110002963,13.1030559999236 [OBJECTID 199]",13.10305599,77.60111100,,point,source_date is the OpenCity dataset creation date; the underlying BBMP list is 2020-21 vintage
Kondappa layout,"Kempegowda (ward 1), Yelahanka zone","BBMP/KSRSAC Map of Locations Vulnerable to Flooding in Bengaluru (KML, OpenCity)",https://data.opencity.in/dataset/b03218ea-4b7c-4fa9-ab67-b9054d7ecc4c/resource/a7d8a01f-1fbc-41e1-85f0-f15ea16b2d27/download/6b3c63b0-f461-4e9c-a2c2-006f734c5b41.kml,2023-02-16,swd_vulnerable_kgis,"WARD_NAME=Kempegowda; WARDNO=1; LocationName=Kondappa layout; KGISFVLID=200; ZONE=Yelahanka; coordinates=77.5933329998893,13.1102779998028 [OBJECTID 200]",13.11027799,77.59333299,,point,source_date is the OpenCity dataset creation date; the underlying BBMP list is 2020-21 vintage
Bhadrappa layout,,"BBMP Flood Prone Locations Map (KML, OpenCity)",https://data.opencity.in/dataset/b03218ea-4b7c-4fa9-ab67-b9054d7ecc4c/resource/d90fe768-caba-4c6e-b6b5-a75acd5e88a9/download/00fb1229-dcfd-4f59-813f-885e0c629add.kml,2023-02-16,flood_prone_map,"; coordinates=77.5760195323719,13.0484082909097 [OBJECTID 1]",13.04840829,77.57601953,,point,source_date is the OpenCity dataset creation date
Sampangiram Nagar,,"BBMP Flood Prone Locations Map (KML, OpenCity)",https://data.opencity.in/dataset/b03218ea-4b7c-4fa9-ab67-b9054d7ecc4c/resource/d90fe768-caba-4c6e-b6b5-a75acd5e88a9/download/00fb1229-dcfd-4f59-813f-885e0c629add.kml,2023-02-16,flood_prone_map,"; coordinates=77.5746801037001,12.9936285184412 [OBJECTID 2]",12.99362851,77.57468010,,point,source_date is the OpenCity dataset creation date
KEB Compound Maththikere,,"BBMP Flood Prone Locations Map (KML, OpenCity)",https://data.opencity.in/dataset/b03218ea-4b7c-4fa9-ab67-b9054d7ecc4c/resource/d90fe768-caba-4c6e-b6b5-a75acd5e88a9/download/00fb1229-dcfd-4f59-813f-885e0c629add.kml,2023-02-16,flood_prone_map,"; coordinates=77.5586167901292,13.0362993665224 [OBJECTID 3]",13.03629936,77.55861679,,point,source_date is the OpenCity dataset creation date
Gubbanna Layout,,"BBMP Flood Prone Locations Map (KML, OpenCity)",https://data.opencity.in/dataset/b03218ea-4b7c-4fa9-ab67-b9054d7ecc4c/resource/d90fe768-caba-4c6e-b6b5-a75acd5e88a9/download/00fb1229-dcfd-4f59-813f-885e0c629add.kml,2023-02-16,flood_prone_map,"; coordinates=77.5556456666107,12.979208530649 [OBJECTID 4]",12.97920853,77.55564566,,point,source_date is the OpenCity dataset creation date
Minerva Mill,,"BBMP Flood Prone Locations Map (KML, OpenCity)",https://data.opencity.in/dataset/b03218ea-4b7c-4fa9-ab67-b9054d7ecc4c/resource/d90fe768-caba-4c6e-b6b5-a75acd5e88a9/download/00fb1229-dcfd-4f59-813f-885e0c629add.kml,2023-02-16,flood_prone_map,"; coordinates=77.5644641478985,12.9794524061035 [OBJECTID 5]",12.97945240,77.56446414,,point,source_date is the OpenCity dataset creation date
Binny Mill Tank Area,,"BBMP Flood Prone Locations Map (KML, OpenCity)",https://data.opencity.in/dataset/b03218ea-4b7c-4fa9-ab67-b9054d7ecc4c/resource/d90fe768-caba-4c6e-b6b5-a75acd5e88a9/download/00fb1229-dcfd-4f59-813f-885e0c629add.kml,2023-02-16,flood_prone_map,"; coordinates=77.5680827922834,12.9687461731971 [OBJECTID 6]",12.96874617,77.56808279,,point,source_date is the OpenCity dataset creation date
Binny Mill Tank Area,,"BBMP Flood Prone Locations Map (KML, OpenCity)",https://data.opencity.in/dataset/b03218ea-4b7c-4fa9-ab67-b9054d7ecc4c/resource/d90fe768-caba-4c6e-b6b5-a75acd5e88a9/download/00fb1229-dcfd-4f59-813f-885e0c629add.kml,2023-02-16,flood_prone_map,"; coordinates=77.5717029034626,12.9742403689976 [OBJECTID 7]",12.97424036,77.57170290,,point,source_date is the OpenCity dataset creation date
Kamakshipalya Tank Slum Area,,"BBMP Flood Prone Locations Map (KML, OpenCity)",https://data.opencity.in/dataset/b03218ea-4b7c-4fa9-ab67-b9054d7ecc4c/resource/d90fe768-caba-4c6e-b6b5-a75acd5e88a9/download/00fb1229-dcfd-4f59-813f-885e0c629add.kml,2023-02-16,flood_prone_map,"; coordinates=77.5270908138867,12.9886834477827 [OBJECTID 8]",12.98868344,77.52709081,,point,source_date is the OpenCity dataset creation date
Shivananda circle_Railway under pass,,"BBMP Flood Prone Locations Map (KML, OpenCity)",https://data.opencity.in/dataset/b03218ea-4b7c-4fa9-ab67-b9054d7ecc4c/resource/d90fe768-caba-4c6e-b6b5-a75acd5e88a9/download/00fb1229-dcfd-4f59-813f-885e0c629add.kml,2023-02-16,flood_prone_map,"; coordinates=77.5778290177912,12.9877884559723 [OBJECTID 9]",12.98778845,77.57782901,,point,source_date is the OpenCity dataset creation date
Okalipuram Junction,,"BBMP Flood Prone Locations Map (KML, OpenCity)",https://data.opencity.in/dataset/b03218ea-4b7c-4fa9-ab67-b9054d7ecc4c/resource/d90fe768-caba-4c6e-b6b5-a75acd5e88a9/download/00fb1229-dcfd-4f59-813f-885e0c629add.kml,2023-02-16,flood_prone_map,"; coordinates=77.5689299545501,12.9826870750483 [OBJECTID 10]",12.98268707,77.56892995,,point,source_date is the OpenCity dataset creation date
Mekhri circle,,"BBMP Flood Prone Locations Map (KML, OpenCity)",https://data.opencity.in/dataset/b03218ea-4b7c-4fa9-ab67-b9054d7ecc4c/resource/d90fe768-caba-4c6e-b6b5-a75acd5e88a9/download/00fb1229-dcfd-4f59-813f-885e0c629add.kml,2023-02-16,flood_prone_map,"; coordinates=77.5837934475058,13.0169907396307 [OBJECTID 11]",13.01699073,77.58379344,,point,source_date is the OpenCity dataset creation date
Railway underbridge near Kino theatre,,"BBMP Flood Prone Locations Map (KML, OpenCity)",https://data.opencity.in/dataset/b03218ea-4b7c-4fa9-ab67-b9054d7ecc4c/resource/d90fe768-caba-4c6e-b6b5-a75acd5e88a9/download/00fb1229-dcfd-4f59-813f-885e0c629add.kml,2023-02-16,flood_prone_map,"; coordinates=77.5748676833932,12.9845070969248 [OBJECTID 12]",12.98450709,77.57486768,,point,source_date is the OpenCity dataset creation date
Jagajeevan ram nagar,,"BBMP Flood Prone Locations Map (KML, OpenCity)",https://data.opencity.in/dataset/b03218ea-4b7c-4fa9-ab67-b9054d7ecc4c/resource/d90fe768-caba-4c6e-b6b5-a75acd5e88a9/download/00fb1229-dcfd-4f59-813f-885e0c629add.kml,2023-02-16,flood_prone_map,"; coordinates=77.5506791839937,12.9655880581422 [OBJECTID 13]",12.96558805,77.55067918,,point,source_date is the OpenCity dataset creation date
Padarayan pura,,"BBMP Flood Prone Locations Map (KML, OpenCity)",https://data.opencity.in/dataset/b03218ea-4b7c-4fa9-ab67-b9054d7ecc4c/resource/d90fe768-caba-4c6e-b6b5-a75acd5e88a9/download/00fb1229-dcfd-4f59-813f-885e0c629add.kml,2023-02-16,flood_prone_map,"; coordinates=77.5496064708584,12.9645626214676 [OBJECTID 14]",12.96456262,77.54960647,,point,source_date is the OpenCity dataset creation date
Cotton pete,,"BBMP Flood Prone Locations Map (KML, OpenCity)",https://data.opencity.in/dataset/b03218ea-4b7c-4fa9-ab67-b9054d7ecc4c/resource/d90fe768-caba-4c6e-b6b5-a75acd5e88a9/download/00fb1229-dcfd-4f59-813f-885e0c629add.kml,2023-02-16,flood_prone_map,"; coordinates=77.5654467948301,12.9666850889455 [OBJECTID 15]",12.96668508,77.56544679,,point,source_date is the OpenCity dataset creation date
City Market Area,,"BBMP Flood Prone Locations Map (KML, OpenCity)",https://data.opencity.in/dataset/b03218ea-4b7c-4fa9-ab67-b9054d7ecc4c/resource/d90fe768-caba-4c6e-b6b5-a75acd5e88a9/download/00fb1229-dcfd-4f59-813f-885e0c629add.kml,2023-02-16,flood_prone_map,"; coordinates=77.5841381432569,12.9652646790215 [OBJECTID 16]",12.96526467,77.58413814,,point,source_date is the OpenCity dataset creation date
Jayanagar 3rd Block LIC Colony,,"BBMP Flood Prone Locations Map (KML, OpenCity)",https://data.opencity.in/dataset/b03218ea-4b7c-4fa9-ab67-b9054d7ecc4c/resource/d90fe768-caba-4c6e-b6b5-a75acd5e88a9/download/00fb1229-dcfd-4f59-813f-885e0c629add.kml,2023-02-16,flood_prone_map,"; coordinates=77.5895308406719,12.9297680655436 [OBJECTID 17]",12.92976806,77.58953084,,point,source_date is the OpenCity dataset creation date
Krishnappa Garden behind Byrasandra Tank D/s,,"BBMP Flood Prone Locations Map (KML, OpenCity)",https://data.opencity.in/dataset/b03218ea-4b7c-4fa9-ab67-b9054d7ecc4c/resource/d90fe768-caba-4c6e-b6b5-a75acd5e88a9/download/00fb1229-dcfd-4f59-813f-885e0c629add.kml,2023-02-16,flood_prone_map,"; coordinates=77.5984756164525,12.9299432220019 [OBJECTID 18]",12.92994322,77.59847561,,point,source_date is the OpenCity dataset creation date
Wilson Garden Area up to Bannerghatta Road,,"BBMP Flood Prone Locations Map (KML, OpenCity)",https://data.opencity.in/dataset/b03218ea-4b7c-4fa9-ab67-b9054d7ecc4c/resource/d90fe768-caba-4c6e-b6b5-a75acd5e88a9/download/00fb1229-dcfd-4f59-813f-885e0c629add.kml,2023-02-16,flood_prone_map,"; coordinates=77.5971767211248,12.94803361376 [OBJECTID 19]",12.94803361,77.59717672,,point,source_date is the OpenCity dataset creation date
Arekempannahalli Area,,"BBMP Flood Prone Locations Map (KML, OpenCity)",https://data.opencity.in/dataset/b03218ea-4b7c-4fa9-ab67-b9054d7ecc4c/resource/d90fe768-caba-4c6e-b6b5-a75acd5e88a9/download/00fb1229-dcfd-4f59-813f-885e0c629add.kml,2023-02-16,flood_prone_map,"; coordinates=77.5931066062809,12.9462654306049 [OBJECTID 20]",12.94626543,77.59310660,,point,source_date is the OpenCity dataset creation date
Marehahalli Tank,,"BBMP Flood Prone Locations Map (KML, OpenCity)",https://data.opencity.in/dataset/b03218ea-4b7c-4fa9-ab67-b9054d7ecc4c/resource/d90fe768-caba-4c6e-b6b5-a75acd5e88a9/download/00fb1229-dcfd-4f59-813f-885e0c629add.kml,2023-02-16,flood_prone_map,"; coordinates=77.5884362542258,12.9153014272189 [OBJECTID 21]",12.91530142,77.58843625,,point,source_date is the OpenCity dataset creation date
Bismillanagar – Agencies,,"BBMP Flood Prone Locations Map (KML, OpenCity)",https://data.opencity.in/dataset/b03218ea-4b7c-4fa9-ab67-b9054d7ecc4c/resource/d90fe768-caba-4c6e-b6b5-a75acd5e88a9/download/00fb1229-dcfd-4f59-813f-885e0c629add.kml,2023-02-16,flood_prone_map,"; coordinates=77.6021990381511,12.9258533949181 [OBJECTID 22]",12.92585339,77.60219903,,point,source_date is the OpenCity dataset creation date
Ejipura,,"BBMP Flood Prone Locations Map (KML, OpenCity)",https://data.opencity.in/dataset/b03218ea-4b7c-4fa9-ab67-b9054d7ecc4c/resource/d90fe768-caba-4c6e-b6b5-a75acd5e88a9/download/00fb1229-dcfd-4f59-813f-885e0c629add.kml,2023-02-16,flood_prone_map,"; coordinates=77.6308201304403,12.938392303162 [OBJECTID 23]",12.93839230,77.63082013,,point,source_date is the OpenCity dataset creation date
Koramangala Slum,,"BBMP Flood Prone Locations Map (KML, OpenCity)",https://data.opencity.in/dataset/b03218ea-4b7c-4fa9-ab67-b9054d7ecc4c/resource/d90fe768-caba-4c6e-b6b5-a75acd5e88a9/download/00fb1229-dcfd-4f59-813f-885e0c629add.kml,2023-02-16,flood_prone_map,"; coordinates=77.6279742060404,12.9248172689016 [OBJECTID 24]",12.92481726,77.62797420,,point,source_date is the OpenCity dataset creation date
Cholurpalya,,"BBMP Flood Prone Locations Map (KML, OpenCity)",https://data.opencity.in/dataset/b03218ea-4b7c-4fa9-ab67-b9054d7ecc4c/resource/d90fe768-caba-4c6e-b6b5-a75acd5e88a9/download/00fb1229-dcfd-4f59-813f-885e0c629add.kml,2023-02-16,flood_prone_map,"; coordinates=77.549050659257,12.9720098012112 [OBJECTID 25]",12.97200980,77.54905065,,point,source_date is the OpenCity dataset creation date
Bapujinagar,,"BBMP Flood Prone Locations Map (KML, OpenCity)",https://data.opencity.in/dataset/b03218ea-4b7c-4fa9-ab67-b9054d7ecc4c/resource/d90fe768-caba-4c6e-b6b5-a75acd5e88a9/download/00fb1229-dcfd-4f59-813f-885e0c629add.kml,2023-02-16,flood_prone_map,"; coordinates=77.5397292977655,12.9567706596381 [OBJECTID 26]",12.95677065,77.53972929,,point,source_date is the OpenCity dataset creation date
Sanjaya Gandhi Slum Area,,"BBMP Flood Prone Locations Map (KML, OpenCity)",https://data.opencity.in/dataset/b03218ea-4b7c-4fa9-ab67-b9054d7ecc4c/resource/d90fe768-caba-4c6e-b6b5-a75acd5e88a9/download/00fb1229-dcfd-4f59-813f-885e0c629add.kml,2023-02-16,flood_prone_map,"; coordinates=77.5924590296566,12.9272333443431 [OBJECTID 27]",12.92723334,77.59245902,,point,source_date is the OpenCity dataset creation date
NGV to HSR Layout,,"BBMP Flood Prone Locations Map (KML, OpenCity)",https://data.opencity.in/dataset/b03218ea-4b7c-4fa9-ab67-b9054d7ecc4c/resource/d90fe768-caba-4c6e-b6b5-a75acd5e88a9/download/00fb1229-dcfd-4f59-813f-885e0c629add.kml,2023-02-16,flood_prone_map,"; coordinates=77.6201472893617,12.9485540001667 [OBJECTID 28]",12.94855400,77.62014728,,point,source_date is the OpenCity dataset creation date
Shanthi Nagar,,"BBMP Flood Prone Locations Map (KML, OpenCity)",https://data.opencity.in/dataset/b03218ea-4b7c-4fa9-ab67-b9054d7ecc4c/resource/d90fe768-caba-4c6e-b6b5-a75acd5e88a9/download/00fb1229-dcfd-4f59-813f-885e0c629add.kml,2023-02-16,flood_prone_map,"; coordinates=77.5932394856098,12.9542588171904 [OBJECTID 29]",12.95425881,77.59323948,,point,source_date is the OpenCity dataset creation date
Vidyapeeta circle,,"BBMP Flood Prone Locations Map (KML, OpenCity)",https://data.opencity.in/dataset/b03218ea-4b7c-4fa9-ab67-b9054d7ecc4c/resource/d90fe768-caba-4c6e-b6b5-a75acd5e88a9/download/00fb1229-dcfd-4f59-813f-885e0c629add.kml,2023-02-16,flood_prone_map,"; coordinates=77.560866420845,12.9333959675497 [OBJECTID 30]",12.93339596,77.56086642,,point,source_date is the OpenCity dataset creation date
Srinvas nagar,,"BBMP Flood Prone Locations Map (KML, OpenCity)",https://data.opencity.in/dataset/b03218ea-4b7c-4fa9-ab67-b9054d7ecc4c/resource/d90fe768-caba-4c6e-b6b5-a75acd5e88a9/download/00fb1229-dcfd-4f59-813f-885e0c629add.kml,2023-02-16,flood_prone_map,"; coordinates=77.5547781949542,12.9355822257389 [OBJECTID 31]",12.93558222,77.55477819,,point,source_date is the OpenCity dataset creation date
KH Road,,"BBMP Flood Prone Locations Map (KML, OpenCity)",https://data.opencity.in/dataset/b03218ea-4b7c-4fa9-ab67-b9054d7ecc4c/resource/d90fe768-caba-4c6e-b6b5-a75acd5e88a9/download/00fb1229-dcfd-4f59-813f-885e0c629add.kml,2023-02-16,flood_prone_map,"; coordinates=77.5920319676972,12.9554637045861 [OBJECTID 32]",12.95546370,77.59203196,,point,source_date is the OpenCity dataset creation date
Magadi Police station,,"BBMP Flood Prone Locations Map (KML, OpenCity)",https://data.opencity.in/dataset/b03218ea-4b7c-4fa9-ab67-b9054d7ecc4c/resource/d90fe768-caba-4c6e-b6b5-a75acd5e88a9/download/00fb1229-dcfd-4f59-813f-885e0c629add.kml,2023-02-16,flood_prone_map,"; coordinates=77.5515100928131,12.9744908364828 [OBJECTID 33]",12.97449083,77.55151009,,point,source_date is the OpenCity dataset creation date
RPC layout,,"BBMP Flood Prone Locations Map (KML, OpenCity)",https://data.opencity.in/dataset/b03218ea-4b7c-4fa9-ab67-b9054d7ecc4c/resource/d90fe768-caba-4c6e-b6b5-a75acd5e88a9/download/00fb1229-dcfd-4f59-813f-885e0c629add.kml,2023-02-16,flood_prone_map,"; coordinates=77.5378980802288,12.9627817776568 [OBJECTID 34]",12.96278177,77.53789808,,point,source_date is the OpenCity dataset creation date
Ghali Anjaneya temple road,,"BBMP Flood Prone Locations Map (KML, OpenCity)",https://data.opencity.in/dataset/b03218ea-4b7c-4fa9-ab67-b9054d7ecc4c/resource/d90fe768-caba-4c6e-b6b5-a75acd5e88a9/download/00fb1229-dcfd-4f59-813f-885e0c629add.kml,2023-02-16,flood_prone_map,"; coordinates=77.5412892455988,12.9527270765932 [OBJECTID 35]",12.95272707,77.54128924,,point,source_date is the OpenCity dataset creation date
Brindavananagar below Matthikere Tank Market,,"BBMP Flood Prone Locations Map (KML, OpenCity)",https://data.opencity.in/dataset/b03218ea-4b7c-4fa9-ab67-b9054d7ecc4c/resource/d90fe768-caba-4c6e-b6b5-a75acd5e88a9/download/00fb1229-dcfd-4f59-813f-885e0c629add.kml,2023-02-16,flood_prone_map,"; coordinates=77.5551490591783,13.0348090486984 [OBJECTID 36]",13.03480904,77.55514905,,point,source_date is the OpenCity dataset creation date
Shankarappa Garden Gopalapura,,"BBMP Flood Prone Locations Map (KML, OpenCity)",https://data.opencity.in/dataset/b03218ea-4b7c-4fa9-ab67-b9054d7ecc4c/resource/d90fe768-caba-4c6e-b6b5-a75acd5e88a9/download/00fb1229-dcfd-4f59-813f-885e0c629add.kml,2023-02-16,flood_prone_map,"; coordinates=77.5230110502165,12.9216713081842 [OBJECTID 37]",12.92167130,77.52301105,,point,source_date is the OpenCity dataset creation date
Kamakshipalya Tank Slum Area,,"BBMP Flood Prone Locations Map (KML, OpenCity)",https://data.opencity.in/dataset/b03218ea-4b7c-4fa9-ab67-b9054d7ecc4c/resource/d90fe768-caba-4c6e-b6b5-a75acd5e88a9/download/00fb1229-dcfd-4f59-813f-885e0c629add.kml,2023-02-16,flood_prone_map,"; coordinates=77.5220423616625,12.9928063456362 [OBJECTID 38]",12.99280634,77.52204236,,point,source_date is the OpenCity dataset creation date
Yeshwanthpur Railway station,,"BBMP Flood Prone Locations Map (KML, OpenCity)",https://data.opencity.in/dataset/b03218ea-4b7c-4fa9-ab67-b9054d7ecc4c/resource/d90fe768-caba-4c6e-b6b5-a75acd5e88a9/download/00fb1229-dcfd-4f59-813f-885e0c629add.kml,2023-02-16,flood_prone_map,"; coordinates=77.5503772276235,13.0237767512959 [OBJECTID 39]",13.02377675,77.55037722,,point,source_date is the OpenCity dataset creation date
BEML Layout in RR Nagar,,"BBMP Flood Prone Locations Map (KML, OpenCity)",https://data.opencity.in/dataset/b03218ea-4b7c-4fa9-ab67-b9054d7ecc4c/resource/d90fe768-caba-4c6e-b6b5-a75acd5e88a9/download/00fb1229-dcfd-4f59-813f-885e0c629add.kml,2023-02-16,flood_prone_map,"; coordinates=77.5196606016522,12.9077359056874 [OBJECTID 40]",12.90773590,77.51966060,,point,source_date is the OpenCity dataset creation date
Nayandahalli,,"BBMP Flood Prone Locations Map (KML, OpenCity)",https://data.opencity.in/dataset/b03218ea-4b7c-4fa9-ab67-b9054d7ecc4c/resource/d90fe768-caba-4c6e-b6b5-a75acd5e88a9/download/00fb1229-dcfd-4f59-813f-885e0c629add.kml,2023-02-16,flood_prone_map,"; coordinates=77.5247623890697,12.9410926623963 [OBJECTID 41]",12.94109266,77.52476238,,point,source_date is the OpenCity dataset creation date
Kengeri Yellamma temple,,"BBMP Flood Prone Locations Map (KML, OpenCity)",https://data.opencity.in/dataset/b03218ea-4b7c-4fa9-ab67-b9054d7ecc4c/resource/d90fe768-caba-4c6e-b6b5-a75acd5e88a9/download/00fb1229-dcfd-4f59-813f-885e0c629add.kml,2023-02-16,flood_prone_map,"; coordinates=77.4827357145787,12.8989117811536 [OBJECTID 42]",12.89891178,77.48273571,,point,source_date is the OpenCity dataset creation date
"Bhovi Colony, near Sane Guruvanahalli Tank",,"BBMP Flood Prone Locations Map (KML, OpenCity)",https://data.opencity.in/dataset/b03218ea-4b7c-4fa9-ab67-b9054d7ecc4c/resource/d90fe768-caba-4c6e-b6b5-a75acd5e88a9/download/00fb1229-dcfd-4f59-813f-885e0c629add.kml,2023-02-16,flood_prone_map,"; coordinates=77.6762073762645,13.0120970535359 [OBJECTID 43]",13.01209705,77.67620737,,point,source_date is the OpenCity dataset creation date
HAL Airport Road,,"BBMP Flood Prone Locations Map (KML, OpenCity)",https://data.opencity.in/dataset/b03218ea-4b7c-4fa9-ab67-b9054d7ecc4c/resource/d90fe768-caba-4c6e-b6b5-a75acd5e88a9/download/00fb1229-dcfd-4f59-813f-885e0c629add.kml,2023-02-16,flood_prone_map,"; coordinates=77.6822640125691,12.9545043770751 [OBJECTID 44]",12.95450437,77.68226401,,point,source_date is the OpenCity dataset creation date
Sulthan Palya Main Road,,"BBMP Flood Prone Locations Map (KML, OpenCity)",https://data.opencity.in/dataset/b03218ea-4b7c-4fa9-ab67-b9054d7ecc4c/resource/d90fe768-caba-4c6e-b6b5-a75acd5e88a9/download/00fb1229-dcfd-4f59-813f-885e0c629add.kml,2023-02-16,flood_prone_map,"; coordinates=77.6047832157688,13.029909094329 [OBJECTID 45]",13.02990909,77.60478321,,point,source_date is the OpenCity dataset creation date
Pillappa Garden – Agencies,,"BBMP Flood Prone Locations Map (KML, OpenCity)",https://data.opencity.in/dataset/b03218ea-4b7c-4fa9-ab67-b9054d7ecc4c/resource/d90fe768-caba-4c6e-b6b5-a75acd5e88a9/download/00fb1229-dcfd-4f59-813f-885e0c629add.kml,2023-02-16,flood_prone_map,"; coordinates=77.5911778338861,13.0259073108735 [OBJECTID 46]",13.02590731,77.59117783,,point,source_date is the OpenCity dataset creation date
Anandanagara,,"BBMP Flood Prone Locations Map (KML, OpenCity)",https://data.opencity.in/dataset/b03218ea-4b7c-4fa9-ab67-b9054d7ecc4c/resource/d90fe768-caba-4c6e-b6b5-a75acd5e88a9/download/00fb1229-dcfd-4f59-813f-885e0c629add.kml,2023-02-16,flood_prone_map,"; coordinates=77.5913121170567,13.0313282901683 [OBJECTID 47]",13.03132829,77.59131211,,point,source_date is the OpenCity dataset creation date
"Miller Tank,",,"BBMP Flood Prone Locations Map (KML, OpenCity)",https://data.opencity.in/dataset/b03218ea-4b7c-4fa9-ab67-b9054d7ecc4c/resource/d90fe768-caba-4c6e-b6b5-a75acd5e88a9/download/00fb1229-dcfd-4f59-813f-885e0c629add.kml,2023-02-16,flood_prone_map,"; coordinates=77.5980641442409,12.9919937964763 [OBJECTID 48]",12.99199379,77.59806414,,point,source_date is the OpenCity dataset creation date
"Miller Tank,  Chinnappa Garden",,"BBMP Flood Prone Locations Map (KML, OpenCity)",https://data.opencity.in/dataset/b03218ea-4b7c-4fa9-ab67-b9054d7ecc4c/resource/d90fe768-caba-4c6e-b6b5-a75acd5e88a9/download/00fb1229-dcfd-4f59-813f-885e0c629add.kml,2023-02-16,flood_prone_map,"; coordinates=77.6029722401728,13.0022055362563 [OBJECTID 49]",13.00220553,77.60297224,,point,source_date is the OpenCity dataset creation date
Saraswathipuram – Jogu Palya,,"BBMP Flood Prone Locations Map (KML, OpenCity)",https://data.opencity.in/dataset/b03218ea-4b7c-4fa9-ab67-b9054d7ecc4c/resource/d90fe768-caba-4c6e-b6b5-a75acd5e88a9/download/00fb1229-dcfd-4f59-813f-885e0c629add.kml,2023-02-16,flood_prone_map,"; coordinates=77.6328895046426,12.9723832240064 [OBJECTID 50]",12.97238322,77.63288950,,point,source_date is the OpenCity dataset creation date
K R Garden,,"BBMP Flood Prone Locations Map (KML, OpenCity)",https://data.opencity.in/dataset/b03218ea-4b7c-4fa9-ab67-b9054d7ecc4c/resource/d90fe768-caba-4c6e-b6b5-a75acd5e88a9/download/00fb1229-dcfd-4f59-813f-885e0c629add.kml,2023-02-16,flood_prone_map,"; coordinates=77.6561560190804,12.9540152394115 [OBJECTID 51]",12.95401523,77.65615601,,point,source_date is the OpenCity dataset creation date
Rudrappa Garden,,"BBMP Flood Prone Locations Map (KML, OpenCity)",https://data.opencity.in/dataset/b03218ea-4b7c-4fa9-ab67-b9054d7ecc4c/resource/d90fe768-caba-4c6e-b6b5-a75acd5e88a9/download/00fb1229-dcfd-4f59-813f-885e0c629add.kml,2023-02-16,flood_prone_map,"; coordinates=77.6179956694604,12.9599637430321 [OBJECTID 52]",12.95996374,77.61799566,,point,source_date is the OpenCity dataset creation date
TV tower-Jaymahal extension,,"BBMP Flood Prone Locations Map (KML, OpenCity)",https://data.opencity.in/dataset/b03218ea-4b7c-4fa9-ab67-b9054d7ecc4c/resource/d90fe768-caba-4c6e-b6b5-a75acd5e88a9/download/00fb1229-dcfd-4f59-813f-885e0c629add.kml,2023-02-16,flood_prone_map,"; coordinates=77.5919039680898,13.0080769194141 [OBJECTID 53]",13.00807691,77.59190396,,point,source_date is the OpenCity dataset creation date
hotel Chalukya Junction,,"BBMP Flood Prone Locations Map (KML, OpenCity)",https://data.opencity.in/dataset/b03218ea-4b7c-4fa9-ab67-b9054d7ecc4c/resource/d90fe768-caba-4c6e-b6b5-a75acd5e88a9/download/00fb1229-dcfd-4f59-813f-885e0c629add.kml,2023-02-16,flood_prone_map,"; coordinates=77.5881613485635,12.9844988501416 [OBJECTID 54]",12.98449885,77.58816134,,point,source_date is the OpenCity dataset creation date
Dommlur,,"BBMP Flood Prone Locations Map (KML, OpenCity)",https://data.opencity.in/dataset/b03218ea-4b7c-4fa9-ab67-b9054d7ecc4c/resource/d90fe768-caba-4c6e-b6b5-a75acd5e88a9/download/00fb1229-dcfd-4f59-813f-885e0c629add.kml,2023-02-16,flood_prone_map,"; coordinates=77.638739052261,12.9609332364794 [OBJECTID 55]",12.96093323,77.63873905,,point,source_date is the OpenCity dataset creation date
Ulsoor,,"BBMP Flood Prone Locations Map (KML, OpenCity)",https://data.opencity.in/dataset/b03218ea-4b7c-4fa9-ab67-b9054d7ecc4c/resource/d90fe768-caba-4c6e-b6b5-a75acd5e88a9/download/00fb1229-dcfd-4f59-813f-885e0c629add.kml,2023-02-16,flood_prone_map,"; coordinates=77.6239676660707,12.9819583642869 [OBJECTID 56]",12.98195836,77.62396766,,point,source_date is the OpenCity dataset creation date
DJ Halli,,"BBMP Flood Prone Locations Map (KML, OpenCity)",https://data.opencity.in/dataset/b03218ea-4b7c-4fa9-ab67-b9054d7ecc4c/resource/d90fe768-caba-4c6e-b6b5-a75acd5e88a9/download/00fb1229-dcfd-4f59-813f-885e0c629add.kml,2023-02-16,flood_prone_map,"; coordinates=77.6102881503737,13.0092675390655 [OBJECTID 57]",13.00926753,77.61028815,,point,source_date is the OpenCity dataset creation date
KR circle Underpass,,"BBMP Flood Prone Locations Map (KML, OpenCity)",https://data.opencity.in/dataset/b03218ea-4b7c-4fa9-ab67-b9054d7ecc4c/resource/d90fe768-caba-4c6e-b6b5-a75acd5e88a9/download/00fb1229-dcfd-4f59-813f-885e0c629add.kml,2023-02-16,flood_prone_map,"; coordinates=77.5873230437196,12.9754291432402 [OBJECTID 58]",12.97542914,77.58732304,,point,source_date is the OpenCity dataset creation date
"Ashok Nagar
,museum road",,"BBMP Flood Prone Locations Map (KML, OpenCity)",https://data.opencity.in/dataset/b03218ea-4b7c-4fa9-ab67-b9054d7ecc4c/resource/d90fe768-caba-4c6e-b6b5-a75acd5e88a9/download/00fb1229-dcfd-4f59-813f-885e0c629add.kml,2023-02-16,flood_prone_map,"; coordinates=77.6047966021774,12.9707756363863 [OBJECTID 59]",12.97077563,77.60479660,,point,source_date is the OpenCity dataset creation date
UB city  road,,"BBMP Flood Prone Locations Map (KML, OpenCity)",https://data.opencity.in/dataset/b03218ea-4b7c-4fa9-ab67-b9054d7ecc4c/resource/d90fe768-caba-4c6e-b6b5-a75acd5e88a9/download/00fb1229-dcfd-4f59-813f-885e0c629add.kml,2023-02-16,flood_prone_map,"; coordinates=77.596618073961,12.9713287895918 [OBJECTID 60]",12.97132878,77.59661807,,point,source_date is the OpenCity dataset creation date
New Thippasandra,,"BBMP Flood Prone Locations Map (KML, OpenCity)",https://data.opencity.in/dataset/b03218ea-4b7c-4fa9-ab67-b9054d7ecc4c/resource/d90fe768-caba-4c6e-b6b5-a75acd5e88a9/download/00fb1229-dcfd-4f59-813f-885e0c629add.kml,2023-02-16,flood_prone_map,"; coordinates=77.6541428920762,12.9720323148392 [OBJECTID 61]",12.97203231,77.65414289,,point,source_date is the OpenCity dataset creation date
Cox town,,"BBMP Flood Prone Locations Map (KML, OpenCity)",https://data.opencity.in/dataset/b03218ea-4b7c-4fa9-ab67-b9054d7ecc4c/resource/d90fe768-caba-4c6e-b6b5-a75acd5e88a9/download/00fb1229-dcfd-4f59-813f-885e0c629add.kml,2023-02-16,flood_prone_map,"; coordinates=77.6234084406428,12.9954416110413 [OBJECTID 62]",12.99544161,77.62340844,,point,source_date is the OpenCity dataset creation date
Thippasandra,,"BBMP Flood Prone Locations Map (KML, OpenCity)",https://data.opencity.in/dataset/b03218ea-4b7c-4fa9-ab67-b9054d7ecc4c/resource/d90fe768-caba-4c6e-b6b5-a75acd5e88a9/download/00fb1229-dcfd-4f59-813f-885e0c629add.kml,2023-02-16,flood_prone_map,"; coordinates=77.6468109190841,12.9737073498141 [OBJECTID 63]",12.97370734,77.64681091,,point,source_date is the OpenCity dataset creation date
Indiranagar 80ft road,,"BBMP Flood Prone Locations Map (KML, OpenCity)",https://data.opencity.in/dataset/b03218ea-4b7c-4fa9-ab67-b9054d7ecc4c/resource/d90fe768-caba-4c6e-b6b5-a75acd5e88a9/download/00fb1229-dcfd-4f59-813f-885e0c629add.kml,2023-02-16,flood_prone_map,"; coordinates=77.6477438290099,12.9688733328378 [OBJECTID 64]",12.96887333,77.64774382,,point,source_date is the OpenCity dataset creation date
Pulakeshinagara,,"BBMP Flood Prone Locations Map (KML, OpenCity)",https://data.opencity.in/dataset/b03218ea-4b7c-4fa9-ab67-b9054d7ecc4c/resource/d90fe768-caba-4c6e-b6b5-a75acd5e88a9/download/00fb1229-dcfd-4f59-813f-885e0c629add.kml,2023-02-16,flood_prone_map,"; coordinates=77.6099036344411,12.9968405532487 [OBJECTID 65]",12.99684055,77.60990363,,point,source_date is the OpenCity dataset creation date
Banaswadi,,"BBMP Flood Prone Locations Map (KML, OpenCity)",https://data.opencity.in/dataset/b03218ea-4b7c-4fa9-ab67-b9054d7ecc4c/resource/d90fe768-caba-4c6e-b6b5-a75acd5e88a9/download/00fb1229-dcfd-4f59-813f-885e0c629add.kml,2023-02-16,flood_prone_map,"; coordinates=77.6471286288786,13.0119037874296 [OBJECTID 66]",13.01190378,77.64712862,,point,source_date is the OpenCity dataset creation date
Sarjapur road,,"BBMP Flood Prone Locations Map (KML, OpenCity)",https://data.opencity.in/dataset/b03218ea-4b7c-4fa9-ab67-b9054d7ecc4c/resource/d90fe768-caba-4c6e-b6b5-a75acd5e88a9/download/00fb1229-dcfd-4f59-813f-885e0c629add.kml,2023-02-16,flood_prone_map,"; coordinates=77.4993792626398,13.0065860880774 [OBJECTID 67]",13.00658608,77.49937926,,point,source_date is the OpenCity dataset creation date
NGV to HSR Layout,,"BBMP Flood Prone Locations Map (KML, OpenCity)",https://data.opencity.in/dataset/b03218ea-4b7c-4fa9-ab67-b9054d7ecc4c/resource/d90fe768-caba-4c6e-b6b5-a75acd5e88a9/download/00fb1229-dcfd-4f59-813f-885e0c629add.kml,2023-02-16,flood_prone_map,"; coordinates=77.647667755358,12.9067696947654 [OBJECTID 68]",12.90676969,77.64766775,,point,source_date is the OpenCity dataset creation date
Kallena Agrahara in Arekere,,"BBMP Flood Prone Locations Map (KML, OpenCity)",https://data.opencity.in/dataset/b03218ea-4b7c-4fa9-ab67-b9054d7ecc4c/resource/d90fe768-caba-4c6e-b6b5-a75acd5e88a9/download/00fb1229-dcfd-4f59-813f-885e0c629add.kml,2023-02-16,flood_prone_map,"; coordinates=77.5935020858486,12.8709701779312 [OBJECTID 69]",12.87097017,77.59350208,,point,source_date is the OpenCity dataset creation date
RR Layout in Arekere & Hulimavu junction,,"BBMP Flood Prone Locations Map (KML, OpenCity)",https://data.opencity.in/dataset/b03218ea-4b7c-4fa9-ab67-b9054d7ecc4c/resource/d90fe768-caba-4c6e-b6b5-a75acd5e88a9/download/00fb1229-dcfd-4f59-813f-885e0c629add.kml,2023-02-16,flood_prone_map,"; coordinates=77.5965807107272,12.8842403779908 [OBJECTID 70]",12.88424037,77.59658071,,point,source_date is the OpenCity dataset creation date
"Gurudarshan Layout,Near Doddabommasandra",,"BBMP Low Lying Areas (KML, OpenCity)",https://data.opencity.in/dataset/b03218ea-4b7c-4fa9-ab67-b9054d7ecc4c/resource/62ceac3b-f6e2-4dd1-ae9f-be80b1f2fda8/download/8e87a2fc-e014-4c6e-81f1-d5cb4db57a46.kml,2023-02-16,low_lying_area,"; coordinates=77.5593241390377,13.0715371271425 [OBJECTID 1]",13.07153712,77.55932413,,point,source_date is the OpenCity dataset creation date
Devi Nagara,,"BBMP Low Lying Areas (KML, OpenCity)",https://data.opencity.in/dataset/b03218ea-4b7c-4fa9-ab67-b9054d7ecc4c/resource/62ceac3b-f6e2-4dd1-ae9f-be80b1f2fda8/download/8e87a2fc-e014-4c6e-81f1-d5cb4db57a46.kml,2023-02-16,low_lying_area,"; coordinates=77.5730246337936,13.0520729036575 [OBJECTID 2]",13.05207290,77.57302463,,point,source_date is the OpenCity dataset creation date
JRD Tata Nagar,,"BBMP Low Lying Areas (KML, OpenCity)",https://data.opencity.in/dataset/b03218ea-4b7c-4fa9-ab67-b9054d7ecc4c/resource/62ceac3b-f6e2-4dd1-ae9f-be80b1f2fda8/download/8e87a2fc-e014-4c6e-81f1-d5cb4db57a46.kml,2023-02-16,low_lying_area,"; coordinates=77.573363637155,13.0552790788261 [OBJECTID 3]",13.05527907,77.57336363,,point,source_date is the OpenCity dataset creation date
"Bhadrappa Layout, Nagashettihalli",,"BBMP Low Lying Areas (KML, OpenCity)",https://data.opencity.in/dataset/b03218ea-4b7c-4fa9-ab67-b9054d7ecc4c/resource/62ceac3b-f6e2-4dd1-ae9f-be80b1f2fda8/download/8e87a2fc-e014-4c6e-81f1-d5cb4db57a46.kml,2023-02-16,low_lying_area,"; coordinates=77.5739608091609,13.0486685553505 [OBJECTID 4]",13.04866855,77.57396080,,point,source_date is the OpenCity dataset creation date
Someshwara Nagar,,"BBMP Low Lying Areas (KML, OpenCity)",https://data.opencity.in/dataset/b03218ea-4b7c-4fa9-ab67-b9054d7ecc4c/resource/62ceac3b-f6e2-4dd1-ae9f-be80b1f2fda8/download/8e87a2fc-e014-4c6e-81f1-d5cb4db57a46.kml,2023-02-16,low_lying_area,"; coordinates=77.5792967997007,13.0923268027641 [OBJECTID 5]",13.09232680,77.57929679,,point,source_date is the OpenCity dataset creation date
EWS working colony 3rd stage,,"BBMP Low Lying Areas (KML, OpenCity)",https://data.opencity.in/dataset/b03218ea-4b7c-4fa9-ab67-b9054d7ecc4c/resource/62ceac3b-f6e2-4dd1-ae9f-be80b1f2fda8/download/8e87a2fc-e014-4c6e-81f1-d5cb4db57a46.kml,2023-02-16,low_lying_area,"; coordinates=77.5824405738244,13.0935430976927 [OBJECTID 6]",13.09354309,77.58244057,,point,source_date is the OpenCity dataset creation date
"Attur, Near Dairy Circle",,"BBMP Low Lying Areas (KML, OpenCity)",https://data.opencity.in/dataset/b03218ea-4b7c-4fa9-ab67-b9054d7ecc4c/resource/62ceac3b-f6e2-4dd1-ae9f-be80b1f2fda8/download/8e87a2fc-e014-4c6e-81f1-d5cb4db57a46.kml,2023-02-16,low_lying_area,"; coordinates=77.5689946485051,13.107284706071 [OBJECTID 7]",13.10728470,77.56899464,,point,source_date is the OpenCity dataset creation date
"Balaji Layout, Near Tata Nagar",,"BBMP Low Lying Areas (KML, OpenCity)",https://data.opencity.in/dataset/b03218ea-4b7c-4fa9-ab67-b9054d7ecc4c/resource/62ceac3b-f6e2-4dd1-ae9f-be80b1f2fda8/download/8e87a2fc-e014-4c6e-81f1-d5cb4db57a46.kml,2023-02-16,low_lying_area,"; coordinates=77.576471832231,13.05400991038 [OBJECTID 8]",13.05400991,77.57647183,,point,source_date is the OpenCity dataset creation date
"Shankrappa Layout,MAruthi nagar",,"BBMP Low Lying Areas (KML, OpenCity)",https://data.opencity.in/dataset/b03218ea-4b7c-4fa9-ab67-b9054d7ecc4c/resource/62ceac3b-f6e2-4dd1-ae9f-be80b1f2fda8/download/8e87a2fc-e014-4c6e-81f1-d5cb4db57a46.kml,2023-02-16,low_lying_area,"; coordinates=77.6051141303453,13.1036621250704 [OBJECTID 9]",13.10366212,77.60511413,,point,source_date is the OpenCity dataset creation date
Kempapura,,"BBMP Low Lying Areas (KML, OpenCity)",https://data.opencity.in/dataset/b03218ea-4b7c-4fa9-ab67-b9054d7ecc4c/resource/62ceac3b-f6e2-4dd1-ae9f-be80b1f2fda8/download/8e87a2fc-e014-4c6e-81f1-d5cb4db57a46.kml,2023-02-16,low_lying_area,"; coordinates=77.6048096524019,13.0484853586708 [OBJECTID 10]",13.04848535,77.60480965,,point,source_date is the OpenCity dataset creation date
Mariyanna Palya,,"BBMP Low Lying Areas (KML, OpenCity)",https://data.opencity.in/dataset/b03218ea-4b7c-4fa9-ab67-b9054d7ecc4c/resource/62ceac3b-f6e2-4dd1-ae9f-be80b1f2fda8/download/8e87a2fc-e014-4c6e-81f1-d5cb4db57a46.kml,2023-02-16,low_lying_area,"; coordinates=77.6153719042868,13.0513188409369 [OBJECTID 11]",13.05131884,77.61537190,,point,source_date is the OpenCity dataset creation date
"Telecom layout,Ashwathnagar",,"BBMP Low Lying Areas (KML, OpenCity)",https://data.opencity.in/dataset/b03218ea-4b7c-4fa9-ab67-b9054d7ecc4c/resource/62ceac3b-f6e2-4dd1-ae9f-be80b1f2fda8/download/8e87a2fc-e014-4c6e-81f1-d5cb4db57a46.kml,2023-02-16,low_lying_area,"; coordinates=77.6346562236285,13.0558438602303 [OBJECTID 12]",13.05584386,77.63465622,,point,source_date is the OpenCity dataset creation date
Sanguruvanahalli,,"BBMP Low Lying Areas (KML, OpenCity)",https://data.opencity.in/dataset/b03218ea-4b7c-4fa9-ab67-b9054d7ecc4c/resource/62ceac3b-f6e2-4dd1-ae9f-be80b1f2fda8/download/8e87a2fc-e014-4c6e-81f1-d5cb4db57a46.kml,2023-02-16,low_lying_area,"; coordinates=77.5408666666729,12.9908666662383 [OBJECTID 13]",12.99086666,77.54086666,,point,source_date is the OpenCity dataset creation date
"8TH CROSS 6TH BLOCK SANKARAPPA GARDEN ,RAJAJINAGAR",,"BBMP Low Lying Areas (KML, OpenCity)",https://data.opencity.in/dataset/b03218ea-4b7c-4fa9-ab67-b9054d7ecc4c/resource/62ceac3b-f6e2-4dd1-ae9f-be80b1f2fda8/download/8e87a2fc-e014-4c6e-81f1-d5cb4db57a46.kml,2023-02-16,low_lying_area,"; coordinates=77.5525326297742,12.9813991521908 [OBJECTID 14]",12.98139915,77.55253262,,point,source_date is the OpenCity dataset creation date
BHAKSHI GARDEN,,"BBMP Low Lying Areas (KML, OpenCity)",https://data.opencity.in/dataset/b03218ea-4b7c-4fa9-ab67-b9054d7ecc4c/resource/62ceac3b-f6e2-4dd1-ae9f-be80b1f2fda8/download/8e87a2fc-e014-4c6e-81f1-d5cb4db57a46.kml,2023-02-16,low_lying_area,"; coordinates=77.566054909962,12.9684298800879 [OBJECTID 15]",12.96842988,77.56605490,,point,source_date is the OpenCity dataset creation date
SANJEEVAPPA GARDEN,,"BBMP Low Lying Areas (KML, OpenCity)",https://data.opencity.in/dataset/b03218ea-4b7c-4fa9-ab67-b9054d7ecc4c/resource/62ceac3b-f6e2-4dd1-ae9f-be80b1f2fda8/download/8e87a2fc-e014-4c6e-81f1-d5cb4db57a46.kml,2023-02-16,low_lying_area,"; coordinates=77.5588053181909,13.0282233491054 [OBJECTID 16]",13.02822334,77.55880531,,point,source_date is the OpenCity dataset creation date
"NAGANNA NAGAR,NEAR BINNIY MILL ROAD",,"BBMP Low Lying Areas (KML, OpenCity)",https://data.opencity.in/dataset/b03218ea-4b7c-4fa9-ab67-b9054d7ecc4c/resource/62ceac3b-f6e2-4dd1-ae9f-be80b1f2fda8/download/8e87a2fc-e014-4c6e-81f1-d5cb4db57a46.kml,2023-02-16,low_lying_area,"; coordinates=77.5687506218599,12.9670968958218 [OBJECTID 17]",12.96709689,77.56875062,,point,source_date is the OpenCity dataset creation date
KANTEERAVA NAGARA,,"BBMP Low Lying Areas (KML, OpenCity)",https://data.opencity.in/dataset/b03218ea-4b7c-4fa9-ab67-b9054d7ecc4c/resource/62ceac3b-f6e2-4dd1-ae9f-be80b1f2fda8/download/8e87a2fc-e014-4c6e-81f1-d5cb4db57a46.kml,2023-02-16,low_lying_area,"; coordinates=77.5415463996097,13.0196048115791 [OBJECTID 18]",13.01960481,77.54154639,,point,source_date is the OpenCity dataset creation date
KAMALANAGAR,,"BBMP Low Lying Areas (KML, OpenCity)",https://data.opencity.in/dataset/b03218ea-4b7c-4fa9-ab67-b9054d7ecc4c/resource/62ceac3b-f6e2-4dd1-ae9f-be80b1f2fda8/download/8e87a2fc-e014-4c6e-81f1-d5cb4db57a46.kml,2023-02-16,low_lying_area,"; coordinates=77.5578611429665,13.0226867408992 [OBJECTID 19]",13.02268674,77.55786114,,point,source_date is the OpenCity dataset creation date
12th  cross gubbanalayout industrial area,,"BBMP Low Lying Areas (KML, OpenCity)",https://data.opencity.in/dataset/b03218ea-4b7c-4fa9-ab67-b9054d7ecc4c/resource/62ceac3b-f6e2-4dd1-ae9f-be80b1f2fda8/download/8e87a2fc-e014-4c6e-81f1-d5cb4db57a46.kml,2023-02-16,low_lying_area,"; coordinates=77.5555462012644,12.9787048562282 [OBJECTID 20]",12.97870485,77.55554620,,point,source_date is the OpenCity dataset creation date
SARVABHOUMA NAGAR-WARD NO 131 NAYANDHALLI,,"BBMP Low Lying Areas (KML, OpenCity)",https://data.opencity.in/dataset/b03218ea-4b7c-4fa9-ab67-b9054d7ecc4c/resource/62ceac3b-f6e2-4dd1-ae9f-be80b1f2fda8/download/8e87a2fc-e014-4c6e-81f1-d5cb4db57a46.kml,2023-02-16,low_lying_area,"; coordinates=77.5263786003369,12.9507786914149 [OBJECTID 21]",12.95077869,77.52637860,,point,source_date is the OpenCity dataset creation date
"14TH CROSS P&T COLONY,CHOLARPALYA",,"BBMP Low Lying Areas (KML, OpenCity)",https://data.opencity.in/dataset/b03218ea-4b7c-4fa9-ab67-b9054d7ecc4c/resource/62ceac3b-f6e2-4dd1-ae9f-be80b1f2fda8/download/8e87a2fc-e014-4c6e-81f1-d5cb4db57a46.kml,2023-02-16,low_lying_area,"; coordinates=77.5477410304143,12.9913230396652 [OBJECTID 22]",12.99132303,77.54774103,,point,source_date is the OpenCity dataset creation date
"1ST MAIN 8TH CROSS N.R.GARDEN,CHOLARPALYA",,"BBMP Low Lying Areas (KML, OpenCity)",https://data.opencity.in/dataset/b03218ea-4b7c-4fa9-ab67-b9054d7ecc4c/resource/62ceac3b-f6e2-4dd1-ae9f-be80b1f2fda8/download/8e87a2fc-e014-4c6e-81f1-d5cb4db57a46.kml,2023-02-16,low_lying_area,"; coordinates=77.5435531792751,12.9929410729399 [OBJECTID 23]",12.99294107,77.54355317,,point,source_date is the OpenCity dataset creation date
MUDALPALYA,,"BBMP Low Lying Areas (KML, OpenCity)",https://data.opencity.in/dataset/b03218ea-4b7c-4fa9-ab67-b9054d7ecc4c/resource/62ceac3b-f6e2-4dd1-ae9f-be80b1f2fda8/download/8e87a2fc-e014-4c6e-81f1-d5cb4db57a46.kml,2023-02-16,low_lying_area,"; coordinates=77.5313868890026,13.014326605879 [OBJECTID 24]",13.01432660,77.53138688,,point,source_date is the OpenCity dataset creation date
"METRO LAYOUT-WARD NO 131,NEAR NAYANDHALLI",,"BBMP Low Lying Areas (KML, OpenCity)",https://data.opencity.in/dataset/b03218ea-4b7c-4fa9-ab67-b9054d7ecc4c/resource/62ceac3b-f6e2-4dd1-ae9f-be80b1f2fda8/download/8e87a2fc-e014-4c6e-81f1-d5cb4db57a46.kml,2023-02-16,low_lying_area,"; coordinates=77.530223812323,12.9654374195325 [OBJECTID 25]",12.96543741,77.53022381,,point,source_date is the OpenCity dataset creation date
bismillanagar,,"BBMP Low Lying Areas (KML, OpenCity)",https://data.opencity.in/dataset/b03218ea-4b7c-4fa9-ab67-b9054d7ecc4c/resource/62ceac3b-f6e2-4dd1-ae9f-be80b1f2fda8/download/8e87a2fc-e014-4c6e-81f1-d5cb4db57a46.kml,2023-02-16,low_lying_area,"; coordinates=77.6031109926665,12.9269520831511 [OBJECTID 26]",12.92695208,77.60311099,,point,source_date is the OpenCity dataset creation date
rudrappa garden,,"BBMP Low Lying Areas (KML, OpenCity)",https://data.opencity.in/dataset/b03218ea-4b7c-4fa9-ab67-b9054d7ecc4c/resource/62ceac3b-f6e2-4dd1-ae9f-be80b1f2fda8/download/8e87a2fc-e014-4c6e-81f1-d5cb4db57a46.kml,2023-02-16,low_lying_area,"; coordinates=77.5475717608872,12.9563239937434 [OBJECTID 27]",12.95632399,77.54757176,,point,source_date is the OpenCity dataset creation date
samrudhinagar,,"BBMP Low Lying Areas (KML, OpenCity)",https://data.opencity.in/dataset/b03218ea-4b7c-4fa9-ab67-b9054d7ecc4c/resource/62ceac3b-f6e2-4dd1-ae9f-be80b1f2fda8/download/8e87a2fc-e014-4c6e-81f1-d5cb4db57a46.kml,2023-02-16,low_lying_area,"; coordinates=77.5468931526243,12.9526248968046 [OBJECTID 28]",12.95262489,77.54689315,,point,source_date is the OpenCity dataset creation date
silkboardjunction,,"BBMP Low Lying Areas (KML, OpenCity)",https://data.opencity.in/dataset/b03218ea-4b7c-4fa9-ab67-b9054d7ecc4c/resource/62ceac3b-f6e2-4dd1-ae9f-be80b1f2fda8/download/8e87a2fc-e014-4c6e-81f1-d5cb4db57a46.kml,2023-02-16,low_lying_area,"; coordinates=77.5598718344172,12.8966741990632 [OBJECTID 29]",12.89667419,77.55987183,,point,source_date is the OpenCity dataset creation date
SARVABHOUMA NAGAR-WARD NO 131 NAYANDHALLI,,"BBMP Low Lying Areas (KML, OpenCity)",https://data.opencity.in/dataset/b03218ea-4b7c-4fa9-ab67-b9054d7ecc4c/resource/62ceac3b-f6e2-4dd1-ae9f-be80b1f2fda8/download/8e87a2fc-e014-4c6e-81f1-d5cb4db57a46.kml,2023-02-16,low_lying_area,"; coordinates=77.5263786003369,12.9507786914149 [OBJECTID 30]",12.95077869,77.52637860,,point,source_date is the OpenCity dataset creation date
SOMESHWARA COLONY NEAR SILK BOARD JUNCTION,,"BBMP Low Lying Areas (KML, OpenCity)",https://data.opencity.in/dataset/b03218ea-4b7c-4fa9-ab67-b9054d7ecc4c/resource/62ceac3b-f6e2-4dd1-ae9f-be80b1f2fda8/download/8e87a2fc-e014-4c6e-81f1-d5cb4db57a46.kml,2023-02-16,low_lying_area,"; coordinates=77.6159962568356,12.9155182467913 [OBJECTID 31]",12.91551824,77.61599625,,point,source_date is the OpenCity dataset creation date
"MARUTHI NAGAR, SANKRAPPA LAYOUT",,"BBMP Low Lying Areas (KML, OpenCity)",https://data.opencity.in/dataset/b03218ea-4b7c-4fa9-ab67-b9054d7ecc4c/resource/62ceac3b-f6e2-4dd1-ae9f-be80b1f2fda8/download/8e87a2fc-e014-4c6e-81f1-d5cb4db57a46.kml,2023-02-16,low_lying_area,"; coordinates=77.628961332382,12.9178430901315 [OBJECTID 32]",12.91784309,77.62896133,,point,source_date is the OpenCity dataset creation date
"VENKATAREDDY NAGAR,SIDDAPURA",,"BBMP Low Lying Areas (KML, OpenCity)",https://data.opencity.in/dataset/b03218ea-4b7c-4fa9-ab67-b9054d7ecc4c/resource/62ceac3b-f6e2-4dd1-ae9f-be80b1f2fda8/download/8e87a2fc-e014-4c6e-81f1-d5cb4db57a46.kml,2023-02-16,low_lying_area,"; coordinates=77.5965047621556,12.9487522566802 [OBJECTID 33]",12.94875225,77.59650476,,point,source_date is the OpenCity dataset creation date
"VITTALA NAGAR , NEAR KEMPEGOWDANAGAR",,"BBMP Low Lying Areas (KML, OpenCity)",https://data.opencity.in/dataset/b03218ea-4b7c-4fa9-ab67-b9054d7ecc4c/resource/62ceac3b-f6e2-4dd1-ae9f-be80b1f2fda8/download/8e87a2fc-e014-4c6e-81f1-d5cb4db57a46.kml,2023-02-16,low_lying_area,"; coordinates=77.5422852024616,12.9531080573237 [OBJECTID 34]",12.95310805,77.54228520,,point,source_date is the OpenCity dataset creation date
"MARUTHI NAGARA ,NEAR BAPUJI NAGARA",,"BBMP Low Lying Areas (KML, OpenCity)",https://data.opencity.in/dataset/b03218ea-4b7c-4fa9-ab67-b9054d7ecc4c/resource/62ceac3b-f6e2-4dd1-ae9f-be80b1f2fda8/download/8e87a2fc-e014-4c6e-81f1-d5cb4db57a46.kml,2023-02-16,low_lying_area,"; coordinates=77.538395591297,12.9554968119099 [OBJECTID 35]",12.95549681,77.53839559,,point,source_date is the OpenCity dataset creation date
"RANGANATHA LAYOUT,BHEL CIRCLE",,"BBMP Low Lying Areas (KML, OpenCity)",https://data.opencity.in/dataset/b03218ea-4b7c-4fa9-ab67-b9054d7ecc4c/resource/62ceac3b-f6e2-4dd1-ae9f-be80b1f2fda8/download/8e87a2fc-e014-4c6e-81f1-d5cb4db57a46.kml,2023-02-16,low_lying_area,"; coordinates=77.5353843832805,12.9475113405221 [OBJECTID 36]",12.94751134,77.53538438,,point,source_date is the OpenCity dataset creation date
PWD QUARTERS NEAR WISLSON GARDEN,,"BBMP Low Lying Areas (KML, OpenCity)",https://data.opencity.in/dataset/b03218ea-4b7c-4fa9-ab67-b9054d7ecc4c/resource/62ceac3b-f6e2-4dd1-ae9f-be80b1f2fda8/download/8e87a2fc-e014-4c6e-81f1-d5cb4db57a46.kml,2023-02-16,low_lying_area,"; coordinates=77.5979684702579,12.9485943903588 [OBJECTID 37]",12.94859439,77.59796847,,point,source_date is the OpenCity dataset creation date
ASHWINI LAYOUT,,"BBMP Low Lying Areas (KML, OpenCity)",https://data.opencity.in/dataset/b03218ea-4b7c-4fa9-ab67-b9054d7ecc4c/resource/62ceac3b-f6e2-4dd1-ae9f-be80b1f2fda8/download/8e87a2fc-e014-4c6e-81f1-d5cb4db57a46.kml,2023-02-16,low_lying_area,"; coordinates=77.6291898267498,12.9405389984356 [OBJECTID 38]",12.94053899,77.62918982,,point,source_date is the OpenCity dataset creation date
EJIPURA,,"BBMP Low Lying Areas (KML, OpenCity)",https://data.opencity.in/dataset/b03218ea-4b7c-4fa9-ab67-b9054d7ecc4c/resource/62ceac3b-f6e2-4dd1-ae9f-be80b1f2fda8/download/8e87a2fc-e014-4c6e-81f1-d5cb4db57a46.kml,2023-02-16,low_lying_area,"; coordinates=77.6272964099633,12.9431092534146 [OBJECTID 39]",12.94310925,77.62729640,,point,source_date is the OpenCity dataset creation date
LAKSHMAN RAO NAGARA,,"BBMP Low Lying Areas (KML, OpenCity)",https://data.opencity.in/dataset/b03218ea-4b7c-4fa9-ab67-b9054d7ecc4c/resource/62ceac3b-f6e2-4dd1-ae9f-be80b1f2fda8/download/8e87a2fc-e014-4c6e-81f1-d5cb4db57a46.kml,2023-02-16,low_lying_area,"; coordinates=77.6146833451546,12.9490792579336 [OBJECTID 40]",12.94907925,77.61468334,,point,source_date is the OpenCity dataset creation date
"Kengunta,Near Mallathalli",,"BBMP Low Lying Areas (KML, OpenCity)",https://data.opencity.in/dataset/b03218ea-4b7c-4fa9-ab67-b9054d7ecc4c/resource/62ceac3b-f6e2-4dd1-ae9f-be80b1f2fda8/download/8e87a2fc-e014-4c6e-81f1-d5cb4db57a46.kml,2023-02-16,low_lying_area,"; coordinates=77.499259070136,12.9592538035114 [OBJECTID 41]",12.95925380,77.49925907,,point,source_date is the OpenCity dataset creation date
Sri Hari layout,,"BBMP Low Lying Areas (KML, OpenCity)",https://data.opencity.in/dataset/b03218ea-4b7c-4fa9-ab67-b9054d7ecc4c/resource/62ceac3b-f6e2-4dd1-ae9f-be80b1f2fda8/download/8e87a2fc-e014-4c6e-81f1-d5cb4db57a46.kml,2023-02-16,low_lying_area,"; coordinates=77.4941712244285,12.9574379990271 [OBJECTID 42]",12.95743799,77.49417122,,point,source_date is the OpenCity dataset creation date
Near Vidyanikethan School,,"BBMP Low Lying Areas (KML, OpenCity)",https://data.opencity.in/dataset/b03218ea-4b7c-4fa9-ab67-b9054d7ecc4c/resource/62ceac3b-f6e2-4dd1-ae9f-be80b1f2fda8/download/8e87a2fc-e014-4c6e-81f1-d5cb4db57a46.kml,2023-02-16,low_lying_area,"; coordinates=77.4886975317529,12.9560321588592 [OBJECTID 43]",12.95603215,77.48869753,,point,source_date is the OpenCity dataset creation date
"Vinayaka Layout,Near Nagarabhavi",,"BBMP Low Lying Areas (KML, OpenCity)",https://data.opencity.in/dataset/b03218ea-4b7c-4fa9-ab67-b9054d7ecc4c/resource/62ceac3b-f6e2-4dd1-ae9f-be80b1f2fda8/download/8e87a2fc-e014-4c6e-81f1-d5cb4db57a46.kml,2023-02-16,low_lying_area,"; coordinates=77.5148894417433,12.9647878349789 [OBJECTID 44]",12.96478783,77.51488944,,point,source_date is the OpenCity dataset creation date
Bandemata-Near Kengeri,,"BBMP Low Lying Areas (KML, OpenCity)",https://data.opencity.in/dataset/b03218ea-4b7c-4fa9-ab67-b9054d7ecc4c/resource/62ceac3b-f6e2-4dd1-ae9f-be80b1f2fda8/download/8e87a2fc-e014-4c6e-81f1-d5cb4db57a46.kml,2023-02-16,low_lying_area,"; coordinates=77.4885216619697,12.9131382566425 [OBJECTID 45]",12.91313825,77.48852166,,point,source_date is the OpenCity dataset creation date
"Janapriya Apartments,Near Rajarajeshwari Temple",,"BBMP Low Lying Areas (KML, OpenCity)",https://data.opencity.in/dataset/b03218ea-4b7c-4fa9-ab67-b9054d7ecc4c/resource/62ceac3b-f6e2-4dd1-ae9f-be80b1f2fda8/download/8e87a2fc-e014-4c6e-81f1-d5cb4db57a46.kml,2023-02-16,low_lying_area,"; coordinates=77.5089051560258,12.9276328453853 [OBJECTID 46]",12.92763284,77.50890515,,point,source_date is the OpenCity dataset creation date
Kenchenahalli,,"BBMP Low Lying Areas (KML, OpenCity)",https://data.opencity.in/dataset/b03218ea-4b7c-4fa9-ab67-b9054d7ecc4c/resource/62ceac3b-f6e2-4dd1-ae9f-be80b1f2fda8/download/8e87a2fc-e014-4c6e-81f1-d5cb4db57a46.kml,2023-02-16,low_lying_area,"; coordinates=77.5094453240125,12.9304723356581 [OBJECTID 47]",12.93047233,77.50944532,,point,source_date is the OpenCity dataset creation date
"Shivanna Layout,Near Halagevaddarahalli",,"BBMP Low Lying Areas (KML, OpenCity)",https://data.opencity.in/dataset/b03218ea-4b7c-4fa9-ab67-b9054d7ecc4c/resource/62ceac3b-f6e2-4dd1-ae9f-be80b1f2fda8/download/8e87a2fc-e014-4c6e-81f1-d5cb4db57a46.kml,2023-02-16,low_lying_area,"; coordinates=77.5190201065997,12.9204643601057 [OBJECTID 48]",12.92046436,77.51902010,,point,source_date is the OpenCity dataset creation date
BRINDAVAN NAGAR,,"BBMP Low Lying Areas (KML, OpenCity)",https://data.opencity.in/dataset/b03218ea-4b7c-4fa9-ab67-b9054d7ecc4c/resource/62ceac3b-f6e2-4dd1-ae9f-be80b1f2fda8/download/8e87a2fc-e014-4c6e-81f1-d5cb4db57a46.kml,2023-02-16,low_lying_area,"; coordinates=77.5545798971634,13.0346251587191 [OBJECTID 49]",13.03462515,77.55457989,,point,source_date is the OpenCity dataset creation date
CHICKKABIDRIKAL,,"BBMP Low Lying Areas (KML, OpenCity)",https://data.opencity.in/dataset/b03218ea-4b7c-4fa9-ab67-b9054d7ecc4c/resource/62ceac3b-f6e2-4dd1-ae9f-be80b1f2fda8/download/8e87a2fc-e014-4c6e-81f1-d5cb4db57a46.kml,2023-02-16,low_lying_area,"; coordinates=77.4905174317657,13.0445656358456 [OBJECTID 50]",13.04456563,77.49051743,,point,source_date is the OpenCity dataset creation date
"ANJANA NAGARA ,NEAR ANJANEYA TEMPLE (WARD NO 72)",,"BBMP Low Lying Areas (KML, OpenCity)",https://data.opencity.in/dataset/b03218ea-4b7c-4fa9-ab67-b9054d7ecc4c/resource/62ceac3b-f6e2-4dd1-ae9f-be80b1f2fda8/download/8e87a2fc-e014-4c6e-81f1-d5cb4db57a46.kml,2023-02-16,low_lying_area,"; coordinates=77.4819589559286,12.9886740252605 [OBJECTID 51]",12.98867402,77.48195895,,point,source_date is the OpenCity dataset creation date
"BYRAVESHWARA NAGARA , HAGGANAHALLI",,"BBMP Low Lying Areas (KML, OpenCity)",https://data.opencity.in/dataset/b03218ea-4b7c-4fa9-ab67-b9054d7ecc4c/resource/62ceac3b-f6e2-4dd1-ae9f-be80b1f2fda8/download/8e87a2fc-e014-4c6e-81f1-d5cb4db57a46.kml,2023-02-16,low_lying_area,"; coordinates=77.5042014204633,12.9893216008603 [OBJECTID 52]",12.98932160,77.50420142,,point,source_date is the OpenCity dataset creation date
"CHOWDESHWARINAGAR,RAJIV GANDHI CIRCLE ,LAGGERE",,"BBMP Low Lying Areas (KML, OpenCity)",https://data.opencity.in/dataset/b03218ea-4b7c-4fa9-ab67-b9054d7ecc4c/resource/62ceac3b-f6e2-4dd1-ae9f-be80b1f2fda8/download/8e87a2fc-e014-4c6e-81f1-d5cb4db57a46.kml,2023-02-16,low_lying_area,"; coordinates=77.5269523740393,13.0097106932318 [OBJECTID 53]",13.00971069,77.52695237,,point,source_date is the OpenCity dataset creation date
KALIKA NAGARA MAIN ROAD (WARD NO 41),,"BBMP Low Lying Areas (KML, OpenCity)",https://data.opencity.in/dataset/b03218ea-4b7c-4fa9-ab67-b9054d7ecc4c/resource/62ceac3b-f6e2-4dd1-ae9f-be80b1f2fda8/download/8e87a2fc-e014-4c6e-81f1-d5cb4db57a46.kml,2023-02-16,low_lying_area,"; coordinates=77.4919584197319,13.0099364369115 [OBJECTID 54]",13.00993643,77.49195841,,point,source_date is the OpenCity dataset creation date
KOTTIGEPALYA,,"BBMP Low Lying Areas (KML, OpenCity)",https://data.opencity.in/dataset/b03218ea-4b7c-4fa9-ab67-b9054d7ecc4c/resource/62ceac3b-f6e2-4dd1-ae9f-be80b1f2fda8/download/8e87a2fc-e014-4c6e-81f1-d5cb4db57a46.kml,2023-02-16,low_lying_area,"; coordinates=77.5120418872617,12.9859703230919 [OBJECTID 55]",12.98597032,77.51204188,,point,source_date is the OpenCity dataset creation date
RUKMINI NAGARA NEAR MAGADI ROAD (WARD NO 73),,"BBMP Low Lying Areas (KML, OpenCity)",https://data.opencity.in/dataset/b03218ea-4b7c-4fa9-ab67-b9054d7ecc4c/resource/62ceac3b-f6e2-4dd1-ae9f-be80b1f2fda8/download/8e87a2fc-e014-4c6e-81f1-d5cb4db57a46.kml,2023-02-16,low_lying_area,"; coordinates=77.4938813384294,13.0415863390777 [OBJECTID 56]",13.04158633,77.49388133,,point,source_date is the OpenCity dataset creation date
SHIVANANDANAGARA,,"BBMP Low Lying Areas (KML, OpenCity)",https://data.opencity.in/dataset/b03218ea-4b7c-4fa9-ab67-b9054d7ecc4c/resource/62ceac3b-f6e2-4dd1-ae9f-be80b1f2fda8/download/8e87a2fc-e014-4c6e-81f1-d5cb4db57a46.kml,2023-02-16,low_lying_area,"; coordinates=77.4951423539782,13.0067812943811 [OBJECTID 57]",13.00678129,77.49514235,,point,source_date is the OpenCity dataset creation date
KALLAPA LAYOUT NEAR BASAVANAGARA,,"BBMP Low Lying Areas (KML, OpenCity)",https://data.opencity.in/dataset/b03218ea-4b7c-4fa9-ab67-b9054d7ecc4c/resource/62ceac3b-f6e2-4dd1-ae9f-be80b1f2fda8/download/8e87a2fc-e014-4c6e-81f1-d5cb4db57a46.kml,2023-02-16,low_lying_area,"; coordinates=77.68690014911,12.9678401398011 [OBJECTID 58]",12.96784013,77.68690014,,point,source_date is the OpenCity dataset creation date
TALA KAVERI LAYOUT NEAR HAL AIRPORT,,"BBMP Low Lying Areas (KML, OpenCity)",https://data.opencity.in/dataset/b03218ea-4b7c-4fa9-ab67-b9054d7ecc4c/resource/62ceac3b-f6e2-4dd1-ae9f-be80b1f2fda8/download/8e87a2fc-e014-4c6e-81f1-d5cb4db57a46.kml,2023-02-16,low_lying_area,"; coordinates=77.6862077155083,12.9604936418399 [OBJECTID 59]",12.96049364,77.68620771,,point,source_date is the OpenCity dataset creation date
SJR DENTAL COLLEGE MAIN ROAD,,"BBMP Low Lying Areas (KML, OpenCity)",https://data.opencity.in/dataset/b03218ea-4b7c-4fa9-ab67-b9054d7ecc4c/resource/62ceac3b-f6e2-4dd1-ae9f-be80b1f2fda8/download/8e87a2fc-e014-4c6e-81f1-d5cb4db57a46.kml,2023-02-16,low_lying_area,"; coordinates=77.7030290587202,12.948995700582 [OBJECTID 60]",12.94899570,77.70302905,,point,source_date is the OpenCity dataset creation date
GANDHIPURAM NEAR WHITE FIELD,,"BBMP Low Lying Areas (KML, OpenCity)",https://data.opencity.in/dataset/b03218ea-4b7c-4fa9-ab67-b9054d7ecc4c/resource/62ceac3b-f6e2-4dd1-ae9f-be80b1f2fda8/download/8e87a2fc-e014-4c6e-81f1-d5cb4db57a46.kml,2023-02-16,low_lying_area,"; coordinates=77.7559353478791,12.9713155689837 [OBJECTID 61]",12.97131556,77.75593534,,point,source_date is the OpenCity dataset creation date
UDAYANAGARA NEAR A NARAYANPURA,,"BBMP Low Lying Areas (KML, OpenCity)",https://data.opencity.in/dataset/b03218ea-4b7c-4fa9-ab67-b9054d7ecc4c/resource/62ceac3b-f6e2-4dd1-ae9f-be80b1f2fda8/download/8e87a2fc-e014-4c6e-81f1-d5cb4db57a46.kml,2023-02-16,low_lying_area,"; coordinates=77.6755986418536,12.9900814783436 [OBJECTID 62]",12.99008147,77.67559864,,point,source_date is the OpenCity dataset creation date
PAI LAYOUT,,"BBMP Low Lying Areas (KML, OpenCity)",https://data.opencity.in/dataset/b03218ea-4b7c-4fa9-ab67-b9054d7ecc4c/resource/62ceac3b-f6e2-4dd1-ae9f-be80b1f2fda8/download/8e87a2fc-e014-4c6e-81f1-d5cb4db57a46.kml,2023-02-16,low_lying_area,"; coordinates=77.6688288350888,12.9914150366501 [OBJECTID 63]",12.99141503,77.66882883,,point,source_date is the OpenCity dataset creation date
CHINAPPA LAYOUT,,"BBMP Low Lying Areas (KML, OpenCity)",https://data.opencity.in/dataset/b03218ea-4b7c-4fa9-ab67-b9054d7ecc4c/resource/62ceac3b-f6e2-4dd1-ae9f-be80b1f2fda8/download/8e87a2fc-e014-4c6e-81f1-d5cb4db57a46.kml,2023-02-16,low_lying_area,"; coordinates=77.6855870790913,12.9853658544149 [OBJECTID 64]",12.98536585,77.68558707,,point,source_date is the OpenCity dataset creation date
GARUDACHARPLAYA BASAVANAGARA,,"BBMP Low Lying Areas (KML, OpenCity)",https://data.opencity.in/dataset/b03218ea-4b7c-4fa9-ab67-b9054d7ecc4c/resource/62ceac3b-f6e2-4dd1-ae9f-be80b1f2fda8/download/8e87a2fc-e014-4c6e-81f1-d5cb4db57a46.kml,2023-02-16,low_lying_area,"; coordinates=77.7194865485595,12.9866177680058 [OBJECTID 65]",12.98661776,77.71948654,,point,source_date is the OpenCity dataset creation date
PASTTANDUR AGRAHARA NEAR ITPL,,"BBMP Low Lying Areas (KML, OpenCity)",https://data.opencity.in/dataset/b03218ea-4b7c-4fa9-ab67-b9054d7ecc4c/resource/62ceac3b-f6e2-4dd1-ae9f-be80b1f2fda8/download/8e87a2fc-e014-4c6e-81f1-d5cb4db57a46.kml,2023-02-16,low_lying_area,"; coordinates=77.7350766808123,12.9749466444273 [OBJECTID 66]",12.97494664,77.73507668,,point,source_date is the OpenCity dataset creation date
SAI BABA ASHRAM KADUGODI,,"BBMP Low Lying Areas (KML, OpenCity)",https://data.opencity.in/dataset/b03218ea-4b7c-4fa9-ab67-b9054d7ecc4c/resource/62ceac3b-f6e2-4dd1-ae9f-be80b1f2fda8/download/8e87a2fc-e014-4c6e-81f1-d5cb4db57a46.kml,2023-02-16,low_lying_area,"; coordinates=77.7541586165213,13.0015538942678 [OBJECTID 67]",13.00155389,77.75415861,,point,source_date is the OpenCity dataset creation date
PATTALAMMA LAYOUT NEAR KADUGODI,,"BBMP Low Lying Areas (KML, OpenCity)",https://data.opencity.in/dataset/b03218ea-4b7c-4fa9-ab67-b9054d7ecc4c/resource/62ceac3b-f6e2-4dd1-ae9f-be80b1f2fda8/download/8e87a2fc-e014-4c6e-81f1-d5cb4db57a46.kml,2023-02-16,low_lying_area,"; coordinates=77.7590733023577,12.9988285462643 [OBJECTID 68]",12.99882854,77.75907330,,point,source_date is the OpenCity dataset creation date
SIDDHARTHA LAYOUT KADUGODI,,"BBMP Low Lying Areas (KML, OpenCity)",https://data.opencity.in/dataset/b03218ea-4b7c-4fa9-ab67-b9054d7ecc4c/resource/62ceac3b-f6e2-4dd1-ae9f-be80b1f2fda8/download/8e87a2fc-e014-4c6e-81f1-d5cb4db57a46.kml,2023-02-16,low_lying_area,"; coordinates=77.7631919179187,12.9970066317567 [OBJECTID 69]",12.99700663,77.76319191,,point,source_date is the OpenCity dataset creation date
TRIVENI NAGAR NEAR KR PURAM,,"BBMP Low Lying Areas (KML, OpenCity)",https://data.opencity.in/dataset/b03218ea-4b7c-4fa9-ab67-b9054d7ecc4c/resource/62ceac3b-f6e2-4dd1-ae9f-be80b1f2fda8/download/8e87a2fc-e014-4c6e-81f1-d5cb4db57a46.kml,2023-02-16,low_lying_area,"; coordinates=77.7199022142409,13.023151384561 [OBJECTID 70]",13.02315138,77.71990221,,point,source_date is the OpenCity dataset creation date
"KRISHNANAGARA , NEAR CHIKKADEVSANDRA",,"BBMP Low Lying Areas (KML, OpenCity)",https://data.opencity.in/dataset/b03218ea-4b7c-4fa9-ab67-b9054d7ecc4c/resource/62ceac3b-f6e2-4dd1-ae9f-be80b1f2fda8/download/8e87a2fc-e014-4c6e-81f1-d5cb4db57a46.kml,2023-02-16,low_lying_area,"; coordinates=77.7065480462501,13.0053442229902 [OBJECTID 71]",13.00534422,77.70654804,,point,source_date is the OpenCity dataset creation date
VINAYAKA LAYOUT NEAR BASAVANAPURA MAIN ROAD,,"BBMP Low Lying Areas (KML, OpenCity)",https://data.opencity.in/dataset/b03218ea-4b7c-4fa9-ab67-b9054d7ecc4c/resource/62ceac3b-f6e2-4dd1-ae9f-be80b1f2fda8/download/8e87a2fc-e014-4c6e-81f1-d5cb4db57a46.kml,2023-02-16,low_lying_area,"; coordinates=77.7066730094247,13.0142993398719 [OBJECTID 72]",13.01429933,77.70667300,,point,source_date is the OpenCity dataset creation date
HOYSALANAGARA KR PURA,,"BBMP Low Lying Areas (KML, OpenCity)",https://data.opencity.in/dataset/b03218ea-4b7c-4fa9-ab67-b9054d7ecc4c/resource/62ceac3b-f6e2-4dd1-ae9f-be80b1f2fda8/download/8e87a2fc-e014-4c6e-81f1-d5cb4db57a46.kml,2023-02-16,low_lying_area,"; coordinates=77.6659831346454,13.0172434237938 [OBJECTID 73]",13.01724342,77.66598313,,point,source_date is the OpenCity dataset creation date
RR LAYOUT  NEAR VIJNANAPURA,,"BBMP Low Lying Areas (KML, OpenCity)",https://data.opencity.in/dataset/b03218ea-4b7c-4fa9-ab67-b9054d7ecc4c/resource/62ceac3b-f6e2-4dd1-ae9f-be80b1f2fda8/download/8e87a2fc-e014-4c6e-81f1-d5cb4db57a46.kml,2023-02-16,low_lying_area,"; coordinates=77.6758085923833,13.0115014743169 [OBJECTID 74]",13.01150147,77.67580859,,point,source_date is the OpenCity dataset creation date
DR AMBEDKAR NAGAR NEAR VIJNANAPURA,,"BBMP Low Lying Areas (KML, OpenCity)",https://data.opencity.in/dataset/b03218ea-4b7c-4fa9-ab67-b9054d7ecc4c/resource/62ceac3b-f6e2-4dd1-ae9f-be80b1f2fda8/download/8e87a2fc-e014-4c6e-81f1-d5cb4db57a46.kml,2023-02-16,low_lying_area,"; coordinates=77.6866487764669,13.0151964152723 [OBJECTID 75]",13.01519641,77.68664877,,point,source_date is the OpenCity dataset creation date
"ABBAREDDY LAYOUT ,VIJNANA NAGARA",,"BBMP Low Lying Areas (KML, OpenCity)",https://data.opencity.in/dataset/b03218ea-4b7c-4fa9-ab67-b9054d7ecc4c/resource/62ceac3b-f6e2-4dd1-ae9f-be80b1f2fda8/download/8e87a2fc-e014-4c6e-81f1-d5cb4db57a46.kml,2023-02-16,low_lying_area,"; coordinates=77.6808290469289,12.9803526268145 [OBJECTID 76]",12.98035262,77.68082904,,point,source_date is the OpenCity dataset creation date
"Vaddara palya, Near Hennur Bande",,"BBMP Low Lying Areas (KML, OpenCity)",https://data.opencity.in/dataset/b03218ea-4b7c-4fa9-ab67-b9054d7ecc4c/resource/62ceac3b-f6e2-4dd1-ae9f-be80b1f2fda8/download/8e87a2fc-e014-4c6e-81f1-d5cb4db57a46.kml,2023-02-16,low_lying_area,"; coordinates=77.6443741089786,13.040109608308 [OBJECTID 77]",13.04010960,77.64437410,,point,source_date is the OpenCity dataset creation date
BHUVANESHWARI NAGARA WARD NO 15,,"BBMP Low Lying Areas (KML, OpenCity)",https://data.opencity.in/dataset/b03218ea-4b7c-4fa9-ab67-b9054d7ecc4c/resource/62ceac3b-f6e2-4dd1-ae9f-be80b1f2fda8/download/8e87a2fc-e014-4c6e-81f1-d5cb4db57a46.kml,2023-02-16,low_lying_area,"; coordinates=77.5079819461216,13.0429792423788 [OBJECTID 78]",13.04297924,77.50798194,,point,source_date is the OpenCity dataset creation date
BAGALKUNTE( L NARSIMHAYA LAYOUT),,"BBMP Low Lying Areas (KML, OpenCity)",https://data.opencity.in/dataset/b03218ea-4b7c-4fa9-ab67-b9054d7ecc4c/resource/62ceac3b-f6e2-4dd1-ae9f-be80b1f2fda8/download/8e87a2fc-e014-4c6e-81f1-d5cb4db57a46.kml,2023-02-16,low_lying_area,"; coordinates=77.5030166638335,13.0642508306955 [OBJECTID 79]",13.06425083,77.50301666,,point,source_date is the OpenCity dataset creation date
KEMPEGOWDANAGAR,,"BBMP Low Lying Areas (KML, OpenCity)",https://data.opencity.in/dataset/b03218ea-4b7c-4fa9-ab67-b9054d7ecc4c/resource/62ceac3b-f6e2-4dd1-ae9f-be80b1f2fda8/download/8e87a2fc-e014-4c6e-81f1-d5cb4db57a46.kml,2023-02-16,low_lying_area,"; coordinates=77.5106455509689,13.0451117355453 [OBJECTID 80]",13.04511173,77.51064555,,point,source_date is the OpenCity dataset creation date
NELEGADARANAHALLI,,"BBMP Low Lying Areas (KML, OpenCity)",https://data.opencity.in/dataset/b03218ea-4b7c-4fa9-ab67-b9054d7ecc4c/resource/62ceac3b-f6e2-4dd1-ae9f-be80b1f2fda8/download/8e87a2fc-e014-4c6e-81f1-d5cb4db57a46.kml,2023-02-16,low_lying_area,"; coordinates=77.5021422802449,13.0336315289934 [OBJECTID 81]",13.03363152,77.50214228,,point,source_date is the OpenCity dataset creation date
SHIVAPURA KERE NEAR NTTF,,"BBMP Low Lying Areas (KML, OpenCity)",https://data.opencity.in/dataset/b03218ea-4b7c-4fa9-ab67-b9054d7ecc4c/resource/62ceac3b-f6e2-4dd1-ae9f-be80b1f2fda8/download/8e87a2fc-e014-4c6e-81f1-d5cb4db57a46.kml,2023-02-16,low_lying_area,"; coordinates=77.5058579547525,13.0260111585721 [OBJECTID 82]",13.02601115,77.50585795,,point,source_date is the OpenCity dataset creation date
KARAMCHAND LAYOUT NEAR KARIYANNA PALYA,,"BBMP Low Lying Areas (KML, OpenCity)",https://data.opencity.in/dataset/b03218ea-4b7c-4fa9-ab67-b9054d7ecc4c/resource/62ceac3b-f6e2-4dd1-ae9f-be80b1f2fda8/download/8e87a2fc-e014-4c6e-81f1-d5cb4db57a46.kml,2023-02-16,low_lying_area,"; coordinates=nan,nan [OBJECTID 83]",nan,nan,,point,source_date is the OpenCity dataset creation date
SHAMPURA SLUM,,"BBMP Low Lying Areas (KML, OpenCity)",https://data.opencity.in/dataset/b03218ea-4b7c-4fa9-ab67-b9054d7ecc4c/resource/62ceac3b-f6e2-4dd1-ae9f-be80b1f2fda8/download/8e87a2fc-e014-4c6e-81f1-d5cb4db57a46.kml,2023-02-16,low_lying_area,"; coordinates=77.6134973249953,13.0228208475321 [OBJECTID 84]",13.02282084,77.61349732,,point,source_date is the OpenCity dataset creation date
BASAVANNA NAGARA NEAR KADUGODANAHALLI,,"BBMP Low Lying Areas (KML, OpenCity)",https://data.opencity.in/dataset/b03218ea-4b7c-4fa9-ab67-b9054d7ecc4c/resource/62ceac3b-f6e2-4dd1-ae9f-be80b1f2fda8/download/8e87a2fc-e014-4c6e-81f1-d5cb4db57a46.kml,2023-02-16,low_lying_area,"; coordinates=77.619731194629,13.0197394058802 [OBJECTID 85]",13.01973940,77.61973119,,point,source_date is the OpenCity dataset creation date
"THAMMANA LAYOUT NEAR LINGARAJAPURA,",,"BBMP Low Lying Areas (KML, OpenCity)",https://data.opencity.in/dataset/b03218ea-4b7c-4fa9-ab67-b9054d7ecc4c/resource/62ceac3b-f6e2-4dd1-ae9f-be80b1f2fda8/download/8e87a2fc-e014-4c6e-81f1-d5cb4db57a46.kml,2023-02-16,low_lying_area,"; coordinates=77.6287575718124,13.0099472299161 [OBJECTID 86]",13.00994722,77.62875757,,point,source_date is the OpenCity dataset creation date
MUNIREDDY PALYA,,"BBMP Low Lying Areas (KML, OpenCity)",https://data.opencity.in/dataset/b03218ea-4b7c-4fa9-ab67-b9054d7ecc4c/resource/62ceac3b-f6e2-4dd1-ae9f-be80b1f2fda8/download/8e87a2fc-e014-4c6e-81f1-d5cb4db57a46.kml,2023-02-16,low_lying_area,"; coordinates=77.6010257257137,13.0070649025176 [OBJECTID 87]",13.00706490,77.60102572,,point,source_date is the OpenCity dataset creation date
CHINAPPA GARDEN,,"BBMP Low Lying Areas (KML, OpenCity)",https://data.opencity.in/dataset/b03218ea-4b7c-4fa9-ab67-b9054d7ecc4c/resource/62ceac3b-f6e2-4dd1-ae9f-be80b1f2fda8/download/8e87a2fc-e014-4c6e-81f1-d5cb4db57a46.kml,2023-02-16,low_lying_area,"; coordinates=77.6025996341993,13.0029676087343 [OBJECTID 88]",13.00296760,77.60259963,,point,source_date is the OpenCity dataset creation date
AMBEDKAR NAGAR NEAR BYAPPANAHALLI,,"BBMP Low Lying Areas (KML, OpenCity)",https://data.opencity.in/dataset/b03218ea-4b7c-4fa9-ab67-b9054d7ecc4c/resource/62ceac3b-f6e2-4dd1-ae9f-be80b1f2fda8/download/8e87a2fc-e014-4c6e-81f1-d5cb4db57a46.kml,2023-02-16,low_lying_area,"; coordinates=77.6405022618689,12.9880986194854 [OBJECTID 89]",12.98809861,77.64050226,,point,source_date is the OpenCity dataset creation date
"BANDAPPA COLONY , NEAR NEW BYAPPANAHALLI",,"BBMP Low Lying Areas (KML, OpenCity)",https://data.opencity.in/dataset/b03218ea-4b7c-4fa9-ab67-b9054d7ecc4c/resource/62ceac3b-f6e2-4dd1-ae9f-be80b1f2fda8/download/8e87a2fc-e014-4c6e-81f1-d5cb4db57a46.kml,2023-02-16,low_lying_area,"; coordinates=77.6406788155904,12.9843178984092 [OBJECTID 90]",12.98431789,77.64067881,,point,source_date is the OpenCity dataset creation date
CAMBRIDGE LAYOUT,,"BBMP Low Lying Areas (KML, OpenCity)",https://data.opencity.in/dataset/b03218ea-4b7c-4fa9-ab67-b9054d7ecc4c/resource/62ceac3b-f6e2-4dd1-ae9f-be80b1f2fda8/download/8e87a2fc-e014-4c6e-81f1-d5cb4db57a46.kml,2023-02-16,low_lying_area,"; coordinates=77.6266700833542,12.9732903758183 [OBJECTID 91]",12.97329037,77.62667008,,point,source_date is the OpenCity dataset creation date
BHARATHI NAGARA,,"BBMP Low Lying Areas (KML, OpenCity)",https://data.opencity.in/dataset/b03218ea-4b7c-4fa9-ab67-b9054d7ecc4c/resource/62ceac3b-f6e2-4dd1-ae9f-be80b1f2fda8/download/8e87a2fc-e014-4c6e-81f1-d5cb4db57a46.kml,2023-02-16,low_lying_area,"; coordinates=77.6114142619749,12.9879213450881 [OBJECTID 92]",12.98792134,77.61141426,,point,source_date is the OpenCity dataset creation date
"RAJIV GANDHI COLONY ,NEAR QUEENS ROAD",,"BBMP Low Lying Areas (KML, OpenCity)",https://data.opencity.in/dataset/b03218ea-4b7c-4fa9-ab67-b9054d7ecc4c/resource/62ceac3b-f6e2-4dd1-ae9f-be80b1f2fda8/download/8e87a2fc-e014-4c6e-81f1-d5cb4db57a46.kml,2023-02-16,low_lying_area,"; coordinates=77.6012056646917,12.9892315908177 [OBJECTID 93]",12.98923159,77.60120566,,point,source_date is the OpenCity dataset creation date
MURUGESHPALYA,,"BBMP Low Lying Areas (KML, OpenCity)",https://data.opencity.in/dataset/b03218ea-4b7c-4fa9-ab67-b9054d7ecc4c/resource/62ceac3b-f6e2-4dd1-ae9f-be80b1f2fda8/download/8e87a2fc-e014-4c6e-81f1-d5cb4db57a46.kml,2023-02-16,low_lying_area,"; coordinates=77.6559917414575,12.9561352291091 [OBJECTID 94]",12.95613522,77.65599174,,point,source_date is the OpenCity dataset creation date
SRINIVAGILU TANK BED LAYOUT,,"BBMP Low Lying Areas (KML, OpenCity)",https://data.opencity.in/dataset/b03218ea-4b7c-4fa9-ab67-b9054d7ecc4c/resource/62ceac3b-f6e2-4dd1-ae9f-be80b1f2fda8/download/8e87a2fc-e014-4c6e-81f1-d5cb4db57a46.kml,2023-02-16,low_lying_area,"; coordinates=77.63672590623,12.9362383124114 [OBJECTID 95]",12.93623831,77.63672590,,point,source_date is the OpenCity dataset creation date
SHANTHI NAGARA,,"BBMP Low Lying Areas (KML, OpenCity)",https://data.opencity.in/dataset/b03218ea-4b7c-4fa9-ab67-b9054d7ecc4c/resource/62ceac3b-f6e2-4dd1-ae9f-be80b1f2fda8/download/8e87a2fc-e014-4c6e-81f1-d5cb4db57a46.kml,2023-02-16,low_lying_area,"; coordinates=77.5995507450686,12.9564860857783 [OBJECTID 96]",12.95648608,77.59955074,,point,source_date is the OpenCity dataset creation date
SAMPANGI RAMA NAGARA,,"BBMP Low Lying Areas (KML, OpenCity)",https://data.opencity.in/dataset/b03218ea-4b7c-4fa9-ab67-b9054d7ecc4c/resource/62ceac3b-f6e2-4dd1-ae9f-be80b1f2fda8/download/8e87a2fc-e014-4c6e-81f1-d5cb4db57a46.kml,2023-02-16,low_lying_area,"; coordinates=77.5922263953977,12.9729386784169 [OBJECTID 97]",12.97293867,77.59222639,,point,source_date is the OpenCity dataset creation date
SEETHAPPA LAYOUT NEAR RABINDRANATH TAGORE LAYOUT,,"BBMP Low Lying Areas (KML, OpenCity)",https://data.opencity.in/dataset/b03218ea-4b7c-4fa9-ab67-b9054d7ecc4c/resource/62ceac3b-f6e2-4dd1-ae9f-be80b1f2fda8/download/8e87a2fc-e014-4c6e-81f1-d5cb4db57a46.kml,2023-02-16,low_lying_area,"; coordinates=77.6037671559015,13.0338719413767 [OBJECTID 98]",13.03387194,77.60376715,,point,source_date is the OpenCity dataset creation date
BAMBOO BAZAR,,"BBMP Low Lying Areas (KML, OpenCity)",https://data.opencity.in/dataset/b03218ea-4b7c-4fa9-ab67-b9054d7ecc4c/resource/62ceac3b-f6e2-4dd1-ae9f-be80b1f2fda8/download/8e87a2fc-e014-4c6e-81f1-d5cb4db57a46.kml,2023-02-16,low_lying_area,"; coordinates=77.6038238812386,12.9926509102014 [OBJECTID 99]",12.99265091,77.60382388,,point,source_date is the OpenCity dataset creation date
munireddypalya anekappa block,,"BBMP Low Lying Areas (KML, OpenCity)",https://data.opencity.in/dataset/b03218ea-4b7c-4fa9-ab67-b9054d7ecc4c/resource/62ceac3b-f6e2-4dd1-ae9f-be80b1f2fda8/download/8e87a2fc-e014-4c6e-81f1-d5cb4db57a46.kml,2023-02-16,low_lying_area,"; coordinates=77.5944385482952,13.0131255526489 [OBJECTID 100]",13.01312555,77.59443854,,point,source_date is the OpenCity dataset creation date
SHANKAR NAGAR,,"BBMP Low Lying Areas (KML, OpenCity)",https://data.opencity.in/dataset/b03218ea-4b7c-4fa9-ab67-b9054d7ecc4c/resource/62ceac3b-f6e2-4dd1-ae9f-be80b1f2fda8/download/8e87a2fc-e014-4c6e-81f1-d5cb4db57a46.kml,2023-02-16,low_lying_area,"; coordinates=77.5711870842795,13.0311184601201 [OBJECTID 101]",13.03111846,77.57118708,,point,source_date is the OpenCity dataset creation date
"Govindapura,Nesar Nagavara",,"BBMP Low Lying Areas (KML, OpenCity)",https://data.opencity.in/dataset/b03218ea-4b7c-4fa9-ab67-b9054d7ecc4c/resource/62ceac3b-f6e2-4dd1-ae9f-be80b1f2fda8/download/8e87a2fc-e014-4c6e-81f1-d5cb4db57a46.kml,2023-02-16,low_lying_area,"; coordinates=77.6150247006031,13.0336836305647 [OBJECTID 102]",13.03368363,77.61502470,,point,source_date is the OpenCity dataset creation date
ILLIYAS NAGAR KUMARSWAMY LAYOUT,,"BBMP Low Lying Areas (KML, OpenCity)",https://data.opencity.in/dataset/b03218ea-4b7c-4fa9-ab67-b9054d7ecc4c/resource/62ceac3b-f6e2-4dd1-ae9f-be80b1f2fda8/download/8e87a2fc-e014-4c6e-81f1-d5cb4db57a46.kml,2023-02-16,low_lying_area,"; coordinates=77.5697855769244,12.9058296131737 [OBJECTID 103]",12.90582961,77.56978557,,point,source_date is the OpenCity dataset creation date
MUNISUBBAREDDY LAYOUT HONGASANDRA,,"BBMP Low Lying Areas (KML, OpenCity)",https://data.opencity.in/dataset/b03218ea-4b7c-4fa9-ab67-b9054d7ecc4c/resource/62ceac3b-f6e2-4dd1-ae9f-be80b1f2fda8/download/8e87a2fc-e014-4c6e-81f1-d5cb4db57a46.kml,2023-02-16,low_lying_area,"; coordinates=77.6284697894838,12.8989336873366 [OBJECTID 104]",12.89893368,77.62846978,,point,source_date is the OpenCity dataset creation date
AMBEDKAR COLONY NEAR HONGASANDRA,,"BBMP Low Lying Areas (KML, OpenCity)",https://data.opencity.in/dataset/b03218ea-4b7c-4fa9-ab67-b9054d7ecc4c/resource/62ceac3b-f6e2-4dd1-ae9f-be80b1f2fda8/download/8e87a2fc-e014-4c6e-81f1-d5cb4db57a46.kml,2023-02-16,low_lying_area,"; coordinates=77.6281468991609,12.892686607447 [OBJECTID 105]",12.89268660,77.62814689,,point,source_date is the OpenCity dataset creation date
MICO LAYOUT,,"BBMP Low Lying Areas (KML, OpenCity)",https://data.opencity.in/dataset/b03218ea-4b7c-4fa9-ab67-b9054d7ecc4c/resource/62ceac3b-f6e2-4dd1-ae9f-be80b1f2fda8/download/8e87a2fc-e014-4c6e-81f1-d5cb4db57a46.kml,2023-02-16,low_lying_area,"; coordinates=77.6269561383418,12.887502662661 [OBJECTID 106]",12.88750266,77.62695613,,point,source_date is the OpenCity dataset creation date
ROYQAL MERIDIAN LAYOUT,,"BBMP Low Lying Areas (KML, OpenCity)",https://data.opencity.in/dataset/b03218ea-4b7c-4fa9-ab67-b9054d7ecc4c/resource/62ceac3b-f6e2-4dd1-ae9f-be80b1f2fda8/download/8e87a2fc-e014-4c6e-81f1-d5cb4db57a46.kml,2023-02-16,low_lying_area,"; coordinates=77.6243630245224,12.8875862464811 [OBJECTID 107]",12.88758624,77.62436302,,point,source_date is the OpenCity dataset creation date
VISHWA PRIYA NAGARA NEAR BEGUR MAIN RAOD,,"BBMP Low Lying Areas (KML, OpenCity)",https://data.opencity.in/dataset/b03218ea-4b7c-4fa9-ab67-b9054d7ecc4c/resource/62ceac3b-f6e2-4dd1-ae9f-be80b1f2fda8/download/8e87a2fc-e014-4c6e-81f1-d5cb4db57a46.kml,2023-02-16,low_lying_area,"; coordinates=77.6290511776546,12.8820505434111 [OBJECTID 108]",12.88205054,77.62905117,,point,source_date is the OpenCity dataset creation date
BEGUR KERE AREA,,"BBMP Low Lying Areas (KML, OpenCity)",https://data.opencity.in/dataset/b03218ea-4b7c-4fa9-ab67-b9054d7ecc4c/resource/62ceac3b-f6e2-4dd1-ae9f-be80b1f2fda8/download/8e87a2fc-e014-4c6e-81f1-d5cb4db57a46.kml,2023-02-16,low_lying_area,"; coordinates=77.624941297316,12.8764046160013 [OBJECTID 109]",12.87640461,77.62494129,,point,source_date is the OpenCity dataset creation date
SUBASH NAGARA,,"BBMP Low Lying Areas (KML, OpenCity)",https://data.opencity.in/dataset/b03218ea-4b7c-4fa9-ab67-b9054d7ecc4c/resource/62ceac3b-f6e2-4dd1-ae9f-be80b1f2fda8/download/8e87a2fc-e014-4c6e-81f1-d5cb4db57a46.kml,2023-02-16,low_lying_area,"; coordinates=77.6395408230583,12.8698824764384 [OBJECTID 110]",12.86988247,77.63954082,,point,source_date is the OpenCity dataset creation date
GARVE BHAVI PALYA,,"BBMP Low Lying Areas (KML, OpenCity)",https://data.opencity.in/dataset/b03218ea-4b7c-4fa9-ab67-b9054d7ecc4c/resource/62ceac3b-f6e2-4dd1-ae9f-be80b1f2fda8/download/8e87a2fc-e014-4c6e-81f1-d5cb4db57a46.kml,2023-02-16,low_lying_area,"; coordinates=77.637980096622,12.8944407153102 [OBJECTID 111]",12.89444071,77.63798009,,point,source_date is the OpenCity dataset creation date
PARAPPAN AGRAHARA,,"BBMP Low Lying Areas (KML, OpenCity)",https://data.opencity.in/dataset/b03218ea-4b7c-4fa9-ab67-b9054d7ecc4c/resource/62ceac3b-f6e2-4dd1-ae9f-be80b1f2fda8/download/8e87a2fc-e014-4c6e-81f1-d5cb4db57a46.kml,2023-02-16,low_lying_area,"; coordinates=77.6611585673198,12.880294295714 [OBJECTID 112]",12.88029429,77.66115856,,point,source_date is the OpenCity dataset creation date
G K LAYOUT,,"BBMP Low Lying Areas (KML, OpenCity)",https://data.opencity.in/dataset/b03218ea-4b7c-4fa9-ab67-b9054d7ecc4c/resource/62ceac3b-f6e2-4dd1-ae9f-be80b1f2fda8/download/8e87a2fc-e014-4c6e-81f1-d5cb4db57a46.kml,2023-02-16,low_lying_area,"; coordinates=77.6603268039859,12.8736972746511 [OBJECTID 113]",12.87369727,77.66032680,,point,source_date is the OpenCity dataset creation date
KUDLU VILLAGE,,"BBMP Low Lying Areas (KML, OpenCity)",https://data.opencity.in/dataset/b03218ea-4b7c-4fa9-ab67-b9054d7ecc4c/resource/62ceac3b-f6e2-4dd1-ae9f-be80b1f2fda8/download/8e87a2fc-e014-4c6e-81f1-d5cb4db57a46.kml,2023-02-16,low_lying_area,"; coordinates=77.6575038153887,12.8894267732205 [OBJECTID 114]",12.88942677,77.65750381,,point,source_date is the OpenCity dataset creation date
B.T.R GARDEN LAYOUT,,"BBMP Low Lying Areas (KML, OpenCity)",https://data.opencity.in/dataset/b03218ea-4b7c-4fa9-ab67-b9054d7ecc4c/resource/62ceac3b-f6e2-4dd1-ae9f-be80b1f2fda8/download/8e87a2fc-e014-4c6e-81f1-d5cb4db57a46.kml,2023-02-16,low_lying_area,"; coordinates=77.6423639181386,12.8885118028988 [OBJECTID 115]",12.88851180,77.64236391,,point,source_date is the OpenCity dataset creation date
RAGHAVENDRA SLUM NEAR LAKSHMI LAYOUT,,"BBMP Low Lying Areas (KML, OpenCity)",https://data.opencity.in/dataset/b03218ea-4b7c-4fa9-ab67-b9054d7ecc4c/resource/62ceac3b-f6e2-4dd1-ae9f-be80b1f2fda8/download/8e87a2fc-e014-4c6e-81f1-d5cb4db57a46.kml,2023-02-16,low_lying_area,"; coordinates=77.631708269581,12.89072551613 [OBJECTID 116]",12.89072551,77.63170826,,point,source_date is the OpenCity dataset creation date
MUNIREDDY LAYOUT NEAR MANGAMMNAPALYA,,"BBMP Low Lying Areas (KML, OpenCity)",https://data.opencity.in/dataset/b03218ea-4b7c-4fa9-ab67-b9054d7ecc4c/resource/62ceac3b-f6e2-4dd1-ae9f-be80b1f2fda8/download/8e87a2fc-e014-4c6e-81f1-d5cb4db57a46.kml,2023-02-16,low_lying_area,"; coordinates=77.6371421706667,12.905056828351 [OBJECTID 117]",12.90505682,77.63714217,,point,source_date is the OpenCity dataset creation date
VYSHYA BANK COLONY NEAR AREKERE,,"BBMP Low Lying Areas (KML, OpenCity)",https://data.opencity.in/dataset/b03218ea-4b7c-4fa9-ab67-b9054d7ecc4c/resource/62ceac3b-f6e2-4dd1-ae9f-be80b1f2fda8/download/8e87a2fc-e014-4c6e-81f1-d5cb4db57a46.kml,2023-02-16,low_lying_area,"; coordinates=77.6042850230189,12.8833498614989 [OBJECTID 118]",12.88334986,77.60428502,,point,source_date is the OpenCity dataset creation date
KRISHNA LAYOUT NEAR HULIMAVU KERE,,"BBMP Low Lying Areas (KML, OpenCity)",https://data.opencity.in/dataset/b03218ea-4b7c-4fa9-ab67-b9054d7ecc4c/resource/62ceac3b-f6e2-4dd1-ae9f-be80b1f2fda8/download/8e87a2fc-e014-4c6e-81f1-d5cb4db57a46.kml,2023-02-16,low_lying_area,"; coordinates=77.605805171246,12.8778216573113 [OBJECTID 119]",12.87782165,77.60580517,,point,source_date is the OpenCity dataset creation date
BDA LAYOUT,,"BBMP Low Lying Areas (KML, OpenCity)",https://data.opencity.in/dataset/b03218ea-4b7c-4fa9-ab67-b9054d7ecc4c/resource/62ceac3b-f6e2-4dd1-ae9f-be80b1f2fda8/download/8e87a2fc-e014-4c6e-81f1-d5cb4db57a46.kml,2023-02-16,low_lying_area,"; coordinates=77.5914921841584,12.8578442680614 [OBJECTID 120]",12.85784426,77.59149218,,point,source_date is the OpenCity dataset creation date
PUTTENHALLI,,"BBMP Low Lying Areas (KML, OpenCity)",https://data.opencity.in/dataset/b03218ea-4b7c-4fa9-ab67-b9054d7ecc4c/resource/62ceac3b-f6e2-4dd1-ae9f-be80b1f2fda8/download/8e87a2fc-e014-4c6e-81f1-d5cb4db57a46.kml,2023-02-16,low_lying_area,"; coordinates=77.5849201458667,12.9011915440869 [OBJECTID 121]",12.90119154,77.58492014,,point,source_date is the OpenCity dataset creation date
"ASHTA LAKSHMI LAYOUT ,PUTTENHALLI",,"BBMP Low Lying Areas (KML, OpenCity)",https://data.opencity.in/dataset/b03218ea-4b7c-4fa9-ab67-b9054d7ecc4c/resource/62ceac3b-f6e2-4dd1-ae9f-be80b1f2fda8/download/8e87a2fc-e014-4c6e-81f1-d5cb4db57a46.kml,2023-02-16,low_lying_area,"; coordinates=77.5866124577705,12.901838949215 [OBJECTID 122]",12.90183894,77.58661245,,point,source_date is the OpenCity dataset creation date
GANAPATHPURA NEAR CHUNCHANGHATTA MAIN RAOD,,"BBMP Low Lying Areas (KML, OpenCity)",https://data.opencity.in/dataset/b03218ea-4b7c-4fa9-ab67-b9054d7ecc4c/resource/62ceac3b-f6e2-4dd1-ae9f-be80b1f2fda8/download/8e87a2fc-e014-4c6e-81f1-d5cb4db57a46.kml,2023-02-16,low_lying_area,"; coordinates=77.5703904084562,12.8863083535853 [OBJECTID 123]",12.88630835,77.57039040,,point,source_date is the OpenCity dataset creation date
HARI NAGAR NEAR KONANKUNTTE,,"BBMP Low Lying Areas (KML, OpenCity)",https://data.opencity.in/dataset/b03218ea-4b7c-4fa9-ab67-b9054d7ecc4c/resource/62ceac3b-f6e2-4dd1-ae9f-be80b1f2fda8/download/8e87a2fc-e014-4c6e-81f1-d5cb4db57a46.kml,2023-02-16,low_lying_area,"; coordinates=77.5752011006453,12.8832966341697 [OBJECTID 124]",12.88329663,77.57520110,,point,source_date is the OpenCity dataset creation date
"VITTAL NAGAR NEAR ISRO LAYOUT,UTTARAHALLI",,"BBMP Low Lying Areas (KML, OpenCity)",https://data.opencity.in/dataset/b03218ea-4b7c-4fa9-ab67-b9054d7ecc4c/resource/62ceac3b-f6e2-4dd1-ae9f-be80b1f2fda8/download/8e87a2fc-e014-4c6e-81f1-d5cb4db57a46.kml,2023-02-16,low_lying_area,"; coordinates=77.5538648525391,12.9026252348706 [OBJECTID 125]",12.90262523,77.55386485,,point,source_date is the OpenCity dataset creation date
sanjaynagar,,"BBMP Low Lying Areas (KML, OpenCity)",https://data.opencity.in/dataset/b03218ea-4b7c-4fa9-ab67-b9054d7ecc4c/resource/62ceac3b-f6e2-4dd1-ae9f-be80b1f2fda8/download/8e87a2fc-e014-4c6e-81f1-d5cb4db57a46.kml,2023-02-16,low_lying_area,"; coordinates=77.5450093250347,12.9178341662909 [OBJECTID 126]",12.91783416,77.54500932,,point,source_date is the OpenCity dataset creation date
Yelechenahalli,,"BBMP Low Lying Areas (KML, OpenCity)",https://data.opencity.in/dataset/b03218ea-4b7c-4fa9-ab67-b9054d7ecc4c/resource/62ceac3b-f6e2-4dd1-ae9f-be80b1f2fda8/download/8e87a2fc-e014-4c6e-81f1-d5cb4db57a46.kml,2023-02-16,low_lying_area,"; coordinates=77.5712721864802,12.9056508417207 [OBJECTID 127]",12.90565084,77.57127218,,point,source_date is the OpenCity dataset creation date
Kanakanagar-Near kumaraswamylayout,,"BBMP Low Lying Areas (KML, OpenCity)",https://data.opencity.in/dataset/b03218ea-4b7c-4fa9-ab67-b9054d7ecc4c/resource/62ceac3b-f6e2-4dd1-ae9f-be80b1f2fda8/download/8e87a2fc-e014-4c6e-81f1-d5cb4db57a46.kml,2023-02-16,low_lying_area,"; coordinates=77.5717608637709,12.9024803332078 [OBJECTID 128]",12.90248033,77.57176086,,point,source_date is the OpenCity dataset creation date
Dorakere,,"BBMP Low Lying Areas (KML, OpenCity)",https://data.opencity.in/dataset/b03218ea-4b7c-4fa9-ab67-b9054d7ecc4c/resource/62ceac3b-f6e2-4dd1-ae9f-be80b1f2fda8/download/8e87a2fc-e014-4c6e-81f1-d5cb4db57a46.kml,2023-02-16,low_lying_area,"; coordinates=77.5457117499136,12.9033576655262 [OBJECTID 129]",12.90335766,77.54571174,,point,source_date is the OpenCity dataset creation date
ORR between Nagawara Junction and Hebbal,Outer Ring Road,"Deccan Herald, 'Rain leaves a trail of tree falls...' (Bengaluru Traffic Police critical areas)",https://www.deccanherald.com/india/karnataka/bengaluru/rain-leaves-a-trail-of-tree-falls-traffic-snarls-in-bengaluru-yet-again-heavy-showers-forecast-today-3541306,2025-05-15,traffic_waterlogging,ORR between Nagawara Junction and Hebbal,,,"Nagawara Junction, Bengaluru",stretch,stretch; query uses its Nagawara end
Hebbal Circle below the flyover,Hebbal,"Deccan Herald, 'Rain leaves a trail of tree falls...' (Bengaluru Traffic Police critical areas)",https://www.deccanherald.com/india/karnataka/bengaluru/rain-leaves-a-trail-of-tree-falls-traffic-snarls-in-bengaluru-yet-again-heavy-showers-forecast-today-3541306,2025-05-15,traffic_waterlogging,Hebbal Circle below the flyover,,,"Hebbal Flyover, Bengaluru",point,
International Airport Road at Hunasamaranahalli,Bellary Road,"Deccan Herald, 'Rain leaves a trail of tree falls...' (Bengaluru Traffic Police critical areas)",https://www.deccanherald.com/india/karnataka/bengaluru/rain-leaves-a-trail-of-tree-falls-traffic-snarls-in-bengaluru-yet-again-heavy-showers-forecast-today-3541306,2025-05-15,traffic_waterlogging,International Airport Road at Hunasamaranahalli,,,"Hunasamaranahalli, Bengaluru",point,
International Airport Road at Vidyashilp Junction,Bellary Road,"Deccan Herald, 'Rain leaves a trail of tree falls...' (Bengaluru Traffic Police critical areas)",https://www.deccanherald.com/india/karnataka/bengaluru/rain-leaves-a-trail-of-tree-falls-traffic-snarls-in-bengaluru-yet-again-heavy-showers-forecast-today-3541306,2025-05-15,traffic_waterlogging,International Airport Road at Vidyashilp Junction,,,"Vidyashilp Junction, Bengaluru",point,
Rupena Agrahara on Hosur Road,Hosur Road,"Deccan Herald, 'Rain leaves a trail of tree falls...' (Bengaluru Traffic Police critical areas)",https://www.deccanherald.com/india/karnataka/bengaluru/rain-leaves-a-trail-of-tree-falls-traffic-snarls-in-bengaluru-yet-again-heavy-showers-forecast-today-3541306,2025-05-15,traffic_waterlogging,Rupena Agrahara on Hosur Road,,,"Rupena Agrahara, Bengaluru",point,
ORR at Marathahalli police station,Outer Ring Road,"Deccan Herald, 'Rain leaves a trail of tree falls...' (Bengaluru Traffic Police critical areas)",https://www.deccanherald.com/india/karnataka/bengaluru/rain-leaves-a-trail-of-tree-falls-traffic-snarls-in-bengaluru-yet-again-heavy-showers-forecast-today-3541306,2025-05-15,traffic_waterlogging,ORR at Marathahalli police station,,,"Marathahalli Police Station, Bengaluru",point,
ORR at Karthik Nagar,Outer Ring Road,"Deccan Herald, 'Rain leaves a trail of tree falls...' (Bengaluru Traffic Police critical areas)",https://www.deccanherald.com/india/karnataka/bengaluru/rain-leaves-a-trail-of-tree-falls-traffic-snarls-in-bengaluru-yet-again-heavy-showers-forecast-today-3541306,2025-05-15,traffic_waterlogging,ORR at Karthik Nagar,,,"Karthik Nagar, Bengaluru",point,
ORR at Kasturi Nagar bridge (Horamavu),"Outer Ring Road, Horamavu","Deccan Herald, 'Rain leaves a trail of tree falls...' (Bengaluru Traffic Police critical areas)",https://www.deccanherald.com/india/karnataka/bengaluru/rain-leaves-a-trail-of-tree-falls-traffic-snarls-in-bengaluru-yet-again-heavy-showers-forecast-today-3541306,2025-05-15,traffic_waterlogging,ORR at Kasturi Nagar bridge (Horamavu),,,"Kasturi Nagar, Bengaluru",point,
Palace Guttahalli on Ballari Road,Ballari Road,"Deccan Herald, 'Rain leaves a trail of tree falls...' (Bengaluru Traffic Police critical areas)",https://www.deccanherald.com/india/karnataka/bengaluru/rain-leaves-a-trail-of-tree-falls-traffic-snarls-in-bengaluru-yet-again-heavy-showers-forecast-today-3541306,2025-05-15,traffic_waterlogging,Palace Guttahalli on Ballari Road,,,"Palace Guttahalli, Bengaluru",point,
Agara at 14th Main HSR,HSR Layout,"Deccan Herald, 'Rain leaves a trail of tree falls...' (Bengaluru Traffic Police critical areas)",https://www.deccanherald.com/india/karnataka/bengaluru/rain-leaves-a-trail-of-tree-falls-traffic-snarls-in-bengaluru-yet-again-heavy-showers-forecast-today-3541306,2025-05-15,traffic_waterlogging,Agara at 14th Main HSR,,,"14th Main Road, HSR Layout, Bengaluru",point,
Ruby-1 and Ruby-2 on Bannerghatta Road,Bannerghatta Road,"Deccan Herald, 'Rain leaves a trail of tree falls...' (Bengaluru Traffic Police critical areas)",https://www.deccanherald.com/india/karnataka/bengaluru/rain-leaves-a-trail-of-tree-falls-traffic-snarls-in-bengaluru-yet-again-heavy-showers-forecast-today-3541306,2025-05-15,traffic_waterlogging,Ruby-1 and Ruby-2 on Bannerghatta Road,,,"Ruby Bannerghatta Road, Bengaluru",point,two spots named in one item
Queens Circle,,"Deccan Herald, 'Rain leaves a trail of tree falls...' (Bengaluru Traffic Police critical areas)",https://www.deccanherald.com/india/karnataka/bengaluru/rain-leaves-a-trail-of-tree-falls-traffic-snarls-in-bengaluru-yet-again-heavy-showers-forecast-today-3541306,2025-05-15,traffic_waterlogging,Queens Circle,,,"Queens Circle, Bengaluru",point,
ORR at Eco World (Kadubeesanahalli),"Outer Ring Road, Kadubeesanahalli","Deccan Herald, 'Rain leaves a trail of tree falls...' (Bengaluru Traffic Police critical areas)",https://www.deccanherald.com/india/karnataka/bengaluru/rain-leaves-a-trail-of-tree-falls-traffic-snarls-in-bengaluru-yet-again-heavy-showers-forecast-today-3541306,2025-05-15,traffic_waterlogging,ORR at Eco World (Kadubeesanahalli),,,"Ecoworld, Kadubeesanahalli, Bengaluru",point,
Panathur underpass,Panathur,"Deccan Herald, 'Rain leaves a trail of tree falls...' (Bengaluru Traffic Police critical areas)",https://www.deccanherald.com/india/karnataka/bengaluru/rain-leaves-a-trail-of-tree-falls-traffic-snarls-in-bengaluru-yet-again-heavy-showers-forecast-today-3541306,2025-05-15,traffic_waterlogging,Panathur underpass,,,"Panathur Railway Underpass, Bengaluru",point,
ORR between Nagawara Junction and Hebbal,Outer Ring Road,"Deccan Herald, 'A mere 10 mm of rain can unleash maximum chaos' (Bengaluru Traffic Police key waterlogging points)",https://www.deccanherald.com/india/karnataka/bengaluru/a-mere-10-mm-of-rain-can-unleash-maximum-chaos-for-commuters-3462672,2025-03-26,traffic_waterlogging,ORR between Nagawara Junction and Hebbal,,,"Nagawara Junction, Bengaluru",stretch,stretch; query uses its Nagawara end
Hebbal Circle below the flyover,Hebbal,"Deccan Herald, 'A mere 10 mm of rain can unleash maximum chaos' (Bengaluru Traffic Police key waterlogging points)",https://www.deccanherald.com/india/karnataka/bengaluru/a-mere-10-mm-of-rain-can-unleash-maximum-chaos-for-commuters-3462672,2025-03-26,traffic_waterlogging,Hebbal Circle below the flyover,,,"Hebbal Flyover, Bengaluru",point,
Airport Road to Hunsmaranahalli,Bellary Road,"Deccan Herald, 'A mere 10 mm of rain can unleash maximum chaos' (Bengaluru Traffic Police key waterlogging points)",https://www.deccanherald.com/india/karnataka/bengaluru/a-mere-10-mm-of-rain-can-unleash-maximum-chaos-for-commuters-3462672,2025-03-26,traffic_waterlogging,Airport Road to Hunsmaranahalli,,,"Hunasamaranahalli, Bengaluru",stretch,spelling as printed; stretch
International Airport Road to Vidyashilp Junction,Bellary Road,"Deccan Herald, 'A mere 10 mm of rain can unleash maximum chaos' (Bengaluru Traffic Police key waterlogging points)",https://www.deccanherald.com/india/karnataka/bengaluru/a-mere-10-mm-of-rain-can-unleash-maximum-chaos-for-commuters-3462672,2025-03-26,traffic_waterlogging,International Airport Road to Vidyashilp Junction,,,"Vidyashilp Junction, Bengaluru",stretch,stretch; query uses its Vidyashilp end
ORR at the Marathahalli police station,Outer Ring Road,"Deccan Herald, 'A mere 10 mm of rain can unleash maximum chaos' (Bengaluru Traffic Police key waterlogging points)",https://www.deccanherald.com/india/karnataka/bengaluru/a-mere-10-mm-of-rain-can-unleash-maximum-chaos-for-commuters-3462672,2025-03-26,traffic_waterlogging,ORR at the Marathahalli police station,,,"Marathahalli Police Station, Bengaluru",point,
Karthik Nagar,,"Deccan Herald, 'A mere 10 mm of rain can unleash maximum chaos' (Bengaluru Traffic Police key waterlogging points)",https://www.deccanherald.com/india/karnataka/bengaluru/a-mere-10-mm-of-rain-can-unleash-maximum-chaos-for-commuters-3462672,2025-03-26,traffic_waterlogging,Karthik Nagar,,,"Karthik Nagar, Bengaluru",point,
Kasturi Nagar bridge,,"Deccan Herald, 'A mere 10 mm of rain can unleash maximum chaos' (Bengaluru Traffic Police key waterlogging points)",https://www.deccanherald.com/india/karnataka/bengaluru/a-mere-10-mm-of-rain-can-unleash-maximum-chaos-for-commuters-3462672,2025-03-26,traffic_waterlogging,Kasturi Nagar bridge,,,"Kasturi Nagar, Bengaluru",point,
Palace Guttahalli on Ballari Road,Ballari Road,"Deccan Herald, 'A mere 10 mm of rain can unleash maximum chaos' (Bengaluru Traffic Police key waterlogging points)",https://www.deccanherald.com/india/karnataka/bengaluru/a-mere-10-mm-of-rain-can-unleash-maximum-chaos-for-commuters-3462672,2025-03-26,traffic_waterlogging,Palace Guttahalli on Ballari Road,,,"Palace Guttahalli, Bengaluru",point,
Agara Road at HSR,HSR Layout,"Deccan Herald, 'A mere 10 mm of rain can unleash maximum chaos' (Bengaluru Traffic Police key waterlogging points)",https://www.deccanherald.com/india/karnataka/bengaluru/a-mere-10-mm-of-rain-can-unleash-maximum-chaos-for-commuters-3462672,2025-03-26,traffic_waterlogging,Agara Road at HSR,,,"Agara, HSR Layout, Bengaluru",point,
Ruby-1 and Ruby-2 on Bannerghatta Road,Bannerghatta Road,"Deccan Herald, 'A mere 10 mm of rain can unleash maximum chaos' (Bengaluru Traffic Police key waterlogging points)",https://www.deccanherald.com/india/karnataka/bengaluru/a-mere-10-mm-of-rain-can-unleash-maximum-chaos-for-commuters-3462672,2025-03-26,traffic_waterlogging,Ruby-1 and Ruby-2 on Bannerghatta Road,,,"Ruby Bannerghatta Road, Bengaluru",point,two spots named in one item
Queen's Circle,,"Deccan Herald, 'A mere 10 mm of rain can unleash maximum chaos' (Bengaluru Traffic Police key waterlogging points)",https://www.deccanherald.com/india/karnataka/bengaluru/a-mere-10-mm-of-rain-can-unleash-maximum-chaos-for-commuters-3462672,2025-03-26,traffic_waterlogging,Queen's Circle,,,"Queens Circle, Bengaluru",point,
Panathur railway underpass,Panathur,"Deccan Herald, 'A mere 10 mm of rain can unleash maximum chaos' (Bengaluru Traffic Police key waterlogging points)",https://www.deccanherald.com/india/karnataka/bengaluru/a-mere-10-mm-of-rain-can-unleash-maximum-chaos-for-commuters-3462672,2025-03-26,traffic_waterlogging,The Panathur railway underpass is a critical bottleneck,,,"Panathur Railway Underpass, Bengaluru",point,
Benniganahalli on Old Madras Road,Old Madras Road,"Deccan Herald, 'Traffic woes a curtain raiser to monsoon challenges' (Bengaluru Traffic Police officers)",https://www.deccanherald.com/india/karnataka/bengaluru/traffic-woes-a-curtain-raiser-to-monsoon-challenges-3024524,2024-05-16,traffic_waterlogging,Benniganahalli on Old Madras Road,,,"Benniganahalli, Bengaluru",point,
Ramamurthy Nagar underpass on Outer Ring Road,Outer Ring Road,"Deccan Herald, 'Traffic woes a curtain raiser to monsoon challenges' (Bengaluru Traffic Police officers)",https://www.deccanherald.com/india/karnataka/bengaluru/traffic-woes-a-curtain-raiser-to-monsoon-challenges-3024524,2024-05-16,traffic_waterlogging,Ramamurthy Nagar underpass on Outer Ring Road,,,"Ramamurthy Nagar, Bengaluru",point,
Bannerghatta Road,,"Deccan Herald, 'Traffic woes a curtain raiser to monsoon challenges' (Bengaluru Traffic Police officers)",https://www.deccanherald.com/india/karnataka/bengaluru/traffic-woes-a-curtain-raiser-to-monsoon-challenges-3024524,2024-05-16,traffic_waterlogging,"severe waterlogging in Benniganahalli on Old Madras Road, the Ramamurthy Nagar underpass on Outer Ring Road, and Bannerghatta Road",,,"Bannerghatta Road, Bengaluru",road,whole road named; not a point
Hebbal,,"Deccan Herald, 'Traffic woes a curtain raiser to monsoon challenges' (Bengaluru Traffic Police officers)",https://www.deccanherald.com/india/karnataka/bengaluru/traffic-woes-a-curtain-raiser-to-monsoon-challenges-3024524,2024-05-16,traffic_waterlogging,with areas like Hebbal also emerging as a pain point,,,"Hebbal, Bengaluru",area,area named; not a point
Windsor Manor-Mehkri Circle stretch,West traffic division,"Deccan Herald, 'Traffic woes a curtain raiser to monsoon challenges' (Bengaluru Traffic Police officers)",https://www.deccanherald.com/india/karnataka/bengaluru/traffic-woes-a-curtain-raiser-to-monsoon-challenges-3024524,2024-05-16,traffic_waterlogging,Windsor Manor-Mehkri Circle stretch,,,"Mekhri Circle, Bengaluru",stretch,stretch; query uses Mekhri Circle end
Palace Road,West traffic division,"Deccan Herald, 'Traffic woes a curtain raiser to monsoon challenges' (Bengaluru Traffic Police officers)",https://www.deccanherald.com/india/karnataka/bengaluru/traffic-woes-a-curtain-raiser-to-monsoon-challenges-3024524,2024-05-16,traffic_waterlogging,Palace Road,,,"Palace Road, Bengaluru",road,whole road named; not a point
Sankey Road,West traffic division,"Deccan Herald, 'Traffic woes a curtain raiser to monsoon challenges' (Bengaluru Traffic Police officers)",https://www.deccanherald.com/india/karnataka/bengaluru/traffic-woes-a-curtain-raiser-to-monsoon-challenges-3024524,2024-05-16,traffic_waterlogging,Sankey Road,,,"Sankey Road, Bengaluru",road,whole road named; not a point
Mysuru Road (near Nayandahallli),West traffic division,"Deccan Herald, 'Traffic woes a curtain raiser to monsoon challenges' (Bengaluru Traffic Police officers)",https://www.deccanherald.com/india/karnataka/bengaluru/traffic-woes-a-curtain-raiser-to-monsoon-challenges-3024524,2024-05-16,traffic_waterlogging,Mysuru Road (near Nayandahallli),,,"Nayandahalli, Bengaluru",point,spelling as printed
Kengeri Satellite Town bus stand,West traffic division,"Deccan Herald, 'Traffic woes a curtain raiser to monsoon challenges' (Bengaluru Traffic Police officers)",https://www.deccanherald.com/india/karnataka/bengaluru/traffic-woes-a-curtain-raiser-to-monsoon-challenges-3024524,2024-05-16,traffic_waterlogging,Kengeri Satellite Town bus stand,,,"Kengeri Satellite Town Bus Stand, Bengaluru",point,
Roopena Agrahara,South traffic division,"Deccan Herald, 'Traffic woes a curtain raiser to monsoon challenges' (Bengaluru Traffic Police officers)",https://www.deccanherald.com/india/karnataka/bengaluru/traffic-woes-a-curtain-raiser-to-monsoon-challenges-3024524,2024-05-16,traffic_waterlogging,the overflowing Madiwala lake is flooding Roopena Agrahara,,,"Rupena Agrahara, Bengaluru",point,
HSR Layout,South traffic division,"Deccan Herald, 'Traffic woes a curtain raiser to monsoon challenges' (Bengaluru Traffic Police officers)",https://www.deccanherald.com/india/karnataka/bengaluru/traffic-woes-a-curtain-raiser-to-monsoon-challenges-3024524,2024-05-16,traffic_waterlogging,some waterlogging was reported in HSR Layout due to the Agara Lake overflow,,,"HSR Layout, Bengaluru",area,area named; not a point
Underpass in Kadubeesanahalli,Kadubeesanahalli,"Deccan Herald, 'Bengaluru Traffic Police, BBMP's battle plan to keep city flowing'",https://www.deccanherald.com/amp/story/india%2Fkarnataka%2Fbengaluru%2Fbengaluru-traffic-police-bbmps-battle-plan-to-keep-city-flowing-1217968.html,2023-05-11,underpass_news,such as the one in Kadubeesanahalli,,,"Kadubeesanahalli, Bengaluru",area,BTP asked for pumps here; area-level query
Nehru Circle underpass,,"Deccan Herald, 'Bengaluru flooded underpasses closed' (Joint CP Traffic)",https://www.deccanherald.com/amp/story/india%2Fkarnataka%2Fbengaluru%2Fbengaluru-flooded-underpasses-closed-1223735.html,2023-05-31,underpass_news,Nehru Circle,,,"Nehru Circle, Bengaluru",point,"closed when flooded, May 2023"
Shivananda Circle underpass,,"Deccan Herald, 'Bengaluru flooded underpasses closed' (Joint CP Traffic)",https://www.deccanherald.com/amp/story/india%2Fkarnataka%2Fbengaluru%2Fbengaluru-flooded-underpasses-closed-1223735.html,2023-05-31,underpass_news,Shivananda Circle,,,"Sivananda Circle, Bengaluru",point,"closed when flooded, May 2023"
Suranjandas Road underpass,,"Deccan Herald, 'BBMP to install roof covers on four underpasses' (BBMP Engineer-in-Chief)",https://www.deccanherald.com/india/karnataka/bengaluru/bbmp-to-install-roof-covers-on-four-underpasses-1221721.html,2023-05-25,underpass_news,Suranjandas Road,,,"Suranjandas Road, Bengaluru",point,L-shaped per BBMP E-in-C
Kundalahalli Gate underpass,,"Deccan Herald, 'BBMP to install roof covers on four underpasses' (BBMP Engineer-in-Chief)",https://www.deccanherald.com/india/karnataka/bengaluru/bbmp-to-install-roof-covers-on-four-underpasses-1221721.html,2023-05-25,underpass_news,Kundalahalli Gate,,,"Kundalahalli Gate, Bengaluru",point,L-shaped per BBMP E-in-C
Okalipuram underpass,Okalipuram,"The News Minute, 'Bengaluru's magic boxes are far from being magical'",https://www.thenewsminute.com/karnataka/bengaluru-s-magic-boxes-are-far-being-magical-177847,2023-05-30,underpass_news,"The Okalipuram underpass, situated near Majestic area",,,"Okalipuram Underpass, Bengaluru",point,"U-shaped, drains on one side only per article"
Lingarajapuram underpass,Lingarajapuram,"The News Minute, 'Bengaluru's magic boxes are far from being magical'",https://www.thenewsminute.com/karnataka/bengaluru-s-magic-boxes-are-far-being-magical-177847,2023-05-30,underpass_news,the Lingarajapuram underpass is another problematic spot,,,"Lingarajapuram Underpass, Bengaluru",point,
Tagore circle underpass,,"The News Minute, 'Bengaluru's magic boxes are far from being magical'",https://www.thenewsminute.com/karnataka/bengaluru-s-magic-boxes-are-far-being-magical-177847,2023-05-30,underpass_news,"The Tagore circle underpass, built in 2012",,,"Tagore Circle, Bengaluru",point,flooded to half a four-wheeler body in Oct 2020 per article
Laggere,RR Nagar and West zones,"The News Minute, 'Bengaluru to see more rains this week: Areas likely to flood identified' (KSNDMC official)",https://www.thenewsminute.com/article/bengaluru-see-more-rains-week-areas-likely-flood-identified-88900,2018-09-24,ksndmc_flood_points,"Laggere,",,,"Laggere, Bengaluru",area,
Mudalapalya,RR Nagar and West zones,"The News Minute, 'Bengaluru to see more rains this week: Areas likely to flood identified' (KSNDMC official)",https://www.thenewsminute.com/article/bengaluru-see-more-rains-week-areas-likely-flood-identified-88900,2018-09-24,ksndmc_flood_points,"Mudalapalya,",,,"Mudalapalya, Bengaluru",area,
Yeshwantpur Railway Station Area,RR Nagar and West zones,"The News Minute, 'Bengaluru to see more rains this week: Areas likely to flood identified' (KSNDMC official)",https://www.thenewsminute.com/article/bengaluru-see-more-rains-week-areas-likely-flood-identified-88900,2018-09-24,ksndmc_flood_points,Yeshwantpur Railway Station Area,,,"Yeshwantpur Railway Station, Bengaluru",area,
Jai Prakash Narayan Park,RR Nagar and West zones,"The News Minute, 'Bengaluru to see more rains this week: Areas likely to flood identified' (KSNDMC official)",https://www.thenewsminute.com/article/bengaluru-see-more-rains-week-areas-likely-flood-identified-88900,2018-09-24,ksndmc_flood_points,Jai Prakash Narayan Park,,,"Jayaprakash Narayan Park, Bengaluru",area,
Shivananda Nagar,RR Nagar and West zones,"The News Minute, 'Bengaluru to see more rains this week: Areas likely to flood identified' (KSNDMC official)",https://www.thenewsminute.com/article/bengaluru-see-more-rains-week-areas-likely-flood-identified-88900,2018-09-24,ksndmc_flood_points,Shivananda Nagar,,,"Shivananda Nagar, Bengaluru",area,
NR Garden,RR Nagar and West zones,"The News Minute, 'Bengaluru to see more rains this week: Areas likely to flood identified' (KSNDMC official)",https://www.thenewsminute.com/article/bengaluru-see-more-rains-week-areas-likely-flood-identified-88900,2018-09-24,ksndmc_flood_points,NR Garden,,,"NR Garden, Bengaluru",area,
National Games Village to HSR Layout,South zone,"The News Minute, 'Bengaluru to see more rains this week: Areas likely to flood identified' (KSNDMC official)",https://www.thenewsminute.com/article/bengaluru-see-more-rains-week-areas-likely-flood-identified-88900,2018-09-24,ksndmc_flood_points,The entire stretch of National Games Village to HSR Layout,,,"National Games Village, Bengaluru",stretch,stretch; query uses its Games Village end
Munireddy Layout in Bommanahalli Zone,Bommanahalli zone,"The News Minute, 'Bengaluru to see more rains this week: Areas likely to flood identified' (KSNDMC official)",https://www.thenewsminute.com/article/bengaluru-see-more-rains-week-areas-likely-flood-identified-88900,2018-09-24,ksndmc_flood_points,Munireddy Layout in Bommanahalli Zone,,,"Munireddy Layout, Bengaluru",area,
Maruthi Nagar,South zone,"The News Minute, 'Bengaluru to see more rains this week: Areas likely to flood identified' (KSNDMC official)",https://www.thenewsminute.com/article/bengaluru-see-more-rains-week-areas-likely-flood-identified-88900,2018-09-24,ksndmc_flood_points,Maruthi Nagar,,,"Maruthi Nagar, Bengaluru",area,
Bismillah Nagar,South zone,"The News Minute, 'Bengaluru to see more rains this week: Areas likely to flood identified' (KSNDMC official)",https://www.thenewsminute.com/article/bengaluru-see-more-rains-week-areas-likely-flood-identified-88900,2018-09-24,ksndmc_flood_points,Bismillah Nagar,,,"Bismillah Nagar, Bengaluru",area,
Magadi police station area,South zone,"The News Minute, 'Bengaluru to see more rains this week: Areas likely to flood identified' (KSNDMC official)",https://www.thenewsminute.com/article/bengaluru-see-more-rains-week-areas-likely-flood-identified-88900,2018-09-24,ksndmc_flood_points,Magadi police station area,,,"Magadi Road Police Station, Bengaluru",area,
Rudrappa Garden,East zone,"The News Minute, 'Bengaluru to see more rains this week: Areas likely to flood identified' (KSNDMC official)",https://www.thenewsminute.com/article/bengaluru-see-more-rains-week-areas-likely-flood-identified-88900,2018-09-24,ksndmc_flood_points,Rudrappa Garden,,,"Rudrappa Garden, Bengaluru",area,
Dommaluru,East zone,"The News Minute, 'Bengaluru to see more rains this week: Areas likely to flood identified' (KSNDMC official)",https://www.thenewsminute.com/article/bengaluru-see-more-rains-week-areas-likely-flood-identified-88900,2018-09-24,ksndmc_flood_points,Dommaluru,,,"Domlur, Bengaluru",area,"spelled Dommaluru in source; Domlur assumed, flagged"
Jayamahal road (from Doordarshan center to JC Nagar),,"Deccan Herald, 'Are civic agencies complacent about monsoon?' (KSNDMC list of 201 flood-prone areas, partial)",https://www.deccanherald.com/amp/story/india%2Fkarnataka%2Fbengaluru%2Fare-civic-agencies-complacent-about-monsoon-733247.html,2019-05-10,ksndmc_flood_points,Jayamahal road (from Doordarshan center to JC Nagar),,,"Jayamahal Main Road, Bengaluru",stretch,stretch; query uses the road name
Shivananda Junction,,"Deccan Herald, 'Are civic agencies complacent about monsoon?' (KSNDMC list of 201 flood-prone areas, partial)",https://www.deccanherald.com/amp/story/india%2Fkarnataka%2Fbengaluru%2Fare-civic-agencies-complacent-about-monsoon-733247.html,2019-05-10,ksndmc_flood_points,Shivananda Junction (where BBMP is building the steel flyover),,,"Sivananda Circle, Bengaluru",point,
UB City Road,,"Deccan Herald, 'Are civic agencies complacent about monsoon?' (KSNDMC list of 201 flood-prone areas, partial)",https://www.deccanherald.com/amp/story/india%2Fkarnataka%2Fbengaluru%2Fare-civic-agencies-complacent-about-monsoon-733247.html,2019-05-10,ksndmc_flood_points,UB City Road,,,"UB City, Bengaluru",road,whole road named; not a point
Indiranagar 80 feet Road,Indiranagar,"Deccan Herald, 'Are civic agencies complacent about monsoon?' (KSNDMC list of 201 flood-prone areas, partial)",https://www.deccanherald.com/amp/story/india%2Fkarnataka%2Fbengaluru%2Fare-civic-agencies-complacent-about-monsoon-733247.html,2019-05-10,ksndmc_flood_points,Indiranagar 80 feet Road,,,"80 Feet Road, Indiranagar, Bengaluru",road,whole road named; not a point
Kalyannagar 100 feet road,Kalyan Nagar,"Deccan Herald, 'Are civic agencies complacent about monsoon?' (KSNDMC list of 201 flood-prone areas, partial)",https://www.deccanherald.com/amp/story/india%2Fkarnataka%2Fbengaluru%2Fare-civic-agencies-complacent-about-monsoon-733247.html,2019-05-10,ksndmc_flood_points,Kalyannagar 100 feet road,,,"100 Feet Road, Kalyan Nagar, Bengaluru",road,whole road named; not a point
Kadugodi,,"Deccan Herald, 'Are civic agencies complacent about monsoon?' (KSNDMC list of 201 flood-prone areas, partial)",https://www.deccanherald.com/amp/story/india%2Fkarnataka%2Fbengaluru%2Fare-civic-agencies-complacent-about-monsoon-733247.html,2019-05-10,ksndmc_flood_points,Kadugodi,,,"Kadugodi, Bengaluru",area,area named; not a point
Yeshwanthpur Railway station,,"Deccan Herald, 'Are civic agencies complacent about monsoon?' (KSNDMC list of 201 flood-prone areas, partial)",https://www.deccanherald.com/amp/story/india%2Fkarnataka%2Fbengaluru%2Fare-civic-agencies-complacent-about-monsoon-733247.html,2019-05-10,ksndmc_flood_points,Yeshwanthpur Railway station,,,"Yeshwanthpur Railway Station, Bengaluru",point,
City Market (KR Market),,"Deccan Herald, 'Are civic agencies complacent about monsoon?' (KSNDMC list of 201 flood-prone areas, partial)",https://www.deccanherald.com/amp/story/india%2Fkarnataka%2Fbengaluru%2Fare-civic-agencies-complacent-about-monsoon-733247.html,2019-05-10,ksndmc_flood_points,City Market (KR Market),,,"KR Market, Bengaluru",point,
Wilson Garden up to Bannerghatta Road,,"Deccan Herald, 'Are civic agencies complacent about monsoon?' (KSNDMC list of 201 flood-prone areas, partial)",https://www.deccanherald.com/amp/story/india%2Fkarnataka%2Fbengaluru%2Fare-civic-agencies-complacent-about-monsoon-733247.html,2019-05-10,ksndmc_flood_points,Wilson Garden up to Bannerghatta Road,,,"Wilson Garden, Bengaluru",stretch,stretch; query uses its Wilson Garden end
Vidyapeeta Circle,,"Deccan Herald, 'Are civic agencies complacent about monsoon?' (KSNDMC list of 201 flood-prone areas, partial)",https://www.deccanherald.com/amp/story/india%2Fkarnataka%2Fbengaluru%2Fare-civic-agencies-complacent-about-monsoon-733247.html,2019-05-10,ksndmc_flood_points,Vidyapeeta Circle,,,"Vidyapeetha Circle, Bengaluru",point,
Someshwara colony near silk board junction,,"Deccan Herald, 'Are civic agencies complacent about monsoon?' (KSNDMC list of 201 flood-prone areas, partial)",https://www.deccanherald.com/amp/story/india%2Fkarnataka%2Fbengaluru%2Fare-civic-agencies-complacent-about-monsoon-733247.html,2019-05-10,ksndmc_flood_points,Someshwara colony near silk board junction,,,"Someshwara Colony, Bengaluru",area,area named; not a point
Madiwala lake outlet near silk board junction,KSNDMC sensor site chosen,"Deccan Herald, 'Are civic agencies complacent about monsoon?' (KSNDMC list of 201 flood-prone areas, partial)",https://www.deccanherald.com/amp/story/india%2Fkarnataka%2Fbengaluru%2Fare-civic-agencies-complacent-about-monsoon-733247.html,2019-05-10,ksndmc_flood_points,Madiwala lake outlet near silk board junction,,,"Madiwala Lake, Bengaluru",point,one of three tentative sensor sites
Jayanagar east in Krishnappa Garden (behind Byrasandra tank),KSNDMC sensor site chosen,"Deccan Herald, 'Are civic agencies complacent about monsoon?' (KSNDMC list of 201 flood-prone areas, partial)",https://www.deccanherald.com/amp/story/india%2Fkarnataka%2Fbengaluru%2Fare-civic-agencies-complacent-about-monsoon-733247.html,2019-05-10,ksndmc_flood_points,Jayanagar east in Krishnappa Garden (behind Byrasandra tank),,,"Krishnappa Garden, Bengaluru",point,one of three tentative sensor sites
Bapuji Nagar upstream of Galianjaneya temple,KSNDMC sensor site chosen,"Deccan Herald, 'Are civic agencies complacent about monsoon?' (KSNDMC list of 201 flood-prone areas, partial)",https://www.deccanherald.com/amp/story/india%2Fkarnataka%2Fbengaluru%2Fare-civic-agencies-complacent-about-monsoon-733247.html,2019-05-10,ksndmc_flood_points,Bapuji Nagar upstream of Galianjaneya temple,,,"Bapuji Nagar, Bengaluru",point,one of three tentative sensor sites
Hulimavu Lake Junction,Bengaluru South City Corporation,"News Karnataka, '10 flood-prone spots on Bengaluru South's monsoon watchlist' (Bengaluru South City Corporation)",https://newskarnataka.com/bengaluru/10-flood-prone-spots-on-bengaluru-souths-monsoon-watchlist/18062026/,2026-06-18,civic_watchlist,Hulimavu Lake Junction,,,"Hulimavu Lake, Bengaluru",point,
Sagar Junction to Sagar Hospital Road,Bengaluru South City Corporation,"News Karnataka, '10 flood-prone spots on Bengaluru South's monsoon watchlist' (Bengaluru South City Corporation)",https://newskarnataka.com/bengaluru/10-flood-prone-spots-on-bengaluru-souths-monsoon-watchlist/18062026/,2026-06-18,civic_watchlist,Sagar Junction to Sagar Hospital Road,,,"Sagar Hospital, Bannerghatta Road, Bengaluru",stretch,stretch; query uses Sagar Hospital
HSR Layout 14th Main Road,Bengaluru South City Corporation,"News Karnataka, '10 flood-prone spots on Bengaluru South's monsoon watchlist' (Bengaluru South City Corporation)",https://newskarnataka.com/bengaluru/10-flood-prone-spots-on-bengaluru-souths-monsoon-watchlist/18062026/,2026-06-18,civic_watchlist,HSR Layout 14th Main Road,,,"14th Main Road, HSR Layout, Bengaluru",point,
Sony World Junction,Bengaluru South City Corporation,"News Karnataka, '10 flood-prone spots on Bengaluru South's monsoon watchlist' (Bengaluru South City Corporation)",https://newskarnataka.com/bengaluru/10-flood-prone-spots-on-bengaluru-souths-monsoon-watchlist/18062026/,2026-06-18,civic_watchlist,Sony World Junction,,,"Sony World Junction, Bengaluru",point,
Outer Ring Road,Bengaluru South City Corporation,"News Karnataka, '10 flood-prone spots on Bengaluru South's monsoon watchlist' (Bengaluru South City Corporation)",https://newskarnataka.com/bengaluru/10-flood-prone-spots-on-bengaluru-souths-monsoon-watchlist/18062026/,2026-06-18,civic_watchlist,"Outer Ring Road,",,,"Outer Ring Road, Bellandur, Bengaluru",road,whole road named; not a point
HSR Layout 5th Main Road,Bengaluru South City Corporation,"News Karnataka, '10 flood-prone spots on Bengaluru South's monsoon watchlist' (Bengaluru South City Corporation)",https://newskarnataka.com/bengaluru/10-flood-prone-spots-on-bengaluru-souths-monsoon-watchlist/18062026/,2026-06-18,civic_watchlist,HSR Layout 5th Main Road,,,"5th Main Road, HSR Layout, Bengaluru",point,
Shri Rangam Junction,Bengaluru South City Corporation,"News Karnataka, '10 flood-prone spots on Bengaluru South's monsoon watchlist' (Bengaluru South City Corporation)",https://newskarnataka.com/bengaluru/10-flood-prone-spots-on-bengaluru-souths-monsoon-watchlist/18062026/,2026-06-18,civic_watchlist,Shri Rangam Junction,,,"Srirangam Junction, Bengaluru",point,
Bellandur-Iblur Junction,Bengaluru South City Corporation,"News Karnataka, '10 flood-prone spots on Bengaluru South's monsoon watchlist' (Bengaluru South City Corporation)",https://newskarnataka.com/bengaluru/10-flood-prone-spots-on-bengaluru-souths-monsoon-watchlist/18062026/,2026-06-18,civic_watchlist,Bellandur-Iblur Junction,,,"Iblur Junction, Bengaluru",point,
Wipro Junction on Sarjapur Road,Bengaluru South City Corporation,"News Karnataka, '10 flood-prone spots on Bengaluru South's monsoon watchlist' (Bengaluru South City Corporation)",https://newskarnataka.com/bengaluru/10-flood-prone-spots-on-bengaluru-souths-monsoon-watchlist/18062026/,2026-06-18,civic_watchlist,Wipro Junction on Sarjapur Road,,,"Wipro Junction, Sarjapur Road, Bengaluru",point,
Roopena Agrahara,Bengaluru South City Corporation,"News Karnataka, '10 flood-prone spots on Bengaluru South's monsoon watchlist' (Bengaluru South City Corporation)",https://newskarnataka.com/bengaluru/10-flood-prone-spots-on-bengaluru-souths-monsoon-watchlist/18062026/,2026-06-18,civic_watchlist,Roopena Agrahara,,,"Rupena Agrahara, Bengaluru",point,
Madiwala Ayyappa Junction,Bengaluru South City Corporation,"News Karnataka, '10 flood-prone spots on Bengaluru South's monsoon watchlist' (Bengaluru South City Corporation)",https://newskarnataka.com/bengaluru/10-flood-prone-spots-on-bengaluru-souths-monsoon-watchlist/18062026/,2026-06-18,civic_watchlist,Madiwala Ayyappa Junction,,,"Ayyappa Temple, Madiwala, Bengaluru",point,article says 10 hotspots but names 11
Devarabisanahalli,Bengaluru East City Corporation,"Deccan Herald, 'Bengaluru East City Corporation chief inspects flood-hit areas' (Bengaluru East City Corporation)",https://www.deccanherald.com/india/karnataka/bengaluru/bengaluru-east-city-corporation-chief-inspects-flood-hit-areas-reviews-ongoing-infra-projects-4027951,2026-06-05,civic_watchlist,Devarabisanahalli,,,"Devarabisanahalli, Bengaluru",point,
Panathur,Bengaluru East City Corporation,"Deccan Herald, 'Bengaluru East City Corporation chief inspects flood-hit areas' (Bengaluru East City Corporation)",https://www.deccanherald.com/india/karnataka/bengaluru/bengaluru-east-city-corporation-chief-inspects-flood-hit-areas-reviews-ongoing-infra-projects-4027951,2026-06-05,civic_watchlist,Panathur,,,"Panathur Railway Underpass, Bengaluru",point,article also names the Panathur underpass
Varthur,Bengaluru East City Corporation,"Deccan Herald, 'Bengaluru East City Corporation chief inspects flood-hit areas' (Bengaluru East City Corporation)",https://www.deccanherald.com/india/karnataka/bengaluru/bengaluru-east-city-corporation-chief-inspects-flood-hit-areas-reviews-ongoing-infra-projects-4027951,2026-06-05,civic_watchlist,Varthur,,,"Varthur Kodi, Bengaluru",point,
Thubarahalli,Bengaluru East City Corporation,"Deccan Herald, 'Bengaluru East City Corporation chief inspects flood-hit areas' (Bengaluru East City Corporation)",https://www.deccanherald.com/india/karnataka/bengaluru/bengaluru-east-city-corporation-chief-inspects-flood-hit-areas-reviews-ongoing-infra-projects-4027951,2026-06-05,civic_watchlist,Thubarahalli,,,"Thubarahalli, Bengaluru",point,
Whitefield,Bengaluru East City Corporation,"Deccan Herald, 'Bengaluru East City Corporation chief inspects flood-hit areas' (Bengaluru East City Corporation)",https://www.deccanherald.com/india/karnataka/bengaluru/bengaluru-east-city-corporation-chief-inspects-flood-hit-areas-reviews-ongoing-infra-projects-4027951,2026-06-05,civic_watchlist,Whitefield,,,"Whitefield, Bengaluru",area,area named; not a point
Hope Farm Junction,Bengaluru East City Corporation,"Deccan Herald, 'Bengaluru East City Corporation chief inspects flood-hit areas' (Bengaluru East City Corporation)",https://www.deccanherald.com/india/karnataka/bengaluru/bengaluru-east-city-corporation-chief-inspects-flood-hit-areas-reviews-ongoing-infra-projects-4027951,2026-06-05,civic_watchlist,Hope Farm Junction,,,"Hope Farm Junction, Bengaluru",point,
Cunningham Road and Kumara Krupa Road underpass across Sankey Road,"Sankey Road, near Golf Club","BBMP, Audit report on underpasses 2023 (scanned Kannada PDF on OpenCity; titles read and glossed by us)",https://data.opencity.in/dataset/668c76f9-53fe-4642-9e8c-c8d190bd7329/resource/3bc30859-8b9c-4868-a788-463e9ae09cab/download/c304bc4e-43a3-4765-9360-dbb4b2285a6e.pdf,2023-05-24,underpass_audit,[scanned Kannada letter pp.1-2 of the PDF; English title is our gloss] Cunningham Road and Kumara Krupa Road underpass across Sankey Road,,,"Sankey Road Underpass, Bengaluru",point,U-shaped; DH names it Sankey Road (near Golf Club)
Kino Theatre road (Anand Rao Circle) railway underbridge,Anand Rao Circle,"BBMP, Audit report on underpasses 2023 (scanned Kannada PDF on OpenCity; titles read and glossed by us)",https://data.opencity.in/dataset/668c76f9-53fe-4642-9e8c-c8d190bd7329/resource/3bc30859-8b9c-4868-a788-463e9ae09cab/download/c304bc4e-43a3-4765-9360-dbb4b2285a6e.pdf,2023-05-24,underpass_audit,[scanned Kannada letter p.3 of the PDF; English title is our gloss] Kino Theatre road (Anand Rao Circle) railway underbridge,,,"Anand Rao Circle Underpass, Bengaluru",point,railway underbridge to Statue Circle and Mantri Mall
Cauvery Theatre front vehicle underpass,"Ballari Road, near Bhashyam Circle","BBMP, Audit report on underpasses 2023 (scanned Kannada PDF on OpenCity; titles read and glossed by us)",https://data.opencity.in/dataset/668c76f9-53fe-4642-9e8c-c8d190bd7329/resource/3bc30859-8b9c-4868-a788-463e9ae09cab/download/c304bc4e-43a3-4765-9360-dbb4b2285a6e.pdf,2023-05-24,underpass_audit,[scanned Kannada letter pp.4-5 of the PDF; English title is our gloss] Cauvery Theatre front vehicle underpass,,,"Cauvery Theatre, Bengaluru",point,U-shaped
Kodigehalli railway vehicle underpass,Kodigehalli,"BBMP, Audit report on underpasses 2023 (scanned Kannada PDF on OpenCity; titles read and glossed by us)",https://data.opencity.in/dataset/668c76f9-53fe-4642-9e8c-c8d190bd7329/resource/3bc30859-8b9c-4868-a788-463e9ae09cab/download/c304bc4e-43a3-4765-9360-dbb4b2285a6e.pdf,2023-05-24,underpass_audit,[scanned Kannada letter p.6 of the PDF; English title is our gloss] Kodigehalli railway vehicle underpass,,,"Kodigehalli Railway Underpass, Bengaluru",point,railway underpass
Mekhri Circle vehicle underpass,Bellary Road and CV Raman Road junction,"BBMP, Audit report on underpasses 2023 (scanned Kannada PDF on OpenCity; titles read and glossed by us)",https://data.opencity.in/dataset/668c76f9-53fe-4642-9e8c-c8d190bd7329/resource/3bc30859-8b9c-4868-a788-463e9ae09cab/download/c304bc4e-43a3-4765-9360-dbb4b2285a6e.pdf,2023-05-24,underpass_audit,[scanned Kannada letter p.7 of the PDF; English title is our gloss] Mekhri Circle vehicle underpass,,,"Mekhri Circle, Bengaluru",point,L-shaped
Yelahanka railway vehicle underpass,Yelahanka,"BBMP, Audit report on underpasses 2023 (scanned Kannada PDF on OpenCity; titles read and glossed by us)",https://data.opencity.in/dataset/668c76f9-53fe-4642-9e8c-c8d190bd7329/resource/3bc30859-8b9c-4868-a788-463e9ae09cab/download/c304bc4e-43a3-4765-9360-dbb4b2285a6e.pdf,2023-05-24,underpass_audit,[scanned Kannada letter p.8 of the PDF; English title is our gloss] Yelahanka railway vehicle underpass,,,"Yelahanka Railway Underpass, Bengaluru",point,"railway underpass, U-shaped"
C.N.R. Rao Circle vehicle underpass,between Yeshwanthpur and Malleshwaram circles,"BBMP, Audit report on underpasses 2023 (scanned Kannada PDF on OpenCity; titles read and glossed by us)",https://data.opencity.in/dataset/668c76f9-53fe-4642-9e8c-c8d190bd7329/resource/3bc30859-8b9c-4868-a788-463e9ae09cab/download/c304bc4e-43a3-4765-9360-dbb4b2285a6e.pdf,2023-05-24,underpass_audit,[scanned Kannada letter p.9 of the PDF; English title is our gloss] C.N.R. Rao Circle vehicle underpass,,,"CNR Rao Circle, Bengaluru",point,
Kuvempu Circle vehicle underpass (Outer Ring Road and New BEL Road),Outer Ring Road,"BBMP, Audit report on underpasses 2023 (scanned Kannada PDF on OpenCity; titles read and glossed by us)",https://data.opencity.in/dataset/668c76f9-53fe-4642-9e8c-c8d190bd7329/resource/3bc30859-8b9c-4868-a788-463e9ae09cab/download/c304bc4e-43a3-4765-9360-dbb4b2285a6e.pdf,2023-05-24,underpass_audit,[scanned Kannada letter p.10 of the PDF; English title is our gloss] Kuvempu Circle vehicle underpass (Outer Ring Road and New BEL Road),,,"Kuvempu Circle, Bengaluru",point,L-shaped
Outer Ring Road and Gangamma Gudi Circle vehicle underpass,Outer Ring Road,"BBMP, Audit report on underpasses 2023 (scanned Kannada PDF on OpenCity; titles read and glossed by us)",https://data.opencity.in/dataset/668c76f9-53fe-4642-9e8c-c8d190bd7329/resource/3bc30859-8b9c-4868-a788-463e9ae09cab/download/c304bc4e-43a3-4765-9360-dbb4b2285a6e.pdf,2023-05-24,underpass_audit,[scanned Kannada letter p.11 of the PDF; English title is our gloss] Outer Ring Road and Gangamma Gudi Circle vehicle underpass,,,"Gangamma Gudi Circle, Bengaluru",point,L-shaped
RMV Layout railway vehicle underpass next to Fairfield residential complex,RMV Layout,"BBMP, Audit report on underpasses 2023 (scanned Kannada PDF on OpenCity; titles read and glossed by us)",https://data.opencity.in/dataset/668c76f9-53fe-4642-9e8c-c8d190bd7329/resource/3bc30859-8b9c-4868-a788-463e9ae09cab/download/c304bc4e-43a3-4765-9360-dbb4b2285a6e.pdf,2023-05-24,underpass_audit,[scanned Kannada letter p.12 of the PDF; English title is our gloss] RMV Layout railway vehicle underpass next to Fairfield residential complex,,,"RMV Layout Railway Underpass, Bengaluru",point,railway underpass
Bengaluru Cantonment railway station circle railway vehicle underpass,Jayamahal Road and Miller Road,"BBMP, Audit report on underpasses 2023 (scanned Kannada PDF on OpenCity; titles read and glossed by us)",https://data.opencity.in/dataset/668c76f9-53fe-4642-9e8c-c8d190bd7329/resource/3bc30859-8b9c-4868-a788-463e9ae09cab/download/c304bc4e-43a3-4765-9360-dbb4b2285a6e.pdf,2023-05-24,underpass_audit,[scanned Kannada letter p.13 of the PDF; English title is our gloss] Bengaluru Cantonment railway station circle railway vehicle underpass,,,"Cantonment Railway Station Underpass, Bengaluru",point,"railway underpass, L-shaped"
Anandanagar Hebbal Traffic Police Station front vehicle underpass,"Hebbal, Anandanagar","BBMP, Audit report on underpasses 2023 (scanned Kannada PDF on OpenCity; titles read and glossed by us)",https://data.opencity.in/dataset/668c76f9-53fe-4642-9e8c-c8d190bd7329/resource/3bc30859-8b9c-4868-a788-463e9ae09cab/download/c304bc4e-43a3-4765-9360-dbb4b2285a6e.pdf,2023-05-24,underpass_audit,[scanned Kannada letter p.14 of the PDF; English title is our gloss] Anandanagar Hebbal Traffic Police Station front vehicle underpass,,,"Hebbal Traffic Police Station, Bengaluru",point,L-shaped
Nayandahalli junction railway vehicle underpass,"Nayandahalli, Outer Ring Road","BBMP, Audit report on underpasses 2023 (scanned Kannada PDF on OpenCity; titles read and glossed by us)",https://data.opencity.in/dataset/668c76f9-53fe-4642-9e8c-c8d190bd7329/resource/3bc30859-8b9c-4868-a788-463e9ae09cab/download/c304bc4e-43a3-4765-9360-dbb4b2285a6e.pdf,2023-05-24,underpass_audit,[scanned Kannada letter p.15 of the PDF; English title is our gloss] Nayandahalli junction railway vehicle underpass,,,"Nayandahalli Junction, Bengaluru",point,"railway underpass, L-shaped"
KR Circle underpass,"K.R. Circle, Nrupathunga Road","BBMP, Report on KR Circle underpass flooding of 21 May 2023 (scanned Kannada PDF on OpenCity; read by us)",https://data.opencity.in/dataset/668c76f9-53fe-4642-9e8c-c8d190bd7329/resource/c53619d2-b20c-427d-9e34-f5638599e65c/download/0102faf2-cabc-46e4-b063-7b6c94a50538.pdf,2023-05-22,underpass_audit,"[scanned Kannada report, 3 pages; names the K.R. Circle underpass, a U-shaped underpass with one 0.6 m by 0.6 m drain, flooded 21.05.2023]",,,"KR Circle, Bengaluru",point,fatal flooding 21 May 2023; U-shaped
