name,ward_or_area,source_name,source_url,source_date,list_kind,raw_text,lat,lon,geocode_method,geocode_confidence,needs_review
BRUHUT BENGALURU List Nanada gokula,East zone,"BBMP Storm Water Drain dept, List of vulnerable points identified for 2020-21 (PDF)",https://citizenmatters.in/wp-content/uploads/2020/06/SWD-Vul-lat-long-details-18.5.2020-1.pdf,2020-05-18,swd_vulnerable_severe,"BRUHUT BENGALURU List Nanada gokula | 13.0436111 | 77.6280556 | 150 | Adjacent SWD have been De-silted [East zone, severely vulnerable table, serial 1, pdf p.1]",13.043611,77.628056,source_latlon,medium,false
HRBR Lyt.,East zone,"BBMP Storm Water Drain dept, List of vulnerable points identified for 2020-21 (PDF)",https://citizenmatters.in/wp-content/uploads/2020/06/SWD-Vul-lat-long-details-18.5.2020-1.pdf,2020-05-18,swd_vulnerable_severe,"HRBR Lyt. | 13.0188889 | 77.6347222 | 150 | Adjacent SWD have been De-silted [East zone, severely vulnerable table, serial 2, pdf p.1]",13.018889,77.634722,source_latlon;agrees_with_other_source_0m,high,false
HBR Lyt.,East zone,"BBMP Storm Water Drain dept, List of vulnerable points identified for 2020-21 (PDF)",https://citizenmatters.in/wp-content/uploads/2020/06/SWD-Vul-lat-long-details-18.5.2020-1.pdf,2020-05-18,swd_vulnerable_severe,"HBR Lyt. | 13.0391667 | 77.6380556 | 200 | Adjacent SWD have been De-silted | 878.000 [East zone, severely vulnerable table, serial 3, pdf p.1]",13.039167,77.638056,source_latlon;agrees_with_other_source_0m,high,false
Veerannapalya,East zone,"BBMP Storm Water Drain dept, List of vulnerable points identified for 2020-21 (PDF)",https://citizenmatters.in/wp-content/uploads/2020/06/SWD-Vul-lat-long-details-18.5.2020-1.pdf,2020-05-18,swd_vulnerable_severe,"Veerannapalya | 13.0411111 | 77.6122222 | 150 | Carle building obstruction. | 890.000 [East zone, severely vulnerable table, serial 4, pdf p.1]",13.041111,77.612222,source_latlon;agrees_with_other_source_0m,high,false
Broadway road junction,East zone,"BBMP Storm Water Drain dept, List of vulnerable points identified for 2020-21 (PDF)",https://citizenmatters.in/wp-content/uploads/2020/06/SWD-Vul-lat-long-details-18.5.2020-1.pdf,2020-05-18,swd_vulnerable_severe,"Broadway road junction | 12.9863889 | 77.6041667 | 100 | 899.000 [East zone, severely vulnerable table, serial 5, pdf p.1]",12.986389,77.604167,source_latlon;agrees_with_other_source_0m,high,false
Armstrong road junction in Shivajinagr,East zone,"BBMP Storm Water Drain dept, List of vulnerable points identified for 2020-21 (PDF)",https://citizenmatters.in/wp-content/uploads/2020/06/SWD-Vul-lat-long-details-18.5.2020-1.pdf,2020-05-18,swd_vulnerable_moderate,"Armstrong road junction in Shivajinagr | 12.9863889 | 77.6102778 | 150 | Low lying area ( Desilting work is in progress) | 895.000 [East zone, moderately vulnerable table, serial 1, pdf p.1]",12.986389,77.610278,source_latlon,medium,false
MV garden & Murphy market,East zone,"BBMP Storm Water Drain dept, List of vulnerable points identified for 2020-21 (PDF)",https://citizenmatters.in/wp-content/uploads/2020/06/SWD-Vul-lat-long-details-18.5.2020-1.pdf,2020-05-18,swd_vulnerable_moderate,"MV garden & Murphy market | 12.9783333 | 77.6272222 | 100 | Low lying area ( Desilting work is in progress) | 885.000 [East zone, moderately vulnerable table, serial 2, pdf p.1]",12.978333,77.627222,source_latlon;agrees_with_other_source_0m,high,false
Jougupalya in Ulsoor,East zone,"BBMP Storm Water Drain dept, List of vulnerable points identified for 2020-21 (PDF)",https://citizenmatters.in/wp-content/uploads/2020/06/SWD-Vul-lat-long-details-18.5.2020-1.pdf,2020-05-18,swd_vulnerable_moderate,"Jougupalya in Ulsoor | 12.9716667 | 77.6333333 | 150 | Low lying area ( Desilting work is in progress) | 883.000 [East zone, moderately vulnerable table, serial 3, pdf p.1]",12.971667,77.633333,source_latlon,medium,false
Cambridge layout (Near Jogupalya),East zone,"BBMP Storm Water Drain dept, List of vulnerable points identified for 2020-21 (PDF)",https://citizenmatters.in/wp-content/uploads/2020/06/SWD-Vul-lat-long-details-18.5.2020-1.pdf,2020-05-18,swd_vulnerable_moderate,"Cambridge layout (Near Jogupalya) | 12.9708333 | 77.6336111 | 150 | Low lying area ( Desilting work is in progress) | 883.000 [East zone, moderately vulnerable table, serial 4, pdf p.1]",12.970833,77.633611,source_latlon;agrees_with_other_source_0m,high,false
Nandhini hotel backside on 100 feet road indiranagar,East zone,"BBMP Storm Water Drain dept, List of vulnerable points identified for 2020-21 (PDF)",https://citizenmatters.in/wp-content/uploads/2020/06/SWD-Vul-lat-long-details-18.5.2020-1.pdf,2020-05-18,swd_vulnerable_moderate,"Nandhini hotel backside on 100 feet road indiranagar | 12.9611111 | 77.6430556 | 150 | Low lying area ( Desilting work is in progress) | 881.000 [East zone, moderately vulnerable table, serial 5, pdf p.1]",12.961111,77.643056,source_latlon;agrees_with_other_source_0m,high,false
Kalyananagar,East zone,"BBMP Storm Water Drain dept, List of vulnerable points identified for 2020-21 (PDF)",https://citizenmatters.in/wp-content/uploads/2020/06/SWD-Vul-lat-long-details-18.5.2020-1.pdf,2020-05-18,swd_vulnerable_moderate,"Kalyananagar | 13.0088889 | 77.6369444 | 200 | Low lying area ( Desilting work is in progress) [East zone, moderately vulnerable table, serial 6, pdf p.1]",13.008889,77.636944,source_latlon;agrees_with_other_source_0m,high,false
BDA Layout in ward ni 113 Konena Agrahara,East zone,"BBMP Storm Water Drain dept, List of vulnerable points identified for 2020-21 (PDF)",https://citizenmatters.in/wp-content/uploads/2020/06/SWD-Vul-lat-long-details-18.5.2020-1.pdf,2020-05-18,swd_vulnerable_moderate,"BDA Layout in ward ni 113 Konena Agrahara | 12.8608333 | 77.6577778 | 150 | Low lying area ( Desilting work is in progress) | 886.000 [East zone, moderately vulnerable table, serial 7, pdf p.1]",12.860833,77.657778,source_latlon;conflicts_with_other_source_10521m,low,true
Railway parallel road Sadanadanagar,East zone,"BBMP Storm Water Drain dept, List of vulnerable points identified for 2020-21 (PDF)",https://citizenmatters.in/wp-content/uploads/2020/06/SWD-Vul-lat-long-details-18.5.2020-1.pdf,2020-05-18,swd_vulnerable_moderate,"Railway parallel road Sadanadanagar | 12.9947222 | 77.6588889 | 150 | Additional vent to be provided for railway bridge. | 896.000 [East zone, moderately vulnerable table, serial 8, pdf p.1]",12.994722,77.658889,source_latlon;agrees_with_other_source_0m,high,false
Jala Dharshani Layout in ward no.18 of Hebbal constituency.,"East zone, ward 18","BBMP Storm Water Drain dept, List of vulnerable points identified for 2020-21 (PDF)",https://citizenmatters.in/wp-content/uploads/2020/06/SWD-Vul-lat-long-details-18.5.2020-1.pdf,2020-05-18,swd_vulnerable_moderate,"Jala Dharshani Layout in ward no.18 of Hebbal constituency. | 13.0247222 | 77.5825 | 180 | Adjacent SWD have been De-silted | 901.000 [East zone, moderately vulnerable table, serial 9, pdf p.1]",13.024722,77.582500,source_latlon;agrees_with_other_source_0m,high,false
Vasanthappa block in ward no.20 of Hebbal constituency.,"East zone, ward 20","BBMP Storm Water Drain dept, List of vulnerable points identified for 2020-21 (PDF)",https://citizenmatters.in/wp-content/uploads/2020/06/SWD-Vul-lat-long-details-18.5.2020-1.pdf,2020-05-18,swd_vulnerable_moderate,"Vasanthappa block in ward no.20 of Hebbal constituency. | 13.0255556 | 77.5722222 | 180 | Adjacent SWD have been De-silted | 904.000 [East zone, moderately vulnerable table, serial 10, pdf p.1]",13.025556,77.572222,source_latlon;conflicts_with_other_source_1425m,low,true
A Block in ward no.20 of Hebbal constituency.,"East zone, ward 20","BBMP Storm Water Drain dept, List of vulnerable points identified for 2020-21 (PDF)",https://citizenmatters.in/wp-content/uploads/2020/06/SWD-Vul-lat-long-details-18.5.2020-1.pdf,2020-05-18,swd_vulnerable_moderate,"A Block in ward no.20 of Hebbal constituency. | 13.0333333 | 77.5902778 | 180 | Adjacent SWD have been De-silted | 905.000 [East zone, moderately vulnerable table, serial 11, pdf p.1]",13.033333,77.590278,source_latlon;agrees_with_other_source_0m,high,false
Sun Rise colony in ward no.22 of Hebbal constituency.,"East zone, ward 22","BBMP Storm Water Drain dept, List of vulnerable points identified for 2020-21 (PDF)",https://citizenmatters.in/wp-content/uploads/2020/06/SWD-Vul-lat-long-details-18.5.2020-1.pdf,2020-05-18,swd_vulnerable_moderate,"Sun Rise colony in ward no.22 of Hebbal constituency. | 13.0355556 | 77.5972222 | 180 | Adjacent SWD have been De-silted | 901.000 [East zone, moderately vulnerable table, serial 12, pdf p.1]",13.035556,77.597222,source_latlon;agrees_with_other_source_0m,high,false
Upstreams of Devi nagar (junction of Ring road and railway track) in ward no.18 of Hebbal constituency.,"East zone, ward 18","BBMP Storm Water Drain dept, List of vulnerable points identified for 2020-21 (PDF)",https://citizenmatters.in/wp-content/uploads/2020/06/SWD-Vul-lat-long-details-18.5.2020-1.pdf,2020-05-18,swd_vulnerable_moderate,"Upstreams of Devi nagar (junction of Ring road and railway track) in ward no.18 of Hebbal constituency. | 13.0466667 | 77.5708333 | 180 | Adjacent SWD have been De-silted | 904.000 [East zone, moderately vulnerable table, serial 13, pdf p.1]",13.046667,77.570833,source_latlon,medium,false
Near Shani mahathma temple beside Hebbal Fly over in ward no.21 of Hebbal constituency.,"East zone, ward 21","BBMP Storm Water Drain dept, List of vulnerable points identified for 2020-21 (PDF)",https://citizenmatters.in/wp-content/uploads/2020/06/SWD-Vul-lat-long-details-18.5.2020-1.pdf,2020-05-18,swd_vulnerable_moderate,"Near Shani mahathma temple beside Hebbal Fly over in ward no.21 of Hebbal constituency. | 13.0425 | 77.5913889 | 180 | Adjacent SWD have been De-silted | 900.000 [East zone, moderately vulnerable table, serial 14, pdf p.1]",13.042500,77.591389,source_latlon,medium,false
Low Laying areas of Chamundi nagar in ward no.33 of Hebbal constituency,"East zone, ward 33","BBMP Storm Water Drain dept, List of vulnerable points identified for 2020-21 (PDF)",https://citizenmatters.in/wp-content/uploads/2020/06/SWD-Vul-lat-long-details-18.5.2020-1.pdf,2020-05-18,swd_vulnerable_moderate,"Low Laying areas of Chamundi nagar in ward no.33 of Hebbal constituency | 13.0333333 | 77.6002778 | 180 | Adjacent SWD have been De-silted | 902.000 [East zone, moderately vulnerable table, serial 15, pdf p.1]",13.033333,77.600278,source_latlon;agrees_with_other_source_0m,high,false
"Rajajinagar Industrial Area ,1st Cross Rd Ward No 108","West zone, ward 108","BBMP Storm Water Drain dept, List of vulnerable points identified for 2020-21 (PDF)",https://citizenmatters.in/wp-content/uploads/2020/06/SWD-Vul-lat-long-details-18.5.2020-1.pdf,2020-05-18,swd_vulnerable_severe,"Rajajinagar Industrial Area ,1st Cross Rd Ward No 108 | 12.9841167 | 77.5460639 | 100 | Work Tackled to avoid flooding | 890.000 [West zone, severely vulnerable table, serial 1, pdf p.1]",12.984117,77.546064,source_latlon;agrees_with_other_source_0m,high,false
Cheluvadipalya Near by GoodShed Road Ward No 138,"West zone, ward 138","BBMP Storm Water Drain dept, List of vulnerable points identified for 2020-21 (PDF)",https://citizenmatters.in/wp-content/uploads/2020/06/SWD-Vul-lat-long-details-18.5.2020-1.pdf,2020-05-18,swd_vulnerable_severe,"Cheluvadipalya Near by GoodShed Road Ward No 138 | 12.9653167 | 77.566525 | 100 | RCC Retaining wall to be Constructed and desilting work is in Progress by AMC | 894.000 [West zone, severely vulnerable table, serial 2, pdf p.1]",12.965317,77.566525,source_latlon;shared_by_2_names,low,true
Near by 2nd Cross Ring Road Ward No 77,"West zone, ward 77","BBMP Storm Water Drain dept, List of vulnerable points identified for 2020-21 (PDF)",https://citizenmatters.in/wp-content/uploads/2020/06/SWD-Vul-lat-long-details-18.5.2020-1.pdf,2020-05-18,swd_vulnerable_severe,"Near by 2nd Cross Ring Road Ward No 77 | 12.0101694 | 77.5275333 | 100 | Work Included under CMNNY Grant & Tender Under Process | 885.000 [West zone, severely vulnerable table, serial 3, pdf p.1]",12.997669,77.573108,"source_latlon_rejected(12.0101694,77.5275333 outside city box);name_match_swd_vulnerable_kgis",medium,false
Binnymill Road Ward No 120 near belimath,"West zone, ward 120","BBMP Storm Water Drain dept, List of vulnerable points identified for 2020-21 (PDF)",https://citizenmatters.in/wp-content/uploads/2020/06/SWD-Vul-lat-long-details-18.5.2020-1.pdf,2020-05-18,swd_vulnerable_severe,"Binnymill Road Ward No 120 near belimath | 12.9765972 | 77.5673472 | 100 | Work Included under CMNNY Grant & Tender Under Process | 898.000 [West zone, severely vulnerable table, serial 4, pdf p.1]",12.976597,77.567347,source_latlon;agrees_with_other_source_0m,high,false
K P Agrahara 7th Cross Road Ward No 121,"West zone, ward 121","BBMP Storm Water Drain dept, List of vulnerable points identified for 2020-21 (PDF)",https://citizenmatters.in/wp-content/uploads/2020/06/SWD-Vul-lat-long-details-18.5.2020-1.pdf,2020-05-18,swd_vulnerable_severe,"K P Agrahara 7th Cross Road Ward No 121 | 12.9726194 | 77.5628833 | 100 | Work Included under CMNNY Grant & Tender Under Process | 887.000 [West zone, severely vulnerable table, serial 5, pdf p.1]",12.972619,77.562883,source_latlon;agrees_with_other_source_0m,high,false
Near Mantri Mall bridge in ward no-94,"West zone, ward 94","BBMP Storm Water Drain dept, List of vulnerable points identified for 2020-21 (PDF)",https://citizenmatters.in/wp-content/uploads/2020/06/SWD-Vul-lat-long-details-18.5.2020-1.pdf,2020-05-18,swd_vulnerable_moderate,"Near Mantri Mall bridge in ward no-94 | 12.9913278 | 77.5705639 | 100 | Work Included under CMNNY Grant & Tender Under Process | 889.000 [West zone, moderately vulnerable table, serial 1, pdf p.1]",12.991328,77.570564,source_latlon;agrees_with_other_source_0m,high,false
Gopalpura area drain v-108 in ward no 121,"West zone, ward 121","BBMP Storm Water Drain dept, List of vulnerable points identified for 2020-21 (PDF)",https://citizenmatters.in/wp-content/uploads/2020/06/SWD-Vul-lat-long-details-18.5.2020-1.pdf,2020-05-18,swd_vulnerable_moderate,"Gopalpura area drain v-108 in ward no 121 | 12.9752167 | 77.5604167 | 100 | Work Included under CMNNY Grant & Tender Under Process | 885.000 [West zone, moderately vulnerable table, serial 2, pdf p.1]",12.975217,77.560417,source_latlon;shared_by_2_names,low,true
Sandeep bar in ward no-75,"West zone, ward 75","BBMP Storm Water Drain dept, List of vulnerable points identified for 2020-21 (PDF)",https://citizenmatters.in/wp-content/uploads/2020/06/SWD-Vul-lat-long-details-18.5.2020-1.pdf,2020-05-18,swd_vulnerable_moderate,"Sandeep bar in ward no-75 | 13.0035667 | 77.5290472 | 50 | Already tackled no flood occurred Desilting work is in progress by AMC | 857.000 [West zone, moderately vulnerable table, serial 3, pdf p.2]",13.003567,77.529047,source_latlon;agrees_with_other_source_0m,high,false
Kemegowda bridge in ward no 74/75,"West zone, ward 74","BBMP Storm Water Drain dept, List of vulnerable points identified for 2020-21 (PDF)",https://citizenmatters.in/wp-content/uploads/2020/06/SWD-Vul-lat-long-details-18.5.2020-1.pdf,2020-05-18,swd_vulnerable_moderate,"Kemegowda bridge in ward no 74/75 | 13.0041167 | 77.5294917 | 50 | Already tackled no flood occurred Desilting work is in progress by AMC | 859.000 [West zone, moderately vulnerable table, serial 4, pdf p.2]",13.004117,77.529492,source_latlon;agrees_with_other_source_0m,high,false
17th and 19th main in kamalanagar in ward-75,"West zone, ward 75","BBMP Storm Water Drain dept, List of vulnerable points identified for 2020-21 (PDF)",https://citizenmatters.in/wp-content/uploads/2020/06/SWD-Vul-lat-long-details-18.5.2020-1.pdf,2020-05-18,swd_vulnerable_moderate,"17th and 19th main in kamalanagar in ward-75 | 13.004175 | 77.5293167 | 50 | Work Included under CMNNY Grant & Tender Under Process | 858.000 [West zone, moderately vulnerable table, serial 5, pdf p.2]",13.004175,77.529317,source_latlon;agrees_with_other_source_0m,high,false
40-vent bridge in ward no-75,"West zone, ward 75","BBMP Storm Water Drain dept, List of vulnerable points identified for 2020-21 (PDF)",https://citizenmatters.in/wp-content/uploads/2020/06/SWD-Vul-lat-long-details-18.5.2020-1.pdf,2020-05-18,swd_vulnerable_moderate,"40-vent bridge in ward no-75 | 13.0044056 | 77.5290944 | 100 | Work Included under CMNNY Grant & Tender Under Process | 858.000 [West zone, moderately vulnerable table, serial 6, pdf p.2]",13.004406,77.529094,source_latlon;agrees_with_other_source_0m,high,false
near ward office 43 ( circular road) drain v-205,West zone,"BBMP Storm Water Drain dept, List of vulnerable points identified for 2020-21 (PDF)",https://citizenmatters.in/wp-content/uploads/2020/06/SWD-Vul-lat-long-details-18.5.2020-1.pdf,2020-05-18,swd_vulnerable_moderate,"near ward office 43 ( circular road) drain v-205 | 13.0095111 | 77.5355278 | 50 | Work Included under CMNNY Grant & Tender Under Process | 875.000 [West zone, moderately vulnerable table, serial 7, pdf p.2]",13.009511,77.535528,source_latlon;shared_by_3_names,low,true
down stream of laggere bridge (sakamma badavane)in ward no 43,"West zone, ward 43","BBMP Storm Water Drain dept, List of vulnerable points identified for 2020-21 (PDF)",https://citizenmatters.in/wp-content/uploads/2020/06/SWD-Vul-lat-long-details-18.5.2020-1.pdf,2020-05-18,swd_vulnerable_moderate,"down stream of laggere bridge (sakamma badavane)in ward no 43 | 13.0109528 | 77.5280639 | 50 | Already tackled no flood occurred Desilting work is in progress by AMC | 877.000 [West zone, moderately vulnerable table, serial 8, pdf p.2]",13.010953,77.528064,source_latlon;agrees_with_other_source_0m,high,false
junction of v-200 & v-202 in ward no. -43/75.,"West zone, ward 43","BBMP Storm Water Drain dept, List of vulnerable points identified for 2020-21 (PDF)",https://citizenmatters.in/wp-content/uploads/2020/06/SWD-Vul-lat-long-details-18.5.2020-1.pdf,2020-05-18,swd_vulnerable_moderate,"junction of v-200 & v-202 in ward no. -43/75. | 13.0058639 | 77.5300417 | 50 | Already tackled no flood occurred Desilting work is in progress by AMC | 862.000 [West zone, moderately vulnerable table, serial 9, pdf p.2]",13.005864,77.530042,source_latlon,medium,false
"Guttahalli Circle, Malleshwaram.",West zone,"BBMP Storm Water Drain dept, List of vulnerable points identified for 2020-21 (PDF)",https://citizenmatters.in/wp-content/uploads/2020/06/SWD-Vul-lat-long-details-18.5.2020-1.pdf,2020-05-18,swd_vulnerable_moderate,"Guttahalli Circle, Malleshwaram. | 12.9974139 | 77.5780417 | 50 | Work Included under CMNNY Grant & Tender Under Process | 905.000 [West zone, moderately vulnerable table, serial 10, pdf p.2]",12.997414,77.578042,source_latlon;agrees_with_other_source_0m,high,false
"Gandi Statue, Vokkalipuram.",West zone,"BBMP Storm Water Drain dept, List of vulnerable points identified for 2020-21 (PDF)",https://citizenmatters.in/wp-content/uploads/2020/06/SWD-Vul-lat-long-details-18.5.2020-1.pdf,2020-05-18,swd_vulnerable_moderate,"Gandi Statue, Vokkalipuram. | 12.98345 | 77.565525 | 100 | Work Tackled to avoid flooding | 886.000 [West zone, moderately vulnerable table, serial 11, pdf p.2]",12.983450,77.565525,source_latlon,medium,false
Gopalpuram inward No-98.,West zone,"BBMP Storm Water Drain dept, List of vulnerable points identified for 2020-21 (PDF)",https://citizenmatters.in/wp-content/uploads/2020/06/SWD-Vul-lat-long-details-18.5.2020-1.pdf,2020-05-18,swd_vulnerable_moderate,"Gopalpuram inward No-98. | 12.9752167 | 77.5604167 | 100 | Tender Called | 885.000 [West zone, moderately vulnerable table, serial 12, pdf p.2]",12.975217,77.560417,source_latlon;shared_by_2_names,low,true
"Link Road, Malleshwaram.",West zone,"BBMP Storm Water Drain dept, List of vulnerable points identified for 2020-21 (PDF)",https://citizenmatters.in/wp-content/uploads/2020/06/SWD-Vul-lat-long-details-18.5.2020-1.pdf,2020-05-18,swd_vulnerable_moderate,"Link Road, Malleshwaram. | 12.9960139 | 77.5733833 | 50 | Tender Called | 895.000 [West zone, moderately vulnerable table, serial 13, pdf p.2]",12.996014,77.573383,source_latlon;agrees_with_other_source_0m,high,false
Back of presidency school in ward no. -44,"West zone, ward 44","BBMP Storm Water Drain dept, List of vulnerable points identified for 2020-21 (PDF)",https://citizenmatters.in/wp-content/uploads/2020/06/SWD-Vul-lat-long-details-18.5.2020-1.pdf,2020-05-18,swd_vulnerable_moderate,"Back of presidency school in ward no. -44 | 13.0095111 | 77.5355278 | 50 | Work Included under CMNNY Grant & Tender Under Process | 875.000 [West zone, moderately vulnerable table, serial 14, pdf p.2]",13.009511,77.535528,source_latlon;shared_by_3_names,low,true
3rd circular road nandhini layout ward no-44,"West zone, ward 44","BBMP Storm Water Drain dept, List of vulnerable points identified for 2020-21 (PDF)",https://citizenmatters.in/wp-content/uploads/2020/06/SWD-Vul-lat-long-details-18.5.2020-1.pdf,2020-05-18,swd_vulnerable_moderate,"3rd circular road nandhini layout ward no-44 | 13.0095111 | 77.5355278 | 100 | Work Included under CMNNY Grant & Tender Under Process | 875.000 [West zone, moderately vulnerable table, serial 15, pdf p.2]",13.009511,77.535528,source_latlon;shared_by_3_names,low,true
Near bescom office mattikere in ward no. -36,"West zone, ward 36","BBMP Storm Water Drain dept, List of vulnerable points identified for 2020-21 (PDF)",https://citizenmatters.in/wp-content/uploads/2020/06/SWD-Vul-lat-long-details-18.5.2020-1.pdf,2020-05-18,swd_vulnerable_moderate,"Near bescom office mattikere in ward no. -36 | 13.0367361 | 77.5567056 | 100 | Already tackled no flood occurred Desilting work is in progress by AMC | 907.000 [West zone, moderately vulnerable table, serial 16, pdf p.2]",13.036736,77.556706,source_latlon;agrees_with_other_source_0m,high,false
near yashavanthpur TTMC in ward no. -45,"West zone, ward 45","BBMP Storm Water Drain dept, List of vulnerable points identified for 2020-21 (PDF)",https://citizenmatters.in/wp-content/uploads/2020/06/SWD-Vul-lat-long-details-18.5.2020-1.pdf,2020-05-18,swd_vulnerable_moderate,"near yashavanthpur TTMC in ward no. -45 | 13.0250306 | 77.534025 | 50 | Work Included under CMNNY Grant & Tender Under Process | 909.000 [West zone, moderately vulnerable table, serial 17, pdf p.2]",13.025031,77.534025,source_latlon;conflicts_with_other_source_3257m,low,true
Near summanahalli bridge(up stream) in ward no- 102,"West zone, ward 102","BBMP Storm Water Drain dept, List of vulnerable points identified for 2020-21 (PDF)",https://citizenmatters.in/wp-content/uploads/2020/06/SWD-Vul-lat-long-details-18.5.2020-1.pdf,2020-05-18,swd_vulnerable_moderate,"Near summanahalli bridge(up stream) in ward no- 102 | 12.984675 | 77.5189389 | 100 | Already tackled no flood occurred | 849.000 [West zone, moderately vulnerable table, serial 18, pdf p.2]",12.984675,77.518939,source_latlon;conflicts_with_other_source_775m,low,true
1st main road bridge down stream in ward no-74,"West zone, ward 74","BBMP Storm Water Drain dept, List of vulnerable points identified for 2020-21 (PDF)",https://citizenmatters.in/wp-content/uploads/2020/06/SWD-Vul-lat-long-details-18.5.2020-1.pdf,2020-05-18,swd_vulnerable_moderate,"1st main road bridge down stream in ward no-74 | 13.001 | 77.5278778 | 50 | Already tackled no flood occurred | 850.000 [West zone, moderately vulnerable table, serial 19, pdf p.2]",13.001000,77.527878,source_latlon;agrees_with_other_source_0m,high,false
Jai maruthi nagar and nandhini layout bridge ( up and doen stream) in ward no 43/66,"West zone, ward 43","BBMP Storm Water Drain dept, List of vulnerable points identified for 2020-21 (PDF)",https://citizenmatters.in/wp-content/uploads/2020/06/SWD-Vul-lat-long-details-18.5.2020-1.pdf,2020-05-18,swd_vulnerable_moderate,"Jai maruthi nagar and nandhini layout bridge ( up and doen stream) in ward no 43/66 | 13.0017556 | 77.5325528 | 50 | Work Included under CMNNY Grant & Tender Under Process | 877.000 [West zone, moderately vulnerable table, serial 20, pdf p.2]",13.001756,77.532553,source_latlon,medium,false
NGEF Layout in ward no.128,"West zone, ward 128","BBMP Storm Water Drain dept, List of vulnerable points identified for 2020-21 (PDF)",https://citizenmatters.in/wp-content/uploads/2020/06/SWD-Vul-lat-long-details-18.5.2020-1.pdf,2020-05-18,swd_vulnerable_moderate,"NGEF Layout in ward no.128 | 12.9590583 | 77.5085389 | 100 | Work Included under CMNNY Grant & Tender Under Process | 828.000 [West zone, moderately vulnerable table, serial 21, pdf p.2]",12.959058,77.508539,source_latlon;conflicts_with_other_source_657m,low,true
"Kalyan Nagar , Moodalapalya, Ward 127","West zone, ward 127","BBMP Storm Water Drain dept, List of vulnerable points identified for 2020-21 (PDF)",https://citizenmatters.in/wp-content/uploads/2020/06/SWD-Vul-lat-long-details-18.5.2020-1.pdf,2020-05-18,swd_vulnerable_moderate,"Kalyan Nagar , Moodalapalya, Ward 127 | 12.9711694 | 77.5186556 | 50 | Work Included under CMNNY Grant & Tender Under Process | 833.000 [West zone, moderately vulnerable table, serial 22, pdf p.2]",12.971169,77.518656,source_latlon,medium,false
Netaji Nagara in ward no.120 KP Agrahara,"West zone, ward 120","BBMP Storm Water Drain dept, List of vulnerable points identified for 2020-21 (PDF)",https://citizenmatters.in/wp-content/uploads/2020/06/SWD-Vul-lat-long-details-18.5.2020-1.pdf,2020-05-18,swd_vulnerable_moderate,"Netaji Nagara in ward no.120 KP Agrahara | 12.9764556 | 77.5621028 | 100 | Work Included under CMNNY Grant & Tender Under Process | 888.000 [West zone, moderately vulnerable table, serial 23, pdf p.2]",12.976456,77.562103,source_latlon;agrees_with_other_source_113m,high,false
Nagamma nagara Near binny mill road,West zone,"BBMP Storm Water Drain dept, List of vulnerable points identified for 2020-21 (PDF)",https://citizenmatters.in/wp-content/uploads/2020/06/SWD-Vul-lat-long-details-18.5.2020-1.pdf,2020-05-18,swd_vulnerable_moderate,"Nagamma nagara Near binny mill road | 12.98 | 77.5697722 | 50 | Work Included under CMNNY Grant & Tender Under Process | 901.000 [West zone, moderately vulnerable table, serial 24, pdf p.2]",12.980000,77.569772,source_latlon;agrees_with_other_source_0m,high,false
"Netaji ground & Saneguruvanalli, Ward 100","West zone, ward 100","BBMP Storm Water Drain dept, List of vulnerable points identified for 2020-21 (PDF)",https://citizenmatters.in/wp-content/uploads/2020/06/SWD-Vul-lat-long-details-18.5.2020-1.pdf,2020-05-18,swd_vulnerable_moderate,"Netaji ground & Saneguruvanalli, Ward 100 | 12.9908722 | 77.54405 | 100 | Work Included under CMNNY Grant & Tender Under Process | 902.000 [West zone, moderately vulnerable table, serial 25, pdf p.2]",12.990872,77.544050,source_latlon;agrees_with_other_source_0m,high,false
"Srirammandir ward.108, Gubbanna Industrial Estate","West zone, ward 108","BBMP Storm Water Drain dept, List of vulnerable points identified for 2020-21 (PDF)",https://citizenmatters.in/wp-content/uploads/2020/06/SWD-Vul-lat-long-details-18.5.2020-1.pdf,2020-05-18,swd_vulnerable_moderate,"Srirammandir ward.108, Gubbanna Industrial Estate | 12.9875639 | 77.5592972 | 100 | Work Tackled to avoid flooding | 897.000 [West zone, moderately vulnerable table, serial 26, pdf p.2]",12.987564,77.559297,source_latlon,medium,false
Prakashnagar Near mudalayar Choultry,West zone,"BBMP Storm Water Drain dept, List of vulnerable points identified for 2020-21 (PDF)",https://citizenmatters.in/wp-content/uploads/2020/06/SWD-Vul-lat-long-details-18.5.2020-1.pdf,2020-05-18,swd_vulnerable_moderate,"Prakashnagar Near mudalayar Choultry | 12.9934833 | 77.5571667 | 100 | Work Included under CMNNY Grant & Tender Under Process | 902.000 [West zone, moderately vulnerable table, serial 27, pdf p.2]",12.993483,77.557167,source_latlon;agrees_with_other_source_0m,high,false
Nayandahalli ward.131 and near Railway track,"West zone, ward 131","BBMP Storm Water Drain dept, List of vulnerable points identified for 2020-21 (PDF)",https://citizenmatters.in/wp-content/uploads/2020/06/SWD-Vul-lat-long-details-18.5.2020-1.pdf,2020-05-18,swd_vulnerable_moderate,"Nayandahalli ward.131 and near Railway track | 12.9446528 | 77.5255861 | 50 | Work Tackled to avoid flooding | 895.000 [West zone, moderately vulnerable table, serial 28, pdf p.2]",12.944653,77.525586,source_latlon;agrees_with_other_source_0m,high,false
"Siddartha Nagar, Cheluvadipalya Ward 138","West zone, ward 138","BBMP Storm Water Drain dept, List of vulnerable points identified for 2020-21 (PDF)",https://citizenmatters.in/wp-content/uploads/2020/06/SWD-Vul-lat-long-details-18.5.2020-1.pdf,2020-05-18,swd_vulnerable_moderate,"Siddartha Nagar, Cheluvadipalya Ward 138 | 12.9653167 | 77.566525 | 100 | RCC Retaining wall to be Constructed and desilting work is in Progress by AMC | 895.000 [West zone, moderately vulnerable table, serial 29, pdf p.2]",12.965317,77.566525,source_latlon;shared_by_2_names,low,true
Munikrishnappa layout area of kaveripura in ward No.103,"West zone, ward 103","BBMP Storm Water Drain dept, List of vulnerable points identified for 2020-21 (PDF)",https://citizenmatters.in/wp-content/uploads/2020/06/SWD-Vul-lat-long-details-18.5.2020-1.pdf,2020-05-18,swd_vulnerable_moderate,"Munikrishnappa layout area of kaveripura in ward No.103 | 13.0033056 | 77.5636111 | 100 | Work Included under CMNNY Grant & Tender Under Process | 919.000 [West zone, moderately vulnerable table, serial 30, pdf p.2]",13.003306,77.563611,source_latlon;agrees_with_other_source_0m,high,false
"Rayapuram near Govt Maternity Hospital, Ward 137","West zone, ward 137","BBMP Storm Water Drain dept, List of vulnerable points identified for 2020-21 (PDF)",https://citizenmatters.in/wp-content/uploads/2020/06/SWD-Vul-lat-long-details-18.5.2020-1.pdf,2020-05-18,swd_vulnerable_moderate,"Rayapuram near Govt Maternity Hospital, Ward 137 | 12.9658833 | 77.5526194 | 50 | Desilting to be done periodically by AMC | 878.000 [West zone, moderately vulnerable table, serial 31, pdf p.2]",12.965883,77.552619,source_latlon;agrees_with_other_source_0m,high,false
Chamarajapet Ward 140,"West zone, ward 140","BBMP Storm Water Drain dept, List of vulnerable points identified for 2020-21 (PDF)",https://citizenmatters.in/wp-content/uploads/2020/06/SWD-Vul-lat-long-details-18.5.2020-1.pdf,2020-05-18,swd_vulnerable_moderate,"Chamarajapet Ward 140 | 12.9570389 | 77.5620833 | 100 | Culvert Work Under Progress | 894.000 [West zone, moderately vulnerable table, serial 32, pdf p.2]",12.957039,77.562083,source_latlon;agrees_with_other_source_0m,high,false
"Nari Halla, Ward 141","West zone, ward 141","BBMP Storm Water Drain dept, List of vulnerable points identified for 2020-21 (PDF)",https://citizenmatters.in/wp-content/uploads/2020/06/SWD-Vul-lat-long-details-18.5.2020-1.pdf,2020-05-18,swd_vulnerable_moderate,"Nari Halla, Ward 141 | 12.9572417 | 77.5686806 | 100 | Already tackled no flood occurred | 896.000 [West zone, moderately vulnerable table, serial 33, pdf p.2]",12.957242,77.568681,source_latlon;agrees_with_other_source_0m,high,false
"Sri Galianjaneya swamy temple, Mysore road",South zone,"BBMP Storm Water Drain dept, List of vulnerable points identified for 2020-21 (PDF)",https://citizenmatters.in/wp-content/uploads/2020/06/SWD-Vul-lat-long-details-18.5.2020-1.pdf,2020-05-18,swd_vulnerable_severe,"Sri Galianjaneya swamy temple, Mysore road | 12.9530351 | 77.5412528 | 70 | Periodical desilting to be done [South zone, severely vulnerable table, serial 1, pdf p.2]",12.953035,77.541253,source_latlon;agrees_with_other_source_0m,high,false
"Kempapura Agrahara Secondary Drain, Magadi road",South zone,"BBMP Storm Water Drain dept, List of vulnerable points identified for 2020-21 (PDF)",https://citizenmatters.in/wp-content/uploads/2020/06/SWD-Vul-lat-long-details-18.5.2020-1.pdf,2020-05-18,swd_vulnerable_severe,"Kempapura Agrahara Secondary Drain, Magadi road | 12.9722476 | 77.5541086 | 40 | RCC Retaining wall to be constructed [South zone, severely vulnerable table, serial 2, pdf p.2]",12.972248,77.554109,source_latlon;agrees_with_other_source_0m,high,false
"Nayandahalli Junction, Mysore road",South zone,"BBMP Storm Water Drain dept, List of vulnerable points identified for 2020-21 (PDF)",https://citizenmatters.in/wp-content/uploads/2020/06/SWD-Vul-lat-long-details-18.5.2020-1.pdf,2020-05-18,swd_vulnerable_severe,"Nayandahalli Junction, Mysore road | 12.9454803 | 77.5289368 | 80 | Periodical desilting to be done [South zone, severely vulnerable table, serial 3, pdf p.3]",12.945480,77.528937,source_latlon;agrees_with_other_source_0m,high,false
Kavika Bridge to Nice road bridge,South zone,"BBMP Storm Water Drain dept, List of vulnerable points identified for 2020-21 (PDF)",https://citizenmatters.in/wp-content/uploads/2020/06/SWD-Vul-lat-long-details-18.5.2020-1.pdf,2020-05-18,swd_vulnerable_moderate,"Kavika Bridge to Nice road bridge | 12.9505685 | 77.5385974 | 60 | RCC Retaining wall to be constructed [South zone, moderately vulnerable table, serial 1, pdf p.3]",12.950568,77.538597,source_latlon;agrees_with_other_source_0m,high,false
Vrishabhavthi main valley near Cholurapalya in ward 123,"South zone, ward 123","BBMP Storm Water Drain dept, List of vulnerable points identified for 2020-21 (PDF)",https://citizenmatters.in/wp-content/uploads/2020/06/SWD-Vul-lat-long-details-18.5.2020-1.pdf,2020-05-18,swd_vulnerable_moderate,"Vrishabhavthi main valley near Cholurapalya in ward 123 | 12.9684047 | 77.5496970 | 40 | RCC Retaining wall to be constructed [South zone, moderately vulnerable table, serial 2, pdf p.3]",12.968405,77.549697,source_latlon;agrees_with_other_source_0m,high,false
"Manuvana, Pipeline road",South zone,"BBMP Storm Water Drain dept, List of vulnerable points identified for 2020-21 (PDF)",https://citizenmatters.in/wp-content/uploads/2020/06/SWD-Vul-lat-long-details-18.5.2020-1.pdf,2020-05-18,swd_vulnerable_moderate,"Manuvana, Pipeline road | 12.9737296 | 77.5466514 | 30 | Bend pipe to be provided [South zone, moderately vulnerable table, serial 3, pdf p.3]",12.973730,77.546651,source_latlon;agrees_with_other_source_0m,high,false
Ranganatha Colony in W 158,South zone,"BBMP Storm Water Drain dept, List of vulnerable points identified for 2020-21 (PDF)",https://citizenmatters.in/wp-content/uploads/2020/06/SWD-Vul-lat-long-details-18.5.2020-1.pdf,2020-05-18,swd_vulnerable_moderate,"Ranganatha Colony in W 158 | 12.9453019 | 77.5350696 | 70 | RCC Retaining wall to be constructed [South zone, moderately vulnerable table, serial 4, pdf p.3]",12.945302,77.535070,source_latlon,medium,false
"Hosaguddadahalli, Bapujinagara",South zone,"BBMP Storm Water Drain dept, List of vulnerable points identified for 2020-21 (PDF)",https://citizenmatters.in/wp-content/uploads/2020/06/SWD-Vul-lat-long-details-18.5.2020-1.pdf,2020-05-18,swd_vulnerable_moderate,"Hosaguddadahalli, Bapujinagara | 12.9563166 | 77.5425798 | 50 | Bend pipe to be provided [South zone, moderately vulnerable table, serial 5, pdf p.3]",12.956317,77.542580,source_latlon;agrees_with_other_source_0m,high,false
"Hosakere halli, near D'souza Nagara",South zone,"BBMP Storm Water Drain dept, List of vulnerable points identified for 2020-21 (PDF)",https://citizenmatters.in/wp-content/uploads/2020/06/SWD-Vul-lat-long-details-18.5.2020-1.pdf,2020-05-18,swd_vulnerable_moderate,"Hosakere halli, near D'souza Nagara | 12.9320232 | 77.5353228 | 40 | RCC Retaining wall to be constructed [South zone, moderately vulnerable table, serial 6, pdf p.3]",12.932023,77.535323,source_latlon,medium,false
"Near Dattarthraya Temple, Hosakerehalli",South zone,"BBMP Storm Water Drain dept, List of vulnerable points identified for 2020-21 (PDF)",https://citizenmatters.in/wp-content/uploads/2020/06/SWD-Vul-lat-long-details-18.5.2020-1.pdf,2020-05-18,swd_vulnerable_moderate,"Near Dattarthraya Temple, Hosakerehalli | 12.9246956 | 77.53913325 | 50 | RCC Retaining wall to be constructed [South zone, moderately vulnerable table, serial 7, pdf p.3]",12.924696,77.539133,source_latlon;agrees_with_other_source_0m,high,false
"Bannerghatta Road near spar super market, no shoulder drain to rsd","South zone, K-valley (South zone)","BBMP Storm Water Drain dept, List of vulnerable points identified for 2020-21 (PDF)",https://citizenmatters.in/wp-content/uploads/2020/06/SWD-Vul-lat-long-details-18.5.2020-1.pdf,2020-05-18,swd_vulnerable_severe,"Bannerghatta Road near spar super market, no shoulder drain to rsd | 12.93025 | 77.6010278 | 100 | Shoulders drains to be provided. [South zone, severely vulnerable table, serial 1, pdf p.3]",12.930250,77.601028,source_latlon,medium,false
"Bannerghatta Road near oakyard Apartment, because choked Rsd","South zone, K-valley (South zone)","BBMP Storm Water Drain dept, List of vulnerable points identified for 2020-21 (PDF)",https://citizenmatters.in/wp-content/uploads/2020/06/SWD-Vul-lat-long-details-18.5.2020-1.pdf,2020-05-18,swd_vulnerable_severe,"Bannerghatta Road near oakyard Apartment, because choked Rsd | 12.9216944 | 77.5999444 | 50 | RSD to be desilted [South zone, severely vulnerable table, serial 2, pdf p.3]",12.921694,77.599944,source_latlon,medium,false
Hosur road Jayadeva flyover to Udupi Garden Signal due to choked Rsd.,"South zone, K-valley (South zone)","BBMP Storm Water Drain dept, List of vulnerable points identified for 2020-21 (PDF)",https://citizenmatters.in/wp-content/uploads/2020/06/SWD-Vul-lat-long-details-18.5.2020-1.pdf,2020-05-18,swd_vulnerable_severe,"Hosur road Jayadeva flyover to Udupi Garden Signal due to choked Rsd. | 12.9164722 | 77.5998889 | 200 | RSD to be desilted [South zone, severely vulnerable table, serial 3, pdf p.3]",12.916472,77.599889,source_latlon,medium,false
SILK BOARD due to choked Rsd and shoulder drain,"South zone, K-valley (South zone)","BBMP Storm Water Drain dept, List of vulnerable points identified for 2020-21 (PDF)",https://citizenmatters.in/wp-content/uploads/2020/06/SWD-Vul-lat-long-details-18.5.2020-1.pdf,2020-05-18,swd_vulnerable_severe,"SILK BOARD due to choked Rsd and shoulder drain | 12.9186389 | 77.6218889 | 100 | RSD to be desilted [South zone, severely vulnerable table, serial 4, pdf p.3]",12.918639,77.621889,source_latlon,medium,false
Sony Signal to Maharaja signal in Koramangala due Rsd work and Choked Rsd and shoulder drains.,"South zone, K-valley (South zone)","BBMP Storm Water Drain dept, List of vulnerable points identified for 2020-21 (PDF)",https://citizenmatters.in/wp-content/uploads/2020/06/SWD-Vul-lat-long-details-18.5.2020-1.pdf,2020-05-18,swd_vulnerable_severe,"Sony Signal to Maharaja signal in Koramangala due Rsd work and Choked Rsd and shoulder drains. | 12.9368889 | 77.6264167 | 500 | Rsd to be desilted and shoulder drains to be cleared. [South zone, severely vulnerable table, serial 5, pdf p.3]",12.936889,77.626417,source_latlon,medium,false
Magrath road and brigade road junction,"South zone, K-valley (South zone)","BBMP Storm Water Drain dept, List of vulnerable points identified for 2020-21 (PDF)",https://citizenmatters.in/wp-content/uploads/2020/06/SWD-Vul-lat-long-details-18.5.2020-1.pdf,2020-05-18,swd_vulnerable_severe,"Magrath road and brigade road junction | 12.9706111 | 77.6096667 | 100 | RSD to be linked at SWD near HM Towers [South zone, severely vulnerable table, serial 6, pdf p.3]",12.970611,77.609667,source_latlon;agrees_with_other_source_0m,high,false
Anepalya Gajendranagar SWD surroundings,"South zone, K-valley (South zone)","BBMP Storm Water Drain dept, List of vulnerable points identified for 2020-21 (PDF)",https://citizenmatters.in/wp-content/uploads/2020/06/SWD-Vul-lat-long-details-18.5.2020-1.pdf,2020-05-18,swd_vulnerable_severe,"Anepalya Gajendranagar SWD surroundings | 12.9519444 | 77.6059444 | 200 | RSD bed level in same level as SWD [South zone, severely vulnerable table, serial 7, pdf p.3]",12.951944,77.605944,source_latlon;agrees_with_other_source_0m,high,false
Kumbargundi lead off drains,"South zone, K-valley (South zone)","BBMP Storm Water Drain dept, List of vulnerable points identified for 2020-21 (PDF)",https://citizenmatters.in/wp-content/uploads/2020/06/SWD-Vul-lat-long-details-18.5.2020-1.pdf,2020-05-18,swd_vulnerable_severe,"Kumbargundi lead off drains | 12.9624167 | 77.5839722 | 100 | RSD bed level in same level as SWD [South zone, severely vulnerable table, serial 8, pdf p.3]",12.962417,77.583972,source_latlon;agrees_with_other_source_0m,high,false
Siddpaura gate,"South zone, K-valley (South zone)","BBMP Storm Water Drain dept, List of vulnerable points identified for 2020-21 (PDF)",https://citizenmatters.in/wp-content/uploads/2020/06/SWD-Vul-lat-long-details-18.5.2020-1.pdf,2020-05-18,swd_vulnerable_severe,"Siddpaura gate | 12.9463056 | 77.5896389 | 50 | RSD bed level in same level as SWD [South zone, severely vulnerable table, serial 9, pdf p.3]",12.946306,77.589639,source_latlon,medium,false
Wilson garden PWD quarters,"South zone, K-valley (South zone)","BBMP Storm Water Drain dept, List of vulnerable points identified for 2020-21 (PDF)",https://citizenmatters.in/wp-content/uploads/2020/06/SWD-Vul-lat-long-details-18.5.2020-1.pdf,2020-05-18,swd_vulnerable_severe,"Wilson garden PWD quarters | 12.9529722 | 77.5968333 | 100 | RSD bed level in same level as SWD [South zone, severely vulnerable table, serial 10, pdf p.3]",12.952972,77.596833,source_latlon;agrees_with_other_source_0m,high,false
Palm grove road,"South zone, K-valley (South zone)","BBMP Storm Water Drain dept, List of vulnerable points identified for 2020-21 (PDF)",https://citizenmatters.in/wp-content/uploads/2020/06/SWD-Vul-lat-long-details-18.5.2020-1.pdf,2020-05-18,swd_vulnerable_moderate,"Palm grove road | 12.9637222 | 77.6146389 | 20 | UG Cables running across the bed of SWD,hence a lot of obstruction [South zone, moderately vulnerable table, serial 1, pdf p.3]",12.963722,77.614639,source_latlon;agrees_with_other_source_0m,high,false
JK Pura,"South zone, K-valley (South zone)","BBMP Storm Water Drain dept, List of vulnerable points identified for 2020-21 (PDF)",https://citizenmatters.in/wp-content/uploads/2020/06/SWD-Vul-lat-long-details-18.5.2020-1.pdf,2020-05-18,swd_vulnerable_moderate,"JK Pura | 12.9511667 | 77.599 | 15 | RSD bed level in same level as SWD [South zone, moderately vulnerable table, serial 2, pdf p.3]",12.951167,77.599000,source_latlon;agrees_with_other_source_0m,high,false
Micheal church,"South zone, K-valley (South zone)","BBMP Storm Water Drain dept, List of vulnerable points identified for 2020-21 (PDF)",https://citizenmatters.in/wp-content/uploads/2020/06/SWD-Vul-lat-long-details-18.5.2020-1.pdf,2020-05-18,swd_vulnerable_moderate,"Micheal church | 12.9561389 | 77.5970278 | 10 | RSD not working. [South zone, moderately vulnerable table, serial 3, pdf p.3]",12.956139,77.597028,source_latlon;agrees_with_other_source_0m,high,false
Gulbarga Calony RBI extension.,"South zone, K-valley (South zone)","BBMP Storm Water Drain dept, List of vulnerable points identified for 2020-21 (PDF)",https://citizenmatters.in/wp-content/uploads/2020/06/SWD-Vul-lat-long-details-18.5.2020-1.pdf,2020-05-18,swd_vulnerable_moderate,"Gulbarga Calony RBI extension. | 12.9319167 | 77.5939167 | 25 | RSD to be desilted [South zone, moderately vulnerable table, serial 4, pdf p.3]",12.931917,77.593917,source_latlon;agrees_with_other_source_0m,high,false
Anepalya junction,"South zone, K-valley (South zone)","BBMP Storm Water Drain dept, List of vulnerable points identified for 2020-21 (PDF)",https://citizenmatters.in/wp-content/uploads/2020/06/SWD-Vul-lat-long-details-18.5.2020-1.pdf,2020-05-18,swd_vulnerable_moderate,"Anepalya junction | 12.951 | 77.6056111 | 75 | RSD bed level in same level as SWD bed level [South zone, moderately vulnerable table, serial 5, pdf p.3]",12.951000,77.605611,source_latlon;agrees_with_other_source_0m,high,false
Kumbaragundi,"South zone, K-valley (South zone)","BBMP Storm Water Drain dept, List of vulnerable points identified for 2020-21 (PDF)",https://citizenmatters.in/wp-content/uploads/2020/06/SWD-Vul-lat-long-details-18.5.2020-1.pdf,2020-05-18,swd_vulnerable_moderate,"Kumbaragundi | 12.9621111 | 77.5828056 | 25 | RSD bed level in same level as SWD [South zone, moderately vulnerable table, serial 6, pdf p.3]",12.962111,77.582806,source_latlon;agrees_with_other_source_0m,high,false
Byrasandara Fire station,"South zone, K-valley (South zone)","BBMP Storm Water Drain dept, List of vulnerable points identified for 2020-21 (PDF)",https://citizenmatters.in/wp-content/uploads/2020/06/SWD-Vul-lat-long-details-18.5.2020-1.pdf,2020-05-18,swd_vulnerable_moderate,"Byrasandara Fire station | 12.9329444 | 77.5889722 | 15 | RSD to be desilted [South zone, moderately vulnerable table, serial 7, pdf p.3]",12.932944,77.588972,source_latlon;agrees_with_other_source_0m,high,false
Osaman Khan Road Near KR Market,"South zone, K-valley (South zone)","BBMP Storm Water Drain dept, List of vulnerable points identified for 2020-21 (PDF)",https://citizenmatters.in/wp-content/uploads/2020/06/SWD-Vul-lat-long-details-18.5.2020-1.pdf,2020-05-18,swd_vulnerable_moderate,"Osaman Khan Road Near KR Market | 12.963 | 77.5798056 | 25 | RSD to be desilted [South zone, moderately vulnerable table, serial 8, pdf p.3]",12.963000,77.579806,source_latlon;agrees_with_other_source_0m,high,false
BTM layout,"South zone, K-valley (South zone)","BBMP Storm Water Drain dept, List of vulnerable points identified for 2020-21 (PDF)",https://citizenmatters.in/wp-content/uploads/2020/06/SWD-Vul-lat-long-details-18.5.2020-1.pdf,2020-05-18,swd_vulnerable_moderate,"BTM layout | 12.91575 | 77.61675 | 50 | RSD to be desilted [South zone, moderately vulnerable table, serial 9, pdf p.3]",12.915750,77.616750,source_latlon;agrees_with_other_source_0m,high,false
RV Teachers College,"South zone, K-valley (South zone)","BBMP Storm Water Drain dept, List of vulnerable points identified for 2020-21 (PDF)",https://citizenmatters.in/wp-content/uploads/2020/06/SWD-Vul-lat-long-details-18.5.2020-1.pdf,2020-05-18,swd_vulnerable_moderate,"RV Teachers College | 12.9435833 | 77.5814722 | 10 | RSD bed level lower than SWD bed level [South zone, moderately vulnerable table, serial 10, pdf p.3]",12.943583,77.581472,source_latlon;agrees_with_other_source_0m,high,false
Tavarkere Main road.,"South zone, K-valley (South zone)","BBMP Storm Water Drain dept, List of vulnerable points identified for 2020-21 (PDF)",https://citizenmatters.in/wp-content/uploads/2020/06/SWD-Vul-lat-long-details-18.5.2020-1.pdf,2020-05-18,swd_vulnerable_moderate,"Tavarkere Main road. | 12.9249444 | 77.6090278 | 20 | Rsd to be desilted and shoulder drains to be cleared. [South zone, moderately vulnerable table, serial 11, pdf p.3]",12.924944,77.609028,source_latlon,medium,false
Silk Board junction,"South zone, K-valley (South zone)","BBMP Storm Water Drain dept, List of vulnerable points identified for 2020-21 (PDF)",https://citizenmatters.in/wp-content/uploads/2020/06/SWD-Vul-lat-long-details-18.5.2020-1.pdf,2020-05-18,swd_vulnerable_moderate,"Silk Board junction | 12.9171944 | 77.6227222 | 100 | Rsd to be desilted and shoulder drains to be cleared. [South zone, moderately vulnerable table, serial 12, pdf p.3]",12.917194,77.622722,source_latlon;agrees_with_other_source_0m,high,false
Navoduya Layout,"South zone, K-valley (South zone)","BBMP Storm Water Drain dept, List of vulnerable points identified for 2020-21 (PDF)",https://citizenmatters.in/wp-content/uploads/2020/06/SWD-Vul-lat-long-details-18.5.2020-1.pdf,2020-05-18,swd_vulnerable_moderate,"Navoduya Layout | 12.9140556 | 77.5749167 | 100 | Rsd to be desilted and shoulder drains to be cleared. [South zone, moderately vulnerable table, serial 13, pdf p.3]",12.914056,77.574917,source_latlon,medium,false
RAJENDRA NAGARA slum opp kpwd quarters,"South zone, K-valley (South zone)","BBMP Storm Water Drain dept, List of vulnerable points identified for 2020-21 (PDF)",https://citizenmatters.in/wp-content/uploads/2020/06/SWD-Vul-lat-long-details-18.5.2020-1.pdf,2020-05-18,swd_vulnerable_moderate,"RAJENDRA NAGARA slum opp kpwd quarters | 12.9478611 | 77.6191944 | 50 | RSD bed level in same level as SWD [South zone, moderately vulnerable table, serial 14, pdf p.3]",12.947861,77.619194,source_latlon;agrees_with_other_source_0m,high,false
Ejipura opp army land,"South zone, K-valley (South zone)","BBMP Storm Water Drain dept, List of vulnerable points identified for 2020-21 (PDF)",https://citizenmatters.in/wp-content/uploads/2020/06/SWD-Vul-lat-long-details-18.5.2020-1.pdf,2020-05-18,swd_vulnerable_moderate,"Ejipura opp army land | 12.9503889 | 77.6258889 | 25 | Rsd to be desilted and shoulder drains to be cleared. [South zone, moderately vulnerable table, serial 15, pdf p.3]",12.950389,77.625889,source_latlon;agrees_with_other_source_0m,high,false
Ejpura ashwini layout,"South zone, K-valley (South zone)","BBMP Storm Water Drain dept, List of vulnerable points identified for 2020-21 (PDF)",https://citizenmatters.in/wp-content/uploads/2020/06/SWD-Vul-lat-long-details-18.5.2020-1.pdf,2020-05-18,swd_vulnerable_moderate,"Ejpura ashwini layout | 12.9386389 | 77.62875 | 50 | Rsd to be desilted and shoulder drains to be cleared. [South zone, moderately vulnerable table, serial 16, pdf p.3]",12.938639,77.628750,source_latlon,medium,false
ST BED KORAMANGALA,"South zone, K-valley (South zone)","BBMP Storm Water Drain dept, List of vulnerable points identified for 2020-21 (PDF)",https://citizenmatters.in/wp-content/uploads/2020/06/SWD-Vul-lat-long-details-18.5.2020-1.pdf,2020-05-18,swd_vulnerable_moderate,"ST BED KORAMANGALA | 12.9347222 | 77.6301389 | 50 | Rsd to be desilted and shoulder drains to be cleared. [South zone, moderately vulnerable table, serial 17, pdf p.3]",12.934722,77.630139,source_latlon;agrees_with_other_source_0m,high,false
Koramangala 4 th block,"South zone, K-valley (South zone)","BBMP Storm Water Drain dept, List of vulnerable points identified for 2020-21 (PDF)",https://citizenmatters.in/wp-content/uploads/2020/06/SWD-Vul-lat-long-details-18.5.2020-1.pdf,2020-05-18,swd_vulnerable_moderate,"Koramangala 4 th block | 12.9338056 | 77.6303889 | 500 | Rsd to be desilted and shoulder drains to be cleared. [South zone, moderately vulnerable table, serial 18, pdf p.3]",12.933806,77.630389,source_latlon;agrees_with_other_source_0m,high,false
Gurappanapalya banneragatta main road,"South zone, K-valley (South zone)","BBMP Storm Water Drain dept, List of vulnerable points identified for 2020-21 (PDF)",https://citizenmatters.in/wp-content/uploads/2020/06/SWD-Vul-lat-long-details-18.5.2020-1.pdf,2020-05-18,swd_vulnerable_moderate,"Gurappanapalya banneragatta main road | 12.923 | 77.6004444 | 50 | RSD to be desilted [South zone, moderately vulnerable table, serial 19, pdf p.3]",12.923000,77.600444,source_latlon;agrees_with_other_source_0m,high,false
Kariyannapalya Bridge over flowed ORR,Yelahanka zone,"BBMP Storm Water Drain dept, List of vulnerable points identified for 2020-21 (PDF)",https://citizenmatters.in/wp-content/uploads/2020/06/SWD-Vul-lat-long-details-18.5.2020-1.pdf,2020-05-18,swd_vulnerable_severe,"Kariyannapalya Bridge over flowed ORR | 13.0436111 | 77.6002778 | 700 | Adjacent SWD have been De-silted | 888.000 [Yelahanka zone, severely vulnerable table, serial 1, pdf p.3]",13.043611,77.600278,source_latlon;agrees_with_other_source_0m,high,false
Near Rachanahalli lake inlet over flow due to let out of BWSSB,Yelahanka zone,"BBMP Storm Water Drain dept, List of vulnerable points identified for 2020-21 (PDF)",https://citizenmatters.in/wp-content/uploads/2020/06/SWD-Vul-lat-long-details-18.5.2020-1.pdf,2020-05-18,swd_vulnerable_severe,"Near Rachanahalli lake inlet over flow due to let out of BWSSB | 13.0577778 | 77.6147222 | 1000 | Adjacent SWD have been De-silted | 886.000 [Yelahanka zone, severely vulnerable table, serial 2, pdf p.4]",13.057778,77.614722,source_latlon,medium,false
Lbs nagar Yelahanka,Yelahanka zone,"BBMP Storm Water Drain dept, List of vulnerable points identified for 2020-21 (PDF)",https://citizenmatters.in/wp-content/uploads/2020/06/SWD-Vul-lat-long-details-18.5.2020-1.pdf,2020-05-18,swd_vulnerable_severe,"Lbs nagar Yelahanka | 13.0925 | 77.5936111 | 300 | Adjacent SWD have been De-silted | 904.000 [Yelahanka zone, severely vulnerable table, serial 3, pdf p.4]",13.092500,77.593611,source_latlon,medium,false
Veerannapaly drain near Manpho convention center.,Yelahanka zone,"BBMP Storm Water Drain dept, List of vulnerable points identified for 2020-21 (PDF)",https://citizenmatters.in/wp-content/uploads/2020/06/SWD-Vul-lat-long-details-18.5.2020-1.pdf,2020-05-18,swd_vulnerable_severe,"Veerannapaly drain near Manpho convention center. | 13.0425 | 77.6155556 | 850 | Adjacent SWD have been De-silted | 890.000 [Yelahanka zone, severely vulnerable table, serial 4, pdf p.4]",13.042500,77.615556,source_latlon;agrees_with_other_source_0m,high,false
"Kariyannapalya outer ring road,w.no.7 near varun motors see H100.",Yelahanka zone,"BBMP Storm Water Drain dept, List of vulnerable points identified for 2020-21 (PDF)",https://citizenmatters.in/wp-content/uploads/2020/06/SWD-Vul-lat-long-details-18.5.2020-1.pdf,2020-05-18,swd_vulnerable_moderate,"Kariyannapalya outer ring road,w.no.7 near varun motors see H100. | 13.0430556 | 77.5988889 | 250 | Adjacent SWD have been De-silted | 888.000 [Yelahanka zone, moderately vulnerable table, serial 1, pdf p.4]",13.043056,77.598889,source_latlon,medium,false
"H 183 manyata tech park, m.s.ranaiah north city to element mall.in ward no.6","Yelahanka zone, ward 6","BBMP Storm Water Drain dept, List of vulnerable points identified for 2020-21 (PDF)",https://citizenmatters.in/wp-content/uploads/2020/06/SWD-Vul-lat-long-details-18.5.2020-1.pdf,2020-05-18,swd_vulnerable_moderate,"H 183 manyata tech park, m.s.ranaiah north city to element mall.in ward no.6 | 13.0472222 | 77.6236111 | 650 | Adjacent SWD have been De-silted | 888.000 [Yelahanka zone, moderately vulnerable table, serial 2, pdf p.4]",13.047222,77.623611,source_latlon;agrees_with_other_source_0m,high,false
"TATA nagar 8th cross, inward no.8",Yelahanka zone,"BBMP Storm Water Drain dept, List of vulnerable points identified for 2020-21 (PDF)",https://citizenmatters.in/wp-content/uploads/2020/06/SWD-Vul-lat-long-details-18.5.2020-1.pdf,2020-05-18,swd_vulnerable_moderate,"TATA nagar 8th cross, inward no.8 | 13.055 | 77.5716667 | 300 | Adjacent SWD have been De-silted | 897.000 [Yelahanka zone, moderately vulnerable table, serial 3, pdf p.4]",13.055000,77.571667,source_latlon;agrees_with_other_source_0m,high,false
Thindlu to doddabommasandra tank. In ward no.9,"Yelahanka zone, ward 9","BBMP Storm Water Drain dept, List of vulnerable points identified for 2020-21 (PDF)",https://citizenmatters.in/wp-content/uploads/2020/06/SWD-Vul-lat-long-details-18.5.2020-1.pdf,2020-05-18,swd_vulnerable_moderate,"Thindlu to doddabommasandra tank. In ward no.9 | 13.0691667 | 77.5627778 | 500 | Adjacent SWD have been De-silted | 903.000 [Yelahanka zone, moderately vulnerable table, serial 4, pdf p.4]",13.069167,77.562778,source_latlon;agrees_with_other_source_0m,high,false
H200 from esteem mall beside dhobi that to yogesh nagar bridge in ward no.7,"Yelahanka zone, ward 7","BBMP Storm Water Drain dept, List of vulnerable points identified for 2020-21 (PDF)",https://citizenmatters.in/wp-content/uploads/2020/06/SWD-Vul-lat-long-details-18.5.2020-1.pdf,2020-05-18,swd_vulnerable_moderate,"H200 from esteem mall beside dhobi that to yogesh nagar bridge in ward no.7 | 13.0472222 | 77.5933333 | 250 | Adjacent SWD have been De-silted | 892.000 [Yelahanka zone, moderately vulnerable table, serial 5, pdf p.4]",13.047222,77.593333,source_latlon;agrees_with_other_source_0m,high,false
Kondappa layout in Ward no.2,"Yelahanka zone, ward 2","BBMP Storm Water Drain dept, List of vulnerable points identified for 2020-21 (PDF)",https://citizenmatters.in/wp-content/uploads/2020/06/SWD-Vul-lat-long-details-18.5.2020-1.pdf,2020-05-18,swd_vulnerable_moderate,"Kondappa layout in Ward no.2 | 13.1102778 | 77.5933333 | 300 | Adjacent SWD have been De-silted | 898.000 [Yelahanka zone, moderately vulnerable table, serial 6, pdf p.4]",13.110278,77.593333,source_latlon;agrees_with_other_source_0m,high,false
Kogilu cross behind Udupi Grand hotel in Ward no.1,"Yelahanka zone, ward 1","BBMP Storm Water Drain dept, List of vulnerable points identified for 2020-21 (PDF)",https://citizenmatters.in/wp-content/uploads/2020/06/SWD-Vul-lat-long-details-18.5.2020-1.pdf,2020-05-18,swd_vulnerable_moderate,"Kogilu cross behind Udupi Grand hotel in Ward no.1 | 13.1030556 | 77.6011111 | 450 | Revenue width of the nala was very less, proposed to widen the nala under TDR scheme | 893.000 [Yelahanka zone, moderately vulnerable table, serial 7, pdf p.4]",13.103056,77.601111,source_latlon;agrees_with_other_source_0m,high,false
Sarjapuraroad,Mahadevapura zone,"BBMP Storm Water Drain dept, List of vulnerable points identified for 2020-21 (PDF)",https://citizenmatters.in/wp-content/uploads/2020/06/SWD-Vul-lat-long-details-18.5.2020-1.pdf,2020-05-18,swd_vulnerable_severe,"Sarjapuraroad | 12.73142 | 77.727188 | 50 | Adjacent SWD have been De-silted [Mahadevapura zone, severely vulnerable table, serial 1, pdf p.4]",,,"source_latlon_rejected(12.73142,77.727188 outside city box);nominatim:q='Sarjapuraroad, Bengaluru'",none,true
Gunjur,Mahadevapura zone,"BBMP Storm Water Drain dept, List of vulnerable points identified for 2020-21 (PDF)",https://citizenmatters.in/wp-content/uploads/2020/06/SWD-Vul-lat-long-details-18.5.2020-1.pdf,2020-05-18,swd_vulnerable_severe,"Gunjur | 12.92109 | 77.732498 | 50 | Adjacent SWD have been De-silted [Mahadevapura zone, severely vulnerable table, serial 2, pdf p.4]",12.921090,77.732498,source_latlon;agrees_with_other_source_0m,high,false
Varthur,Mahadevapura zone,"BBMP Storm Water Drain dept, List of vulnerable points identified for 2020-21 (PDF)",https://citizenmatters.in/wp-content/uploads/2020/06/SWD-Vul-lat-long-details-18.5.2020-1.pdf,2020-05-18,swd_vulnerable_severe,"Varthur | 12.95694 | 77.735939 | 50 | Adjacent SWD have been De-silted [Mahadevapura zone, severely vulnerable table, serial 3, pdf p.4]",12.956940,77.735939,source_latlon;agrees_with_other_source_0m,high,false
Panathur,Mahadevapura zone,"BBMP Storm Water Drain dept, List of vulnerable points identified for 2020-21 (PDF)",https://citizenmatters.in/wp-content/uploads/2020/06/SWD-Vul-lat-long-details-18.5.2020-1.pdf,2020-05-18,swd_vulnerable_severe,"Panathur | 12.936355 | 77.705013 | 50 | Adjacent SWD have been De-silted [Mahadevapura zone, severely vulnerable table, serial 4, pdf p.4]",12.936355,77.705013,source_latlon;agrees_with_other_source_0m,high,false
Balagere,Mahadevapura zone,"BBMP Storm Water Drain dept, List of vulnerable points identified for 2020-21 (PDF)",https://citizenmatters.in/wp-content/uploads/2020/06/SWD-Vul-lat-long-details-18.5.2020-1.pdf,2020-05-18,swd_vulnerable_severe,"Balagere | 12.938932 | 77.723178 | 50 | Adjacent SWD have been De-silted [Mahadevapura zone, severely vulnerable table, serial 5, pdf p.4]",12.938932,77.723178,source_latlon;agrees_with_other_source_0m,high,false
Hoodi,Mahadevapura zone,"BBMP Storm Water Drain dept, List of vulnerable points identified for 2020-21 (PDF)",https://citizenmatters.in/wp-content/uploads/2020/06/SWD-Vul-lat-long-details-18.5.2020-1.pdf,2020-05-18,swd_vulnerable_severe,"Hoodi | 12.992015 | 77.718137 | 50 | Adjacent SWD have been De-silted [Mahadevapura zone, severely vulnerable table, serial 6, pdf p.4]",12.992015,77.718137,source_latlon;agrees_with_other_source_0m,high,false
Munnekolalu,Mahadevapura zone,"BBMP Storm Water Drain dept, List of vulnerable points identified for 2020-21 (PDF)",https://citizenmatters.in/wp-content/uploads/2020/06/SWD-Vul-lat-long-details-18.5.2020-1.pdf,2020-05-18,swd_vulnerable_moderate,"Munnekolalu | 50 | Adjacent SWD have been De-silted [Mahadevapura zone, moderately vulnerable table, serial 1, pdf p.4]",12.959824,77.708075,name_match_swd_vulnerable_kgis,medium,false
Pattandur agrahara,Mahadevapura zone,"BBMP Storm Water Drain dept, List of vulnerable points identified for 2020-21 (PDF)",https://citizenmatters.in/wp-content/uploads/2020/06/SWD-Vul-lat-long-details-18.5.2020-1.pdf,2020-05-18,swd_vulnerable_moderate,"Pattandur agrahara | 12.978889 | 77.733753 | 50 | Adjacent SWD have been De-silted [Mahadevapura zone, moderately vulnerable table, serial 2, pdf p.4]",12.978889,77.733753,source_latlon;agrees_with_other_source_0m,high,false
Ddoddenakundi near gururaja layout,Mahadevapura zone,"BBMP Storm Water Drain dept, List of vulnerable points identified for 2020-21 (PDF)",https://citizenmatters.in/wp-content/uploads/2020/06/SWD-Vul-lat-long-details-18.5.2020-1.pdf,2020-05-18,swd_vulnerable_moderate,"Ddoddenakundi near gururaja layout | 12.969066 | 77.692178 | 50 | Adjacent SWD have been De-silted [Mahadevapura zone, moderately vulnerable table, serial 3, pdf p.4]",12.969066,77.692178,source_latlon,medium,false
Maheshwari nagar,Mahadevapura zone,"BBMP Storm Water Drain dept, List of vulnerable points identified for 2020-21 (PDF)",https://citizenmatters.in/wp-content/uploads/2020/06/SWD-Vul-lat-long-details-18.5.2020-1.pdf,2020-05-18,swd_vulnerable_moderate,"Maheshwari nagar | 12.99492 | 77.692871 | 50 | Adjacent SWD have been De-silted [Mahadevapura zone, moderately vulnerable table, serial 4, pdf p.4]",12.994920,77.692871,source_latlon;agrees_with_other_source_0m,high,false
Bellandur,Mahadevapura zone,"BBMP Storm Water Drain dept, List of vulnerable points identified for 2020-21 (PDF)",https://citizenmatters.in/wp-content/uploads/2020/06/SWD-Vul-lat-long-details-18.5.2020-1.pdf,2020-05-18,swd_vulnerable_moderate,"Bellandur | 12.926464 | 77.678116 | 50 | Adjacent SWD have been De-silted [Mahadevapura zone, moderately vulnerable table, serial 5, pdf p.4]",12.926464,77.678116,source_latlon;agrees_with_other_source_0m,high,false
S G R dental college,Mahadevapura zone,"BBMP Storm Water Drain dept, List of vulnerable points identified for 2020-21 (PDF)",https://citizenmatters.in/wp-content/uploads/2020/06/SWD-Vul-lat-long-details-18.5.2020-1.pdf,2020-05-18,swd_vulnerable_moderate,"S G R dental college | 12.949943 | 77.700679 | 50 | Adjacent SWD have been De-silted [Mahadevapura zone, moderately vulnerable table, serial 6, pdf p.4]",12.949943,77.700679,source_latlon;agrees_with_other_source_0m,high,false
varthur columbia asia hospital,Mahadevapura zone,"BBMP Storm Water Drain dept, List of vulnerable points identified for 2020-21 (PDF)",https://citizenmatters.in/wp-content/uploads/2020/06/SWD-Vul-lat-long-details-18.5.2020-1.pdf,2020-05-18,swd_vulnerable_moderate,"varthur columbia asia hospital | 13.014108 | 77.556049 | 50 | Adjacent SWD have been De-silted [Mahadevapura zone, moderately vulnerable table, serial 7, pdf p.4]",13.014108,77.556049,source_latlon;conflicts_with_other_source_21388m,low,true
varthur police station,Mahadevapura zone,"BBMP Storm Water Drain dept, List of vulnerable points identified for 2020-21 (PDF)",https://citizenmatters.in/wp-content/uploads/2020/06/SWD-Vul-lat-long-details-18.5.2020-1.pdf,2020-05-18,swd_vulnerable_moderate,"varthur police station | 12.938078 | 77.746844 | 50 | Adjacent SWD have been De-silted [Mahadevapura zone, moderately vulnerable table, serial 8, pdf p.4]",12.938078,77.746844,source_latlon;agrees_with_other_source_0m,high,false
Ramagondanahalli,Mahadevapura zone,"BBMP Storm Water Drain dept, List of vulnerable points identified for 2020-21 (PDF)",https://citizenmatters.in/wp-content/uploads/2020/06/SWD-Vul-lat-long-details-18.5.2020-1.pdf,2020-05-18,swd_vulnerable_moderate,"Ramagondanahalli | 13.112929 | 77.556933 | 50 | Adjacent SWD have been De-silted [Mahadevapura zone, moderately vulnerable table, serial 9, pdf p.4]",13.112929,77.556933,source_latlon;conflicts_with_other_source_26432m,low,true
Vinayaka layout orr,Mahadevapura zone,"BBMP Storm Water Drain dept, List of vulnerable points identified for 2020-21 (PDF)",https://citizenmatters.in/wp-content/uploads/2020/06/SWD-Vul-lat-long-details-18.5.2020-1.pdf,2020-05-18,swd_vulnerable_moderate,"Vinayaka layout orr | 12.949595 | 77.487694 | 50 | Adjacent SWD have been De-silted [Mahadevapura zone, moderately vulnerable table, serial 10, pdf p.4]",12.949595,77.487694,source_latlon,medium,false
Beml layout,Mahadevapura zone,"BBMP Storm Water Drain dept, List of vulnerable points identified for 2020-21 (PDF)",https://citizenmatters.in/wp-content/uploads/2020/06/SWD-Vul-lat-long-details-18.5.2020-1.pdf,2020-05-18,swd_vulnerable_moderate,"Beml layout | 12.911066 | 77.512709 | 50 | Adjacent SWD have been De-silted [Mahadevapura zone, moderately vulnerable table, serial 11, pdf p.4]",12.911066,77.512709,source_latlon;agrees_with_other_source_0m,high,false
Deepa nursing home,Mahadevapura zone,"BBMP Storm Water Drain dept, List of vulnerable points identified for 2020-21 (PDF)",https://citizenmatters.in/wp-content/uploads/2020/06/SWD-Vul-lat-long-details-18.5.2020-1.pdf,2020-05-18,swd_vulnerable_moderate,"Deepa nursing home | 12.955021 | 77.690549 | 50 | Adjacent SWD have been De-silted [Mahadevapura zone, moderately vulnerable table, serial 12, pdf p.4]",12.955021,77.690549,source_latlon;agrees_with_other_source_0m,high,false
Nellurahalli,Mahadevapura zone,"BBMP Storm Water Drain dept, List of vulnerable points identified for 2020-21 (PDF)",https://citizenmatters.in/wp-content/uploads/2020/06/SWD-Vul-lat-long-details-18.5.2020-1.pdf,2020-05-18,swd_vulnerable_moderate,"Nellurahalli | 12.9693 | 77.736686 | 50 | Adjacent SWD have been De-silted [Mahadevapura zone, moderately vulnerable table, serial 13, pdf p.4]",12.969300,77.736686,source_latlon;agrees_with_other_source_0m,high,false
Thubarahalli,Mahadevapura zone,"BBMP Storm Water Drain dept, List of vulnerable points identified for 2020-21 (PDF)",https://citizenmatters.in/wp-content/uploads/2020/06/SWD-Vul-lat-long-details-18.5.2020-1.pdf,2020-05-18,swd_vulnerable_moderate,"Thubarahalli | 12.955652 | 77.720545 | 50 | Adjacent SWD have been De-silted [Mahadevapura zone, moderately vulnerable table, serial 14, pdf p.4]",12.955652,77.720545,source_latlon;agrees_with_other_source_0m,high,false
Pai Layout,"Mahadevapura zone, KR Puram constituency (Mahadevapura zone)","BBMP Storm Water Drain dept, List of vulnerable points identified for 2020-21 (PDF)",https://citizenmatters.in/wp-content/uploads/2020/06/SWD-Vul-lat-long-details-18.5.2020-1.pdf,2020-05-18,swd_vulnerable_severe,"Pai Layout | 12.9902778 | 77.6683333 | 100 | Railway under bridge additional vent should be made | 887 [Mahadevapura zone, severely vulnerable table, serial 1, pdf p.4]",12.990278,77.668333,source_latlon;agrees_with_other_source_0m,high,false
Ambedkar Nagar near Ramamurthy Nagar.,"Mahadevapura zone, KR Puram constituency (Mahadevapura zone)","BBMP Storm Water Drain dept, List of vulnerable points identified for 2020-21 (PDF)",https://citizenmatters.in/wp-content/uploads/2020/06/SWD-Vul-lat-long-details-18.5.2020-1.pdf,2020-05-18,swd_vulnerable_severe,"Ambedkar Nagar near Ramamurthy Nagar. | 13.0108333 | 77.6813889 | 200 | Because of closed box drain. | 888 [Mahadevapura zone, severely vulnerable table, serial 2, pdf p.4]",13.010833,77.681389,source_latlon;agrees_with_other_source_0m,high,false
RR layout & Ambedkar Nagar,"Mahadevapura zone, KR Puram constituency (Mahadevapura zone)","BBMP Storm Water Drain dept, List of vulnerable points identified for 2020-21 (PDF)",https://citizenmatters.in/wp-content/uploads/2020/06/SWD-Vul-lat-long-details-18.5.2020-1.pdf,2020-05-18,swd_vulnerable_severe,"RR layout & Ambedkar Nagar | 13.0066667 | 77.6722222 | 150 | Low laying area | 898 [Mahadevapura zone, severely vulnerable table, serial 3, pdf p.4]",13.006667,77.672222,source_latlon;agrees_with_other_source_0m,high,false
Vaddera Palya (Railway track),"Mahadevapura zone, KR Puram constituency (Mahadevapura zone)","BBMP Storm Water Drain dept, List of vulnerable points identified for 2020-21 (PDF)",https://citizenmatters.in/wp-content/uploads/2020/06/SWD-Vul-lat-long-details-18.5.2020-1.pdf,2020-05-18,swd_vulnerable_severe,"Vaddera Palya (Railway track) | 13.0427778 | 77.6447222 | 300 | Railway under bridge additional vent should be made | 877 [Mahadevapura zone, severely vulnerable table, serial 4, pdf p.4]",13.042778,77.644722,source_latlon;agrees_with_other_source_0m,high,false
Talakaveri layout,"Mahadevapura zone, KR Puram constituency (Mahadevapura zone)","BBMP Storm Water Drain dept, List of vulnerable points identified for 2020-21 (PDF)",https://citizenmatters.in/wp-content/uploads/2020/06/SWD-Vul-lat-long-details-18.5.2020-1.pdf,2020-05-18,swd_vulnerable_severe,"Talakaveri layout | 12.9663889 | 77.6827778 | 150 | Opening at HAL Compound should made bigger ( Work is in progress) | 877 [Mahadevapura zone, severely vulnerable table, serial 5, pdf p.4]",12.966389,77.682778,source_latlon;agrees_with_other_source_0m,high,false
ITI Layout,"Mahadevapura zone, KR Puram constituency (Mahadevapura zone)","BBMP Storm Water Drain dept, List of vulnerable points identified for 2020-21 (PDF)",https://citizenmatters.in/wp-content/uploads/2020/06/SWD-Vul-lat-long-details-18.5.2020-1.pdf,2020-05-18,swd_vulnerable_moderate,"ITI Layout | 13.0105556 | 77.6802778 | 150 | Narrow drain.(Series of buildings built along the drain. | 890 [Mahadevapura zone, moderately vulnerable table, serial 1, pdf p.4]",13.010556,77.680278,source_latlon;agrees_with_other_source_0m,high,false
Koudenahalli (Ramamurthy Nagar main road),"Mahadevapura zone, KR Puram constituency (Mahadevapura zone)","BBMP Storm Water Drain dept, List of vulnerable points identified for 2020-21 (PDF)",https://citizenmatters.in/wp-content/uploads/2020/06/SWD-Vul-lat-long-details-18.5.2020-1.pdf,2020-05-18,swd_vulnerable_moderate,"Koudenahalli (Ramamurthy Nagar main road) | 13.0113889 | 77.6791667 | 200 | Narrow drain.(Series of buildings built along the drain. | 889 [Mahadevapura zone, moderately vulnerable table, serial 2, pdf p.4]",13.011389,77.679167,source_latlon;agrees_with_other_source_0m,high,false
Hoysala nagar in Hormavu,"Mahadevapura zone, KR Puram constituency (Mahadevapura zone)","BBMP Storm Water Drain dept, List of vulnerable points identified for 2020-21 (PDF)",https://citizenmatters.in/wp-content/uploads/2020/06/SWD-Vul-lat-long-details-18.5.2020-1.pdf,2020-05-18,swd_vulnerable_moderate,"Hoysala nagar in Hormavu | 13.0186111 | 77.6655556 | 250 | No lead of drain due to buildings [Mahadevapura zone, moderately vulnerable table, serial 3, pdf p.4]",13.018611,77.665556,source_latlon;agrees_with_other_source_0m,high,false
Devasandra(Nethravathi Badavane),"Mahadevapura zone, KR Puram constituency (Mahadevapura zone)","BBMP Storm Water Drain dept, List of vulnerable points identified for 2020-21 (PDF)",https://citizenmatters.in/wp-content/uploads/2020/06/SWD-Vul-lat-long-details-18.5.2020-1.pdf,2020-05-18,swd_vulnerable_moderate,"Devasandra(Nethravathi Badavane) | 13.0066667 | 77.6963889 | 200 | Low laying area.(Slum) [Mahadevapura zone, moderately vulnerable table, serial 4, pdf p.4]",13.006667,77.696389,source_latlon;agrees_with_other_source_0m,high,false
Shivaganga layout,"Mahadevapura zone, KR Puram constituency (Mahadevapura zone)","BBMP Storm Water Drain dept, List of vulnerable points identified for 2020-21 (PDF)",https://citizenmatters.in/wp-content/uploads/2020/06/SWD-Vul-lat-long-details-18.5.2020-1.pdf,2020-05-18,swd_vulnerable_moderate,"Shivaganga layout | 12.9888889 | 77.6902778 | 250 | Narrow drain.(Series of buildings built along the drain. | 883 [Mahadevapura zone, moderately vulnerable table, serial 5, pdf p.4]",12.988889,77.690278,source_latlon;agrees_with_other_source_0m,high,false
NRI layout,"Mahadevapura zone, KR Puram constituency (Mahadevapura zone)","BBMP Storm Water Drain dept, List of vulnerable points identified for 2020-21 (PDF)",https://citizenmatters.in/wp-content/uploads/2020/06/SWD-Vul-lat-long-details-18.5.2020-1.pdf,2020-05-18,swd_vulnerable_moderate,"NRI layout | 13.0127778 | 77.6788889 | 200 | Due to smallerdiverted box drain. | 896 [Mahadevapura zone, moderately vulnerable table, serial 6, pdf p.4]",13.012778,77.678889,source_latlon;agrees_with_other_source_0m,high,false
Richi's Garden,"Mahadevapura zone, KR Puram constituency (Mahadevapura zone)","BBMP Storm Water Drain dept, List of vulnerable points identified for 2020-21 (PDF)",https://citizenmatters.in/wp-content/uploads/2020/06/SWD-Vul-lat-long-details-18.5.2020-1.pdf,2020-05-18,swd_vulnerable_moderate,"Richi's Garden | 13.0366667 | 77.6811111 | 150 | Encroachment. | 889 [Mahadevapura zone, moderately vulnerable table, serial 7, pdf p.4]",13.036667,77.681111,source_latlon;agrees_with_other_source_0m,high,false
HSR 3rd sector lead off drains and no shoulder drains,Bommanahalli zone,"BBMP Storm Water Drain dept, List of vulnerable points identified for 2020-21 (PDF)",https://citizenmatters.in/wp-content/uploads/2020/06/SWD-Vul-lat-long-details-18.5.2020-1.pdf,2020-05-18,swd_vulnerable_severe,"HSR 3rd sector lead off drains and no shoulder drains | 12.909359 | 77.641585 | 150 | RSD have to be desilted [Bommanahalli zone, severely vulnerable table, serial 1, pdf p.5]",12.909359,77.641585,source_latlon;agrees_with_other_source_0m,high,false
Sector 6 lead off drains surrounding 5th and 9th main,Bommanahalli zone,"BBMP Storm Water Drain dept, List of vulnerable points identified for 2020-21 (PDF)",https://citizenmatters.in/wp-content/uploads/2020/06/SWD-Vul-lat-long-details-18.5.2020-1.pdf,2020-05-18,swd_vulnerable_severe,"Sector 6 lead off drains surrounding 5th and 9th main | 12.911655 | 77.632402 | 200 | RSD have to be desilted [Bommanahalli zone, severely vulnerable table, serial 2, pdf p.5]",12.911655,77.632402,source_latlon;shared_by_2_names,low,true
NS palya RSD not desilted from 3 years,Bommanahalli zone,"BBMP Storm Water Drain dept, List of vulnerable points identified for 2020-21 (PDF)",https://citizenmatters.in/wp-content/uploads/2020/06/SWD-Vul-lat-long-details-18.5.2020-1.pdf,2020-05-18,swd_vulnerable_severe,"NS palya RSD not desilted from 3 years | 12.904903 | 77.603036 | 100 | RSD/Ward drains have to be desilted [Bommanahalli zone, severely vulnerable table, serial 3, pdf p.5]",12.904903,77.603036,source_latlon;shared_by_2_names,low,true
HSR sector 2 Garden layout RSD blocked,Bommanahalli zone,"BBMP Storm Water Drain dept, List of vulnerable points identified for 2020-21 (PDF)",https://citizenmatters.in/wp-content/uploads/2020/06/SWD-Vul-lat-long-details-18.5.2020-1.pdf,2020-05-18,swd_vulnerable_severe,"HSR sector 2 Garden layout RSD blocked | 12.909073 | 77.644933 | 100 | RSD have to be linked to SWD [Bommanahalli zone, severely vulnerable table, serial 4, pdf p.5]",12.909073,77.644933,source_latlon;shared_by_2_names,low,true
Garebhavipalya NH service road junction,Bommanahalli zone,"BBMP Storm Water Drain dept, List of vulnerable points identified for 2020-21 (PDF)",https://citizenmatters.in/wp-content/uploads/2020/06/SWD-Vul-lat-long-details-18.5.2020-1.pdf,2020-05-18,swd_vulnerable_severe,"Garebhavipalya NH service road junction | 12.900922 | 77.633121 | 100 | SWD construction in progress [Bommanahalli zone, severely vulnerable table, serial 5, pdf p.5]",12.900922,77.633121,source_latlon;agrees_with_other_source_0m,high,false
BDA layout Hulimavu,Bommanahalli zone,"BBMP Storm Water Drain dept, List of vulnerable points identified for 2020-21 (PDF)",https://citizenmatters.in/wp-content/uploads/2020/06/SWD-Vul-lat-long-details-18.5.2020-1.pdf,2020-05-18,swd_vulnerable_severe,"BDA layout Hulimavu | 12.880518 | 77.603987 | 100 | RSD have to be linked to SWD [Bommanahalli zone, severely vulnerable table, serial 6, pdf p.5]",12.880518,77.603987,source_latlon;agrees_with_other_source_0m,high,false
Kempamma layout RSD Arekere,Bommanahalli zone,"BBMP Storm Water Drain dept, List of vulnerable points identified for 2020-21 (PDF)",https://citizenmatters.in/wp-content/uploads/2020/06/SWD-Vul-lat-long-details-18.5.2020-1.pdf,2020-05-18,swd_vulnerable_severe,"Kempamma layout RSD Arekere | 12.880586 | 77.604415 | 200 | RSD have to be linked to SWD [Bommanahalli zone, severely vulnerable table, serial 7, pdf p.5]",12.880586,77.604415,source_latlon;agrees_with_other_source_0m,high,false
Someshwara layout Arekere,Bommanahalli zone,"BBMP Storm Water Drain dept, List of vulnerable points identified for 2020-21 (PDF)",https://citizenmatters.in/wp-content/uploads/2020/06/SWD-Vul-lat-long-details-18.5.2020-1.pdf,2020-05-18,swd_vulnerable_severe,"Someshwara layout Arekere | 12.879969 | 77.604051 | 100 | RSD have to be linked to SWD [Bommanahalli zone, severely vulnerable table, serial 8, pdf p.5]",12.879969,77.604051,source_latlon;agrees_with_other_source_0m,high,false
Anugraha layout RSD phase 1,Bommanahalli zone,"BBMP Storm Water Drain dept, List of vulnerable points identified for 2020-21 (PDF)",https://citizenmatters.in/wp-content/uploads/2020/06/SWD-Vul-lat-long-details-18.5.2020-1.pdf,2020-05-18,swd_vulnerable_severe,"Anugraha layout RSD phase 1 | 12.901886 | 77.611262 | 250 | RSD have to be linked to SWD [Bommanahalli zone, severely vulnerable table, serial 9, pdf p.5]",12.901886,77.611262,source_latlon;agrees_with_other_source_0m,high,false
Doddakanneli,Bommanahalli zone,"BBMP Storm Water Drain dept, List of vulnerable points identified for 2020-21 (PDF)",https://citizenmatters.in/wp-content/uploads/2020/06/SWD-Vul-lat-long-details-18.5.2020-1.pdf,2020-05-18,swd_vulnerable_severe,"Doddakanneli | 12.897817 | 77.692907 | 200 | RSD have to be linked to SWD [Bommanahalli zone, severely vulnerable table, serial 10, pdf p.5]",12.897817,77.692907,source_latlon;shared_by_2_names,low,true
"Hosur road near Royal Enfield show room, white s hall",Bommanahalli zone,"BBMP Storm Water Drain dept, List of vulnerable points identified for 2020-21 (PDF)",https://citizenmatters.in/wp-content/uploads/2020/06/SWD-Vul-lat-long-details-18.5.2020-1.pdf,2020-05-18,swd_vulnerable_severe,"Hosur road near Royal Enfield show room, white s hall | 12.885937 | 77.642075 | 50 | RSD have to be linked to SWD [Bommanahalli zone, severely vulnerable table, serial 11, pdf p.5]",12.885937,77.642075,source_latlon;agrees_with_other_source_0m,high,false
singasandra Country club road ward 191,"Bommanahalli zone, ward 191","BBMP Storm Water Drain dept, List of vulnerable points identified for 2020-21 (PDF)",https://citizenmatters.in/wp-content/uploads/2020/06/SWD-Vul-lat-long-details-18.5.2020-1.pdf,2020-05-18,swd_vulnerable_severe,"singasandra Country club road ward 191 | 12.878907 | 77.637418 | 100 | RSD have to be linked to SWD [Bommanahalli zone, severely vulnerable table, serial 12, pdf p.5]",12.878907,77.637418,source_latlon;agrees_with_other_source_0m,high,false
HSR layout 9th and 5th main,Bommanahalli zone,"BBMP Storm Water Drain dept, List of vulnerable points identified for 2020-21 (PDF)",https://citizenmatters.in/wp-content/uploads/2020/06/SWD-Vul-lat-long-details-18.5.2020-1.pdf,2020-05-18,swd_vulnerable_moderate,"HSR layout 9th and 5th main | 12.911655 | 77.632402 | 200 | - [Bommanahalli zone, moderately vulnerable table, serial 1, pdf p.5]",12.911655,77.632402,source_latlon;shared_by_2_names,low,true
Oxford college NH Junction,Bommanahalli zone,"BBMP Storm Water Drain dept, List of vulnerable points identified for 2020-21 (PDF)",https://citizenmatters.in/wp-content/uploads/2020/06/SWD-Vul-lat-long-details-18.5.2020-1.pdf,2020-05-18,swd_vulnerable_moderate,"Oxford college NH Junction | 12.90136 | 77.631443 | 300 | - [Bommanahalli zone, moderately vulnerable table, serial 2, pdf p.5]",12.901360,77.631443,source_latlon;agrees_with_other_source_0m,high,false
Hongasandara Ambedkar Nagar,Bommanahalli zone,"BBMP Storm Water Drain dept, List of vulnerable points identified for 2020-21 (PDF)",https://citizenmatters.in/wp-content/uploads/2020/06/SWD-Vul-lat-long-details-18.5.2020-1.pdf,2020-05-18,swd_vulnerable_moderate,"Hongasandara Ambedkar Nagar | 12.904782 | 77.626758 | 300 | Low Lying areas Drainage system not efficient [Bommanahalli zone, moderately vulnerable table, serial 3, pdf p.5]",12.904782,77.626758,source_latlon;agrees_with_other_source_0m,high,false
Anugraha layout Billekalhalli,Bommanahalli zone,"BBMP Storm Water Drain dept, List of vulnerable points identified for 2020-21 (PDF)",https://citizenmatters.in/wp-content/uploads/2020/06/SWD-Vul-lat-long-details-18.5.2020-1.pdf,2020-05-18,swd_vulnerable_moderate,"Anugraha layout Billekalhalli | 200 | Low Lying areas Drainage system not efficient [Bommanahalli zone, moderately vulnerable table, serial 4, pdf p.5]",,,"nominatim:q='Anugraha layout Billekalhalli, Bengaluru'",none,true
Dollars Colony JP Nagar,Bommanahalli zone,"BBMP Storm Water Drain dept, List of vulnerable points identified for 2020-21 (PDF)",https://citizenmatters.in/wp-content/uploads/2020/06/SWD-Vul-lat-long-details-18.5.2020-1.pdf,2020-05-18,swd_vulnerable_moderate,"Dollars Colony JP Nagar | 12.903331 | 77.598853 | 100 | Work has been stayed in Hon.High Court by Vaishnavi Terrace Apartment Association [Bommanahalli zone, moderately vulnerable table, serial 5, pdf p.5]",12.903331,77.598853,source_latlon;agrees_with_other_source_0m,high,false
Dollars Colony NS palya(BTM 2nd stage),Bommanahalli zone,"BBMP Storm Water Drain dept, List of vulnerable points identified for 2020-21 (PDF)",https://citizenmatters.in/wp-content/uploads/2020/06/SWD-Vul-lat-long-details-18.5.2020-1.pdf,2020-05-18,swd_vulnerable_moderate,"Dollars Colony NS palya(BTM 2nd stage) | 12.904455 | 77.602807 | 200 | Purva Heights Apartmeny Owners Association hs obtained a stay from lower court and stopped the work near their premisis [Bommanahalli zone, moderately vulnerable table, serial 6, pdf p.5]",12.904455,77.602807,source_latlon;shared_by_2_names,low,true
Hulimavu Sri Lanka colony,Bommanahalli zone,"BBMP Storm Water Drain dept, List of vulnerable points identified for 2020-21 (PDF)",https://citizenmatters.in/wp-content/uploads/2020/06/SWD-Vul-lat-long-details-18.5.2020-1.pdf,2020-05-18,swd_vulnerable_moderate,"Hulimavu Sri Lanka colony | 12.881756 | 77.608253 | 150 | Drainage network (RSD & Lead off drains not existent) [Bommanahalli zone, moderately vulnerable table, serial 7, pdf p.5]",12.881756,77.608253,source_latlon;agrees_with_other_source_0m,high,false
Ward non160 RR nagar beml 5th stage near kapi katte hotel,"RR Nagar zone, RRN constituency","BBMP Storm Water Drain dept, List of vulnerable points identified for 2020-21 (PDF)",https://citizenmatters.in/wp-content/uploads/2020/06/SWD-Vul-lat-long-details-18.5.2020-1.pdf,2020-05-18,swd_vulnerable_severe,"Ward non160 RR nagar beml 5th stage near kapi katte hotel | 12.9164333 | 77.5208833 | 250M | Existing pipe culvert not sufficient, Remodelling work approved, tender has to be floated. [RR Nagar zone, severely vulnerable table, serial 1, pdf p.5]",12.916433,77.520883,source_latlon;agrees_with_other_source_0m,high,false
Ward no.38 peenya industrial area 3rd phase 1 st main road,"RR Nagar zone, RRN constituency, ward 38","BBMP Storm Water Drain dept, List of vulnerable points identified for 2020-21 (PDF)",https://citizenmatters.in/wp-content/uploads/2020/06/SWD-Vul-lat-long-details-18.5.2020-1.pdf,2020-05-18,swd_vulnerable_severe,"Ward no.38 peenya industrial area 3rd phase 1 st main road | 13.0330972 | 77.5201417 | 500M | Remodelling of SWD have proposed, but file not approved [RR Nagar zone, severely vulnerable table, serial 2, pdf p.5]",13.033097,77.520142,source_latlon,medium,false
Ward no.160 near DIAT college,"RR Nagar zone, RRN constituency, ward 160","BBMP Storm Water Drain dept, List of vulnerable points identified for 2020-21 (PDF)",https://citizenmatters.in/wp-content/uploads/2020/06/SWD-Vul-lat-long-details-18.5.2020-1.pdf,2020-05-18,swd_vulnerable_severe,"Ward no.160 near DIAT college | 12.9315917 | 77.5129917 | 500M | Adjacent SWD have been De-silted [RR Nagar zone, severely vulnerable table, serial 3, pdf p.5]",12.931592,77.512992,source_latlon;agrees_with_other_source_0m,high,false
Pattanagere main road beside r v college,"RR Nagar zone, YPR constituency","BBMP Storm Water Drain dept, List of vulnerable points identified for 2020-21 (PDF)",https://citizenmatters.in/wp-content/uploads/2020/06/SWD-Vul-lat-long-details-18.5.2020-1.pdf,2020-05-18,swd_vulnerable_severe,"Pattanagere main road beside r v college | 12.923679 | 77.504071 | 250M | Already tackled no flood occurred [RR Nagar zone, severely vulnerable table, serial 1, pdf p.5]",12.923679,77.504071,source_latlon;agrees_with_other_source_105m,high,false
Andanappa layout doddabidarakallu,"RR Nagar zone, YPR constituency","BBMP Storm Water Drain dept, List of vulnerable points identified for 2020-21 (PDF)",https://citizenmatters.in/wp-content/uploads/2020/06/SWD-Vul-lat-long-details-18.5.2020-1.pdf,2020-05-18,swd_vulnerable_severe,"Andanappa layout doddabidarakallu | 13.039565 | 77.488025 | 200M | Already tackled no flood occurred [RR Nagar zone, severely vulnerable table, serial 2, pdf p.5]",13.039565,77.488025,source_latlon;other_source_332m,medium,false
Bhavani nagara doddabidarakallu,"RR Nagar zone, YPR constituency","BBMP Storm Water Drain dept, List of vulnerable points identified for 2020-21 (PDF)",https://citizenmatters.in/wp-content/uploads/2020/06/SWD-Vul-lat-long-details-18.5.2020-1.pdf,2020-05-18,swd_vulnerable_severe,"Bhavani nagara doddabidarakallu | 13.033788 | 77.490534 | 250M | Taken under CMNNY [RR Nagar zone, severely vulnerable table, serial 3, pdf p.5]",13.033788,77.490534,source_latlon;agrees_with_other_source_68m,high,false
Herohalli lake inlet handrahalli main road,"RR Nagar zone, YPR constituency","BBMP Storm Water Drain dept, List of vulnerable points identified for 2020-21 (PDF)",https://citizenmatters.in/wp-content/uploads/2020/06/SWD-Vul-lat-long-details-18.5.2020-1.pdf,2020-05-18,swd_vulnerable_severe,"Herohalli lake inlet handrahalli main road | 12.990491 | 77.489889 | 200M | Already tackled no flood occurred [RR Nagar zone, severely vulnerable table, serial 4, pdf p.5]",12.990491,77.489889,source_latlon;other_source_387m,medium,false
Mallathahalli lake inlet muddaiahna palya road,"RR Nagar zone, YPR constituency","BBMP Storm Water Drain dept, List of vulnerable points identified for 2020-21 (PDF)",https://citizenmatters.in/wp-content/uploads/2020/06/SWD-Vul-lat-long-details-18.5.2020-1.pdf,2020-05-18,swd_vulnerable_severe,"Mallathahalli lake inlet muddaiahna palya road | 12.962212 | 77.491921 | 200M | Already tackled no flood occurred [RR Nagar zone, severely vulnerable table, serial 5, pdf p.5]",12.962212,77.491921,source_latlon;agrees_with_other_source_22m,high,false
Srinivasa Nagara to P & T Layout,"RR Nagar zone, YPR constituency","BBMP Storm Water Drain dept, List of vulnerable points identified for 2020-21 (PDF)",https://citizenmatters.in/wp-content/uploads/2020/06/SWD-Vul-lat-long-details-18.5.2020-1.pdf,2020-05-18,swd_vulnerable_moderate,"Srinivasa Nagara to P & T Layout | Already tackled no f flood occurred [RR Nagar zone, moderately vulnerable table, serial 1, pdf p.5]",,,"nominatim:q='Srinivasa Nagara to P & T Layout, Bengaluru'",none,true
Near Nammura Thindi Hotel,"RR Nagar zone, YPR constituency","BBMP Storm Water Drain dept, List of vulnerable points identified for 2020-21 (PDF)",https://citizenmatters.in/wp-content/uploads/2020/06/SWD-Vul-lat-long-details-18.5.2020-1.pdf,2020-05-18,swd_vulnerable_moderate,"Near Nammura Thindi Hotel | Already tackled no f flood occurred [RR Nagar zone, moderately vulnerable table, serial 2, pdf p.5]",,,"nominatim:q='Near Nammura Thindi Hotel, Bengaluru'",none,true
VV Puram Law College to Mallathhali tank,"RR Nagar zone, YPR constituency","BBMP Storm Water Drain dept, List of vulnerable points identified for 2020-21 (PDF)",https://citizenmatters.in/wp-content/uploads/2020/06/SWD-Vul-lat-long-details-18.5.2020-1.pdf,2020-05-18,swd_vulnerable_moderate,"VV Puram Law College to Mallathhali tank [RR Nagar zone, moderately vulnerable table, serial 3, pdf p.5]",12.953748,77.574283,name_match_swd_vulnerable_kgis,medium,false
Gurudutta Layout to Sapthagiri Layout in ward 160,"RR Nagar zone, YPR constituency, ward 160","BBMP Storm Water Drain dept, List of vulnerable points identified for 2020-21 (PDF)",https://citizenmatters.in/wp-content/uploads/2020/06/SWD-Vul-lat-long-details-18.5.2020-1.pdf,2020-05-18,swd_vulnerable_moderate,"Gurudutta Layout to Sapthagiri Layout in ward 160 | 12.9247111 | 77.541875 | 300M | Adjacent SWD have been De-silted [RR Nagar zone, moderately vulnerable table, serial 4, pdf p.5]",12.924711,77.541875,source_latlon;other_source_358m,medium,false
Shankarappa Layout to BEML gate R.R.Nagara,"RR Nagar zone, YPR constituency","BBMP Storm Water Drain dept, List of vulnerable points identified for 2020-21 (PDF)",https://citizenmatters.in/wp-content/uploads/2020/06/SWD-Vul-lat-long-details-18.5.2020-1.pdf,2020-05-18,swd_vulnerable_moderate,"Shankarappa Layout to BEML gate R.R.Nagara | 12.9164056 | 77.5225556 | 200M | Adjacent SWD have been De-silted [RR Nagar zone, moderately vulnerable table, serial 5, pdf p.5]",12.916406,77.522556,source_latlon;agrees_with_other_source_0m,high,false
"Jawaregowdana Doddi, Bangarappa Nagara","RR Nagar zone, YPR constituency","BBMP Storm Water Drain dept, List of vulnerable points identified for 2020-21 (PDF)",https://citizenmatters.in/wp-content/uploads/2020/06/SWD-Vul-lat-long-details-18.5.2020-1.pdf,2020-05-18,swd_vulnerable_moderate,"Jawaregowdana Doddi, Bangarappa Nagara | 12.9285694 | 77.5203306 | 500M | Adjacent SWD have been De-silted [RR Nagar zone, moderately vulnerable table, serial 6, pdf p.5]",12.928569,77.520331,source_latlon;agrees_with_other_source_0m,high,false
Malagala main road to Vrishabhavathi Valley,"RR Nagar zone, YPR constituency","BBMP Storm Water Drain dept, List of vulnerable points identified for 2020-21 (PDF)",https://citizenmatters.in/wp-content/uploads/2020/06/SWD-Vul-lat-long-details-18.5.2020-1.pdf,2020-05-18,swd_vulnerable_moderate,"Malagala main road to Vrishabhavathi Valley | 12.96595 | 77.5174889 | 500M | Adjacent SWD have been De-silted [RR Nagar zone, moderately vulnerable table, serial 7, pdf p.5]",12.965950,77.517489,source_latlon;agrees_with_other_source_0m,high,false
Basaveshwara Circle BEML 3rd stage in ward no.160,"RR Nagar zone, YPR constituency, ward 160","BBMP Storm Water Drain dept, List of vulnerable points identified for 2020-21 (PDF)",https://citizenmatters.in/wp-content/uploads/2020/06/SWD-Vul-lat-long-details-18.5.2020-1.pdf,2020-05-18,swd_vulnerable_moderate,"Basaveshwara Circle BEML 3rd stage in ward no.160 | 12.9228167 | 77.5185222 | Adjacent SWD have been De-silted [RR Nagar zone, moderately vulnerable table, serial 8, pdf p.5]",12.922817,77.518522,source_latlon;agrees_with_other_source_0m,high,false
Gurudutta Layout to Sapthagiri Layout in ward 160,"RR Nagar zone, YPR constituency, ward 160","BBMP Storm Water Drain dept, List of vulnerable points identified for 2020-21 (PDF)",https://citizenmatters.in/wp-content/uploads/2020/06/SWD-Vul-lat-long-details-18.5.2020-1.pdf,2020-05-18,swd_vulnerable_moderate,"Gurudutta Layout to Sapthagiri Layout in ward 160 | 12.9247111 | 77.5390972 | 300M | Adjacent SWD have been De-silted [RR Nagar zone, moderately vulnerable table, serial 9, pdf p.5]",12.924711,77.539097,source_latlon;other_source_164m,medium,false
Halagevadeyarahalli lake to Kenchenahalli lake in ward no 160,"RR Nagar zone, YPR constituency, ward 160","BBMP Storm Water Drain dept, List of vulnerable points identified for 2020-21 (PDF)",https://citizenmatters.in/wp-content/uploads/2020/06/SWD-Vul-lat-long-details-18.5.2020-1.pdf,2020-05-18,swd_vulnerable_moderate,"Halagevadeyarahalli lake to Kenchenahalli lake in ward no 160 | 12.9248167 | 77.5215556 | 300M | Already tackled no flood occurred [RR Nagar zone, moderately vulnerable table, serial 10, pdf p.5]",12.924817,77.521556,source_latlon;agrees_with_other_source_0m,high,false
Lavakushanagara to Vrishabhavathi Valley,"RR Nagar zone, YPR constituency","BBMP Storm Water Drain dept, List of vulnerable points identified for 2020-21 (PDF)",https://citizenmatters.in/wp-content/uploads/2020/06/SWD-Vul-lat-long-details-18.5.2020-1.pdf,2020-05-18,swd_vulnerable_moderate,"Lavakushanagara to Vrishabhavathi Valley | 13.2543139 | 77.5173889 | 500M [RR Nagar zone, moderately vulnerable table, serial 11, pdf p.5]",13.001532,77.516454,"source_latlon_rejected(13.2543139,77.5173889 outside city box);name_match_swd_vulnerable_kgis",medium,false
Ideal Homes beside Akkamahadevi choultry,"RR Nagar zone, YPR constituency","BBMP Storm Water Drain dept, List of vulnerable points identified for 2020-21 (PDF)",https://citizenmatters.in/wp-content/uploads/2020/06/SWD-Vul-lat-long-details-18.5.2020-1.pdf,2020-05-18,swd_vulnerable_moderate,"Ideal Homes beside Akkamahadevi choultry | 13.9329972 | 77.5118611 | 500M [RR Nagar zone, moderately vulnerable table, serial 12, pdf p.5]",12.932791,77.516858,"source_latlon_rejected(13.9329972,77.5118611 outside city box);name_match_swd_vulnerable_kgis",medium,false
Bande Maramma Temple behind Nagarabhavi 10th cross Bus Stop,"RR Nagar zone, YPR constituency","BBMP Storm Water Drain dept, List of vulnerable points identified for 2020-21 (PDF)",https://citizenmatters.in/wp-content/uploads/2020/06/SWD-Vul-lat-long-details-18.5.2020-1.pdf,2020-05-18,swd_vulnerable_moderate,"Bande Maramma Temple behind Nagarabhavi 10th cross Bus Stop | 12.9657028 | 77.5173944 | 300M [RR Nagar zone, moderately vulnerable table, serial 13, pdf p.5]",12.965703,77.517394,source_latlon;agrees_with_other_source_0m,high,false
Near Tippena Halli Govt. School,"RR Nagar zone, YPR constituency","BBMP Storm Water Drain dept, List of vulnerable points identified for 2020-21 (PDF)",https://citizenmatters.in/wp-content/uploads/2020/06/SWD-Vul-lat-long-details-18.5.2020-1.pdf,2020-05-18,swd_vulnerable_moderate,"Near Tippena Halli Govt. School | 13.036639 | 77.487364 | 300M | Taken under CMNNY [RR Nagar zone, moderately vulnerable table, serial 14, pdf p.5]",13.036639,77.487364,source_latlon,medium,false
Chakranagara Doddabidirukallu,"RR Nagar zone, YPR constituency","BBMP Storm Water Drain dept, List of vulnerable points identified for 2020-21 (PDF)",https://citizenmatters.in/wp-content/uploads/2020/06/SWD-Vul-lat-long-details-18.5.2020-1.pdf,2020-05-18,swd_vulnerable_moderate,"Chakranagara Doddabidirukallu | 13.009690 | 77.477201 | 250M | Taken under CMNNY [RR Nagar zone, moderately vulnerable table, serial 15, pdf p.6]",13.009690,77.477201,source_latlon,medium,false
Thigalara Palya Doddabidirukallu,"RR Nagar zone, YPR constituency","BBMP Storm Water Drain dept, List of vulnerable points identified for 2020-21 (PDF)",https://citizenmatters.in/wp-content/uploads/2020/06/SWD-Vul-lat-long-details-18.5.2020-1.pdf,2020-05-18,swd_vulnerable_moderate,"Thigalara Palya Doddabidirukallu | 13.017125 | 77.299901 | 250M | Taken under CMNNY [RR Nagar zone, moderately vulnerable table, serial 16, pdf p.6]",,,"source_latlon_rejected(13.017125,77.299901 outside city box);nominatim:q='Thigalara Palya Doddabidirukallu, Bengaluru'",none,true
Horanadu Annapurneshwari Layout Doddabidirukallu,"RR Nagar zone, YPR constituency","BBMP Storm Water Drain dept, List of vulnerable points identified for 2020-21 (PDF)",https://citizenmatters.in/wp-content/uploads/2020/06/SWD-Vul-lat-long-details-18.5.2020-1.pdf,2020-05-18,swd_vulnerable_moderate,"Horanadu Annapurneshwari Layout Doddabidirukallu | 13.021657 | 77.484496 | 300M | Taken under CMNNY [RR Nagar zone, moderately vulnerable table, serial 17, pdf p.6]",13.021657,77.484496,source_latlon,medium,false
Ambedkar Nagara Ullala,"RR Nagar zone, YPR constituency","BBMP Storm Water Drain dept, List of vulnerable points identified for 2020-21 (PDF)",https://citizenmatters.in/wp-content/uploads/2020/06/SWD-Vul-lat-long-details-18.5.2020-1.pdf,2020-05-18,swd_vulnerable_moderate,"Ambedkar Nagara Ullala | 12.963815 | 77.478921 | 300M | Taken under CMNNY [RR Nagar zone, moderately vulnerable table, serial 18, pdf p.6]",12.963815,77.478921,source_latlon,medium,false
Dubasipalya Tank,"RR Nagar zone, YPR constituency","BBMP Storm Water Drain dept, List of vulnerable points identified for 2020-21 (PDF)",https://citizenmatters.in/wp-content/uploads/2020/06/SWD-Vul-lat-long-details-18.5.2020-1.pdf,2020-05-18,swd_vulnerable_moderate,"Dubasipalya Tank | 12.926779 | 77.495400 | 300M | action to be taken by lakes division [RR Nagar zone, moderately vulnerable table, serial 19, pdf p.6]",12.926779,77.495400,source_latlon,medium,false
Bande Matta Kengeri,"RR Nagar zone, YPR constituency","BBMP Storm Water Drain dept, List of vulnerable points identified for 2020-21 (PDF)",https://citizenmatters.in/wp-content/uploads/2020/06/SWD-Vul-lat-long-details-18.5.2020-1.pdf,2020-05-18,swd_vulnerable_moderate,"Bande Matta Kengeri | 12.918535 | 77.477999 | 500M | Taken under CMNNY [RR Nagar zone, moderately vulnerable table, serial 20, pdf p.6]",12.918535,77.477999,source_latlon,medium,false
Mysore Road Kengeri Satellite Town Main Road,"RR Nagar zone, YPR constituency","BBMP Storm Water Drain dept, List of vulnerable points identified for 2020-21 (PDF)",https://citizenmatters.in/wp-content/uploads/2020/06/SWD-Vul-lat-long-details-18.5.2020-1.pdf,2020-05-18,swd_vulnerable_moderate,"Mysore Road Kengeri Satellite Town Main Road | 12.905953 | 77.478994 | 300M | Taken under CMNNY [RR Nagar zone, moderately vulnerable table, serial 21, pdf p.6]",12.905953,77.478994,source_latlon,medium,false
Vijayashri Layout,"RR Nagar zone, YPR constituency","BBMP Storm Water Drain dept, List of vulnerable points identified for 2020-21 (PDF)",https://citizenmatters.in/wp-content/uploads/2020/06/SWD-Vul-lat-long-details-18.5.2020-1.pdf,2020-05-18,swd_vulnerable_moderate,"Vijayashri Layout | 12.913417 | 77.490779 | 200M | Taken under CMNNY [RR Nagar zone, moderately vulnerable table, serial 22, pdf p.6]",12.913417,77.490779,source_latlon,medium,false
Vishva Vakkaligara Maha Samsthana Mysore road,"RR Nagar zone, YPR constituency","BBMP Storm Water Drain dept, List of vulnerable points identified for 2020-21 (PDF)",https://citizenmatters.in/wp-content/uploads/2020/06/SWD-Vul-lat-long-details-18.5.2020-1.pdf,2020-05-18,swd_vulnerable_moderate,"Vishva Vakkaligara Maha Samsthana Mysore road | 12.901002 | 77.466559 | 500M | action will be taken by NHAI & BMRCL [RR Nagar zone, moderately vulnerable table, serial 23, pdf p.6]",12.901002,77.466559,source_latlon,medium,false
Kempegowda nagar Ward,"RR Nagar zone, YPR constituency","BBMP Storm Water Drain dept, List of vulnerable points identified for 2020-21 (PDF)",https://citizenmatters.in/wp-content/uploads/2020/06/SWD-Vul-lat-long-details-18.5.2020-1.pdf,2020-05-18,swd_vulnerable_moderate,"Kempegowda nagar Ward | 12.989302 | 77.483394 | 200M [RR Nagar zone, moderately vulnerable table, serial 24, pdf p.6]",12.989302,77.483394,source_latlon;conflicts_with_other_source_9838m,low,true
Balaji Layout Ward 198 Kanakapura Road,"RR Nagar zone, YPR constituency, ward 198","BBMP Storm Water Drain dept, List of vulnerable points identified for 2020-21 (PDF)",https://citizenmatters.in/wp-content/uploads/2020/06/SWD-Vul-lat-long-details-18.5.2020-1.pdf,2020-05-18,swd_vulnerable_moderate,"Balaji Layout Ward 198 Kanakapura Road | 12.876393 | 77.538538 | 300M | Taken under CMNNY [RR Nagar zone, moderately vulnerable table, serial 25, pdf p.6]",12.876393,77.538538,source_latlon;other_source_338m,medium,false
Mantri Lake view Appartment Next to Talagattapura Lake,"RR Nagar zone, YPR constituency","BBMP Storm Water Drain dept, List of vulnerable points identified for 2020-21 (PDF)",https://citizenmatters.in/wp-content/uploads/2020/06/SWD-Vul-lat-long-details-18.5.2020-1.pdf,2020-05-18,swd_vulnerable_moderate,"Mantri Lake view Appartment Next to Talagattapura Lake | 12.860256 | 77.527756 | 300M | Taken under CMNNY [RR Nagar zone, moderately vulnerable table, serial 26, pdf p.6]",12.860256,77.527756,source_latlon;conflicts_with_other_source_948m,low,true
Raghuvanahalli at Hemmigepura ward,"RR Nagar zone, YPR constituency","BBMP Storm Water Drain dept, List of vulnerable points identified for 2020-21 (PDF)",https://citizenmatters.in/wp-content/uploads/2020/06/SWD-Vul-lat-long-details-18.5.2020-1.pdf,2020-05-18,swd_vulnerable_moderate,"Raghuvanahalli at Hemmigepura ward | 12.878313 | 77.54944 | 250M | Encroachment issue, work to be proposed. Maintained under AMC [RR Nagar zone, moderately vulnerable table, serial 27, pdf p.6]",12.878313,77.549440,source_latlon,medium,false
Global Village Joining V Vally at Glabal Village Property ward no.198.,"RR Nagar zone, YPR constituency, ward 198","BBMP Storm Water Drain dept, List of vulnerable points identified for 2020-21 (PDF)",https://citizenmatters.in/wp-content/uploads/2020/06/SWD-Vul-lat-long-details-18.5.2020-1.pdf,2020-05-18,swd_vulnerable_moderate,"Global Village Joining V Vally at Glabal Village Property ward no.198. | 12.920448 | 77.502519 | 200M | Taken under CMNNY [RR Nagar zone, moderately vulnerable table, serial 28, pdf p.6]",12.920448,77.502519,source_latlon;other_source_269m,medium,false
Kendriya nagara ward 198,"RR Nagar zone, YPR constituency, ward 198","BBMP Storm Water Drain dept, List of vulnerable points identified for 2020-21 (PDF)",https://citizenmatters.in/wp-content/uploads/2020/06/SWD-Vul-lat-long-details-18.5.2020-1.pdf,2020-05-18,swd_vulnerable_moderate,"Kendriya nagara ward 198 | 12.872472 | 77.528255 | 300M | Encroachment issue, work to be proposed. Maintained under AMC [RR Nagar zone, moderately vulnerable table, serial 29, pdf p.6]",12.872472,77.528255,source_latlon;agrees_with_other_source_79m,high,false
Shettyhalli Janatha colony near Railway bridge,Dasarahalli zone,"BBMP Storm Water Drain dept, List of vulnerable points identified for 2020-21 (PDF)",https://citizenmatters.in/wp-content/uploads/2020/06/SWD-Vul-lat-long-details-18.5.2020-1.pdf,2020-05-18,swd_vulnerable_moderate,"Shettyhalli Janatha colony near Railway bridge | tackled [Dasarahalli zone, moderately vulnerable table, serial 1, pdf p.6]",,,"nominatim:q='Shettyhalli Janatha colony near Railway bridge, Bengaluru'",none,true
Visghneshwara Layout Chikkansdra,Dasarahalli zone,"BBMP Storm Water Drain dept, List of vulnerable points identified for 2020-21 (PDF)",https://citizenmatters.in/wp-content/uploads/2020/06/SWD-Vul-lat-long-details-18.5.2020-1.pdf,2020-05-18,swd_vulnerable_moderate,"Visghneshwara Layout Chikkansdra | tackled [Dasarahalli zone, moderately vulnerable table, serial 2, pdf p.6]",,,"nominatim:q='Visghneshwara Layout Chikkansdra, Bengaluru'",none,true
Kammagondanahalli near MNTI Polytecnic,Dasarahalli zone,"BBMP Storm Water Drain dept, List of vulnerable points identified for 2020-21 (PDF)",https://citizenmatters.in/wp-content/uploads/2020/06/SWD-Vul-lat-long-details-18.5.2020-1.pdf,2020-05-18,swd_vulnerable_moderate,"Kammagondanahalli near MNTI Polytecnic | 13.06407 | 77.53471 | 500 [Dasarahalli zone, moderately vulnerable table, serial 3, pdf p.6]",13.064070,77.534710,source_latlon,medium,false
Chikkasandra near Mahaveer Aprt.,Dasarahalli zone,"BBMP Storm Water Drain dept, List of vulnerable points identified for 2020-21 (PDF)",https://citizenmatters.in/wp-content/uploads/2020/06/SWD-Vul-lat-long-details-18.5.2020-1.pdf,2020-05-18,swd_vulnerable_moderate,"Chikkasandra near Mahaveer Aprt. | tackled [Dasarahalli zone, moderately vulnerable table, serial 4, pdf p.6]",,,"nominatim:q='Chikkasandra near Mahaveer Aprt., Bengaluru'",none,true
Siddeswara Layout,Dasarahalli zone,"BBMP Storm Water Drain dept, List of vulnerable points identified for 2020-21 (PDF)",https://citizenmatters.in/wp-content/uploads/2020/06/SWD-Vul-lat-long-details-18.5.2020-1.pdf,2020-05-18,swd_vulnerable_moderate,"Siddeswara Layout | 13.034332 | 77.57271 | 500 | Adjacent SWD have been De-silted [Dasarahalli zone, moderately vulnerable table, serial 5, pdf p.6]",13.034332,77.572710,source_latlon;conflicts_with_other_source_8620m,low,true
MEI layout,Dasarahalli zone,"BBMP Storm Water Drain dept, List of vulnerable points identified for 2020-21 (PDF)",https://citizenmatters.in/wp-content/uploads/2020/06/SWD-Vul-lat-long-details-18.5.2020-1.pdf,2020-05-18,swd_vulnerable_moderate,"MEI layout | 13.06087 | 77.50116 | 500 | Adjacent SWD have been De-silted [Dasarahalli zone, moderately vulnerable table, serial 6, pdf p.6]",13.060870,77.501160,source_latlon;agrees_with_other_source_0m,high,false
Gundappa Layout & Belmar Layout,Dasarahalli zone,"BBMP Storm Water Drain dept, List of vulnerable points identified for 2020-21 (PDF)",https://citizenmatters.in/wp-content/uploads/2020/06/SWD-Vul-lat-long-details-18.5.2020-1.pdf,2020-05-18,swd_vulnerable_moderate,"Gundappa Layout & Belmar Layout | 13.04681 | 77.50074 | 500 | Adjacent SWD have been De-silted [Dasarahalli zone, moderately vulnerable table, serial 7, pdf p.6]",13.046810,77.500740,source_latlon;agrees_with_other_source_0m,high,false
Government School & Durgalamma Temple,Dasarahalli zone,"BBMP Storm Water Drain dept, List of vulnerable points identified for 2020-21 (PDF)",https://citizenmatters.in/wp-content/uploads/2020/06/SWD-Vul-lat-long-details-18.5.2020-1.pdf,2020-05-18,swd_vulnerable_moderate,"Government School & Durgalamma Temple | 13.01264 | 77.51178 | 500 [Dasarahalli zone, moderately vulnerable table, serial 8, pdf p.6]",13.012640,77.511780,source_latlon;agrees_with_other_source_0m,high,false
Settyhalli & Chikkasandra Village in Settyhalli Ward no. 12,"Dasarahalli zone, ward 12","BBMP Storm Water Drain dept, List of vulnerable points identified for 2020-21 (PDF)",https://citizenmatters.in/wp-content/uploads/2020/06/SWD-Vul-lat-long-details-18.5.2020-1.pdf,2020-05-18,swd_vulnerable_moderate,"Settyhalli & Chikkasandra Village in Settyhalli Ward no. 12 | 13.06634 | 77.51178 | 500 | Adjacent SWD have been De-silted [Dasarahalli zone, moderately vulnerable table, serial 9, pdf p.6]",13.066340,77.511780,source_latlon;shared_by_2_names,low,true
"Aaimatha layout, Mallasandra, Bengaluru",Dasarahalli zone,"BBMP Storm Water Drain dept, List of vulnerable points identified for 2020-21 (PDF)",https://citizenmatters.in/wp-content/uploads/2020/06/SWD-Vul-lat-long-details-18.5.2020-1.pdf,2020-05-18,swd_vulnerable_moderate,"Aaimatha layout, Mallasandra, Bengaluru | 13.06068 | 77.51178 | 500 | Adjacent SWD have been De-silted [Dasarahalli zone, moderately vulnerable table, serial 10, pdf p.6]",13.060680,77.511780,source_latlon;agrees_with_other_source_0m,high,false
Pillappanakatte valley (KTG Roads to DWCC),Dasarahalli zone,"BBMP Storm Water Drain dept, List of vulnerable points identified for 2020-21 (PDF)",https://citizenmatters.in/wp-content/uploads/2020/06/SWD-Vul-lat-long-details-18.5.2020-1.pdf,2020-05-18,swd_vulnerable_moderate,"Pillappanakatte valley (KTG Roads to DWCC) | 12.99822 | 77.51674 | 500 | Adjacent SWD have been De-silted [Dasarahalli zone, moderately vulnerable table, serial 11, pdf p.6]",12.998220,77.516740,source_latlon;agrees_with_other_source_0m,high,false
Shivapura tank in ward No 41.,"Dasarahalli zone, ward 41","BBMP Storm Water Drain dept, List of vulnerable points identified for 2020-21 (PDF)",https://citizenmatters.in/wp-content/uploads/2020/06/SWD-Vul-lat-long-details-18.5.2020-1.pdf,2020-05-18,swd_vulnerable_moderate,"Shivapura tank in ward No 41. | 13.05796 | 77.60487 | 500 | Adjacent SWD have been De-silted [Dasarahalli zone, moderately vulnerable table, serial 12, pdf p.6]",13.057960,77.604870,source_latlon;conflicts_with_other_source_11348m,low,true
Shambhavinagar in ward No 70,"Dasarahalli zone, ward 70","BBMP Storm Water Drain dept, List of vulnerable points identified for 2020-21 (PDF)",https://citizenmatters.in/wp-content/uploads/2020/06/SWD-Vul-lat-long-details-18.5.2020-1.pdf,2020-05-18,swd_vulnerable_moderate,"Shambhavinagar in ward No 70 | 13.04137 | 77.47808 | 500 [Dasarahalli zone, moderately vulnerable table, serial 13, pdf p.6]",13.041370,77.478080,source_latlon;agrees_with_other_source_0m,high,false
Mantri Lake view Appartment Next to Talagattapura Lake,"Hemmigepura (ward 198), RR Nagar zone","BBMP/KSRSAC Map of Locations Vulnerable to Flooding in Bengaluru (KML, OpenCity)",https://data.opencity.in/dataset/b03218ea-4b7c-4fa9-ab67-b9054d7ecc4c/resource/a7d8a01f-1fbc-41e1-85f0-f15ea16b2d27/download/6b3c63b0-f461-4e9c-a2c2-006f734c5b41.kml,2023-02-16,swd_vulnerable_kgis,"WARD_NAME=Hemmigepura; WARDNO=198; LocationName=Mantri Lake view Appartment Next to Talagattapura Lake; KGISFVLID=1; ZONE=RR Nagar; coordinates=77.5324350003062,12.867499000001 [OBJECTID 1]",12.867499,77.532435,source_latlon;conflicts_with_other_source_948m,low,true
Kendriya nagara,"Hemmigepura (ward 198), RR Nagar zone","BBMP/KSRSAC Map of Locations Vulnerable to Flooding in Bengaluru (KML, OpenCity)",https://data.opencity.in/dataset/b03218ea-4b7c-4fa9-ab67-b9054d7ecc4c/resource/a7d8a01f-1fbc-41e1-85f0-f15ea16b2d27/download/6b3c63b0-f461-4e9c-a2c2-006f734c5b41.kml,2023-02-16,swd_vulnerable_kgis,"WARD_NAME=Hemmigepura; WARDNO=198; LocationName=Kendriya nagara; KGISFVLID=2; ZONE=RR Nagar; coordinates=77.5280829995545,12.8717750001904 [OBJECTID 2]",12.871775,77.528083,source_latlon;agrees_with_other_source_79m,high,false
Raghuvanahalli,"Hemmigepura (ward 198), RR Nagar zone","BBMP/KSRSAC Map of Locations Vulnerable to Flooding in Bengaluru (KML, OpenCity)",https://data.opencity.in/dataset/b03218ea-4b7c-4fa9-ab67-b9054d7ecc4c/resource/a7d8a01f-1fbc-41e1-85f0-f15ea16b2d27/download/6b3c63b0-f461-4e9c-a2c2-006f734c5b41.kml,2023-02-16,swd_vulnerable_kgis,"WARD_NAME=Hemmigepura; WARDNO=198; LocationName=Raghuvanahalli; KGISFVLID=3; ZONE=RR Nagar; coordinates=77.5426940003978,12.8777110000686 [OBJECTID 3]",12.877711,77.542694,source_latlon,medium,false
"Balaji Layout, Kanakapura Road","Hemmigepura (ward 198), RR Nagar zone","BBMP/KSRSAC Map of Locations Vulnerable to Flooding in Bengaluru (KML, OpenCity)",https://data.opencity.in/dataset/b03218ea-4b7c-4fa9-ab67-b9054d7ecc4c/resource/a7d8a01f-1fbc-41e1-85f0-f15ea16b2d27/download/6b3c63b0-f461-4e9c-a2c2-006f734c5b41.kml,2023-02-16,swd_vulnerable_kgis,"WARD_NAME=Hemmigepura; WARDNO=198; LocationName=Balaji Layout, Kanakapura Road; KGISFVLID=4; ZONE=RR Nagar; coordinates=77.5412729999903,12.877864999889 [OBJECTID 4]",12.877865,77.541273,source_latlon;other_source_338m,medium,false
Singasandra Country club road,"Begur (ward 192), Bommanahalli zone","BBMP/KSRSAC Map of Locations Vulnerable to Flooding in Bengaluru (KML, OpenCity)",https://data.opencity.in/dataset/b03218ea-4b7c-4fa9-ab67-b9054d7ecc4c/resource/a7d8a01f-1fbc-41e1-85f0-f15ea16b2d27/download/6b3c63b0-f461-4e9c-a2c2-006f734c5b41.kml,2023-02-16,swd_vulnerable_kgis,"WARD_NAME=Begur; WARDNO=192; LocationName=Singasandra Country club road; KGISFVLID=5; ZONE=Bommanahalli; coordinates=77.6374179998471,12.8789069996308 [OBJECTID 5]",12.878907,77.637418,source_latlon;agrees_with_other_source_0m,high,false
Someshwara layout Arekere,"Arakere (ward 193), Bommanahalli zone","BBMP/KSRSAC Map of Locations Vulnerable to Flooding in Bengaluru (KML, OpenCity)",https://data.opencity.in/dataset/b03218ea-4b7c-4fa9-ab67-b9054d7ecc4c/resource/a7d8a01f-1fbc-41e1-85f0-f15ea16b2d27/download/6b3c63b0-f461-4e9c-a2c2-006f734c5b41.kml,2023-02-16,swd_vulnerable_kgis,"WARD_NAME=Arakere; WARDNO=193; LocationName=Someshwara layout Arekere; KGISFVLID=6; ZONE=Bommanahalli; coordinates=77.6040510003254,12.8799690003176 [OBJECTID 6]",12.879969,77.604051,source_latlon;agrees_with_other_source_0m,high,false
BDA layout Hulimavu,"Arakere (ward 193), Bommanahalli zone","BBMP/KSRSAC Map of Locations Vulnerable to Flooding in Bengaluru (KML, OpenCity)",https://data.opencity.in/dataset/b03218ea-4b7c-4fa9-ab67-b9054d7ecc4c/resource/a7d8a01f-1fbc-41e1-85f0-f15ea16b2d27/download/6b3c63b0-f461-4e9c-a2c2-006f734c5b41.kml,2023-02-16,swd_vulnerable_kgis,"WARD_NAME=Arakere; WARDNO=193; LocationName=BDA layout Hulimavu; KGISFVLID=7; ZONE=Bommanahalli; coordinates=77.6039869998664,12.8805180001676 [OBJECTID 7]",12.880518,77.603987,source_latlon;agrees_with_other_source_0m,high,false
Kempamma layout RSD Arekere,"Arakere (ward 193), Bommanahalli zone","BBMP/KSRSAC Map of Locations Vulnerable to Flooding in Bengaluru (KML, OpenCity)",https://data.opencity.in/dataset/b03218ea-4b7c-4fa9-ab67-b9054d7ecc4c/resource/a7d8a01f-1fbc-41e1-85f0-f15ea16b2d27/download/6b3c63b0-f461-4e9c-a2c2-006f734c5b41.kml,2023-02-16,swd_vulnerable_kgis,"WARD_NAME=Arakere; WARDNO=193; LocationName=Kempamma layout RSD Arekere; KGISFVLID=8; ZONE=Bommanahalli; coordinates=77.6044149998363,12.8805860001823 [OBJECTID 8]",12.880586,77.604415,source_latlon;agrees_with_other_source_0m,high,false
Hulimavu Sri Lanka colony,"Arakere (ward 193), Bommanahalli zone","BBMP/KSRSAC Map of Locations Vulnerable to Flooding in Bengaluru (KML, OpenCity)",https://data.opencity.in/dataset/b03218ea-4b7c-4fa9-ab67-b9054d7ecc4c/resource/a7d8a01f-1fbc-41e1-85f0-f15ea16b2d27/download/6b3c63b0-f461-4e9c-a2c2-006f734c5b41.kml,2023-02-16,swd_vulnerable_kgis,"WARD_NAME=Arakere; WARDNO=193; LocationName=Hulimavu Sri Lanka colony; KGISFVLID=9; ZONE=Bommanahalli; coordinates=77.608253000444,12.8817559999585 [OBJECTID 9]",12.881756,77.608253,source_latlon;agrees_with_other_source_0m,high,false
Hosur road near Royal Enfield show room,"Singasandra (ward 191), Bommanahalli zone","BBMP/KSRSAC Map of Locations Vulnerable to Flooding in Bengaluru (KML, OpenCity)",https://data.opencity.in/dataset/b03218ea-4b7c-4fa9-ab67-b9054d7ecc4c/resource/a7d8a01f-1fbc-41e1-85f0-f15ea16b2d27/download/6b3c63b0-f461-4e9c-a2c2-006f734c5b41.kml,2023-02-16,swd_vulnerable_kgis,"WARD_NAME=Singasandra; WARDNO=191; LocationName=Hosur road near Royal Enfield show room; KGISFVLID=10; ZONE=Bommanahalli; coordinates=77.6420749998582,12.8859370001465 [OBJECTID 10]",12.885937,77.642075,source_latlon;agrees_with_other_source_0m,high,false
Anugraha layout Billekahalli,"Bilekhalli (ward 188), Bommanahalli zone","BBMP/KSRSAC Map of Locations Vulnerable to Flooding in Bengaluru (KML, OpenCity)",https://data.opencity.in/dataset/b03218ea-4b7c-4fa9-ab67-b9054d7ecc4c/resource/a7d8a01f-1fbc-41e1-85f0-f15ea16b2d27/download/6b3c63b0-f461-4e9c-a2c2-006f734c5b41.kml,2023-02-16,swd_vulnerable_kgis,"WARD_NAME=Bilekhalli; WARDNO=188; LocationName=Anugraha layout Billekahalli; KGISFVLID=11; ZONE=Bommanahalli; coordinates=77.611508000245,12.8965700001818 [OBJECTID 11]",12.896570,77.611508,source_latlon,medium,false
Doddakannelli,"Bellandur (ward 150), Bommanahalli zone","BBMP/KSRSAC Map of Locations Vulnerable to Flooding in Bengaluru (KML, OpenCity)",https://data.opencity.in/dataset/b03218ea-4b7c-4fa9-ab67-b9054d7ecc4c/resource/a7d8a01f-1fbc-41e1-85f0-f15ea16b2d27/download/6b3c63b0-f461-4e9c-a2c2-006f734c5b41.kml,2023-02-16,swd_vulnerable_kgis,"WARD_NAME=Bellandur; WARDNO=150; LocationName=Doddakannelli; KGISFVLID=12; ZONE=Bommanahalli; coordinates=77.6929070003515,12.8978170003302 [OBJECTID 12]",12.897817,77.692907,source_latlon;shared_by_2_names,low,true
Garebhavipalya NH  service road junction,"Hongasandra (ward 189), Bommanahalli zone","BBMP/KSRSAC Map of Locations Vulnerable to Flooding in Bengaluru (KML, OpenCity)",https://data.opencity.in/dataset/b03218ea-4b7c-4fa9-ab67-b9054d7ecc4c/resource/a7d8a01f-1fbc-41e1-85f0-f15ea16b2d27/download/6b3c63b0-f461-4e9c-a2c2-006f734c5b41.kml,2023-02-16,swd_vulnerable_kgis,"WARD_NAME=Hongasandra; WARDNO=189; LocationName=Garebhavipalya NH  service road junction; KGISFVLID=13; ZONE=Bommanahalli; coordinates=77.6331209998401,12.9009220002675 [OBJECTID 13]",12.900922,77.633121,source_latlon;agrees_with_other_source_0m,high,false
Oxford college NH Junction,"Hongasandra (ward 189), Bommanahalli zone","BBMP/KSRSAC Map of Locations Vulnerable to Flooding in Bengaluru (KML, OpenCity)",https://data.opencity.in/dataset/b03218ea-4b7c-4fa9-ab67-b9054d7ecc4c/resource/a7d8a01f-1fbc-41e1-85f0-f15ea16b2d27/download/6b3c63b0-f461-4e9c-a2c2-006f734c5b41.kml,2023-02-16,swd_vulnerable_kgis,"WARD_NAME=Hongasandra; WARDNO=189; LocationName=Oxford college NH Junction; KGISFVLID=14; ZONE=Bommanahalli; coordinates=77.6314429996222,12.9013600001532 [OBJECTID 14]",12.901360,77.631443,source_latlon;agrees_with_other_source_0m,high,false
Anugraha layout RSD phase 1,"Bilekhalli (ward 188), Bommanahalli zone","BBMP/KSRSAC Map of Locations Vulnerable to Flooding in Bengaluru (KML, OpenCity)",https://data.opencity.in/dataset/b03218ea-4b7c-4fa9-ab67-b9054d7ecc4c/resource/a7d8a01f-1fbc-41e1-85f0-f15ea16b2d27/download/6b3c63b0-f461-4e9c-a2c2-006f734c5b41.kml,2023-02-16,swd_vulnerable_kgis,"WARD_NAME=Bilekhalli; WARDNO=188; LocationName=Anugraha layout RSD phase 1; KGISFVLID=15; ZONE=Bommanahalli; coordinates=77.6112620004318,12.9018859997625 [OBJECTID 15]",12.901886,77.611262,source_latlon;agrees_with_other_source_0m,high,false
Dollars Colony JP Nagar,"JP Nagar (ward 177), Bommanahalli zone","BBMP/KSRSAC Map of Locations Vulnerable to Flooding in Bengaluru (KML, OpenCity)",https://data.opencity.in/dataset/b03218ea-4b7c-4fa9-ab67-b9054d7ecc4c/resource/a7d8a01f-1fbc-41e1-85f0-f15ea16b2d27/download/6b3c63b0-f461-4e9c-a2c2-006f734c5b41.kml,2023-02-16,swd_vulnerable_kgis,"WARD_NAME=JP Nagar; WARDNO=177; LocationName=Dollars Colony JP Nagar; KGISFVLID=16; ZONE=Bommanahalli; coordinates=77.5988530001048,12.9033309997057 [OBJECTID 16]",12.903331,77.598853,source_latlon;agrees_with_other_source_0m,high,false
Dollars Colony NS palya (BTM 2nd stage),"Bilekhalli (ward 188), Bommanahalli zone","BBMP/KSRSAC Map of Locations Vulnerable to Flooding in Bengaluru (KML, OpenCity)",https://data.opencity.in/dataset/b03218ea-4b7c-4fa9-ab67-b9054d7ecc4c/resource/a7d8a01f-1fbc-41e1-85f0-f15ea16b2d27/download/6b3c63b0-f461-4e9c-a2c2-006f734c5b41.kml,2023-02-16,swd_vulnerable_kgis,"WARD_NAME=Bilekhalli; WARDNO=188; LocationName=Dollars Colony NS palya (BTM 2nd stage); KGISFVLID=17; ZONE=Bommanahalli; coordinates=77.6028070002702,12.9044550001162 [OBJECTID 17]",12.904455,77.602807,source_latlon;shared_by_2_names,low,true
Hongasandara Ambedkar Nagar,"Bommanahalli (ward 175), Bommanahalli zone","BBMP/KSRSAC Map of Locations Vulnerable to Flooding in Bengaluru (KML, OpenCity)",https://data.opencity.in/dataset/b03218ea-4b7c-4fa9-ab67-b9054d7ecc4c/resource/a7d8a01f-1fbc-41e1-85f0-f15ea16b2d27/download/6b3c63b0-f461-4e9c-a2c2-006f734c5b41.kml,2023-02-16,swd_vulnerable_kgis,"WARD_NAME=Bommanahalli; WARDNO=175; LocationName=Hongasandara Ambedkar Nagar; KGISFVLID=18; ZONE=Bommanahalli; coordinates=77.6267580001024,12.9047820003245 [OBJECTID 18]",12.904782,77.626758,source_latlon;agrees_with_other_source_0m,high,false
NS palya RSD,"Bilekhalli (ward 188), Bommanahalli zone","BBMP/KSRSAC Map of Locations Vulnerable to Flooding in Bengaluru (KML, OpenCity)",https://data.opencity.in/dataset/b03218ea-4b7c-4fa9-ab67-b9054d7ecc4c/resource/a7d8a01f-1fbc-41e1-85f0-f15ea16b2d27/download/6b3c63b0-f461-4e9c-a2c2-006f734c5b41.kml,2023-02-16,swd_vulnerable_kgis,"WARD_NAME=Bilekhalli; WARDNO=188; LocationName=NS palya RSD; KGISFVLID=19; ZONE=Bommanahalli; coordinates=77.6030360002863,12.9049030001327 [OBJECTID 19]",12.904903,77.603036,source_latlon;shared_by_2_names,low,true
HSR sector 2 Garden layout,"HSR Layout (ward 174), Bommanahalli zone","BBMP/KSRSAC Map of Locations Vulnerable to Flooding in Bengaluru (KML, OpenCity)",https://data.opencity.in/dataset/b03218ea-4b7c-4fa9-ab67-b9054d7ecc4c/resource/a7d8a01f-1fbc-41e1-85f0-f15ea16b2d27/download/6b3c63b0-f461-4e9c-a2c2-006f734c5b41.kml,2023-02-16,swd_vulnerable_kgis,"WARD_NAME=HSR Layout; WARDNO=174; LocationName=HSR sector 2 Garden layout; KGISFVLID=20; ZONE=Bommanahalli; coordinates=77.6449330003609,12.909073000038 [OBJECTID 20]",12.909073,77.644933,source_latlon;shared_by_2_names,low,true
HSR 3rd sector lead off drains,"HSR Layout (ward 174), Bommanahalli zone","BBMP/KSRSAC Map of Locations Vulnerable to Flooding in Bengaluru (KML, OpenCity)",https://data.opencity.in/dataset/b03218ea-4b7c-4fa9-ab67-b9054d7ecc4c/resource/a7d8a01f-1fbc-41e1-85f0-f15ea16b2d27/download/6b3c63b0-f461-4e9c-a2c2-006f734c5b41.kml,2023-02-16,swd_vulnerable_kgis,"WARD_NAME=HSR Layout; WARDNO=174; LocationName=HSR 3rd sector lead off drains; KGISFVLID=21; ZONE=Bommanahalli; coordinates=77.6415849997452,12.9093590002885 [OBJECTID 21]",12.909359,77.641585,source_latlon;agrees_with_other_source_0m,high,false
BEML layout,"Hemmigepura (ward 198), RR Nagar zone","BBMP/KSRSAC Map of Locations Vulnerable to Flooding in Bengaluru (KML, OpenCity)",https://data.opencity.in/dataset/b03218ea-4b7c-4fa9-ab67-b9054d7ecc4c/resource/a7d8a01f-1fbc-41e1-85f0-f15ea16b2d27/download/6b3c63b0-f461-4e9c-a2c2-006f734c5b41.kml,2023-02-16,swd_vulnerable_kgis,"WARD_NAME=Hemmigepura; WARDNO=198; LocationName=BEML layout; KGISFVLID=22; ZONE=RR Nagar; coordinates=77.5127089997889,12.9110659996409 [OBJECTID 22]",12.911066,77.512709,source_latlon;agrees_with_other_source_0m,high,false
Sector 6 lead off drains surrounding 5th and 9th main,"HSR Layout (ward 174), Bommanahalli zone","BBMP/KSRSAC Map of Locations Vulnerable to Flooding in Bengaluru (KML, OpenCity)",https://data.opencity.in/dataset/b03218ea-4b7c-4fa9-ab67-b9054d7ecc4c/resource/a7d8a01f-1fbc-41e1-85f0-f15ea16b2d27/download/6b3c63b0-f461-4e9c-a2c2-006f734c5b41.kml,2023-02-16,swd_vulnerable_kgis,"WARD_NAME=HSR Layout; WARDNO=174; LocationName=Sector 6 lead off drains surrounding 5th and 9th main; KGISFVLID=23; ZONE=Bommanahalli; coordinates=77.6324019996395,12.911655000009 [OBJECTID 23]",12.911655,77.632402,source_latlon;shared_by_2_names,low,true
HSR layout 9th and 5th main,"HSR Layout (ward 174), Bommanahalli zone","BBMP/KSRSAC Map of Locations Vulnerable to Flooding in Bengaluru (KML, OpenCity)",https://data.opencity.in/dataset/b03218ea-4b7c-4fa9-ab67-b9054d7ecc4c/resource/a7d8a01f-1fbc-41e1-85f0-f15ea16b2d27/download/6b3c63b0-f461-4e9c-a2c2-006f734c5b41.kml,2023-02-16,swd_vulnerable_kgis,"WARD_NAME=HSR Layout; WARDNO=174; LocationName=HSR layout 9th and 5th main; KGISFVLID=24; ZONE=Bommanahalli; coordinates=77.6324019996395,12.911655000009 [OBJECTID 24]",12.911655,77.632402,source_latlon;shared_by_2_names,low,true
Navodaya Layout,"Shakambari Nagar (ward 179), South zone","BBMP/KSRSAC Map of Locations Vulnerable to Flooding in Bengaluru (KML, OpenCity)",https://data.opencity.in/dataset/b03218ea-4b7c-4fa9-ab67-b9054d7ecc4c/resource/a7d8a01f-1fbc-41e1-85f0-f15ea16b2d27/download/6b3c63b0-f461-4e9c-a2c2-006f734c5b41.kml,2023-02-16,swd_vulnerable_kgis,"WARD_NAME=Shakambari Nagar; WARDNO=179; LocationName=Navodaya Layout; KGISFVLID=25; ZONE=South; coordinates=77.574917000122,12.9140560001083 [OBJECTID 25]",12.914056,77.574917,source_latlon,medium,false
BTM layout,"BTM Layout (ward 176), South zone","BBMP/KSRSAC Map of Locations Vulnerable to Flooding in Bengaluru (KML, OpenCity)",https://data.opencity.in/dataset/b03218ea-4b7c-4fa9-ab67-b9054d7ecc4c/resource/a7d8a01f-1fbc-41e1-85f0-f15ea16b2d27/download/6b3c63b0-f461-4e9c-a2c2-006f734c5b41.kml,2023-02-16,swd_vulnerable_kgis,"WARD_NAME=BTM Layout; WARDNO=176; LocationName=BTM layout; KGISFVLID=26; ZONE=South; coordinates=77.6167499995868,12.9157499999453 [OBJECTID 26]",12.915750,77.616750,source_latlon;agrees_with_other_source_0m,high,false
"Near Kapi Katte hotel, BEML Layout, 3rd Stage","Rajarajeshwari Nagar (ward 160), RR Nagar zone","BBMP/KSRSAC Map of Locations Vulnerable to Flooding in Bengaluru (KML, OpenCity)",https://data.opencity.in/dataset/b03218ea-4b7c-4fa9-ab67-b9054d7ecc4c/resource/a7d8a01f-1fbc-41e1-85f0-f15ea16b2d27/download/6b3c63b0-f461-4e9c-a2c2-006f734c5b41.kml,2023-02-16,swd_vulnerable_kgis,"WARD_NAME=Rajarajeshwari Nagar; WARDNO=160; LocationName=Near Kapi Katte hotel, BEML Layout, 3rd Stage; KGISFVLID=27; ZONE=RR Nagar; coordinates=77.5205070003507,12.9157930001939 [OBJECTID 27]",12.915793,77.520507,source_latlon,medium,false
Shankarappa Layout to BEML gate,"Rajarajeshwari Nagar (ward 160), RR Nagar zone","BBMP/KSRSAC Map of Locations Vulnerable to Flooding in Bengaluru (KML, OpenCity)",https://data.opencity.in/dataset/b03218ea-4b7c-4fa9-ab67-b9054d7ecc4c/resource/a7d8a01f-1fbc-41e1-85f0-f15ea16b2d27/download/6b3c63b0-f461-4e9c-a2c2-006f734c5b41.kml,2023-02-16,swd_vulnerable_kgis,"WARD_NAME=Rajarajeshwari Nagar; WARDNO=160; LocationName=Shankarappa Layout to BEML gate; KGISFVLID=28; ZONE=RR Nagar; coordinates=77.5225559997874,12.9164060001552 [OBJECTID 28]",12.916406,77.522556,source_latlon;agrees_with_other_source_0m,high,false
RR nagar BEML 5th stage near Kapi katte hotel,"Rajarajeshwari Nagar (ward 160), RR Nagar zone","BBMP/KSRSAC Map of Locations Vulnerable to Flooding in Bengaluru (KML, OpenCity)",https://data.opencity.in/dataset/b03218ea-4b7c-4fa9-ab67-b9054d7ecc4c/resource/a7d8a01f-1fbc-41e1-85f0-f15ea16b2d27/download/6b3c63b0-f461-4e9c-a2c2-006f734c5b41.kml,2023-02-16,swd_vulnerable_kgis,"WARD_NAME=Rajarajeshwari Nagar; WARDNO=160; LocationName=RR nagar BEML 5th stage near Kapi katte hotel; KGISFVLID=29; ZONE=RR Nagar; coordinates=77.5208829999744,12.9164329997018 [OBJECTID 29]",12.916433,77.520883,source_latlon;agrees_with_other_source_0m,high,false
Hosur road Jayadeva flyover to Udupi Garden Signal,"JP Nagar (ward 177), South zone","BBMP/KSRSAC Map of Locations Vulnerable to Flooding in Bengaluru (KML, OpenCity)",https://data.opencity.in/dataset/b03218ea-4b7c-4fa9-ab67-b9054d7ecc4c/resource/a7d8a01f-1fbc-41e1-85f0-f15ea16b2d27/download/6b3c63b0-f461-4e9c-a2c2-006f734c5b41.kml,2023-02-16,swd_vulnerable_kgis,"WARD_NAME=JP Nagar; WARDNO=177; LocationName=Hosur road Jayadeva flyover to Udupi Garden Signal; KGISFVLID=30; ZONE=South; coordinates=77.599888999588,12.9164720003761 [OBJECTID 30]",12.916472,77.599889,source_latlon,medium,false
Silk Board junction,"Bommanahalli (ward 175), South zone","BBMP/KSRSAC Map of Locations Vulnerable to Flooding in Bengaluru (KML, OpenCity)",https://data.opencity.in/dataset/b03218ea-4b7c-4fa9-ab67-b9054d7ecc4c/resource/a7d8a01f-1fbc-41e1-85f0-f15ea16b2d27/download/6b3c63b0-f461-4e9c-a2c2-006f734c5b41.kml,2023-02-16,swd_vulnerable_kgis,"WARD_NAME=Bommanahalli; WARDNO=175; LocationName=Silk Board junction; KGISFVLID=31; ZONE=South; coordinates=77.6227219995918,12.9171940003384 [OBJECTID 31]",12.917194,77.622722,source_latlon;agrees_with_other_source_0m,high,false
Global Village Joining V Valley at Global Village Property,"Hemmigepura (ward 198), RR Nagar zone","BBMP/KSRSAC Map of Locations Vulnerable to Flooding in Bengaluru (KML, OpenCity)",https://data.opencity.in/dataset/b03218ea-4b7c-4fa9-ab67-b9054d7ecc4c/resource/a7d8a01f-1fbc-41e1-85f0-f15ea16b2d27/download/6b3c63b0-f461-4e9c-a2c2-006f734c5b41.kml,2023-02-16,swd_vulnerable_kgis,"WARD_NAME=Hemmigepura; WARDNO=198; LocationName=Global Village Joining V Valley at Global Village Property; KGISFVLID=32; ZONE=RR Nagar; coordinates=77.5019910002475,12.918066999854 [OBJECTID 32]",12.918067,77.501991,source_latlon;other_source_269m,medium,false
Silk Board,"Jakkasandra (ward 173), South zone","BBMP/KSRSAC Map of Locations Vulnerable to Flooding in Bengaluru (KML, OpenCity)",https://data.opencity.in/dataset/b03218ea-4b7c-4fa9-ab67-b9054d7ecc4c/resource/a7d8a01f-1fbc-41e1-85f0-f15ea16b2d27/download/6b3c63b0-f461-4e9c-a2c2-006f734c5b41.kml,2023-02-16,swd_vulnerable_kgis,"WARD_NAME=Jakkasandra; WARDNO=173; LocationName=Silk Board; KGISFVLID=33; ZONE=South; coordinates=77.6218890001268,12.9186389995745 [OBJECTID 33]",12.918639,77.621889,source_latlon;other_source_183m,medium,false
Gunjur,"Varthuru (ward 149), Mahadevapura zone","BBMP/KSRSAC Map of Locations Vulnerable to Flooding in Bengaluru (KML, OpenCity)",https://data.opencity.in/dataset/b03218ea-4b7c-4fa9-ab67-b9054d7ecc4c/resource/a7d8a01f-1fbc-41e1-85f0-f15ea16b2d27/download/6b3c63b0-f461-4e9c-a2c2-006f734c5b41.kml,2023-02-16,swd_vulnerable_kgis,"WARD_NAME=Varthuru; WARDNO=149; LocationName=Gunjur; KGISFVLID=34; ZONE=Mahadevapura; coordinates=77.7324980001139,12.9210900003641 [OBJECTID 34]",12.921090,77.732498,source_latlon;agrees_with_other_source_0m,high,false
Bannerghatta road near Oakyard Apartment,"Jayanagar East (ward 170), South zone","BBMP/KSRSAC Map of Locations Vulnerable to Flooding in Bengaluru (KML, OpenCity)",https://data.opencity.in/dataset/b03218ea-4b7c-4fa9-ab67-b9054d7ecc4c/resource/a7d8a01f-1fbc-41e1-85f0-f15ea16b2d27/download/6b3c63b0-f461-4e9c-a2c2-006f734c5b41.kml,2023-02-16,swd_vulnerable_kgis,"WARD_NAME=Jayanagar East; WARDNO=170; LocationName=Bannerghatta road near Oakyard Apartment; KGISFVLID=35; ZONE=South; coordinates=77.5999439997024,12.9216939998662 [OBJECTID 35]",12.921694,77.599944,source_latlon,medium,false
"Heorhalli, Mahadeshwara Nagara","Hemmigepura (ward 198), RR Nagar zone","BBMP/KSRSAC Map of Locations Vulnerable to Flooding in Bengaluru (KML, OpenCity)",https://data.opencity.in/dataset/b03218ea-4b7c-4fa9-ab67-b9054d7ecc4c/resource/a7d8a01f-1fbc-41e1-85f0-f15ea16b2d27/download/6b3c63b0-f461-4e9c-a2c2-006f734c5b41.kml,2023-02-16,swd_vulnerable_kgis,"WARD_NAME=Hemmigepura; WARDNO=198; LocationName=Heorhalli, Mahadeshwara Nagara; KGISFVLID=36; ZONE=RR Nagar; coordinates=77.5114800003827,12.9222039999469 [OBJECTID 36]",12.922204,77.511480,source_latlon,medium,false
Basaveshwara Circle BEML 3rd stage,"Rajarajeshwari Nagar (ward 160), RR Nagar zone","BBMP/KSRSAC Map of Locations Vulnerable to Flooding in Bengaluru (KML, OpenCity)",https://data.opencity.in/dataset/b03218ea-4b7c-4fa9-ab67-b9054d7ecc4c/resource/a7d8a01f-1fbc-41e1-85f0-f15ea16b2d27/download/6b3c63b0-f461-4e9c-a2c2-006f734c5b41.kml,2023-02-16,swd_vulnerable_kgis,"WARD_NAME=Rajarajeshwari Nagar; WARDNO=160; LocationName=Basaveshwara Circle BEML 3rd stage; KGISFVLID=37; ZONE=RR Nagar; coordinates=77.5185219998343,12.9228170001818 [OBJECTID 37]",12.922817,77.518522,source_latlon;agrees_with_other_source_0m,high,false
Gurappanapalya Banneragatta main road,"Gurappanapalya (ward 171), South zone","BBMP/KSRSAC Map of Locations Vulnerable to Flooding in Bengaluru (KML, OpenCity)",https://data.opencity.in/dataset/b03218ea-4b7c-4fa9-ab67-b9054d7ecc4c/resource/a7d8a01f-1fbc-41e1-85f0-f15ea16b2d27/download/6b3c63b0-f461-4e9c-a2c2-006f734c5b41.kml,2023-02-16,swd_vulnerable_kgis,"WARD_NAME=Gurappanapalya; WARDNO=171; LocationName=Gurappanapalya Banneragatta main road; KGISFVLID=38; ZONE=South; coordinates=77.6004439997076,12.9230000002928 [OBJECTID 38]",12.923000,77.600444,source_latlon;agrees_with_other_source_0m,high,false
Gurudutta Layout to Sapthagiri Layout,"Rajarajeshwari Nagar (ward 160), RR Nagar zone","BBMP/KSRSAC Map of Locations Vulnerable to Flooding in Bengaluru (KML, OpenCity)",https://data.opencity.in/dataset/b03218ea-4b7c-4fa9-ab67-b9054d7ecc4c/resource/a7d8a01f-1fbc-41e1-85f0-f15ea16b2d27/download/6b3c63b0-f461-4e9c-a2c2-006f734c5b41.kml,2023-02-16,swd_vulnerable_kgis,"WARD_NAME=Rajarajeshwari Nagar; WARDNO=160; LocationName=Gurudutta Layout to Sapthagiri Layout; KGISFVLID=39; ZONE=RR Nagar; coordinates=77.5389369996774,12.9232390000653 [OBJECTID 39]",12.923239,77.538937,source_latlon;other_source_164m,medium,false
Pattanagere main road beside RV college,"Hemmigepura (ward 198), RR Nagar zone","BBMP/KSRSAC Map of Locations Vulnerable to Flooding in Bengaluru (KML, OpenCity)",https://data.opencity.in/dataset/b03218ea-4b7c-4fa9-ab67-b9054d7ecc4c/resource/a7d8a01f-1fbc-41e1-85f0-f15ea16b2d27/download/6b3c63b0-f461-4e9c-a2c2-006f734c5b41.kml,2023-02-16,swd_vulnerable_kgis,"WARD_NAME=Hemmigepura; WARDNO=198; LocationName=Pattanagere main road beside RV college; KGISFVLID=40; ZONE=RR Nagar; coordinates=77.5050029996364,12.9234149999601 [OBJECTID 40]",12.923415,77.505003,source_latlon;agrees_with_other_source_105m,high,false
"Near Dattarthraya Temple, Hosakerehalli","Hosakerehalli (ward 161), South zone","BBMP/KSRSAC Map of Locations Vulnerable to Flooding in Bengaluru (KML, OpenCity)",https://data.opencity.in/dataset/b03218ea-4b7c-4fa9-ab67-b9054d7ecc4c/resource/a7d8a01f-1fbc-41e1-85f0-f15ea16b2d27/download/6b3c63b0-f461-4e9c-a2c2-006f734c5b41.kml,2023-02-16,swd_vulnerable_kgis,"WARD_NAME=Hosakerehalli; WARDNO=161; LocationName=Near Dattarthraya Temple, Hosakerehalli; KGISFVLID=41; ZONE=South; coordinates=77.5391330000573,12.9246960001373 [OBJECTID 41]",12.924696,77.539133,source_latlon;agrees_with_other_source_0m,high,false
Halagevadeyarahalli lake to Kenchenahalli  lake,"Rajarajeshwari Nagar (ward 160), RR Nagar zone","BBMP/KSRSAC Map of Locations Vulnerable to Flooding in Bengaluru (KML, OpenCity)",https://data.opencity.in/dataset/b03218ea-4b7c-4fa9-ab67-b9054d7ecc4c/resource/a7d8a01f-1fbc-41e1-85f0-f15ea16b2d27/download/6b3c63b0-f461-4e9c-a2c2-006f734c5b41.kml,2023-02-16,swd_vulnerable_kgis,"WARD_NAME=Rajarajeshwari Nagar; WARDNO=160; LocationName=Halagevadeyarahalli lake to Kenchenahalli  lake; KGISFVLID=42; ZONE=RR Nagar; coordinates=77.5215560001489,12.9248170004001 [OBJECTID 42]",12.924817,77.521556,source_latlon;agrees_with_other_source_0m,high,false
Tavarekere Main road,"Madivala (ward 172), South zone","BBMP/KSRSAC Map of Locations Vulnerable to Flooding in Bengaluru (KML, OpenCity)",https://data.opencity.in/dataset/b03218ea-4b7c-4fa9-ab67-b9054d7ecc4c/resource/a7d8a01f-1fbc-41e1-85f0-f15ea16b2d27/download/6b3c63b0-f461-4e9c-a2c2-006f734c5b41.kml,2023-02-16,swd_vulnerable_kgis,"WARD_NAME=Madivala; WARDNO=172; LocationName=Tavarekere Main road; KGISFVLID=43; ZONE=South; coordinates=77.6090279999762,12.9249439996397 [OBJECTID 43]",12.924944,77.609028,source_latlon,medium,false
Bellandur,"Bellandur (ward 150), Mahadevapura zone","BBMP/KSRSAC Map of Locations Vulnerable to Flooding in Bengaluru (KML, OpenCity)",https://data.opencity.in/dataset/b03218ea-4b7c-4fa9-ab67-b9054d7ecc4c/resource/a7d8a01f-1fbc-41e1-85f0-f15ea16b2d27/download/6b3c63b0-f461-4e9c-a2c2-006f734c5b41.kml,2023-02-16,swd_vulnerable_kgis,"WARD_NAME=Bellandur; WARDNO=150; LocationName=Bellandur; KGISFVLID=44; ZONE=Mahadevapura; coordinates=77.6781159995721,12.926463999968 [OBJECTID 44]",12.926464,77.678116,source_latlon;agrees_with_other_source_0m,high,false
"Jawaregowdana Doddi, Bangarappa Nagara","Rajarajeshwari Nagar (ward 160), RR Nagar zone","BBMP/KSRSAC Map of Locations Vulnerable to Flooding in Bengaluru (KML, OpenCity)",https://data.opencity.in/dataset/b03218ea-4b7c-4fa9-ab67-b9054d7ecc4c/resource/a7d8a01f-1fbc-41e1-85f0-f15ea16b2d27/download/6b3c63b0-f461-4e9c-a2c2-006f734c5b41.kml,2023-02-16,swd_vulnerable_kgis,"WARD_NAME=Rajarajeshwari Nagar; WARDNO=160; LocationName=Jawaregowdana Doddi, Bangarappa Nagara; KGISFVLID=45; ZONE=RR Nagar; coordinates=77.5203309995722,12.9285690002317 [OBJECTID 45]",12.928569,77.520331,source_latlon;agrees_with_other_source_0m,high,false
Sarjapura road,"Varthuru (ward 149), Mahadevapura zone","BBMP/KSRSAC Map of Locations Vulnerable to Flooding in Bengaluru (KML, OpenCity)",https://data.opencity.in/dataset/b03218ea-4b7c-4fa9-ab67-b9054d7ecc4c/resource/a7d8a01f-1fbc-41e1-85f0-f15ea16b2d27/download/6b3c63b0-f461-4e9c-a2c2-006f734c5b41.kml,2023-02-16,swd_vulnerable_kgis,"WARD_NAME=Varthuru; WARDNO=149; LocationName=Sarjapura road; KGISFVLID=46; ZONE=Mahadevapura; coordinates=77.7179079998361,12.9287960003197 [OBJECTID 46]",12.928796,77.717908,source_latlon,medium,false
Bannerghatta Road near spar super market,"Suddgunte Palya (ward 152), South zone","BBMP/KSRSAC Map of Locations Vulnerable to Flooding in Bengaluru (KML, OpenCity)",https://data.opencity.in/dataset/b03218ea-4b7c-4fa9-ab67-b9054d7ecc4c/resource/a7d8a01f-1fbc-41e1-85f0-f15ea16b2d27/download/6b3c63b0-f461-4e9c-a2c2-006f734c5b41.kml,2023-02-16,swd_vulnerable_kgis,"WARD_NAME=Suddgunte Palya; WARDNO=152; LocationName=Bannerghatta Road near spar super market; KGISFVLID=47; ZONE=South; coordinates=77.6010279998388,12.9302500000676 [OBJECTID 47]",12.930250,77.601028,source_latlon,medium,false
Near DIAT college,"Rajarajeshwari Nagar (ward 160), RR Nagar zone","BBMP/KSRSAC Map of Locations Vulnerable to Flooding in Bengaluru (KML, OpenCity)",https://data.opencity.in/dataset/b03218ea-4b7c-4fa9-ab67-b9054d7ecc4c/resource/a7d8a01f-1fbc-41e1-85f0-f15ea16b2d27/download/6b3c63b0-f461-4e9c-a2c2-006f734c5b41.kml,2023-02-16,swd_vulnerable_kgis,"WARD_NAME=Rajarajeshwari Nagar; WARDNO=160; LocationName=Near DIAT college; KGISFVLID=48; ZONE=RR Nagar; coordinates=77.5129919999065,12.9315919998495 [OBJECTID 48]",12.931592,77.512992,source_latlon;agrees_with_other_source_0m,high,false
Gulbarga Calony RBI extension,"Jayanagar (ward 153), South zone","BBMP/KSRSAC Map of Locations Vulnerable to Flooding in Bengaluru (KML, OpenCity)",https://data.opencity.in/dataset/b03218ea-4b7c-4fa9-ab67-b9054d7ecc4c/resource/a7d8a01f-1fbc-41e1-85f0-f15ea16b2d27/download/6b3c63b0-f461-4e9c-a2c2-006f734c5b41.kml,2023-02-16,swd_vulnerable_kgis,"WARD_NAME=Jayanagar; WARDNO=153; LocationName=Gulbarga Calony RBI extension; KGISFVLID=49; ZONE=South; coordinates=77.5939170002161,12.9319170000067 [OBJECTID 49]",12.931917,77.593917,source_latlon;agrees_with_other_source_0m,high,false
"Hosakerehalli, near D'souza Nagara","Hosakerehalli (ward 161), South zone","BBMP/KSRSAC Map of Locations Vulnerable to Flooding in Bengaluru (KML, OpenCity)",https://data.opencity.in/dataset/b03218ea-4b7c-4fa9-ab67-b9054d7ecc4c/resource/a7d8a01f-1fbc-41e1-85f0-f15ea16b2d27/download/6b3c63b0-f461-4e9c-a2c2-006f734c5b41.kml,2023-02-16,swd_vulnerable_kgis,"WARD_NAME=Hosakerehalli; WARDNO=161; LocationName=Hosakerehalli, near D'souza Nagara; KGISFVLID=50; ZONE=South; coordinates=77.5353230002493,12.9320229995686 [OBJECTID 50]",12.932023,77.535323,source_latlon,medium,false
Ideal Homes beside Akkamahadevi choultry,"Rajarajeshwari Nagar (ward 160), RR Nagar zone","BBMP/KSRSAC Map of Locations Vulnerable to Flooding in Bengaluru (KML, OpenCity)",https://data.opencity.in/dataset/b03218ea-4b7c-4fa9-ab67-b9054d7ecc4c/resource/a7d8a01f-1fbc-41e1-85f0-f15ea16b2d27/download/6b3c63b0-f461-4e9c-a2c2-006f734c5b41.kml,2023-02-16,swd_vulnerable_kgis,"WARD_NAME=Rajarajeshwari Nagar; WARDNO=160; LocationName=Ideal Homes beside Akkamahadevi choultry; KGISFVLID=51; ZONE=RR Nagar; coordinates=77.5168580003841,12.9327910000653 [OBJECTID 51]",12.932791,77.516858,source_latlon,medium,false
Byrasandara Fire station,"Byrasandra (ward 169), South zone","BBMP/KSRSAC Map of Locations Vulnerable to Flooding in Bengaluru (KML, OpenCity)",https://data.opencity.in/dataset/b03218ea-4b7c-4fa9-ab67-b9054d7ecc4c/resource/a7d8a01f-1fbc-41e1-85f0-f15ea16b2d27/download/6b3c63b0-f461-4e9c-a2c2-006f734c5b41.kml,2023-02-16,swd_vulnerable_kgis,"WARD_NAME=Byrasandra; WARDNO=169; LocationName=Byrasandara Fire station; KGISFVLID=52; ZONE=South; coordinates=77.5889720000425,12.9329440004321 [OBJECTID 52]",12.932944,77.588972,source_latlon;agrees_with_other_source_0m,high,false
Koramangala 4 th block,"Ejipura (ward 148), South zone","BBMP/KSRSAC Map of Locations Vulnerable to Flooding in Bengaluru (KML, OpenCity)",https://data.opencity.in/dataset/b03218ea-4b7c-4fa9-ab67-b9054d7ecc4c/resource/a7d8a01f-1fbc-41e1-85f0-f15ea16b2d27/download/6b3c63b0-f461-4e9c-a2c2-006f734c5b41.kml,2023-02-16,swd_vulnerable_kgis,"WARD_NAME=Ejipura; WARDNO=148; LocationName=Koramangala 4 th block; KGISFVLID=53; ZONE=South; coordinates=77.6303889996797,12.9338059995997 [OBJECTID 53]",12.933806,77.630389,source_latlon;agrees_with_other_source_0m,high,false
ST Bed Koramangala,"Ejipura (ward 148), South zone","BBMP/KSRSAC Map of Locations Vulnerable to Flooding in Bengaluru (KML, OpenCity)",https://data.opencity.in/dataset/b03218ea-4b7c-4fa9-ab67-b9054d7ecc4c/resource/a7d8a01f-1fbc-41e1-85f0-f15ea16b2d27/download/6b3c63b0-f461-4e9c-a2c2-006f734c5b41.kml,2023-02-16,swd_vulnerable_kgis,"WARD_NAME=Ejipura; WARDNO=148; LocationName=ST Bed Koramangala; KGISFVLID=54; ZONE=South; coordinates=77.6301390003163,12.9347220002171 [OBJECTID 54]",12.934722,77.630139,source_latlon;agrees_with_other_source_0m,high,false
Panathur,"Varthuru (ward 149), Mahadevapura zone","BBMP/KSRSAC Map of Locations Vulnerable to Flooding in Bengaluru (KML, OpenCity)",https://data.opencity.in/dataset/b03218ea-4b7c-4fa9-ab67-b9054d7ecc4c/resource/a7d8a01f-1fbc-41e1-85f0-f15ea16b2d27/download/6b3c63b0-f461-4e9c-a2c2-006f734c5b41.kml,2023-02-16,swd_vulnerable_kgis,"WARD_NAME=Varthuru; WARDNO=149; LocationName=Panathur; KGISFVLID=55; ZONE=Mahadevapura; coordinates=77.7050130001721,12.9363549996158 [OBJECTID 55]",12.936355,77.705013,source_latlon;agrees_with_other_source_0m,high,false
Sony Signal to Maharaja signal in Koramangala,"Koramangala (ward 151), South zone","BBMP/KSRSAC Map of Locations Vulnerable to Flooding in Bengaluru (KML, OpenCity)",https://data.opencity.in/dataset/b03218ea-4b7c-4fa9-ab67-b9054d7ecc4c/resource/a7d8a01f-1fbc-41e1-85f0-f15ea16b2d27/download/6b3c63b0-f461-4e9c-a2c2-006f734c5b41.kml,2023-02-16,swd_vulnerable_kgis,"WARD_NAME=Koramangala; WARDNO=151; LocationName=Sony Signal to Maharaja signal in Koramangala; KGISFVLID=56; ZONE=South; coordinates=77.6264169996428,12.9368889998067 [OBJECTID 56]",12.936889,77.626417,source_latlon,medium,false
Varthur police station,"Varthuru (ward 149), Mahadevapura zone","BBMP/KSRSAC Map of Locations Vulnerable to Flooding in Bengaluru (KML, OpenCity)",https://data.opencity.in/dataset/b03218ea-4b7c-4fa9-ab67-b9054d7ecc4c/resource/a7d8a01f-1fbc-41e1-85f0-f15ea16b2d27/download/6b3c63b0-f461-4e9c-a2c2-006f734c5b41.kml,2023-02-16,swd_vulnerable_kgis,"WARD_NAME=Varthuru; WARDNO=149; LocationName=Varthur police station; KGISFVLID=57; ZONE=Mahadevapura; coordinates=77.7468440000649,12.9380780003797 [OBJECTID 57]",12.938078,77.746844,source_latlon;agrees_with_other_source_0m,high,false
Ejipura Ashwini layout,"Ejipura (ward 148), South zone","BBMP/KSRSAC Map of Locations Vulnerable to Flooding in Bengaluru (KML, OpenCity)",https://data.opencity.in/dataset/b03218ea-4b7c-4fa9-ab67-b9054d7ecc4c/resource/a7d8a01f-1fbc-41e1-85f0-f15ea16b2d27/download/6b3c63b0-f461-4e9c-a2c2-006f734c5b41.kml,2023-02-16,swd_vulnerable_kgis,"WARD_NAME=Ejipura; WARDNO=148; LocationName=Ejipura Ashwini layout; KGISFVLID=58; ZONE=South; coordinates=77.6287500002291,12.9386389997591 [OBJECTID 58]",12.938639,77.628750,source_latlon,medium,false
Balagere,"Varthuru (ward 149), Mahadevapura zone","BBMP/KSRSAC Map of Locations Vulnerable to Flooding in Bengaluru (KML, OpenCity)",https://data.opencity.in/dataset/b03218ea-4b7c-4fa9-ab67-b9054d7ecc4c/resource/a7d8a01f-1fbc-41e1-85f0-f15ea16b2d27/download/6b3c63b0-f461-4e9c-a2c2-006f734c5b41.kml,2023-02-16,swd_vulnerable_kgis,"WARD_NAME=Varthuru; WARDNO=149; LocationName=Balagere; KGISFVLID=59; ZONE=Mahadevapura; coordinates=77.7231780003678,12.9389319999565 [OBJECTID 59]",12.938932,77.723178,source_latlon;agrees_with_other_source_0m,high,false
Sonnenahalli Bridge Upstream  Gollarahatti,"Ullalu (ward 130), RR Nagar zone","BBMP/KSRSAC Map of Locations Vulnerable to Flooding in Bengaluru (KML, OpenCity)",https://data.opencity.in/dataset/b03218ea-4b7c-4fa9-ab67-b9054d7ecc4c/resource/a7d8a01f-1fbc-41e1-85f0-f15ea16b2d27/download/6b3c63b0-f461-4e9c-a2c2-006f734c5b41.kml,2023-02-16,swd_vulnerable_kgis,"WARD_NAME=Ullalu; WARDNO=130; LocationName=Sonnenahalli Bridge Upstream  Gollarahatti; KGISFVLID=60; ZONE=RR Nagar; coordinates=77.4829419999122,12.9420450004498 [OBJECTID 60]",12.942045,77.482942,source_latlon,medium,false
RV Teachers College,"Jayanagar (ward 153), South zone","BBMP/KSRSAC Map of Locations Vulnerable to Flooding in Bengaluru (KML, OpenCity)",https://data.opencity.in/dataset/b03218ea-4b7c-4fa9-ab67-b9054d7ecc4c/resource/a7d8a01f-1fbc-41e1-85f0-f15ea16b2d27/download/6b3c63b0-f461-4e9c-a2c2-006f734c5b41.kml,2023-02-16,swd_vulnerable_kgis,"WARD_NAME=Jayanagar; WARDNO=153; LocationName=RV Teachers College; KGISFVLID=61; ZONE=South; coordinates=77.5814719998392,12.943583000005 [OBJECTID 61]",12.943583,77.581472,source_latlon;agrees_with_other_source_0m,high,false
Nayandahalli and near Railway track,"Nayandahalli (ward 131), West zone","BBMP/KSRSAC Map of Locations Vulnerable to Flooding in Bengaluru (KML, OpenCity)",https://data.opencity.in/dataset/b03218ea-4b7c-4fa9-ab67-b9054d7ecc4c/resource/a7d8a01f-1fbc-41e1-85f0-f15ea16b2d27/download/6b3c63b0-f461-4e9c-a2c2-006f734c5b41.kml,2023-02-16,swd_vulnerable_kgis,"WARD_NAME=Nayandahalli; WARDNO=131; LocationName=Nayandahalli and near Railway track; KGISFVLID=62; ZONE=West; coordinates=77.525586000155,12.944652999721 [OBJECTID 62]",12.944653,77.525586,source_latlon;agrees_with_other_source_0m,high,false
Ranganatha Colony,"Deepanjali Nagar (ward 158), South zone","BBMP/KSRSAC Map of Locations Vulnerable to Flooding in Bengaluru (KML, OpenCity)",https://data.opencity.in/dataset/b03218ea-4b7c-4fa9-ab67-b9054d7ecc4c/resource/a7d8a01f-1fbc-41e1-85f0-f15ea16b2d27/download/6b3c63b0-f461-4e9c-a2c2-006f734c5b41.kml,2023-02-16,swd_vulnerable_kgis,"WARD_NAME=Deepanjali Nagar; WARDNO=158; LocationName=Ranganatha Colony; KGISFVLID=63; ZONE=South; coordinates=77.5350700000603,12.9453019997598 [OBJECTID 63]",12.945302,77.535070,source_latlon,medium,false
"Nayandahalli Junction, Mysore road","Deepanjali Nagar (ward 158), South zone","BBMP/KSRSAC Map of Locations Vulnerable to Flooding in Bengaluru (KML, OpenCity)",https://data.opencity.in/dataset/b03218ea-4b7c-4fa9-ab67-b9054d7ecc4c/resource/a7d8a01f-1fbc-41e1-85f0-f15ea16b2d27/download/6b3c63b0-f461-4e9c-a2c2-006f734c5b41.kml,2023-02-16,swd_vulnerable_kgis,"WARD_NAME=Deepanjali Nagar; WARDNO=158; LocationName=Nayandahalli Junction, Mysore road; KGISFVLID=64; ZONE=South; coordinates=77.5289369997109,12.9454799999144 [OBJECTID 64]",12.945480,77.528937,source_latlon;agrees_with_other_source_0m,high,false
Siddpapura gate,"Siddapura (ward 144), South zone","BBMP/KSRSAC Map of Locations Vulnerable to Flooding in Bengaluru (KML, OpenCity)",https://data.opencity.in/dataset/b03218ea-4b7c-4fa9-ab67-b9054d7ecc4c/resource/a7d8a01f-1fbc-41e1-85f0-f15ea16b2d27/download/6b3c63b0-f461-4e9c-a2c2-006f734c5b41.kml,2023-02-16,swd_vulnerable_kgis,"WARD_NAME=Siddapura; WARDNO=144; LocationName=Siddpapura gate; KGISFVLID=65; ZONE=South; coordinates=77.5896389996749,12.9463060000123 [OBJECTID 65]",12.946306,77.589639,source_latlon,medium,false
Kempegowda Nagar,"Hanumanth Nagar (ward 155), South zone","BBMP/KSRSAC Map of Locations Vulnerable to Flooding in Bengaluru (KML, OpenCity)",https://data.opencity.in/dataset/b03218ea-4b7c-4fa9-ab67-b9054d7ecc4c/resource/a7d8a01f-1fbc-41e1-85f0-f15ea16b2d27/download/6b3c63b0-f461-4e9c-a2c2-006f734c5b41.kml,2023-02-16,swd_vulnerable_kgis,"WARD_NAME=Hanumanth Nagar; WARDNO=155; LocationName=Kempegowda Nagar; KGISFVLID=66; ZONE=South; coordinates=77.5633780004369,12.9472350000525 [OBJECTID 66]",12.947235,77.563378,source_latlon;conflicts_with_other_source_9845m,low,true
Anjanappa Layout to Kempegowda Nagara,"Hanumanth Nagar (ward 155), South zone","BBMP/KSRSAC Map of Locations Vulnerable to Flooding in Bengaluru (KML, OpenCity)",https://data.opencity.in/dataset/b03218ea-4b7c-4fa9-ab67-b9054d7ecc4c/resource/a7d8a01f-1fbc-41e1-85f0-f15ea16b2d27/download/6b3c63b0-f461-4e9c-a2c2-006f734c5b41.kml,2023-02-16,swd_vulnerable_kgis,"WARD_NAME=Hanumanth Nagar; WARDNO=155; LocationName=Anjanappa Layout to Kempegowda Nagara; KGISFVLID=67; ZONE=South; coordinates=77.5633749999135,12.9473279997002 [OBJECTID 67]",12.947328,77.563375,source_latlon;conflicts_with_other_source_9840m,low,true
Rajendra Nagar slum opp KPWD quarters,"Nilasandra (ward 116), South zone","BBMP/KSRSAC Map of Locations Vulnerable to Flooding in Bengaluru (KML, OpenCity)",https://data.opencity.in/dataset/b03218ea-4b7c-4fa9-ab67-b9054d7ecc4c/resource/a7d8a01f-1fbc-41e1-85f0-f15ea16b2d27/download/6b3c63b0-f461-4e9c-a2c2-006f734c5b41.kml,2023-02-16,swd_vulnerable_kgis,"WARD_NAME=Nilasandra; WARDNO=116; LocationName=Rajendra Nagar slum opp KPWD quarters; KGISFVLID=68; ZONE=South; coordinates=77.6191940003729,12.9478609998277 [OBJECTID 68]",12.947861,77.619194,source_latlon;agrees_with_other_source_0m,high,false
Vinayaka layout,"Ullalu (ward 130), RR Nagar zone","BBMP/KSRSAC Map of Locations Vulnerable to Flooding in Bengaluru (KML, OpenCity)",https://data.opencity.in/dataset/b03218ea-4b7c-4fa9-ab67-b9054d7ecc4c/resource/a7d8a01f-1fbc-41e1-85f0-f15ea16b2d27/download/6b3c63b0-f461-4e9c-a2c2-006f734c5b41.kml,2023-02-16,swd_vulnerable_kgis,"WARD_NAME=Ullalu; WARDNO=130; LocationName=Vinayaka layout; KGISFVLID=69; ZONE=RR Nagar; coordinates=77.4876939998255,12.9495949995645 [OBJECTID 69]",12.949595,77.487694,source_latlon,medium,false
S G R Dental college,"Bellandur (ward 150), Mahadevapura zone","BBMP/KSRSAC Map of Locations Vulnerable to Flooding in Bengaluru (KML, OpenCity)",https://data.opencity.in/dataset/b03218ea-4b7c-4fa9-ab67-b9054d7ecc4c/resource/a7d8a01f-1fbc-41e1-85f0-f15ea16b2d27/download/6b3c63b0-f461-4e9c-a2c2-006f734c5b41.kml,2023-02-16,swd_vulnerable_kgis,"WARD_NAME=Bellandur; WARDNO=150; LocationName=S G R Dental college; KGISFVLID=70; ZONE=Mahadevapura; coordinates=77.7006789995642,12.9499429997715 [OBJECTID 70]",12.949943,77.700679,source_latlon;agrees_with_other_source_0m,high,false
Ejipura opp army land,"Vannarpet (ward 115), East zone","BBMP/KSRSAC Map of Locations Vulnerable to Flooding in Bengaluru (KML, OpenCity)",https://data.opencity.in/dataset/b03218ea-4b7c-4fa9-ab67-b9054d7ecc4c/resource/a7d8a01f-1fbc-41e1-85f0-f15ea16b2d27/download/6b3c63b0-f461-4e9c-a2c2-006f734c5b41.kml,2023-02-16,swd_vulnerable_kgis,"WARD_NAME=Vannarpet; WARDNO=115; LocationName=Ejipura opp army land; KGISFVLID=71; ZONE=East; coordinates=77.6258889999632,12.9503890003974 [OBJECTID 71]",12.950389,77.625889,source_latlon;agrees_with_other_source_0m,high,false
Kavika Bridge to Nice road bridge,"Gali Anjanaya Temple (ward 157), South zone","BBMP/KSRSAC Map of Locations Vulnerable to Flooding in Bengaluru (KML, OpenCity)",https://data.opencity.in/dataset/b03218ea-4b7c-4fa9-ab67-b9054d7ecc4c/resource/a7d8a01f-1fbc-41e1-85f0-f15ea16b2d27/download/6b3c63b0-f461-4e9c-a2c2-006f734c5b41.kml,2023-02-16,swd_vulnerable_kgis,"WARD_NAME=Gali Anjanaya Temple; WARDNO=157; LocationName=Kavika Bridge to Nice road bridge; KGISFVLID=72; ZONE=South; coordinates=77.538597000007,12.9505679997939 [OBJECTID 72]",12.950568,77.538597,source_latlon;agrees_with_other_source_0m,high,false
Anepalya junction,"Shanthi Nagar (ward 117), East zone","BBMP/KSRSAC Map of Locations Vulnerable to Flooding in Bengaluru (KML, OpenCity)",https://data.opencity.in/dataset/b03218ea-4b7c-4fa9-ab67-b9054d7ecc4c/resource/a7d8a01f-1fbc-41e1-85f0-f15ea16b2d27/download/6b3c63b0-f461-4e9c-a2c2-006f734c5b41.kml,2023-02-16,swd_vulnerable_kgis,"WARD_NAME=Shanthi Nagar; WARDNO=117; LocationName=Anepalya junction; KGISFVLID=73; ZONE=East; coordinates=77.6056110001208,12.9509999995556 [OBJECTID 73]",12.951000,77.605611,source_latlon;agrees_with_other_source_0m,high,false
JK Pura,"Shanthi Nagar (ward 117), East zone","BBMP/KSRSAC Map of Locations Vulnerable to Flooding in Bengaluru (KML, OpenCity)",https://data.opencity.in/dataset/b03218ea-4b7c-4fa9-ab67-b9054d7ecc4c/resource/a7d8a01f-1fbc-41e1-85f0-f15ea16b2d27/download/6b3c63b0-f461-4e9c-a2c2-006f734c5b41.kml,2023-02-16,swd_vulnerable_kgis,"WARD_NAME=Shanthi Nagar; WARDNO=117; LocationName=JK Pura; KGISFVLID=74; ZONE=East; coordinates=77.5989999996095,12.9511669997171 [OBJECTID 74]",12.951167,77.599000,source_latlon;agrees_with_other_source_0m,high,false
Anepalya Gajendranagar SWD surroundings,"Shanthi Nagar (ward 117), East zone","BBMP/KSRSAC Map of Locations Vulnerable to Flooding in Bengaluru (KML, OpenCity)",https://data.opencity.in/dataset/b03218ea-4b7c-4fa9-ab67-b9054d7ecc4c/resource/a7d8a01f-1fbc-41e1-85f0-f15ea16b2d27/download/6b3c63b0-f461-4e9c-a2c2-006f734c5b41.kml,2023-02-16,swd_vulnerable_kgis,"WARD_NAME=Shanthi Nagar; WARDNO=117; LocationName=Anepalya Gajendranagar SWD surroundings; KGISFVLID=75; ZONE=East; coordinates=77.6059440001871,12.951944000318 [OBJECTID 75]",12.951944,77.605944,source_latlon;agrees_with_other_source_0m,high,false
Wilson garden PWD quarters,"Shanthi Nagar (ward 117), East zone","BBMP/KSRSAC Map of Locations Vulnerable to Flooding in Bengaluru (KML, OpenCity)",https://data.opencity.in/dataset/b03218ea-4b7c-4fa9-ab67-b9054d7ecc4c/resource/a7d8a01f-1fbc-41e1-85f0-f15ea16b2d27/download/6b3c63b0-f461-4e9c-a2c2-006f734c5b41.kml,2023-02-16,swd_vulnerable_kgis,"WARD_NAME=Shanthi Nagar; WARDNO=117; LocationName=Wilson garden PWD quarters; KGISFVLID=76; ZONE=East; coordinates=77.5968330003742,12.9529720003271 [OBJECTID 76]",12.952972,77.596833,source_latlon;agrees_with_other_source_0m,high,false
"Sri Galianjaneya  swamy temple, Mysore road","Hampinagar (ward 133), South zone","BBMP/KSRSAC Map of Locations Vulnerable to Flooding in Bengaluru (KML, OpenCity)",https://data.opencity.in/dataset/b03218ea-4b7c-4fa9-ab67-b9054d7ecc4c/resource/a7d8a01f-1fbc-41e1-85f0-f15ea16b2d27/download/6b3c63b0-f461-4e9c-a2c2-006f734c5b41.kml,2023-02-16,swd_vulnerable_kgis,"WARD_NAME=Hampinagar; WARDNO=133; LocationName=Sri Galianjaneya  swamy temple, Mysore road; KGISFVLID=77; ZONE=South; coordinates=77.5412530000206,12.9530350001226 [OBJECTID 77]",12.953035,77.541253,source_latlon;agrees_with_other_source_0m,high,false
VV Puram Law College to Mallathhali tank,"Vishveshwara Puram (ward 143), South zone","BBMP/KSRSAC Map of Locations Vulnerable to Flooding in Bengaluru (KML, OpenCity)",https://data.opencity.in/dataset/b03218ea-4b7c-4fa9-ab67-b9054d7ecc4c/resource/a7d8a01f-1fbc-41e1-85f0-f15ea16b2d27/download/6b3c63b0-f461-4e9c-a2c2-006f734c5b41.kml,2023-02-16,swd_vulnerable_kgis,"WARD_NAME=Vishveshwara Puram; WARDNO=143; LocationName=VV Puram Law College to Mallathhali tank; KGISFVLID=78; ZONE=South; coordinates=77.5742830002665,12.9537479997871 [OBJECTID 78]",12.953748,77.574283,source_latlon,medium,false
Deepa nursing home,"Marathahalli (ward 86), Mahadevapura zone","BBMP/KSRSAC Map of Locations Vulnerable to Flooding in Bengaluru (KML, OpenCity)",https://data.opencity.in/dataset/b03218ea-4b7c-4fa9-ab67-b9054d7ecc4c/resource/a7d8a01f-1fbc-41e1-85f0-f15ea16b2d27/download/6b3c63b0-f461-4e9c-a2c2-006f734c5b41.kml,2023-02-16,swd_vulnerable_kgis,"WARD_NAME=Marathahalli; WARDNO=86; LocationName=Deepa nursing home; KGISFVLID=79; ZONE=Mahadevapura; coordinates=77.6905489997383,12.9550209998133 [OBJECTID 79]",12.955021,77.690549,source_latlon;agrees_with_other_source_0m,high,false
BDA Layout Konena Agrahara,"Konena Agrahara (ward 113), East zone","BBMP/KSRSAC Map of Locations Vulnerable to Flooding in Bengaluru (KML, OpenCity)",https://data.opencity.in/dataset/b03218ea-4b7c-4fa9-ab67-b9054d7ecc4c/resource/a7d8a01f-1fbc-41e1-85f0-f15ea16b2d27/download/6b3c63b0-f461-4e9c-a2c2-006f734c5b41.kml,2023-02-16,swd_vulnerable_kgis,"WARD_NAME=Konena Agrahara; WARDNO=113; LocationName=BDA Layout Konena Agrahara; KGISFVLID=80; ZONE=East; coordinates=77.6490480004463,12.9556239996646 [OBJECTID 80]",12.955624,77.649048,source_latlon;conflicts_with_other_source_10521m,low,true
Thubarahalli,"Doddanekkundi (ward 85), Mahadevapura zone","BBMP/KSRSAC Map of Locations Vulnerable to Flooding in Bengaluru (KML, OpenCity)",https://data.opencity.in/dataset/b03218ea-4b7c-4fa9-ab67-b9054d7ecc4c/resource/a7d8a01f-1fbc-41e1-85f0-f15ea16b2d27/download/6b3c63b0-f461-4e9c-a2c2-006f734c5b41.kml,2023-02-16,swd_vulnerable_kgis,"WARD_NAME=Doddanekkundi; WARDNO=85; LocationName=Thubarahalli; KGISFVLID=81; ZONE=Mahadevapura; coordinates=77.7205450004042,12.9556519996609 [OBJECTID 81]",12.955652,77.720545,source_latlon;agrees_with_other_source_0m,high,false
Micheal church,"Shanthi Nagar (ward 117), East zone","BBMP/KSRSAC Map of Locations Vulnerable to Flooding in Bengaluru (KML, OpenCity)",https://data.opencity.in/dataset/b03218ea-4b7c-4fa9-ab67-b9054d7ecc4c/resource/a7d8a01f-1fbc-41e1-85f0-f15ea16b2d27/download/6b3c63b0-f461-4e9c-a2c2-006f734c5b41.kml,2023-02-16,swd_vulnerable_kgis,"WARD_NAME=Shanthi Nagar; WARDNO=117; LocationName=Micheal church; KGISFVLID=82; ZONE=East; coordinates=77.5970280003726,12.9561390000171 [OBJECTID 82]",12.956139,77.597028,source_latlon;agrees_with_other_source_0m,high,false
Ramagondanahalli,"Hagadur (ward 84), Mahadevapura zone","BBMP/KSRSAC Map of Locations Vulnerable to Flooding in Bengaluru (KML, OpenCity)",https://data.opencity.in/dataset/b03218ea-4b7c-4fa9-ab67-b9054d7ecc4c/resource/a7d8a01f-1fbc-41e1-85f0-f15ea16b2d27/download/6b3c63b0-f461-4e9c-a2c2-006f734c5b41.kml,2023-02-16,swd_vulnerable_kgis,"WARD_NAME=Hagadur; WARDNO=84; LocationName=Ramagondanahalli; KGISFVLID=83; ZONE=Mahadevapura; coordinates=77.7410439996623,12.9561819998388 [OBJECTID 83]",12.956182,77.741044,source_latlon;conflicts_with_other_source_26442m,low,true
"Hosaguddadahalli, Bapujinagara","Bapuji Nagar (ward 134), South zone","BBMP/KSRSAC Map of Locations Vulnerable to Flooding in Bengaluru (KML, OpenCity)",https://data.opencity.in/dataset/b03218ea-4b7c-4fa9-ab67-b9054d7ecc4c/resource/a7d8a01f-1fbc-41e1-85f0-f15ea16b2d27/download/6b3c63b0-f461-4e9c-a2c2-006f734c5b41.kml,2023-02-16,swd_vulnerable_kgis,"WARD_NAME=Bapuji Nagar; WARDNO=134; LocationName=Hosaguddadahalli, Bapujinagara; KGISFVLID=84; ZONE=South; coordinates=77.5425799995643,12.9563169999223 [OBJECTID 84]",12.956317,77.542580,source_latlon;agrees_with_other_source_0m,high,false
Varthur,"Hagadur (ward 84), Mahadevapura zone","BBMP/KSRSAC Map of Locations Vulnerable to Flooding in Bengaluru (KML, OpenCity)",https://data.opencity.in/dataset/b03218ea-4b7c-4fa9-ab67-b9054d7ecc4c/resource/a7d8a01f-1fbc-41e1-85f0-f15ea16b2d27/download/6b3c63b0-f461-4e9c-a2c2-006f734c5b41.kml,2023-02-16,swd_vulnerable_kgis,"WARD_NAME=Hagadur; WARDNO=84; LocationName=Varthur; KGISFVLID=85; ZONE=Mahadevapura; coordinates=77.7359389999681,12.9569400002218 [OBJECTID 85]",12.956940,77.735939,source_latlon;agrees_with_other_source_0m,high,false
Chamarajapet,"Chamrajpet (ward 140), West zone","BBMP/KSRSAC Map of Locations Vulnerable to Flooding in Bengaluru (KML, OpenCity)",https://data.opencity.in/dataset/b03218ea-4b7c-4fa9-ab67-b9054d7ecc4c/resource/a7d8a01f-1fbc-41e1-85f0-f15ea16b2d27/download/6b3c63b0-f461-4e9c-a2c2-006f734c5b41.kml,2023-02-16,swd_vulnerable_kgis,"WARD_NAME=Chamrajpet; WARDNO=140; LocationName=Chamarajapet; KGISFVLID=86; ZONE=West; coordinates=77.5620830002074,12.9570390000152 [OBJECTID 86]",12.957039,77.562083,source_latlon;agrees_with_other_source_0m,high,false
Nari Halla,"Chamrajpet (ward 140), West zone","BBMP/KSRSAC Map of Locations Vulnerable to Flooding in Bengaluru (KML, OpenCity)",https://data.opencity.in/dataset/b03218ea-4b7c-4fa9-ab67-b9054d7ecc4c/resource/a7d8a01f-1fbc-41e1-85f0-f15ea16b2d27/download/6b3c63b0-f461-4e9c-a2c2-006f734c5b41.kml,2023-02-16,swd_vulnerable_kgis,"WARD_NAME=Chamrajpet; WARDNO=140; LocationName=Nari Halla; KGISFVLID=87; ZONE=West; coordinates=77.5686809997419,12.957241999757 [OBJECTID 87]",12.957242,77.568681,source_latlon;agrees_with_other_source_0m,high,false
NGEF layout,"Nagarbhavi (ward 128), West zone","BBMP/KSRSAC Map of Locations Vulnerable to Flooding in Bengaluru (KML, OpenCity)",https://data.opencity.in/dataset/b03218ea-4b7c-4fa9-ab67-b9054d7ecc4c/resource/a7d8a01f-1fbc-41e1-85f0-f15ea16b2d27/download/6b3c63b0-f461-4e9c-a2c2-006f734c5b41.kml,2023-02-16,swd_vulnerable_kgis,"WARD_NAME=Nagarbhavi; WARDNO=128; LocationName=NGEF layout; KGISFVLID=88; ZONE=West; coordinates=77.5144290004146,12.9576869996214 [OBJECTID 88]",12.957687,77.514429,source_latlon;conflicts_with_other_source_657m,low,true
Varthur Columbia Asia hospital,"Hagadur (ward 84), Mahadevapura zone","BBMP/KSRSAC Map of Locations Vulnerable to Flooding in Bengaluru (KML, OpenCity)",https://data.opencity.in/dataset/b03218ea-4b7c-4fa9-ab67-b9054d7ecc4c/resource/a7d8a01f-1fbc-41e1-85f0-f15ea16b2d27/download/6b3c63b0-f461-4e9c-a2c2-006f734c5b41.kml,2023-02-16,swd_vulnerable_kgis,"WARD_NAME=Hagadur; WARDNO=84; LocationName=Varthur Columbia Asia hospital; KGISFVLID=89; ZONE=Mahadevapura; coordinates=77.7449189996862,12.9584879997902 [OBJECTID 89]",12.958488,77.744919,source_latlon;conflicts_with_other_source_21392m,low,true
Backside Fortis Hospital NGEF Layout,"Jnana Bharathi (ward 129), RR Nagar zone","BBMP/KSRSAC Map of Locations Vulnerable to Flooding in Bengaluru (KML, OpenCity)",https://data.opencity.in/dataset/b03218ea-4b7c-4fa9-ab67-b9054d7ecc4c/resource/a7d8a01f-1fbc-41e1-85f0-f15ea16b2d27/download/6b3c63b0-f461-4e9c-a2c2-006f734c5b41.kml,2023-02-16,swd_vulnerable_kgis,"WARD_NAME=Jnana Bharathi; WARDNO=129; LocationName=Backside Fortis Hospital NGEF Layout; KGISFVLID=90; ZONE=RR Nagar; coordinates=77.5113029995796,12.9592619996094 [OBJECTID 90]",12.959262,77.511303,source_latlon,medium,false
Munnekolalu,"Doddanekkundi (ward 85), Mahadevapura zone","BBMP/KSRSAC Map of Locations Vulnerable to Flooding in Bengaluru (KML, OpenCity)",https://data.opencity.in/dataset/b03218ea-4b7c-4fa9-ab67-b9054d7ecc4c/resource/a7d8a01f-1fbc-41e1-85f0-f15ea16b2d27/download/6b3c63b0-f461-4e9c-a2c2-006f734c5b41.kml,2023-02-16,swd_vulnerable_kgis,"WARD_NAME=Doddanekkundi; WARDNO=85; LocationName=Munnekolalu; KGISFVLID=91; ZONE=Mahadevapura; coordinates=77.7080749997724,12.9598240002569 [OBJECTID 91]",12.959824,77.708075,source_latlon,medium,false
Nandhini hotel backside on 100 feet road Indiranagar,"Jeevanbhima Nagar (ward 88), East zone","BBMP/KSRSAC Map of Locations Vulnerable to Flooding in Bengaluru (KML, OpenCity)",https://data.opencity.in/dataset/b03218ea-4b7c-4fa9-ab67-b9054d7ecc4c/resource/a7d8a01f-1fbc-41e1-85f0-f15ea16b2d27/download/6b3c63b0-f461-4e9c-a2c2-006f734c5b41.kml,2023-02-16,swd_vulnerable_kgis,"WARD_NAME=Jeevanbhima Nagar; WARDNO=88; LocationName=Nandhini hotel backside on 100 feet road Indiranagar; KGISFVLID=92; ZONE=East; coordinates=77.6430559997718,12.96111100043 [OBJECTID 92]",12.961111,77.643056,source_latlon;agrees_with_other_source_0m,high,false
Kumbaragundi,"Dharmaraya Swamy Temple Ward (ward 119), South zone","BBMP/KSRSAC Map of Locations Vulnerable to Flooding in Bengaluru (KML, OpenCity)",https://data.opencity.in/dataset/b03218ea-4b7c-4fa9-ab67-b9054d7ecc4c/resource/a7d8a01f-1fbc-41e1-85f0-f15ea16b2d27/download/6b3c63b0-f461-4e9c-a2c2-006f734c5b41.kml,2023-02-16,swd_vulnerable_kgis,"WARD_NAME=Dharmaraya Swamy Temple Ward; WARDNO=119; LocationName=Kumbaragundi; KGISFVLID=93; ZONE=South; coordinates=77.582806000285,12.9621110002995 [OBJECTID 93]",12.962111,77.582806,source_latlon;agrees_with_other_source_0m,high,false
Mallathahalli lake inlet Muddaiahna palya road,"Herohalli (ward 72), RR Nagar zone","BBMP/KSRSAC Map of Locations Vulnerable to Flooding in Bengaluru (KML, OpenCity)",https://data.opencity.in/dataset/b03218ea-4b7c-4fa9-ab67-b9054d7ecc4c/resource/a7d8a01f-1fbc-41e1-85f0-f15ea16b2d27/download/6b3c63b0-f461-4e9c-a2c2-006f734c5b41.kml,2023-02-16,swd_vulnerable_kgis,"WARD_NAME=Herohalli; WARDNO=72; LocationName=Mallathahalli lake inlet Muddaiahna palya road; KGISFVLID=94; ZONE=RR Nagar; coordinates=77.4919100002234,12.9624099995629 [OBJECTID 94]",12.962410,77.491910,source_latlon;agrees_with_other_source_22m,high,false
Kumbargundi lead off drains,"Dharmaraya Swamy Temple Ward (ward 119), South zone","BBMP/KSRSAC Map of Locations Vulnerable to Flooding in Bengaluru (KML, OpenCity)",https://data.opencity.in/dataset/b03218ea-4b7c-4fa9-ab67-b9054d7ecc4c/resource/a7d8a01f-1fbc-41e1-85f0-f15ea16b2d27/download/6b3c63b0-f461-4e9c-a2c2-006f734c5b41.kml,2023-02-16,swd_vulnerable_kgis,"WARD_NAME=Dharmaraya Swamy Temple Ward; WARDNO=119; LocationName=Kumbargundi lead off drains; KGISFVLID=95; ZONE=South; coordinates=77.5839720004376,12.9624170000544 [OBJECTID 95]",12.962417,77.583972,source_latlon;agrees_with_other_source_0m,high,false
Osaman Khan  road near KR Market,"Dharmaraya Swamy Temple Ward (ward 119), South zone","BBMP/KSRSAC Map of Locations Vulnerable to Flooding in Bengaluru (KML, OpenCity)",https://data.opencity.in/dataset/b03218ea-4b7c-4fa9-ab67-b9054d7ecc4c/resource/a7d8a01f-1fbc-41e1-85f0-f15ea16b2d27/download/6b3c63b0-f461-4e9c-a2c2-006f734c5b41.kml,2023-02-16,swd_vulnerable_kgis,"WARD_NAME=Dharmaraya Swamy Temple Ward; WARDNO=119; LocationName=Osaman Khan  road near KR Market; KGISFVLID=96; ZONE=South; coordinates=77.5798060002524,12.9630000001948 [OBJECTID 96]",12.963000,77.579806,source_latlon;agrees_with_other_source_0m,high,false
Palm grove road,"Shantala Nagar (ward 111), East zone","BBMP/KSRSAC Map of Locations Vulnerable to Flooding in Bengaluru (KML, OpenCity)",https://data.opencity.in/dataset/b03218ea-4b7c-4fa9-ab67-b9054d7ecc4c/resource/a7d8a01f-1fbc-41e1-85f0-f15ea16b2d27/download/6b3c63b0-f461-4e9c-a2c2-006f734c5b41.kml,2023-02-16,swd_vulnerable_kgis,"WARD_NAME=Shantala Nagar; WARDNO=111; LocationName=Palm grove road; KGISFVLID=97; ZONE=East; coordinates=77.6146390004251,12.9637220001151 [OBJECTID 97]",12.963722,77.614639,source_latlon;agrees_with_other_source_0m,high,false
Cheluvadipalya Near by  Good Shed Road,"Chalavadipalya (ward 138), West zone","BBMP/KSRSAC Map of Locations Vulnerable to Flooding in Bengaluru (KML, OpenCity)",https://data.opencity.in/dataset/b03218ea-4b7c-4fa9-ab67-b9054d7ecc4c/resource/a7d8a01f-1fbc-41e1-85f0-f15ea16b2d27/download/6b3c63b0-f461-4e9c-a2c2-006f734c5b41.kml,2023-02-16,swd_vulnerable_kgis,"WARD_NAME=Chalavadipalya; WARDNO=138; LocationName=Cheluvadipalya Near by  Good Shed Road; KGISFVLID=98; ZONE=West; coordinates=77.5665249996156,12.9653170002783 [OBJECTID 98]",12.965317,77.566525,source_latlon;shared_by_2_names,low,true
"Siddartha Nagar, Cheluvadipalya","Chalavadipalya (ward 138), West zone","BBMP/KSRSAC Map of Locations Vulnerable to Flooding in Bengaluru (KML, OpenCity)",https://data.opencity.in/dataset/b03218ea-4b7c-4fa9-ab67-b9054d7ecc4c/resource/a7d8a01f-1fbc-41e1-85f0-f15ea16b2d27/download/6b3c63b0-f461-4e9c-a2c2-006f734c5b41.kml,2023-02-16,swd_vulnerable_kgis,"WARD_NAME=Chalavadipalya; WARDNO=138; LocationName=Siddartha Nagar, Cheluvadipalya; KGISFVLID=99; ZONE=West; coordinates=77.5665249996156,12.9653170002783 [OBJECTID 99]",12.965317,77.566525,source_latlon;shared_by_2_names,low,true
Bande Maramma Temple behind Nagarabhavi 10th cross Bus Stop,"Kottegepalya (ward 73), RR Nagar zone","BBMP/KSRSAC Map of Locations Vulnerable to Flooding in Bengaluru (KML, OpenCity)",https://data.opencity.in/dataset/b03218ea-4b7c-4fa9-ab67-b9054d7ecc4c/resource/a7d8a01f-1fbc-41e1-85f0-f15ea16b2d27/download/6b3c63b0-f461-4e9c-a2c2-006f734c5b41.kml,2023-02-16,swd_vulnerable_kgis,"WARD_NAME=Kottegepalya; WARDNO=73; LocationName=Bande Maramma Temple behind Nagarabhavi 10th cross Bus Stop; KGISFVLID=100; ZONE=RR Nagar; coordinates=77.517394000081,12.9657029995558 [OBJECTID 100]",12.965703,77.517394,source_latlon;agrees_with_other_source_0m,high,false
Rayapuram near Govt. Maternity Hospital,"Rayapuram (ward 137), West zone","BBMP/KSRSAC Map of Locations Vulnerable to Flooding in Bengaluru (KML, OpenCity)",https://data.opencity.in/dataset/b03218ea-4b7c-4fa9-ab67-b9054d7ecc4c/resource/a7d8a01f-1fbc-41e1-85f0-f15ea16b2d27/download/6b3c63b0-f461-4e9c-a2c2-006f734c5b41.kml,2023-02-16,swd_vulnerable_kgis,"WARD_NAME=Rayapuram; WARDNO=137; LocationName=Rayapuram near Govt. Maternity Hospital; KGISFVLID=101; ZONE=West; coordinates=77.5526190001116,12.9658829998577 [OBJECTID 101]",12.965883,77.552619,source_latlon;agrees_with_other_source_0m,high,false
Malagala main road to Vrishabhavathi Valley,"Kottegepalya (ward 73), RR Nagar zone","BBMP/KSRSAC Map of Locations Vulnerable to Flooding in Bengaluru (KML, OpenCity)",https://data.opencity.in/dataset/b03218ea-4b7c-4fa9-ab67-b9054d7ecc4c/resource/a7d8a01f-1fbc-41e1-85f0-f15ea16b2d27/download/6b3c63b0-f461-4e9c-a2c2-006f734c5b41.kml,2023-02-16,swd_vulnerable_kgis,"WARD_NAME=Kottegepalya; WARDNO=73; LocationName=Malagala main road to Vrishabhavathi Valley; KGISFVLID=102; ZONE=RR Nagar; coordinates=77.5174889995426,12.9659500000668 [OBJECTID 102]",12.965950,77.517489,source_latlon;agrees_with_other_source_0m,high,false
Talakaveri layout,"Vijnana Nagar (ward 81), Mahadevapura zone","BBMP/KSRSAC Map of Locations Vulnerable to Flooding in Bengaluru (KML, OpenCity)",https://data.opencity.in/dataset/b03218ea-4b7c-4fa9-ab67-b9054d7ecc4c/resource/a7d8a01f-1fbc-41e1-85f0-f15ea16b2d27/download/6b3c63b0-f461-4e9c-a2c2-006f734c5b41.kml,2023-02-16,swd_vulnerable_kgis,"WARD_NAME=Vijnana Nagar; WARDNO=81; LocationName=Talakaveri layout; KGISFVLID=103; ZONE=Mahadevapura; coordinates=77.6827779996137,12.9663889997484 [OBJECTID 103]",12.966389,77.682778,source_latlon;agrees_with_other_source_0m,high,false
Vrishabhavthi main valley near Cholurapalya,"Hosahalli (ward 124), South zone","BBMP/KSRSAC Map of Locations Vulnerable to Flooding in Bengaluru (KML, OpenCity)",https://data.opencity.in/dataset/b03218ea-4b7c-4fa9-ab67-b9054d7ecc4c/resource/a7d8a01f-1fbc-41e1-85f0-f15ea16b2d27/download/6b3c63b0-f461-4e9c-a2c2-006f734c5b41.kml,2023-02-16,swd_vulnerable_kgis,"WARD_NAME=Hosahalli; WARDNO=124; LocationName=Vrishabhavthi main valley near Cholurapalya; KGISFVLID=104; ZONE=South; coordinates=77.5496969995646,12.9684050002546 [OBJECTID 104]",12.968405,77.549697,source_latlon;agrees_with_other_source_0m,high,false
Doddenakundi near Gururaja layout,"Doddanekkundi (ward 85), Mahadevapura zone","BBMP/KSRSAC Map of Locations Vulnerable to Flooding in Bengaluru (KML, OpenCity)",https://data.opencity.in/dataset/b03218ea-4b7c-4fa9-ab67-b9054d7ecc4c/resource/a7d8a01f-1fbc-41e1-85f0-f15ea16b2d27/download/6b3c63b0-f461-4e9c-a2c2-006f734c5b41.kml,2023-02-16,swd_vulnerable_kgis,"WARD_NAME=Doddanekkundi; WARDNO=85; LocationName=Doddenakundi near Gururaja layout; KGISFVLID=105; ZONE=Mahadevapura; coordinates=77.6921780002252,12.969065999681 [OBJECTID 105]",12.969066,77.692178,source_latlon,medium,false
Nellurahalli,"Hagadur (ward 84), Mahadevapura zone","BBMP/KSRSAC Map of Locations Vulnerable to Flooding in Bengaluru (KML, OpenCity)",https://data.opencity.in/dataset/b03218ea-4b7c-4fa9-ab67-b9054d7ecc4c/resource/a7d8a01f-1fbc-41e1-85f0-f15ea16b2d27/download/6b3c63b0-f461-4e9c-a2c2-006f734c5b41.kml,2023-02-16,swd_vulnerable_kgis,"WARD_NAME=Hagadur; WARDNO=84; LocationName=Nellurahalli; KGISFVLID=106; ZONE=Mahadevapura; coordinates=77.7366859995484,12.9692999997563 [OBJECTID 106]",12.969300,77.736686,source_latlon;agrees_with_other_source_0m,high,false
Magrath road and brigade road junction,"Shantala Nagar (ward 111), East zone","BBMP/KSRSAC Map of Locations Vulnerable to Flooding in Bengaluru (KML, OpenCity)",https://data.opencity.in/dataset/b03218ea-4b7c-4fa9-ab67-b9054d7ecc4c/resource/a7d8a01f-1fbc-41e1-85f0-f15ea16b2d27/download/6b3c63b0-f461-4e9c-a2c2-006f734c5b41.kml,2023-02-16,swd_vulnerable_kgis,"WARD_NAME=Shantala Nagar; WARDNO=111; LocationName=Magrath road and brigade road junction; KGISFVLID=107; ZONE=East; coordinates=77.609667000206,12.9706109999042 [OBJECTID 107]",12.970611,77.609667,source_latlon;agrees_with_other_source_0m,high,false
Cambridge layout near Jogupalya,"Jogupalya (ward 89), East zone","BBMP/KSRSAC Map of Locations Vulnerable to Flooding in Bengaluru (KML, OpenCity)",https://data.opencity.in/dataset/b03218ea-4b7c-4fa9-ab67-b9054d7ecc4c/resource/a7d8a01f-1fbc-41e1-85f0-f15ea16b2d27/download/6b3c63b0-f461-4e9c-a2c2-006f734c5b41.kml,2023-02-16,swd_vulnerable_kgis,"WARD_NAME=Jogupalya; WARDNO=89; LocationName=Cambridge layout near Jogupalya; KGISFVLID=108; ZONE=East; coordinates=77.6336109997223,12.9708330001648 [OBJECTID 108]",12.970833,77.633611,source_latlon;agrees_with_other_source_0m,high,false
"Kalyannagar, Moodalapalya","Mudalapalya (ward 127), West zone","BBMP/KSRSAC Map of Locations Vulnerable to Flooding in Bengaluru (KML, OpenCity)",https://data.opencity.in/dataset/b03218ea-4b7c-4fa9-ab67-b9054d7ecc4c/resource/a7d8a01f-1fbc-41e1-85f0-f15ea16b2d27/download/6b3c63b0-f461-4e9c-a2c2-006f734c5b41.kml,2023-02-16,swd_vulnerable_kgis,"WARD_NAME=Mudalapalya; WARDNO=127; LocationName=Kalyannagar, Moodalapalya; KGISFVLID=109; ZONE=West; coordinates=77.5186560004364,12.9711689997559 [OBJECTID 109]",12.971169,77.518656,source_latlon,medium,false
Jogupalya in Ulsoor,"Jogupalya (ward 89), East zone","BBMP/KSRSAC Map of Locations Vulnerable to Flooding in Bengaluru (KML, OpenCity)",https://data.opencity.in/dataset/b03218ea-4b7c-4fa9-ab67-b9054d7ecc4c/resource/a7d8a01f-1fbc-41e1-85f0-f15ea16b2d27/download/6b3c63b0-f461-4e9c-a2c2-006f734c5b41.kml,2023-02-16,swd_vulnerable_kgis,"WARD_NAME=Jogupalya; WARDNO=89; LocationName=Jogupalya in Ulsoor; KGISFVLID=110; ZONE=East; coordinates=77.6333329999603,12.9716670001861 [OBJECTID 110]",12.971667,77.633333,source_latlon,medium,false
"Kempapura Agrahara Secondary Drain, Magadi road","Kempapura (ward 122), South zone","BBMP/KSRSAC Map of Locations Vulnerable to Flooding in Bengaluru (KML, OpenCity)",https://data.opencity.in/dataset/b03218ea-4b7c-4fa9-ab67-b9054d7ecc4c/resource/a7d8a01f-1fbc-41e1-85f0-f15ea16b2d27/download/6b3c63b0-f461-4e9c-a2c2-006f734c5b41.kml,2023-02-16,swd_vulnerable_kgis,"WARD_NAME=Kempapura; WARDNO=122; LocationName=Kempapura Agrahara Secondary Drain, Magadi road; KGISFVLID=111; ZONE=South; coordinates=77.5541089999492,12.9722480000324 [OBJECTID 111]",12.972248,77.554109,source_latlon;agrees_with_other_source_0m,high,false
K P Agrahara 7th Cross  Road,"Cottonpete (ward 120), West zone","BBMP/KSRSAC Map of Locations Vulnerable to Flooding in Bengaluru (KML, OpenCity)",https://data.opencity.in/dataset/b03218ea-4b7c-4fa9-ab67-b9054d7ecc4c/resource/a7d8a01f-1fbc-41e1-85f0-f15ea16b2d27/download/6b3c63b0-f461-4e9c-a2c2-006f734c5b41.kml,2023-02-16,swd_vulnerable_kgis,"WARD_NAME=Cottonpete; WARDNO=120; LocationName=K P Agrahara 7th Cross  Road; KGISFVLID=112; ZONE=West; coordinates=77.5628830003884,12.972618999646 [OBJECTID 112]",12.972619,77.562883,source_latlon;agrees_with_other_source_0m,high,false
"Manuvana, Pipeline road","Vijayanagar (ward 123), South zone","BBMP/KSRSAC Map of Locations Vulnerable to Flooding in Bengaluru (KML, OpenCity)",https://data.opencity.in/dataset/b03218ea-4b7c-4fa9-ab67-b9054d7ecc4c/resource/a7d8a01f-1fbc-41e1-85f0-f15ea16b2d27/download/6b3c63b0-f461-4e9c-a2c2-006f734c5b41.kml,2023-02-16,swd_vulnerable_kgis,"WARD_NAME=Vijayanagar; WARDNO=123; LocationName=Manuvana, Pipeline road; KGISFVLID=113; ZONE=South; coordinates=77.5466510000851,12.9737299998207 [OBJECTID 113]",12.973730,77.546651,source_latlon;agrees_with_other_source_0m,high,false
Gopalpura area,"Binnypete (ward 121), West zone","BBMP/KSRSAC Map of Locations Vulnerable to Flooding in Bengaluru (KML, OpenCity)",https://data.opencity.in/dataset/b03218ea-4b7c-4fa9-ab67-b9054d7ecc4c/resource/a7d8a01f-1fbc-41e1-85f0-f15ea16b2d27/download/6b3c63b0-f461-4e9c-a2c2-006f734c5b41.kml,2023-02-16,swd_vulnerable_kgis,"WARD_NAME=Binnypete; WARDNO=121; LocationName=Gopalpura area; KGISFVLID=114; ZONE=West; coordinates=77.5604169997079,12.9752170001849 [OBJECTID 114]",12.975217,77.560417,source_latlon;shared_by_2_names,low,true
Gopalpura,"Binnypete (ward 121), West zone","BBMP/KSRSAC Map of Locations Vulnerable to Flooding in Bengaluru (KML, OpenCity)",https://data.opencity.in/dataset/b03218ea-4b7c-4fa9-ab67-b9054d7ecc4c/resource/a7d8a01f-1fbc-41e1-85f0-f15ea16b2d27/download/6b3c63b0-f461-4e9c-a2c2-006f734c5b41.kml,2023-02-16,swd_vulnerable_kgis,"WARD_NAME=Binnypete; WARDNO=121; LocationName=Gopalpura; KGISFVLID=115; ZONE=West; coordinates=77.5604169997079,12.9752170001849 [OBJECTID 115]",12.975217,77.560417,source_latlon;shared_by_2_names,low,true
Netaji Nagara in  KP Agrahara,"Okalipuram (ward 96), West zone","BBMP/KSRSAC Map of Locations Vulnerable to Flooding in Bengaluru (KML, OpenCity)",https://data.opencity.in/dataset/b03218ea-4b7c-4fa9-ab67-b9054d7ecc4c/resource/a7d8a01f-1fbc-41e1-85f0-f15ea16b2d27/download/6b3c63b0-f461-4e9c-a2c2-006f734c5b41.kml,2023-02-16,swd_vulnerable_kgis,"WARD_NAME=Okalipuram; WARDNO=96; LocationName=Netaji Nagara in  KP Agrahara; KGISFVLID=116; ZONE=West; coordinates=77.5627040001008,12.9756190003332 [OBJECTID 116]",12.975619,77.562704,source_latlon;agrees_with_other_source_113m,high,false
Binnymill Road  near Belimath,"Subhash Nagar (ward 95), West zone","BBMP/KSRSAC Map of Locations Vulnerable to Flooding in Bengaluru (KML, OpenCity)",https://data.opencity.in/dataset/b03218ea-4b7c-4fa9-ab67-b9054d7ecc4c/resource/a7d8a01f-1fbc-41e1-85f0-f15ea16b2d27/download/6b3c63b0-f461-4e9c-a2c2-006f734c5b41.kml,2023-02-16,swd_vulnerable_kgis,"WARD_NAME=Subhash Nagar; WARDNO=95; LocationName=Binnymill Road  near Belimath; KGISFVLID=117; ZONE=West; coordinates=77.5673469998796,12.9765969995814 [OBJECTID 117]",12.976597,77.567347,source_latlon;agrees_with_other_source_0m,high,false
MV garden & Murphy market,"Halsoor (ward 90), East zone","BBMP/KSRSAC Map of Locations Vulnerable to Flooding in Bengaluru (KML, OpenCity)",https://data.opencity.in/dataset/b03218ea-4b7c-4fa9-ab67-b9054d7ecc4c/resource/a7d8a01f-1fbc-41e1-85f0-f15ea16b2d27/download/6b3c63b0-f461-4e9c-a2c2-006f734c5b41.kml,2023-02-16,swd_vulnerable_kgis,"WARD_NAME=Halsoor; WARDNO=90; LocationName=MV garden & Murphy market; KGISFVLID=118; ZONE=East; coordinates=77.6272219997728,12.9783330001697 [OBJECTID 118]",12.978333,77.627222,source_latlon;agrees_with_other_source_0m,high,false
Pattandur agrahara,"Garudachar Palya (ward 82), Mahadevapura zone","BBMP/KSRSAC Map of Locations Vulnerable to Flooding in Bengaluru (KML, OpenCity)",https://data.opencity.in/dataset/b03218ea-4b7c-4fa9-ab67-b9054d7ecc4c/resource/a7d8a01f-1fbc-41e1-85f0-f15ea16b2d27/download/6b3c63b0-f461-4e9c-a2c2-006f734c5b41.kml,2023-02-16,swd_vulnerable_kgis,"WARD_NAME=Garudachar Palya; WARDNO=82; LocationName=Pattandur agrahara; KGISFVLID=119; ZONE=Mahadevapura; coordinates=77.7337530001081,12.9788889998589 [OBJECTID 119]",12.978889,77.733753,source_latlon;agrees_with_other_source_0m,high,false
Nagamma nagara Near Binny mill road,"Subhash Nagar (ward 95), West zone","BBMP/KSRSAC Map of Locations Vulnerable to Flooding in Bengaluru (KML, OpenCity)",https://data.opencity.in/dataset/b03218ea-4b7c-4fa9-ab67-b9054d7ecc4c/resource/a7d8a01f-1fbc-41e1-85f0-f15ea16b2d27/download/6b3c63b0-f461-4e9c-a2c2-006f734c5b41.kml,2023-02-16,swd_vulnerable_kgis,"WARD_NAME=Subhash Nagar; WARDNO=95; LocationName=Nagamma nagara Near Binny mill road; KGISFVLID=120; ZONE=West; coordinates=77.5697720002867,12.9799999996435 [OBJECTID 120]",12.980000,77.569772,source_latlon;agrees_with_other_source_0m,high,false
"Gandi Statue, Oklipuram.","Okalipuram (ward 96), West zone","BBMP/KSRSAC Map of Locations Vulnerable to Flooding in Bengaluru (KML, OpenCity)",https://data.opencity.in/dataset/b03218ea-4b7c-4fa9-ab67-b9054d7ecc4c/resource/a7d8a01f-1fbc-41e1-85f0-f15ea16b2d27/download/6b3c63b0-f461-4e9c-a2c2-006f734c5b41.kml,2023-02-16,swd_vulnerable_kgis,"WARD_NAME=Okalipuram; WARDNO=96; LocationName=Gandi Statue, Oklipuram.; KGISFVLID=121; ZONE=West; coordinates=77.5655249998615,12.9834499997698 [OBJECTID 121]",12.983450,77.565525,source_latlon,medium,false
"Rajajinagar  Industrial  Area ,1st Cross Road","Dr. Rajkumar (ward 106), West zone","BBMP/KSRSAC Map of Locations Vulnerable to Flooding in Bengaluru (KML, OpenCity)",https://data.opencity.in/dataset/b03218ea-4b7c-4fa9-ab67-b9054d7ecc4c/resource/a7d8a01f-1fbc-41e1-85f0-f15ea16b2d27/download/6b3c63b0-f461-4e9c-a2c2-006f734c5b41.kml,2023-02-16,swd_vulnerable_kgis,"WARD_NAME=Dr. Rajkumar; WARDNO=106; LocationName=Rajajinagar  Industrial  Area ,1st Cross Road; KGISFVLID=122; ZONE=West; coordinates=77.5460639998798,12.9841170002625 [OBJECTID 122]",12.984117,77.546064,source_latlon;agrees_with_other_source_0m,high,false
Broadway road junction,"Shivaji Nagar (ward 92), East zone","BBMP/KSRSAC Map of Locations Vulnerable to Flooding in Bengaluru (KML, OpenCity)",https://data.opencity.in/dataset/b03218ea-4b7c-4fa9-ab67-b9054d7ecc4c/resource/a7d8a01f-1fbc-41e1-85f0-f15ea16b2d27/download/6b3c63b0-f461-4e9c-a2c2-006f734c5b41.kml,2023-02-16,swd_vulnerable_kgis,"WARD_NAME=Shivaji Nagar; WARDNO=92; LocationName=Broadway road junction; KGISFVLID=123; ZONE=East; coordinates=77.6041670001918,12.9863889998184 [OBJECTID 123]",12.986389,77.604167,source_latlon;agrees_with_other_source_0m,high,false
Armstrong road junction in Shivajinagar,"Bharathi Nagar (ward 91), East zone","BBMP/KSRSAC Map of Locations Vulnerable to Flooding in Bengaluru (KML, OpenCity)",https://data.opencity.in/dataset/b03218ea-4b7c-4fa9-ab67-b9054d7ecc4c/resource/a7d8a01f-1fbc-41e1-85f0-f15ea16b2d27/download/6b3c63b0-f461-4e9c-a2c2-006f734c5b41.kml,2023-02-16,swd_vulnerable_kgis,"WARD_NAME=Bharathi Nagar; WARDNO=91; LocationName=Armstrong road junction in Shivajinagar; KGISFVLID=124; ZONE=East; coordinates=77.6102780001299,12.9863890001152 [OBJECTID 124]",12.986389,77.610278,source_latlon,medium,false
Herohalli lake inlet Handrahalli main road,"Herohalli (ward 72), RR Nagar zone","BBMP/KSRSAC Map of Locations Vulnerable to Flooding in Bengaluru (KML, OpenCity)",https://data.opencity.in/dataset/b03218ea-4b7c-4fa9-ab67-b9054d7ecc4c/resource/a7d8a01f-1fbc-41e1-85f0-f15ea16b2d27/download/6b3c63b0-f461-4e9c-a2c2-006f734c5b41.kml,2023-02-16,swd_vulnerable_kgis,"WARD_NAME=Herohalli; WARDNO=72; LocationName=Herohalli lake inlet Handrahalli main road; KGISFVLID=125; ZONE=RR Nagar; coordinates=77.4895020004309,12.9870139997285 [OBJECTID 125]",12.987014,77.489502,source_latlon;other_source_387m,medium,false
"Sri Rammandir, Gubbanna Industrial Estate","Sri Ramamandir (ward 108), West zone","BBMP/KSRSAC Map of Locations Vulnerable to Flooding in Bengaluru (KML, OpenCity)",https://data.opencity.in/dataset/b03218ea-4b7c-4fa9-ab67-b9054d7ecc4c/resource/a7d8a01f-1fbc-41e1-85f0-f15ea16b2d27/download/6b3c63b0-f461-4e9c-a2c2-006f734c5b41.kml,2023-02-16,swd_vulnerable_kgis,"WARD_NAME=Sri Ramamandir; WARDNO=108; LocationName=Sri Rammandir, Gubbanna Industrial Estate; KGISFVLID=126; ZONE=West; coordinates=77.5592970002844,12.987563999594 [OBJECTID 126]",12.987564,77.559297,source_latlon,medium,false
Shivaganga layout,"Vijnana Nagar (ward 81), Mahadevapura zone","BBMP/KSRSAC Map of Locations Vulnerable to Flooding in Bengaluru (KML, OpenCity)",https://data.opencity.in/dataset/b03218ea-4b7c-4fa9-ab67-b9054d7ecc4c/resource/a7d8a01f-1fbc-41e1-85f0-f15ea16b2d27/download/6b3c63b0-f461-4e9c-a2c2-006f734c5b41.kml,2023-02-16,swd_vulnerable_kgis,"WARD_NAME=Vijnana Nagar; WARDNO=81; LocationName=Shivaganga layout; KGISFVLID=127; ZONE=Mahadevapura; coordinates=77.6902780000745,12.9888890003729 [OBJECTID 127]",12.988889,77.690278,source_latlon;agrees_with_other_source_0m,high,false
Pai Layout,"A Narayanapura (ward 56), Mahadevapura zone","BBMP/KSRSAC Map of Locations Vulnerable to Flooding in Bengaluru (KML, OpenCity)",https://data.opencity.in/dataset/b03218ea-4b7c-4fa9-ab67-b9054d7ecc4c/resource/a7d8a01f-1fbc-41e1-85f0-f15ea16b2d27/download/6b3c63b0-f461-4e9c-a2c2-006f734c5b41.kml,2023-02-16,swd_vulnerable_kgis,"WARD_NAME=A Narayanapura; WARDNO=56; LocationName=Pai Layout; KGISFVLID=128; ZONE=Mahadevapura; coordinates=77.6683329996398,12.990277999831 [OBJECTID 128]",12.990278,77.668333,source_latlon;agrees_with_other_source_0m,high,false
Netaji ground & Saneguruvanalli,"Basaveshwaranagar (ward 100), West zone","BBMP/KSRSAC Map of Locations Vulnerable to Flooding in Bengaluru (KML, OpenCity)",https://data.opencity.in/dataset/b03218ea-4b7c-4fa9-ab67-b9054d7ecc4c/resource/a7d8a01f-1fbc-41e1-85f0-f15ea16b2d27/download/6b3c63b0-f461-4e9c-a2c2-006f734c5b41.kml,2023-02-16,swd_vulnerable_kgis,"WARD_NAME=Basaveshwaranagar; WARDNO=100; LocationName=Netaji ground & Saneguruvanalli; KGISFVLID=129; ZONE=West; coordinates=77.5440499997635,12.990871999651 [OBJECTID 129]",12.990872,77.544050,source_latlon;agrees_with_other_source_0m,high,false
Near summanahalli bridge (up stream),"Vrisabhavathi Nagar (ward 102), West zone","BBMP/KSRSAC Map of Locations Vulnerable to Flooding in Bengaluru (KML, OpenCity)",https://data.opencity.in/dataset/b03218ea-4b7c-4fa9-ab67-b9054d7ecc4c/resource/a7d8a01f-1fbc-41e1-85f0-f15ea16b2d27/download/6b3c63b0-f461-4e9c-a2c2-006f734c5b41.kml,2023-02-16,swd_vulnerable_kgis,"WARD_NAME=Vrisabhavathi Nagar; WARDNO=102; LocationName=Near summanahalli bridge (up stream); KGISFVLID=130; ZONE=West; coordinates=77.5214369999444,12.9912430000379 [OBJECTID 130]",12.991243,77.521437,source_latlon;conflicts_with_other_source_775m,low,true
Near Mantri Mall bridge,"Subhash Nagar (ward 95), West zone","BBMP/KSRSAC Map of Locations Vulnerable to Flooding in Bengaluru (KML, OpenCity)",https://data.opencity.in/dataset/b03218ea-4b7c-4fa9-ab67-b9054d7ecc4c/resource/a7d8a01f-1fbc-41e1-85f0-f15ea16b2d27/download/6b3c63b0-f461-4e9c-a2c2-006f734c5b41.kml,2023-02-16,swd_vulnerable_kgis,"WARD_NAME=Subhash Nagar; WARDNO=95; LocationName=Near Mantri Mall bridge; KGISFVLID=131; ZONE=West; coordinates=77.5705640000386,12.9913279999354 [OBJECTID 131]",12.991328,77.570564,source_latlon;agrees_with_other_source_0m,high,false
Hoodi,"Garudachar Palya (ward 82), Mahadevapura zone","BBMP/KSRSAC Map of Locations Vulnerable to Flooding in Bengaluru (KML, OpenCity)",https://data.opencity.in/dataset/b03218ea-4b7c-4fa9-ab67-b9054d7ecc4c/resource/a7d8a01f-1fbc-41e1-85f0-f15ea16b2d27/download/6b3c63b0-f461-4e9c-a2c2-006f734c5b41.kml,2023-02-16,swd_vulnerable_kgis,"WARD_NAME=Garudachar Palya; WARDNO=82; LocationName=Hoodi; KGISFVLID=132; ZONE=Mahadevapura; coordinates=77.7181370002738,12.9920149996462 [OBJECTID 132]",12.992015,77.718137,source_latlon;agrees_with_other_source_0m,high,false
Prakashnagar Near Mudalayar Choultry,"Prakash Nagar (ward 98), West zone","BBMP/KSRSAC Map of Locations Vulnerable to Flooding in Bengaluru (KML, OpenCity)",https://data.opencity.in/dataset/b03218ea-4b7c-4fa9-ab67-b9054d7ecc4c/resource/a7d8a01f-1fbc-41e1-85f0-f15ea16b2d27/download/6b3c63b0-f461-4e9c-a2c2-006f734c5b41.kml,2023-02-16,swd_vulnerable_kgis,"WARD_NAME=Prakash Nagar; WARDNO=98; LocationName=Prakashnagar Near Mudalayar Choultry; KGISFVLID=133; ZONE=West; coordinates=77.557166999634,12.9934829997549 [OBJECTID 133]",12.993483,77.557167,source_latlon;agrees_with_other_source_0m,high,false
Railway parallel road Sadanadanagar,"Benniganahalli (ward 50), East zone","BBMP/KSRSAC Map of Locations Vulnerable to Flooding in Bengaluru (KML, OpenCity)",https://data.opencity.in/dataset/b03218ea-4b7c-4fa9-ab67-b9054d7ecc4c/resource/a7d8a01f-1fbc-41e1-85f0-f15ea16b2d27/download/6b3c63b0-f461-4e9c-a2c2-006f734c5b41.kml,2023-02-16,swd_vulnerable_kgis,"WARD_NAME=Benniganahalli; WARDNO=50; LocationName=Railway parallel road Sadanadanagar; KGISFVLID=134; ZONE=East; coordinates=77.6588889998819,12.9947220001824 [OBJECTID 134]",12.994722,77.658889,source_latlon;agrees_with_other_source_0m,high,false
Maheshwari nagar,"Garudachar Palya (ward 82), Mahadevapura zone","BBMP/KSRSAC Map of Locations Vulnerable to Flooding in Bengaluru (KML, OpenCity)",https://data.opencity.in/dataset/b03218ea-4b7c-4fa9-ab67-b9054d7ecc4c/resource/a7d8a01f-1fbc-41e1-85f0-f15ea16b2d27/download/6b3c63b0-f461-4e9c-a2c2-006f734c5b41.kml,2023-02-16,swd_vulnerable_kgis,"WARD_NAME=Garudachar Palya; WARDNO=82; LocationName=Maheshwari nagar; KGISFVLID=135; ZONE=Mahadevapura; coordinates=77.6928709998418,12.9949200004422 [OBJECTID 135]",12.994920,77.692871,source_latlon;agrees_with_other_source_0m,high,false
"Link Road, Malleshwaram","Dattatreya Temple (ward 77), West zone","BBMP/KSRSAC Map of Locations Vulnerable to Flooding in Bengaluru (KML, OpenCity)",https://data.opencity.in/dataset/b03218ea-4b7c-4fa9-ab67-b9054d7ecc4c/resource/a7d8a01f-1fbc-41e1-85f0-f15ea16b2d27/download/6b3c63b0-f461-4e9c-a2c2-006f734c5b41.kml,2023-02-16,swd_vulnerable_kgis,"WARD_NAME=Dattatreya Temple; WARDNO=77; LocationName=Link Road, Malleshwaram; KGISFVLID=136; ZONE=West; coordinates=77.5733829999703,12.9960140000966 [OBJECTID 136]",12.996014,77.573383,source_latlon;agrees_with_other_source_0m,high,false
Syndicate Layout beside park,"Herohalli (ward 72), RR Nagar zone","BBMP/KSRSAC Map of Locations Vulnerable to Flooding in Bengaluru (KML, OpenCity)",https://data.opencity.in/dataset/b03218ea-4b7c-4fa9-ab67-b9054d7ecc4c/resource/a7d8a01f-1fbc-41e1-85f0-f15ea16b2d27/download/6b3c63b0-f461-4e9c-a2c2-006f734c5b41.kml,2023-02-16,swd_vulnerable_kgis,"WARD_NAME=Herohalli; WARDNO=72; LocationName=Syndicate Layout beside park; KGISFVLID=137; ZONE=RR Nagar; coordinates=77.4881040000855,12.9964130000207 [OBJECTID 137]",12.996413,77.488104,source_latlon,medium,false
"Guttahalli Circle, Malleshwaram","Dattatreya Temple (ward 77), West zone","BBMP/KSRSAC Map of Locations Vulnerable to Flooding in Bengaluru (KML, OpenCity)",https://data.opencity.in/dataset/b03218ea-4b7c-4fa9-ab67-b9054d7ecc4c/resource/a7d8a01f-1fbc-41e1-85f0-f15ea16b2d27/download/6b3c63b0-f461-4e9c-a2c2-006f734c5b41.kml,2023-02-16,swd_vulnerable_kgis,"WARD_NAME=Dattatreya Temple; WARDNO=77; LocationName=Guttahalli Circle, Malleshwaram; KGISFVLID=138; ZONE=West; coordinates=77.5780420000429,12.9974140000488 [OBJECTID 138]",12.997414,77.578042,source_latlon;agrees_with_other_source_0m,high,false
Near by 2nd Cross Ring Road,"Dattatreya Temple (ward 77), West zone","BBMP/KSRSAC Map of Locations Vulnerable to Flooding in Bengaluru (KML, OpenCity)",https://data.opencity.in/dataset/b03218ea-4b7c-4fa9-ab67-b9054d7ecc4c/resource/a7d8a01f-1fbc-41e1-85f0-f15ea16b2d27/download/6b3c63b0-f461-4e9c-a2c2-006f734c5b41.kml,2023-02-16,swd_vulnerable_kgis,"WARD_NAME=Dattatreya Temple; WARDNO=77; LocationName=Near by 2nd Cross Ring Road; KGISFVLID=139; ZONE=West; coordinates=77.5731080003203,12.9976689998968 [OBJECTID 139]",12.997669,77.573108,source_latlon,medium,false
Pillappanakatte valley (KTG Roads to DWCC),"Kottegepalya (ward 73), Dasarahalli zone","BBMP/KSRSAC Map of Locations Vulnerable to Flooding in Bengaluru (KML, OpenCity)",https://data.opencity.in/dataset/b03218ea-4b7c-4fa9-ab67-b9054d7ecc4c/resource/a7d8a01f-1fbc-41e1-85f0-f15ea16b2d27/download/6b3c63b0-f461-4e9c-a2c2-006f734c5b41.kml,2023-02-16,swd_vulnerable_kgis,"WARD_NAME=Kottegepalya; WARDNO=73; LocationName=Pillappanakatte valley (KTG Roads to DWCC); KGISFVLID=140; ZONE=Dasarahalli; coordinates=77.5167400001607,12.998219999936 [OBJECTID 140]",12.998220,77.516740,source_latlon;agrees_with_other_source_0m,high,false
1st main road bridge down stream,"Shankar Matt (ward 75), West zone","BBMP/KSRSAC Map of Locations Vulnerable to Flooding in Bengaluru (KML, OpenCity)",https://data.opencity.in/dataset/b03218ea-4b7c-4fa9-ab67-b9054d7ecc4c/resource/a7d8a01f-1fbc-41e1-85f0-f15ea16b2d27/download/6b3c63b0-f461-4e9c-a2c2-006f734c5b41.kml,2023-02-16,swd_vulnerable_kgis,"WARD_NAME=Shankar Matt; WARDNO=75; LocationName=1st main road bridge down stream; KGISFVLID=141; ZONE=West; coordinates=77.5278780003759,13.0010000003161 [OBJECTID 141]",13.001000,77.527878,source_latlon;agrees_with_other_source_0m,high,false
Lavakushanagara to Vrishabhavathi Valley,"Rajagopal Nagar (ward 70), Dasarahalli zone","BBMP/KSRSAC Map of Locations Vulnerable to Flooding in Bengaluru (KML, OpenCity)",https://data.opencity.in/dataset/b03218ea-4b7c-4fa9-ab67-b9054d7ecc4c/resource/a7d8a01f-1fbc-41e1-85f0-f15ea16b2d27/download/6b3c63b0-f461-4e9c-a2c2-006f734c5b41.kml,2023-02-16,swd_vulnerable_kgis,"WARD_NAME=Rajagopal Nagar; WARDNO=70; LocationName=Lavakushanagara to Vrishabhavathi Valley; KGISFVLID=142; ZONE=Dasarahalli; coordinates=77.5164540000044,13.0015319999151 [OBJECTID 142]",13.001532,77.516454,source_latlon,medium,false
Jai Maruthi nagar and Nandini layout bridge ( up and down stream),"Shankar Matt (ward 75), West zone","BBMP/KSRSAC Map of Locations Vulnerable to Flooding in Bengaluru (KML, OpenCity)",https://data.opencity.in/dataset/b03218ea-4b7c-4fa9-ab67-b9054d7ecc4c/resource/a7d8a01f-1fbc-41e1-85f0-f15ea16b2d27/download/6b3c63b0-f461-4e9c-a2c2-006f734c5b41.kml,2023-02-16,swd_vulnerable_kgis,"WARD_NAME=Shankar Matt; WARDNO=75; LocationName=Jai Maruthi nagar and Nandini layout bridge ( up and down stream); KGISFVLID=143; ZONE=West; coordinates=77.5325529996695,13.0017559998102 [OBJECTID 143]",13.001756,77.532553,source_latlon,medium,false
Munikrishnappa layout area of Kaveripura,"Kadu Malleshwar (ward 65), West zone","BBMP/KSRSAC Map of Locations Vulnerable to Flooding in Bengaluru (KML, OpenCity)",https://data.opencity.in/dataset/b03218ea-4b7c-4fa9-ab67-b9054d7ecc4c/resource/a7d8a01f-1fbc-41e1-85f0-f15ea16b2d27/download/6b3c63b0-f461-4e9c-a2c2-006f734c5b41.kml,2023-02-16,swd_vulnerable_kgis,"WARD_NAME=Kadu Malleshwar; WARDNO=65; LocationName=Munikrishnappa layout area of Kaveripura; KGISFVLID=144; ZONE=West; coordinates=77.5636110003156,13.0033059997124 [OBJECTID 144]",13.003306,77.563611,source_latlon;agrees_with_other_source_0m,high,false
Sandeep bar,"Shankar Matt (ward 75), West zone","BBMP/KSRSAC Map of Locations Vulnerable to Flooding in Bengaluru (KML, OpenCity)",https://data.opencity.in/dataset/b03218ea-4b7c-4fa9-ab67-b9054d7ecc4c/resource/a7d8a01f-1fbc-41e1-85f0-f15ea16b2d27/download/6b3c63b0-f461-4e9c-a2c2-006f734c5b41.kml,2023-02-16,swd_vulnerable_kgis,"WARD_NAME=Shankar Matt; WARDNO=75; LocationName=Sandeep bar; KGISFVLID=145; ZONE=West; coordinates=77.5290469997468,13.0035669996389 [OBJECTID 145]",13.003567,77.529047,source_latlon;agrees_with_other_source_0m,high,false
Kemegowda bridge,"Laggere (ward 69), West zone","BBMP/KSRSAC Map of Locations Vulnerable to Flooding in Bengaluru (KML, OpenCity)",https://data.opencity.in/dataset/b03218ea-4b7c-4fa9-ab67-b9054d7ecc4c/resource/a7d8a01f-1fbc-41e1-85f0-f15ea16b2d27/download/6b3c63b0-f461-4e9c-a2c2-006f734c5b41.kml,2023-02-16,swd_vulnerable_kgis,"WARD_NAME=Laggere; WARDNO=69; LocationName=Kemegowda bridge; KGISFVLID=146; ZONE=West; coordinates=77.5294920002743,13.0041169998666 [OBJECTID 146]",13.004117,77.529492,source_latlon;agrees_with_other_source_0m,high,false
17th and 19th main in Kamalanagar,"Laggere (ward 69), West zone","BBMP/KSRSAC Map of Locations Vulnerable to Flooding in Bengaluru (KML, OpenCity)",https://data.opencity.in/dataset/b03218ea-4b7c-4fa9-ab67-b9054d7ecc4c/resource/a7d8a01f-1fbc-41e1-85f0-f15ea16b2d27/download/6b3c63b0-f461-4e9c-a2c2-006f734c5b41.kml,2023-02-16,swd_vulnerable_kgis,"WARD_NAME=Laggere; WARDNO=69; LocationName=17th and 19th main in Kamalanagar; KGISFVLID=147; ZONE=West; coordinates=77.5293170001005,13.0041750002618 [OBJECTID 147]",13.004175,77.529317,source_latlon;agrees_with_other_source_0m,high,false
Laggere 40-vent Bridge,"Laggere (ward 69), West zone","BBMP/KSRSAC Map of Locations Vulnerable to Flooding in Bengaluru (KML, OpenCity)",https://data.opencity.in/dataset/b03218ea-4b7c-4fa9-ab67-b9054d7ecc4c/resource/a7d8a01f-1fbc-41e1-85f0-f15ea16b2d27/download/6b3c63b0-f461-4e9c-a2c2-006f734c5b41.kml,2023-02-16,swd_vulnerable_kgis,"WARD_NAME=Laggere; WARDNO=69; LocationName=Laggere 40-vent Bridge; KGISFVLID=148; ZONE=West; coordinates=77.5290939999229,13.0044060003846 [OBJECTID 148]",13.004406,77.529094,source_latlon;agrees_with_other_source_0m,high,false
Nandini Layout Junction,"Nandini Layout (ward 43), West zone","BBMP/KSRSAC Map of Locations Vulnerable to Flooding in Bengaluru (KML, OpenCity)",https://data.opencity.in/dataset/b03218ea-4b7c-4fa9-ab67-b9054d7ecc4c/resource/a7d8a01f-1fbc-41e1-85f0-f15ea16b2d27/download/6b3c63b0-f461-4e9c-a2c2-006f734c5b41.kml,2023-02-16,swd_vulnerable_kgis,"WARD_NAME=Nandini Layout; WARDNO=43; LocationName=Nandini Layout Junction; KGISFVLID=149; ZONE=West; coordinates=77.5300419997567,13.0058639995654 [OBJECTID 149]",13.005864,77.530042,source_latlon,medium,false
RR layout & Ambedkar Nagar,"Vijnanapura (ward 51), Mahadevapura zone","BBMP/KSRSAC Map of Locations Vulnerable to Flooding in Bengaluru (KML, OpenCity)",https://data.opencity.in/dataset/b03218ea-4b7c-4fa9-ab67-b9054d7ecc4c/resource/a7d8a01f-1fbc-41e1-85f0-f15ea16b2d27/download/6b3c63b0-f461-4e9c-a2c2-006f734c5b41.kml,2023-02-16,swd_vulnerable_kgis,"WARD_NAME=Vijnanapura; WARDNO=51; LocationName=RR layout & Ambedkar Nagar; KGISFVLID=150; ZONE=Mahadevapura; coordinates=77.6722220004205,13.0066670000632 [OBJECTID 150]",13.006667,77.672222,source_latlon;agrees_with_other_source_0m,high,false
Devasandra (Nethravathi Badavane),"Devasandra (ward 55), Mahadevapura zone","BBMP/KSRSAC Map of Locations Vulnerable to Flooding in Bengaluru (KML, OpenCity)",https://data.opencity.in/dataset/b03218ea-4b7c-4fa9-ab67-b9054d7ecc4c/resource/a7d8a01f-1fbc-41e1-85f0-f15ea16b2d27/download/6b3c63b0-f461-4e9c-a2c2-006f734c5b41.kml,2023-02-16,swd_vulnerable_kgis,"WARD_NAME=Devasandra; WARDNO=55; LocationName=Devasandra (Nethravathi Badavane); KGISFVLID=151; ZONE=Mahadevapura; coordinates=77.6963890001064,13.0066669998917 [OBJECTID 151]",13.006667,77.696389,source_latlon;agrees_with_other_source_0m,high,false
Kalyananagar,"Kammanahalli (ward 28), East zone","BBMP/KSRSAC Map of Locations Vulnerable to Flooding in Bengaluru (KML, OpenCity)",https://data.opencity.in/dataset/b03218ea-4b7c-4fa9-ab67-b9054d7ecc4c/resource/a7d8a01f-1fbc-41e1-85f0-f15ea16b2d27/download/6b3c63b0-f461-4e9c-a2c2-006f734c5b41.kml,2023-02-16,swd_vulnerable_kgis,"WARD_NAME=Kammanahalli; WARDNO=28; LocationName=Kalyananagar; KGISFVLID=152; ZONE=East; coordinates=77.6369440003274,13.0088889996928 [OBJECTID 152]",13.008889,77.636944,source_latlon;agrees_with_other_source_0m,high,false
Near ward office ( circular road),"Nandini Layout (ward 43), West zone","BBMP/KSRSAC Map of Locations Vulnerable to Flooding in Bengaluru (KML, OpenCity)",https://data.opencity.in/dataset/b03218ea-4b7c-4fa9-ab67-b9054d7ecc4c/resource/a7d8a01f-1fbc-41e1-85f0-f15ea16b2d27/download/6b3c63b0-f461-4e9c-a2c2-006f734c5b41.kml,2023-02-16,swd_vulnerable_kgis,"WARD_NAME=Nandini Layout; WARDNO=43; LocationName=Near ward office ( circular road); KGISFVLID=153; ZONE=West; coordinates=77.5355280001312,13.0095110001703 [OBJECTID 153]",13.009511,77.535528,source_latlon;shared_by_3_names,low,true
Back of Presidency school,"Nandini Layout (ward 43), West zone","BBMP/KSRSAC Map of Locations Vulnerable to Flooding in Bengaluru (KML, OpenCity)",https://data.opencity.in/dataset/b03218ea-4b7c-4fa9-ab67-b9054d7ecc4c/resource/a7d8a01f-1fbc-41e1-85f0-f15ea16b2d27/download/6b3c63b0-f461-4e9c-a2c2-006f734c5b41.kml,2023-02-16,swd_vulnerable_kgis,"WARD_NAME=Nandini Layout; WARDNO=43; LocationName=Back of Presidency school; KGISFVLID=154; ZONE=West; coordinates=77.5355280001312,13.0095110001703 [OBJECTID 154]",13.009511,77.535528,source_latlon;shared_by_3_names,low,true
3rd circular road Nandini layout,"Nandini Layout (ward 43), West zone","BBMP/KSRSAC Map of Locations Vulnerable to Flooding in Bengaluru (KML, OpenCity)",https://data.opencity.in/dataset/b03218ea-4b7c-4fa9-ab67-b9054d7ecc4c/resource/a7d8a01f-1fbc-41e1-85f0-f15ea16b2d27/download/6b3c63b0-f461-4e9c-a2c2-006f734c5b41.kml,2023-02-16,swd_vulnerable_kgis,"WARD_NAME=Nandini Layout; WARDNO=43; LocationName=3rd circular road Nandini layout; KGISFVLID=155; ZONE=West; coordinates=77.5355280001312,13.0095110001703 [OBJECTID 155]",13.009511,77.535528,source_latlon;shared_by_3_names,low,true
ITI Layout,"Vijnanapura (ward 51), Mahadevapura zone","BBMP/KSRSAC Map of Locations Vulnerable to Flooding in Bengaluru (KML, OpenCity)",https://data.opencity.in/dataset/b03218ea-4b7c-4fa9-ab67-b9054d7ecc4c/resource/a7d8a01f-1fbc-41e1-85f0-f15ea16b2d27/download/6b3c63b0-f461-4e9c-a2c2-006f734c5b41.kml,2023-02-16,swd_vulnerable_kgis,"WARD_NAME=Vijnanapura; WARDNO=51; LocationName=ITI Layout; KGISFVLID=156; ZONE=Mahadevapura; coordinates=77.6802779998802,13.0105559999868 [OBJECTID 156]",13.010556,77.680278,source_latlon;agrees_with_other_source_0m,high,false
Ambedkar Nagar near Ramamurthy Nagar,"K R Puram (ward 52), Mahadevapura zone","BBMP/KSRSAC Map of Locations Vulnerable to Flooding in Bengaluru (KML, OpenCity)",https://data.opencity.in/dataset/b03218ea-4b7c-4fa9-ab67-b9054d7ecc4c/resource/a7d8a01f-1fbc-41e1-85f0-f15ea16b2d27/download/6b3c63b0-f461-4e9c-a2c2-006f734c5b41.kml,2023-02-16,swd_vulnerable_kgis,"WARD_NAME=K R Puram; WARDNO=52; LocationName=Ambedkar Nagar near Ramamurthy Nagar; KGISFVLID=157; ZONE=Mahadevapura; coordinates=77.6813890003321,13.0108329998322 [OBJECTID 157]",13.010833,77.681389,source_latlon;agrees_with_other_source_0m,high,false
Down stream of Aggere bridge (Sakamma badavane),"Nandini Layout (ward 43), West zone","BBMP/KSRSAC Map of Locations Vulnerable to Flooding in Bengaluru (KML, OpenCity)",https://data.opencity.in/dataset/b03218ea-4b7c-4fa9-ab67-b9054d7ecc4c/resource/a7d8a01f-1fbc-41e1-85f0-f15ea16b2d27/download/6b3c63b0-f461-4e9c-a2c2-006f734c5b41.kml,2023-02-16,swd_vulnerable_kgis,"WARD_NAME=Nandini Layout; WARDNO=43; LocationName=Down stream of Aggere bridge (Sakamma badavane); KGISFVLID=158; ZONE=West; coordinates=77.5280640003205,13.0109529999659 [OBJECTID 158]",13.010953,77.528064,source_latlon;agrees_with_other_source_0m,high,false
Koudenahalli (Ramamurthy Nagar main road),"Vijnanapura (ward 51), Mahadevapura zone","BBMP/KSRSAC Map of Locations Vulnerable to Flooding in Bengaluru (KML, OpenCity)",https://data.opencity.in/dataset/b03218ea-4b7c-4fa9-ab67-b9054d7ecc4c/resource/a7d8a01f-1fbc-41e1-85f0-f15ea16b2d27/download/6b3c63b0-f461-4e9c-a2c2-006f734c5b41.kml,2023-02-16,swd_vulnerable_kgis,"WARD_NAME=Vijnanapura; WARDNO=51; LocationName=Koudenahalli (Ramamurthy Nagar main road); KGISFVLID=159; ZONE=Mahadevapura; coordinates=77.6791670000031,13.0113890001174 [OBJECTID 159]",13.011389,77.679167,source_latlon;agrees_with_other_source_0m,high,false
Government School & Durgalamma Temple,"Rajagopal Nagar (ward 70), Dasarahalli zone","BBMP/KSRSAC Map of Locations Vulnerable to Flooding in Bengaluru (KML, OpenCity)",https://data.opencity.in/dataset/b03218ea-4b7c-4fa9-ab67-b9054d7ecc4c/resource/a7d8a01f-1fbc-41e1-85f0-f15ea16b2d27/download/6b3c63b0-f461-4e9c-a2c2-006f734c5b41.kml,2023-02-16,swd_vulnerable_kgis,"WARD_NAME=Rajagopal Nagar; WARDNO=70; LocationName=Government School & Durgalamma Temple; KGISFVLID=160; ZONE=Dasarahalli; coordinates=77.5117799998828,13.0126399999882 [OBJECTID 160]",13.012640,77.511780,source_latlon;agrees_with_other_source_0m,high,false
NRI layout,"Rammurthynagar (ward 26), Mahadevapura zone","BBMP/KSRSAC Map of Locations Vulnerable to Flooding in Bengaluru (KML, OpenCity)",https://data.opencity.in/dataset/b03218ea-4b7c-4fa9-ab67-b9054d7ecc4c/resource/a7d8a01f-1fbc-41e1-85f0-f15ea16b2d27/download/6b3c63b0-f461-4e9c-a2c2-006f734c5b41.kml,2023-02-16,swd_vulnerable_kgis,"WARD_NAME=Rammurthynagar; WARDNO=26; LocationName=NRI layout; KGISFVLID=161; ZONE=Mahadevapura; coordinates=77.6788889999928,13.0127779998621 [OBJECTID 161]",13.012778,77.678889,source_latlon;agrees_with_other_source_0m,high,false
Near Yashavanthpur TTMC,"Malleshwaram (ward 45), West zone","BBMP/KSRSAC Map of Locations Vulnerable to Flooding in Bengaluru (KML, OpenCity)",https://data.opencity.in/dataset/b03218ea-4b7c-4fa9-ab67-b9054d7ecc4c/resource/a7d8a01f-1fbc-41e1-85f0-f15ea16b2d27/download/6b3c63b0-f461-4e9c-a2c2-006f734c5b41.kml,2023-02-16,swd_vulnerable_kgis,"WARD_NAME=Malleshwaram; WARDNO=45; LocationName=Near Yashavanthpur TTMC; KGISFVLID=162; ZONE=West; coordinates=77.5613889997101,13.0128949999045 [OBJECTID 162]",13.012895,77.561389,source_latlon;conflicts_with_other_source_3257m,low,true
Hoysala nagar in Hormavu,"Horamavu (ward 25), Mahadevapura zone","BBMP/KSRSAC Map of Locations Vulnerable to Flooding in Bengaluru (KML, OpenCity)",https://data.opencity.in/dataset/b03218ea-4b7c-4fa9-ab67-b9054d7ecc4c/resource/a7d8a01f-1fbc-41e1-85f0-f15ea16b2d27/download/6b3c63b0-f461-4e9c-a2c2-006f734c5b41.kml,2023-02-16,swd_vulnerable_kgis,"WARD_NAME=Horamavu; WARDNO=25; LocationName=Hoysala nagar in Hormavu; KGISFVLID=163; ZONE=Mahadevapura; coordinates=77.6655560003485,13.0186110004055 [OBJECTID 163]",13.018611,77.665556,source_latlon;agrees_with_other_source_0m,high,false
HRBR Lyt,"Kacharakanahalli (ward 29), East zone","BBMP/KSRSAC Map of Locations Vulnerable to Flooding in Bengaluru (KML, OpenCity)",https://data.opencity.in/dataset/b03218ea-4b7c-4fa9-ab67-b9054d7ecc4c/resource/a7d8a01f-1fbc-41e1-85f0-f15ea16b2d27/download/6b3c63b0-f461-4e9c-a2c2-006f734c5b41.kml,2023-02-16,swd_vulnerable_kgis,"WARD_NAME=Kacharakanahalli; WARDNO=29; LocationName=HRBR Lyt; KGISFVLID=164; ZONE=East; coordinates=77.6347219997556,13.0188889999146 [OBJECTID 164]",13.018889,77.634722,source_latlon;agrees_with_other_source_0m,high,false
Jala Dharshani Layout of Hebbal,"Ganganagar (ward 20), East zone","BBMP/KSRSAC Map of Locations Vulnerable to Flooding in Bengaluru (KML, OpenCity)",https://data.opencity.in/dataset/b03218ea-4b7c-4fa9-ab67-b9054d7ecc4c/resource/a7d8a01f-1fbc-41e1-85f0-f15ea16b2d27/download/6b3c63b0-f461-4e9c-a2c2-006f734c5b41.kml,2023-02-16,swd_vulnerable_kgis,"WARD_NAME=Ganganagar; WARDNO=20; LocationName=Jala Dharshani Layout of Hebbal; KGISFVLID=165; ZONE=East; coordinates=77.5824999999099,13.0247220002418 [OBJECTID 165]",13.024722,77.582500,source_latlon;agrees_with_other_source_0m,high,false
Vasanthappa block  Hebbal,"Ganganagar (ward 20), East zone","BBMP/KSRSAC Map of Locations Vulnerable to Flooding in Bengaluru (KML, OpenCity)",https://data.opencity.in/dataset/b03218ea-4b7c-4fa9-ab67-b9054d7ecc4c/resource/a7d8a01f-1fbc-41e1-85f0-f15ea16b2d27/download/6b3c63b0-f461-4e9c-a2c2-006f734c5b41.kml,2023-02-16,swd_vulnerable_kgis,"WARD_NAME=Ganganagar; WARDNO=20; LocationName=Vasanthappa block  Hebbal; KGISFVLID=166; ZONE=East; coordinates=77.5846359999877,13.0297769996971 [OBJECTID 166]",13.029777,77.584636,source_latlon;conflicts_with_other_source_1425m,low,true
Peenya industrial  area 3rd phase 1st  main road,"HMT (ward 38), RR Nagar zone","BBMP/KSRSAC Map of Locations Vulnerable to Flooding in Bengaluru (KML, OpenCity)",https://data.opencity.in/dataset/b03218ea-4b7c-4fa9-ab67-b9054d7ecc4c/resource/a7d8a01f-1fbc-41e1-85f0-f15ea16b2d27/download/6b3c63b0-f461-4e9c-a2c2-006f734c5b41.kml,2023-02-16,swd_vulnerable_kgis,"WARD_NAME=HMT; WARDNO=38; LocationName=Peenya industrial  area 3rd phase 1st  main road; KGISFVLID=167; ZONE=RR Nagar; coordinates=77.5201420002763,13.0330969996944 [OBJECTID 167]",13.033097,77.520142,source_latlon,medium,false
Bhavani nagara Doddabidarakallu,"Dodda Bidarakallu (ward 40), RR Nagar zone","BBMP/KSRSAC Map of Locations Vulnerable to Flooding in Bengaluru (KML, OpenCity)",https://data.opencity.in/dataset/b03218ea-4b7c-4fa9-ab67-b9054d7ecc4c/resource/a7d8a01f-1fbc-41e1-85f0-f15ea16b2d27/download/6b3c63b0-f461-4e9c-a2c2-006f734c5b41.kml,2023-02-16,swd_vulnerable_kgis,"WARD_NAME=Dodda Bidarakallu; WARDNO=40; LocationName=Bhavani nagara Doddabidarakallu; KGISFVLID=168; ZONE=RR Nagar; coordinates=77.4905820000948,13.033173000101 [OBJECTID 168]",13.033173,77.490582,source_latlon;agrees_with_other_source_68m,high,false
A Block of  Hebbal,"Hebbala (ward 21), East zone","BBMP/KSRSAC Map of Locations Vulnerable to Flooding in Bengaluru (KML, OpenCity)",https://data.opencity.in/dataset/b03218ea-4b7c-4fa9-ab67-b9054d7ecc4c/resource/a7d8a01f-1fbc-41e1-85f0-f15ea16b2d27/download/6b3c63b0-f461-4e9c-a2c2-006f734c5b41.kml,2023-02-16,swd_vulnerable_kgis,"WARD_NAME=Hebbala; WARDNO=21; LocationName=A Block of  Hebbal; KGISFVLID=169; ZONE=East; coordinates=77.5902780004546,13.0333329999155 [OBJECTID 169]",13.033333,77.590278,source_latlon;agrees_with_other_source_0m,high,false
Low Laying areas of Chamundi nagar of Hebbal,"Hebbala (ward 21), East zone","BBMP/KSRSAC Map of Locations Vulnerable to Flooding in Bengaluru (KML, OpenCity)",https://data.opencity.in/dataset/b03218ea-4b7c-4fa9-ab67-b9054d7ecc4c/resource/a7d8a01f-1fbc-41e1-85f0-f15ea16b2d27/download/6b3c63b0-f461-4e9c-a2c2-006f734c5b41.kml,2023-02-16,swd_vulnerable_kgis,"WARD_NAME=Hebbala; WARDNO=21; LocationName=Low Laying areas of Chamundi nagar of Hebbal; KGISFVLID=170; ZONE=East; coordinates=77.6002779999901,13.0333329997996 [OBJECTID 170]",13.033333,77.600278,source_latlon;agrees_with_other_source_0m,high,false
Sun Rise colony of Hebbal,"Hebbala (ward 21), East zone","BBMP/KSRSAC Map of Locations Vulnerable to Flooding in Bengaluru (KML, OpenCity)",https://data.opencity.in/dataset/b03218ea-4b7c-4fa9-ab67-b9054d7ecc4c/resource/a7d8a01f-1fbc-41e1-85f0-f15ea16b2d27/download/6b3c63b0-f461-4e9c-a2c2-006f734c5b41.kml,2023-02-16,swd_vulnerable_kgis,"WARD_NAME=Hebbala; WARDNO=21; LocationName=Sun Rise colony of Hebbal; KGISFVLID=171; ZONE=East; coordinates=77.5972219997212,13.0355560000782 [OBJECTID 171]",13.035556,77.597222,source_latlon;agrees_with_other_source_0m,high,false
Richi's Garden,"Rammurthynagar (ward 26), Mahadevapura zone","BBMP/KSRSAC Map of Locations Vulnerable to Flooding in Bengaluru (KML, OpenCity)",https://data.opencity.in/dataset/b03218ea-4b7c-4fa9-ab67-b9054d7ecc4c/resource/a7d8a01f-1fbc-41e1-85f0-f15ea16b2d27/download/6b3c63b0-f461-4e9c-a2c2-006f734c5b41.kml,2023-02-16,swd_vulnerable_kgis,"WARD_NAME=Rammurthynagar; WARDNO=26; LocationName=Richi's Garden; KGISFVLID=172; ZONE=Mahadevapura; coordinates=77.6811109998455,13.0366669997307 [OBJECTID 172]",13.036667,77.681111,source_latlon;agrees_with_other_source_0m,high,false
Andanappa layout Doddabidarakallu,"Dodda Bidarakallu (ward 40), RR Nagar zone","BBMP/KSRSAC Map of Locations Vulnerable to Flooding in Bengaluru (KML, OpenCity)",https://data.opencity.in/dataset/b03218ea-4b7c-4fa9-ab67-b9054d7ecc4c/resource/a7d8a01f-1fbc-41e1-85f0-f15ea16b2d27/download/6b3c63b0-f461-4e9c-a2c2-006f734c5b41.kml,2023-02-16,swd_vulnerable_kgis,"WARD_NAME=Dodda Bidarakallu; WARDNO=40; LocationName=Andanappa layout Doddabidarakallu; KGISFVLID=173; ZONE=RR Nagar; coordinates=77.4871170004473,13.0366980002346 [OBJECTID 173]",13.036698,77.487117,source_latlon;other_source_332m,medium,false
Near bescom office Mattikere,"J P Park (ward 17), West zone","BBMP/KSRSAC Map of Locations Vulnerable to Flooding in Bengaluru (KML, OpenCity)",https://data.opencity.in/dataset/b03218ea-4b7c-4fa9-ab67-b9054d7ecc4c/resource/a7d8a01f-1fbc-41e1-85f0-f15ea16b2d27/download/6b3c63b0-f461-4e9c-a2c2-006f734c5b41.kml,2023-02-16,swd_vulnerable_kgis,"WARD_NAME=J P Park; WARDNO=17; LocationName=Near bescom office Mattikere; KGISFVLID=174; ZONE=West; coordinates=77.55670599993,13.0367360000285 [OBJECTID 174]",13.036736,77.556706,source_latlon;agrees_with_other_source_0m,high,false
HBR Layout,"HBR Layout (ward 24), East zone","BBMP/KSRSAC Map of Locations Vulnerable to Flooding in Bengaluru (KML, OpenCity)",https://data.opencity.in/dataset/b03218ea-4b7c-4fa9-ab67-b9054d7ecc4c/resource/a7d8a01f-1fbc-41e1-85f0-f15ea16b2d27/download/6b3c63b0-f461-4e9c-a2c2-006f734c5b41.kml,2023-02-16,swd_vulnerable_kgis,"WARD_NAME=HBR Layout; WARDNO=24; LocationName=HBR Layout; KGISFVLID=175; ZONE=East; coordinates=77.6380559998534,13.0391669999123 [OBJECTID 175]",13.039167,77.638056,source_latlon;agrees_with_other_source_0m,high,false
Near Jalahalli Metro station,"HMT (ward 38), RR Nagar zone","BBMP/KSRSAC Map of Locations Vulnerable to Flooding in Bengaluru (KML, OpenCity)",https://data.opencity.in/dataset/b03218ea-4b7c-4fa9-ab67-b9054d7ecc4c/resource/a7d8a01f-1fbc-41e1-85f0-f15ea16b2d27/download/6b3c63b0-f461-4e9c-a2c2-006f734c5b41.kml,2023-02-16,swd_vulnerable_kgis,"WARD_NAME=HMT; WARDNO=38; LocationName=Near Jalahalli Metro station; KGISFVLID=176; ZONE=RR Nagar; coordinates=77.5199260002574,13.0397289999055 [OBJECTID 176]",13.039729,77.519926,source_latlon,medium,false
Veerannapalya,"Nagavara (ward 23), East zone","BBMP/KSRSAC Map of Locations Vulnerable to Flooding in Bengaluru (KML, OpenCity)",https://data.opencity.in/dataset/b03218ea-4b7c-4fa9-ab67-b9054d7ecc4c/resource/a7d8a01f-1fbc-41e1-85f0-f15ea16b2d27/download/6b3c63b0-f461-4e9c-a2c2-006f734c5b41.kml,2023-02-16,swd_vulnerable_kgis,"WARD_NAME=Nagavara; WARDNO=23; LocationName=Veerannapalya; KGISFVLID=177; ZONE=East; coordinates=77.61222199988,13.0411110003888 [OBJECTID 177]",13.041111,77.612222,source_latlon;agrees_with_other_source_0m,high,false
Shambhavinagar,,"BBMP/KSRSAC Map of Locations Vulnerable to Flooding in Bengaluru (KML, OpenCity)",https://data.opencity.in/dataset/b03218ea-4b7c-4fa9-ab67-b9054d7ecc4c/resource/a7d8a01f-1fbc-41e1-85f0-f15ea16b2d27/download/6b3c63b0-f461-4e9c-a2c2-006f734c5b41.kml,2023-02-16,swd_vulnerable_kgis,"WARDNO=40; LocationName=Shambhavinagar; KGISFVLID=178; ZONE=Dasarahalli; coordinates=77.4780799999728,13.0413700000185 [OBJECTID 178]",13.041370,77.478080,source_latlon;agrees_with_other_source_0m,high,false
Veerannapalya drain near Manpho convention center,"Thanisandra (ward 6), Yelahanka zone","BBMP/KSRSAC Map of Locations Vulnerable to Flooding in Bengaluru (KML, OpenCity)",https://data.opencity.in/dataset/b03218ea-4b7c-4fa9-ab67-b9054d7ecc4c/resource/a7d8a01f-1fbc-41e1-85f0-f15ea16b2d27/download/6b3c63b0-f461-4e9c-a2c2-006f734c5b41.kml,2023-02-16,swd_vulnerable_kgis,"WARD_NAME=Thanisandra; WARDNO=6; LocationName=Veerannapalya drain near Manpho convention center; KGISFVLID=179; ZONE=Yelahanka; coordinates=77.6155559996975,13.0424999996035 [OBJECTID 179]",13.042500,77.615556,source_latlon;agrees_with_other_source_0m,high,false
Near Shani mahathma temple beside Hebbal Flyover,"Byatarayanapura (ward 7), East zone","BBMP/KSRSAC Map of Locations Vulnerable to Flooding in Bengaluru (KML, OpenCity)",https://data.opencity.in/dataset/b03218ea-4b7c-4fa9-ab67-b9054d7ecc4c/resource/a7d8a01f-1fbc-41e1-85f0-f15ea16b2d27/download/6b3c63b0-f461-4e9c-a2c2-006f734c5b41.kml,2023-02-16,swd_vulnerable_kgis,"WARD_NAME=Byatarayanapura; WARDNO=7; LocationName=Near Shani mahathma temple beside Hebbal Flyover; KGISFVLID=180; ZONE=East; coordinates=77.5913889998385,13.0425000003776 [OBJECTID 180]",13.042500,77.591389,source_latlon,medium,false
Vaddera Palya (Railway track),"Horamavu (ward 25), Mahadevapura zone","BBMP/KSRSAC Map of Locations Vulnerable to Flooding in Bengaluru (KML, OpenCity)",https://data.opencity.in/dataset/b03218ea-4b7c-4fa9-ab67-b9054d7ecc4c/resource/a7d8a01f-1fbc-41e1-85f0-f15ea16b2d27/download/6b3c63b0-f461-4e9c-a2c2-006f734c5b41.kml,2023-02-16,swd_vulnerable_kgis,"WARD_NAME=Horamavu; WARDNO=25; LocationName=Vaddera Palya (Railway track); KGISFVLID=181; ZONE=Mahadevapura; coordinates=77.6447219998583,13.0427780001412 [OBJECTID 181]",13.042778,77.644722,source_latlon;agrees_with_other_source_0m,high,false
"Kariyannapalya outer ring road, near Varun motors","Byatarayanapura (ward 7), Yelahanka zone","BBMP/KSRSAC Map of Locations Vulnerable to Flooding in Bengaluru (KML, OpenCity)",https://data.opencity.in/dataset/b03218ea-4b7c-4fa9-ab67-b9054d7ecc4c/resource/a7d8a01f-1fbc-41e1-85f0-f15ea16b2d27/download/6b3c63b0-f461-4e9c-a2c2-006f734c5b41.kml,2023-02-16,swd_vulnerable_kgis,"WARD_NAME=Byatarayanapura; WARDNO=7; LocationName=Kariyannapalya outer ring road, near Varun motors; KGISFVLID=182; ZONE=Yelahanka; coordinates=77.5988889997057,13.0430560002637 [OBJECTID 182]",13.043056,77.598889,source_latlon,medium,false
Nanda gokula,"HBR Layout (ward 24), East zone","BBMP/KSRSAC Map of Locations Vulnerable to Flooding in Bengaluru (KML, OpenCity)",https://data.opencity.in/dataset/b03218ea-4b7c-4fa9-ab67-b9054d7ecc4c/resource/a7d8a01f-1fbc-41e1-85f0-f15ea16b2d27/download/6b3c63b0-f461-4e9c-a2c2-006f734c5b41.kml,2023-02-16,swd_vulnerable_kgis,"WARD_NAME=HBR Layout; WARDNO=24; LocationName=Nanda gokula; KGISFVLID=183; ZONE=East; coordinates=77.6280559999516,13.0436110002171 [OBJECTID 183]",13.043611,77.628056,source_latlon,medium,false
Kariyannapalya Bridge over flowed ORR,"Byatarayanapura (ward 7), Yelahanka zone","BBMP/KSRSAC Map of Locations Vulnerable to Flooding in Bengaluru (KML, OpenCity)",https://data.opencity.in/dataset/b03218ea-4b7c-4fa9-ab67-b9054d7ecc4c/resource/a7d8a01f-1fbc-41e1-85f0-f15ea16b2d27/download/6b3c63b0-f461-4e9c-a2c2-006f734c5b41.kml,2023-02-16,swd_vulnerable_kgis,"WARD_NAME=Byatarayanapura; WARDNO=7; LocationName=Kariyannapalya Bridge over flowed ORR; KGISFVLID=184; ZONE=Yelahanka; coordinates=77.6002780002857,13.0436109999325 [OBJECTID 184]",13.043611,77.600278,source_latlon;agrees_with_other_source_0m,high,false
Upstreams of Devinagar (junction of Ring road and railway track)  of Hebbal,"Radhakrishna Temple (ward 18), East zone","BBMP/KSRSAC Map of Locations Vulnerable to Flooding in Bengaluru (KML, OpenCity)",https://data.opencity.in/dataset/b03218ea-4b7c-4fa9-ab67-b9054d7ecc4c/resource/a7d8a01f-1fbc-41e1-85f0-f15ea16b2d27/download/6b3c63b0-f461-4e9c-a2c2-006f734c5b41.kml,2023-02-16,swd_vulnerable_kgis,"WARD_NAME=Radhakrishna Temple; WARDNO=18; LocationName=Upstreams of Devinagar (junction of Ring road and railway track)  of Hebbal; KGISFVLID=185; ZONE=East; coordinates=77.5708330003102,13.0466670000846 [OBJECTID 185]",13.046667,77.570833,source_latlon,medium,false
Gundappa Layout & Belmar Layout,"Chokkasandra (ward 39), Dasarahalli zone","BBMP/KSRSAC Map of Locations Vulnerable to Flooding in Bengaluru (KML, OpenCity)",https://data.opencity.in/dataset/b03218ea-4b7c-4fa9-ab67-b9054d7ecc4c/resource/a7d8a01f-1fbc-41e1-85f0-f15ea16b2d27/download/6b3c63b0-f461-4e9c-a2c2-006f734c5b41.kml,2023-02-16,swd_vulnerable_kgis,"WARD_NAME=Chokkasandra; WARDNO=39; LocationName=Gundappa Layout & Belmar Layout; KGISFVLID=186; ZONE=Dasarahalli; coordinates=77.500740000131,13.0468099997455 [OBJECTID 186]",13.046810,77.500740,source_latlon;agrees_with_other_source_0m,high,false
"Manyata tech park, MS Ramaiah north city To element mall","Thanisandra (ward 6), Yelahanka zone","BBMP/KSRSAC Map of Locations Vulnerable to Flooding in Bengaluru (KML, OpenCity)",https://data.opencity.in/dataset/b03218ea-4b7c-4fa9-ab67-b9054d7ecc4c/resource/a7d8a01f-1fbc-41e1-85f0-f15ea16b2d27/download/6b3c63b0-f461-4e9c-a2c2-006f734c5b41.kml,2023-02-16,swd_vulnerable_kgis,"WARD_NAME=Thanisandra; WARDNO=6; LocationName=Manyata tech park, MS Ramaiah north city To element mall; KGISFVLID=187; ZONE=Yelahanka; coordinates=77.6236110002089,13.0472219998923 [OBJECTID 187]",13.047222,77.623611,source_latlon;agrees_with_other_source_0m,high,false
From Esteem mall beside Dhobi Ghat to Yogesh nagar bridge,"Byatarayanapura (ward 7), Yelahanka zone","BBMP/KSRSAC Map of Locations Vulnerable to Flooding in Bengaluru (KML, OpenCity)",https://data.opencity.in/dataset/b03218ea-4b7c-4fa9-ab67-b9054d7ecc4c/resource/a7d8a01f-1fbc-41e1-85f0-f15ea16b2d27/download/6b3c63b0-f461-4e9c-a2c2-006f734c5b41.kml,2023-02-16,swd_vulnerable_kgis,"WARD_NAME=Byatarayanapura; WARDNO=7; LocationName=From Esteem mall beside Dhobi Ghat to Yogesh nagar bridge; KGISFVLID=188; ZONE=Yelahanka; coordinates=77.5933330000545,13.0472220002583 [OBJECTID 188]",13.047222,77.593333,source_latlon;agrees_with_other_source_0m,high,false
TATA nagar 8th cross,"Kodigehalli (ward 8), Yelahanka zone","BBMP/KSRSAC Map of Locations Vulnerable to Flooding in Bengaluru (KML, OpenCity)",https://data.opencity.in/dataset/b03218ea-4b7c-4fa9-ab67-b9054d7ecc4c/resource/a7d8a01f-1fbc-41e1-85f0-f15ea16b2d27/download/6b3c63b0-f461-4e9c-a2c2-006f734c5b41.kml,2023-02-16,swd_vulnerable_kgis,"WARD_NAME=Kodigehalli; WARDNO=8; LocationName=TATA nagar 8th cross; KGISFVLID=189; ZONE=Yelahanka; coordinates=77.5716669996158,13.0550000002269 [OBJECTID 189]",13.055000,77.571667,source_latlon;agrees_with_other_source_0m,high,false
Near Rachanahalli lake inlet,"Thanisandra (ward 6), Yelahanka zone","BBMP/KSRSAC Map of Locations Vulnerable to Flooding in Bengaluru (KML, OpenCity)",https://data.opencity.in/dataset/b03218ea-4b7c-4fa9-ab67-b9054d7ecc4c/resource/a7d8a01f-1fbc-41e1-85f0-f15ea16b2d27/download/6b3c63b0-f461-4e9c-a2c2-006f734c5b41.kml,2023-02-16,swd_vulnerable_kgis,"WARD_NAME=Thanisandra; WARDNO=6; LocationName=Near Rachanahalli lake inlet; KGISFVLID=190; ZONE=Yelahanka; coordinates=77.6147219998168,13.0577779997751 [OBJECTID 190]",13.057778,77.614722,source_latlon,medium,false
"Aaimatha layout, Mallasandra","Shettihalli (ward 12), Dasarahalli zone","BBMP/KSRSAC Map of Locations Vulnerable to Flooding in Bengaluru (KML, OpenCity)",https://data.opencity.in/dataset/b03218ea-4b7c-4fa9-ab67-b9054d7ecc4c/resource/a7d8a01f-1fbc-41e1-85f0-f15ea16b2d27/download/6b3c63b0-f461-4e9c-a2c2-006f734c5b41.kml,2023-02-16,swd_vulnerable_kgis,"WARD_NAME=Shettihalli; WARDNO=12; LocationName=Aaimatha layout, Mallasandra; KGISFVLID=191; ZONE=Dasarahalli; coordinates=77.5117799995436,13.0606799996662 [OBJECTID 191]",13.060680,77.511780,source_latlon;agrees_with_other_source_0m,high,false
MEI layout,"Bagalakunte (ward 14), Dasarahalli zone","BBMP/KSRSAC Map of Locations Vulnerable to Flooding in Bengaluru (KML, OpenCity)",https://data.opencity.in/dataset/b03218ea-4b7c-4fa9-ab67-b9054d7ecc4c/resource/a7d8a01f-1fbc-41e1-85f0-f15ea16b2d27/download/6b3c63b0-f461-4e9c-a2c2-006f734c5b41.kml,2023-02-16,swd_vulnerable_kgis,"WARD_NAME=Bagalakunte; WARDNO=14; LocationName=MEI layout; KGISFVLID=192; ZONE=Dasarahalli; coordinates=77.5011599998644,13.0608700000336 [OBJECTID 192]",13.060870,77.501160,source_latlon;agrees_with_other_source_0m,high,false
Kammagondanahalli near MNTI Polytechnic,"Kuvempu Nagar (ward 11), Dasarahalli zone","BBMP/KSRSAC Map of Locations Vulnerable to Flooding in Bengaluru (KML, OpenCity)",https://data.opencity.in/dataset/b03218ea-4b7c-4fa9-ab67-b9054d7ecc4c/resource/a7d8a01f-1fbc-41e1-85f0-f15ea16b2d27/download/6b3c63b0-f461-4e9c-a2c2-006f734c5b41.kml,2023-02-16,swd_vulnerable_kgis,"WARD_NAME=Kuvempu Nagar; WARDNO=11; LocationName=Kammagondanahalli near MNTI Polytechnic; KGISFVLID=193; ZONE=Dasarahalli; coordinates=77.5347100003529,13.0640699996863 [OBJECTID 193]",13.064070,77.534710,source_latlon,medium,false
Shettihalli & Chikkasandra Village,"Shettihalli (ward 12), Dasarahalli zone","BBMP/KSRSAC Map of Locations Vulnerable to Flooding in Bengaluru (KML, OpenCity)",https://data.opencity.in/dataset/b03218ea-4b7c-4fa9-ab67-b9054d7ecc4c/resource/a7d8a01f-1fbc-41e1-85f0-f15ea16b2d27/download/6b3c63b0-f461-4e9c-a2c2-006f734c5b41.kml,2023-02-16,swd_vulnerable_kgis,"WARD_NAME=Shettihalli; WARDNO=12; LocationName=Shettihalli & Chikkasandra Village; KGISFVLID=194; ZONE=Dasarahalli; coordinates=77.5117800000453,13.0663400000601 [OBJECTID 194]",13.066340,77.511780,source_latlon;shared_by_2_names,low,true
Siddeswara Layout,"Bagalakunte (ward 14), Dasarahalli zone","BBMP/KSRSAC Map of Locations Vulnerable to Flooding in Bengaluru (KML, OpenCity)",https://data.opencity.in/dataset/b03218ea-4b7c-4fa9-ab67-b9054d7ecc4c/resource/a7d8a01f-1fbc-41e1-85f0-f15ea16b2d27/download/6b3c63b0-f461-4e9c-a2c2-006f734c5b41.kml,2023-02-16,swd_vulnerable_kgis,"WARD_NAME=Bagalakunte; WARDNO=14; LocationName=Siddeswara Layout; KGISFVLID=195; ZONE=Dasarahalli; coordinates=77.5006499998342,13.0672400001178 [OBJECTID 195]",13.067240,77.500650,source_latlon;shared_by_2_names,low,true
Shivapura tank,"Bagalakunte (ward 14), Dasarahalli zone","BBMP/KSRSAC Map of Locations Vulnerable to Flooding in Bengaluru (KML, OpenCity)",https://data.opencity.in/dataset/b03218ea-4b7c-4fa9-ab67-b9054d7ecc4c/resource/a7d8a01f-1fbc-41e1-85f0-f15ea16b2d27/download/6b3c63b0-f461-4e9c-a2c2-006f734c5b41.kml,2023-02-16,swd_vulnerable_kgis,"WARD_NAME=Bagalakunte; WARDNO=14; LocationName=Shivapura tank; KGISFVLID=196; ZONE=Dasarahalli; coordinates=77.5006499998342,13.0672400001178 [OBJECTID 196]",13.067240,77.500650,source_latlon;shared_by_2_names,low,true
Thindlu  to Doddabommasandra tank,"Vidyaranyapura (ward 9), Yelahanka zone","BBMP/KSRSAC Map of Locations Vulnerable to Flooding in Bengaluru (KML, OpenCity)",https://data.opencity.in/dataset/b03218ea-4b7c-4fa9-ab67-b9054d7ecc4c/resource/a7d8a01f-1fbc-41e1-85f0-f15ea16b2d27/download/6b3c63b0-f461-4e9c-a2c2-006f734c5b41.kml,2023-02-16,swd_vulnerable_kgis,"WARD_NAME=Vidyaranyapura; WARDNO=9; LocationName=Thindlu  to Doddabommasandra tank; KGISFVLID=197; ZONE=Yelahanka; coordinates=77.5627780001287,13.0691669998851 [OBJECTID 197]",13.069167,77.562778,source_latlon;agrees_with_other_source_0m,high,false
LBSnagar Yelahanka,"Yelahanka Satellite Town (ward 4), Yelahanka zone","BBMP/KSRSAC Map of Locations Vulnerable to Flooding in Bengaluru (KML, OpenCity)",https://data.opencity.in/dataset/b03218ea-4b7c-4fa9-ab67-b9054d7ecc4c/resource/a7d8a01f-1fbc-41e1-85f0-f15ea16b2d27/download/6b3c63b0-f461-4e9c-a2c2-006f734c5b41.kml,2023-02-16,swd_vulnerable_kgis,"WARD_NAME=Yelahanka Satellite Town; WARDNO=4; LocationName=LBSnagar Yelahanka; KGISFVLID=198; ZONE=Yelahanka; coordinates=77.5936109999906,13.0925000001134 [OBJECTID 198]",13.092500,77.593611,source_latlon,medium,false
Kogilu cross behind Udupi Grand hotel,"Kempegowda (ward 1), Yelahanka zone","BBMP/KSRSAC Map of Locations Vulnerable to Flooding in Bengaluru (KML, OpenCity)",https://data.opencity.in/dataset/b03218ea-4b7c-4fa9-ab67-b9054d7ecc4c/resource/a7d8a01f-1fbc-41e1-85f0-f15ea16b2d27/download/6b3c63b0-f461-4e9c-a2c2-006f734c5b41.kml,2023-02-16,swd_vulnerable_kgis,"WARD_NAME=Kempegowda; WARDNO=1; LocationName=Kogilu cross behind Udupi Grand hotel; KGISFVLID=199; ZONE=Yelahanka; coordinates=77.6011110002963,13.1030559999236 [OBJECTID 199]",13.103056,77.601111,source_latlon;agrees_with_other_source_0m,high,false
Kondappa layout,"Kempegowda (ward 1), Yelahanka zone","BBMP/KSRSAC Map of Locations Vulnerable to Flooding in Bengaluru (KML, OpenCity)",https://data.opencity.in/dataset/b03218ea-4b7c-4fa9-ab67-b9054d7ecc4c/resource/a7d8a01f-1fbc-41e1-85f0-f15ea16b2d27/download/6b3c63b0-f461-4e9c-a2c2-006f734c5b41.kml,2023-02-16,swd_vulnerable_kgis,"WARD_NAME=Kempegowda; WARDNO=1; LocationName=Kondappa layout; KGISFVLID=200; ZONE=Yelahanka; coordinates=77.5933329998893,13.1102779998028 [OBJECTID 200]",13.110278,77.593333,source_latlon;agrees_with_other_source_0m,high,false
Bhadrappa layout,,"BBMP Flood Prone Locations Map (KML, OpenCity)",https://data.opencity.in/dataset/b03218ea-4b7c-4fa9-ab67-b9054d7ecc4c/resource/d90fe768-caba-4c6e-b6b5-a75acd5e88a9/download/00fb1229-dcfd-4f59-813f-885e0c629add.kml,2023-02-16,flood_prone_map,"; coordinates=77.5760195323719,13.0484082909097 [OBJECTID 1]",13.048408,77.576020,source_latlon,medium,false
Sampangiram Nagar,,"BBMP Flood Prone Locations Map (KML, OpenCity)",https://data.opencity.in/dataset/b03218ea-4b7c-4fa9-ab67-b9054d7ecc4c/resource/d90fe768-caba-4c6e-b6b5-a75acd5e88a9/download/00fb1229-dcfd-4f59-813f-885e0c629add.kml,2023-02-16,flood_prone_map,"; coordinates=77.5746801037001,12.9936285184412 [OBJECTID 2]",12.993629,77.574680,source_latlon,medium,false
KEB Compound Maththikere,,"BBMP Flood Prone Locations Map (KML, OpenCity)",https://data.opencity.in/dataset/b03218ea-4b7c-4fa9-ab67-b9054d7ecc4c/resource/d90fe768-caba-4c6e-b6b5-a75acd5e88a9/download/00fb1229-dcfd-4f59-813f-885e0c629add.kml,2023-02-16,flood_prone_map,"; coordinates=77.5586167901292,13.0362993665224 [OBJECTID 3]",13.036299,77.558617,source_latlon,medium,false
Gubbanna Layout,,"BBMP Flood Prone Locations Map (KML, OpenCity)",https://data.opencity.in/dataset/b03218ea-4b7c-4fa9-ab67-b9054d7ecc4c/resource/d90fe768-caba-4c6e-b6b5-a75acd5e88a9/download/00fb1229-dcfd-4f59-813f-885e0c629add.kml,2023-02-16,flood_prone_map,"; coordinates=77.5556456666107,12.979208530649 [OBJECTID 4]",12.979209,77.555646,source_latlon,medium,false
Minerva Mill,,"BBMP Flood Prone Locations Map (KML, OpenCity)",https://data.opencity.in/dataset/b03218ea-4b7c-4fa9-ab67-b9054d7ecc4c/resource/d90fe768-caba-4c6e-b6b5-a75acd5e88a9/download/00fb1229-dcfd-4f59-813f-885e0c629add.kml,2023-02-16,flood_prone_map,"; coordinates=77.5644641478985,12.9794524061035 [OBJECTID 5]",12.979452,77.564464,source_latlon,medium,false
Binny Mill Tank Area,,"BBMP Flood Prone Locations Map (KML, OpenCity)",https://data.opencity.in/dataset/b03218ea-4b7c-4fa9-ab67-b9054d7ecc4c/resource/d90fe768-caba-4c6e-b6b5-a75acd5e88a9/download/00fb1229-dcfd-4f59-813f-885e0c629add.kml,2023-02-16,flood_prone_map,"; coordinates=77.5680827922834,12.9687461731971 [OBJECTID 6]",12.968746,77.568083,source_latlon,medium,false
Binny Mill Tank Area,,"BBMP Flood Prone Locations Map (KML, OpenCity)",https://data.opencity.in/dataset/b03218ea-4b7c-4fa9-ab67-b9054d7ecc4c/resource/d90fe768-caba-4c6e-b6b5-a75acd5e88a9/download/00fb1229-dcfd-4f59-813f-885e0c629add.kml,2023-02-16,flood_prone_map,"; coordinates=77.5717029034626,12.9742403689976 [OBJECTID 7]",12.974240,77.571703,source_latlon,medium,false
Kamakshipalya Tank Slum Area,,"BBMP Flood Prone Locations Map (KML, OpenCity)",https://data.opencity.in/dataset/b03218ea-4b7c-4fa9-ab67-b9054d7ecc4c/resource/d90fe768-caba-4c6e-b6b5-a75acd5e88a9/download/00fb1229-dcfd-4f59-813f-885e0c629add.kml,2023-02-16,flood_prone_map,"; coordinates=77.5270908138867,12.9886834477827 [OBJECTID 8]",12.988683,77.527091,source_latlon,medium,false
Shivananda circle_Railway under pass,,"BBMP Flood Prone Locations Map (KML, OpenCity)",https://data.opencity.in/dataset/b03218ea-4b7c-4fa9-ab67-b9054d7ecc4c/resource/d90fe768-caba-4c6e-b6b5-a75acd5e88a9/download/00fb1229-dcfd-4f59-813f-885e0c629add.kml,2023-02-16,flood_prone_map,"; coordinates=77.5778290177912,12.9877884559723 [OBJECTID 9]",12.987788,77.577829,source_latlon,medium,false
Okalipuram Junction,,"BBMP Flood Prone Locations Map (KML, OpenCity)",https://data.opencity.in/dataset/b03218ea-4b7c-4fa9-ab67-b9054d7ecc4c/resource/d90fe768-caba-4c6e-b6b5-a75acd5e88a9/download/00fb1229-dcfd-4f59-813f-885e0c629add.kml,2023-02-16,flood_prone_map,"; coordinates=77.5689299545501,12.9826870750483 [OBJECTID 10]",12.982687,77.568930,source_latlon,medium,false
Mekhri circle,,"BBMP Flood Prone Locations Map (KML, OpenCity)",https://data.opencity.in/dataset/b03218ea-4b7c-4fa9-ab67-b9054d7ecc4c/resource/d90fe768-caba-4c6e-b6b5-a75acd5e88a9/download/00fb1229-dcfd-4f59-813f-885e0c629add.kml,2023-02-16,flood_prone_map,"; coordinates=77.5837934475058,13.0169907396307 [OBJECTID 11]",13.016991,77.583793,source_latlon,medium,false
Railway underbridge near Kino theatre,,"BBMP Flood Prone Locations Map (KML, OpenCity)",https://data.opencity.in/dataset/b03218ea-4b7c-4fa9-ab67-b9054d7ecc4c/resource/d90fe768-caba-4c6e-b6b5-a75acd5e88a9/download/00fb1229-dcfd-4f59-813f-885e0c629add.kml,2023-02-16,flood_prone_map,"; coordinates=77.5748676833932,12.9845070969248 [OBJECTID 12]",12.984507,77.574868,source_latlon,medium,false
Jagajeevan ram nagar,,"BBMP Flood Prone Locations Map (KML, OpenCity)",https://data.opencity.in/dataset/b03218ea-4b7c-4fa9-ab67-b9054d7ecc4c/resource/d90fe768-caba-4c6e-b6b5-a75acd5e88a9/download/00fb1229-dcfd-4f59-813f-885e0c629add.kml,2023-02-16,flood_prone_map,"; coordinates=77.5506791839937,12.9655880581422 [OBJECTID 13]",12.965588,77.550679,source_latlon,medium,false
Padarayan pura,,"BBMP Flood Prone Locations Map (KML, OpenCity)",https://data.opencity.in/dataset/b03218ea-4b7c-4fa9-ab67-b9054d7ecc4c/resource/d90fe768-caba-4c6e-b6b5-a75acd5e88a9/download/00fb1229-dcfd-4f59-813f-885e0c629add.kml,2023-02-16,flood_prone_map,"; coordinates=77.5496064708584,12.9645626214676 [OBJECTID 14]",12.964563,77.549606,source_latlon,medium,false
Cotton pete,,"BBMP Flood Prone Locations Map (KML, OpenCity)",https://data.opencity.in/dataset/b03218ea-4b7c-4fa9-ab67-b9054d7ecc4c/resource/d90fe768-caba-4c6e-b6b5-a75acd5e88a9/download/00fb1229-dcfd-4f59-813f-885e0c629add.kml,2023-02-16,flood_prone_map,"; coordinates=77.5654467948301,12.9666850889455 [OBJECTID 15]",12.966685,77.565447,source_latlon,medium,false
City Market Area,,"BBMP Flood Prone Locations Map (KML, OpenCity)",https://data.opencity.in/dataset/b03218ea-4b7c-4fa9-ab67-b9054d7ecc4c/resource/d90fe768-caba-4c6e-b6b5-a75acd5e88a9/download/00fb1229-dcfd-4f59-813f-885e0c629add.kml,2023-02-16,flood_prone_map,"; coordinates=77.5841381432569,12.9652646790215 [OBJECTID 16]",12.965265,77.584138,source_latlon,medium,false
Jayanagar 3rd Block LIC Colony,,"BBMP Flood Prone Locations Map (KML, OpenCity)",https://data.opencity.in/dataset/b03218ea-4b7c-4fa9-ab67-b9054d7ecc4c/resource/d90fe768-caba-4c6e-b6b5-a75acd5e88a9/download/00fb1229-dcfd-4f59-813f-885e0c629add.kml,2023-02-16,flood_prone_map,"; coordinates=77.5895308406719,12.9297680655436 [OBJECTID 17]",12.929768,77.589531,source_latlon,medium,false
Krishnappa Garden behind Byrasandra Tank D/s,,"BBMP Flood Prone Locations Map (KML, OpenCity)",https://data.opencity.in/dataset/b03218ea-4b7c-4fa9-ab67-b9054d7ecc4c/resource/d90fe768-caba-4c6e-b6b5-a75acd5e88a9/download/00fb1229-dcfd-4f59-813f-885e0c629add.kml,2023-02-16,flood_prone_map,"; coordinates=77.5984756164525,12.9299432220019 [OBJECTID 18]",12.929943,77.598476,source_latlon,medium,false
Wilson Garden Area up to Bannerghatta Road,,"BBMP Flood Prone Locations Map (KML, OpenCity)",https://data.opencity.in/dataset/b03218ea-4b7c-4fa9-ab67-b9054d7ecc4c/resource/d90fe768-caba-4c6e-b6b5-a75acd5e88a9/download/00fb1229-dcfd-4f59-813f-885e0c629add.kml,2023-02-16,flood_prone_map,"; coordinates=77.5971767211248,12.94803361376 [OBJECTID 19]",12.948034,77.597177,source_latlon,medium,false
Arekempannahalli Area,,"BBMP Flood Prone Locations Map (KML, OpenCity)",https://data.opencity.in/dataset/b03218ea-4b7c-4fa9-ab67-b9054d7ecc4c/resource/d90fe768-caba-4c6e-b6b5-a75acd5e88a9/download/00fb1229-dcfd-4f59-813f-885e0c629add.kml,2023-02-16,flood_prone_map,"; coordinates=77.5931066062809,12.9462654306049 [OBJECTID 20]",12.946265,77.593107,source_latlon,medium,false
Marehahalli Tank,,"BBMP Flood Prone Locations Map (KML, OpenCity)",https://data.opencity.in/dataset/b03218ea-4b7c-4fa9-ab67-b9054d7ecc4c/resource/d90fe768-caba-4c6e-b6b5-a75acd5e88a9/download/00fb1229-dcfd-4f59-813f-885e0c629add.kml,2023-02-16,flood_prone_map,"; coordinates=77.5884362542258,12.9153014272189 [OBJECTID 21]",12.915301,77.588436,source_latlon,medium,false
Bismillanagar – Agencies,,"BBMP Flood Prone Locations Map (KML, OpenCity)",https://data.opencity.in/dataset/b03218ea-4b7c-4fa9-ab67-b9054d7ecc4c/resource/d90fe768-caba-4c6e-b6b5-a75acd5e88a9/download/00fb1229-dcfd-4f59-813f-885e0c629add.kml,2023-02-16,flood_prone_map,"; coordinates=77.6021990381511,12.9258533949181 [OBJECTID 22]",12.925853,77.602199,source_latlon,medium,false
Ejipura,,"BBMP Flood Prone Locations Map (KML, OpenCity)",https://data.opencity.in/dataset/b03218ea-4b7c-4fa9-ab67-b9054d7ecc4c/resource/d90fe768-caba-4c6e-b6b5-a75acd5e88a9/download/00fb1229-dcfd-4f59-813f-885e0c629add.kml,2023-02-16,flood_prone_map,"; coordinates=77.6308201304403,12.938392303162 [OBJECTID 23]",12.938392,77.630820,source_latlon;conflicts_with_other_source_647m,low,true
Koramangala Slum,,"BBMP Flood Prone Locations Map (KML, OpenCity)",https://data.opencity.in/dataset/b03218ea-4b7c-4fa9-ab67-b9054d7ecc4c/resource/d90fe768-caba-4c6e-b6b5-a75acd5e88a9/download/00fb1229-dcfd-4f59-813f-885e0c629add.kml,2023-02-16,flood_prone_map,"; coordinates=77.6279742060404,12.9248172689016 [OBJECTID 24]",12.924817,77.627974,source_latlon,medium,false
Cholurpalya,,"BBMP Flood Prone Locations Map (KML, OpenCity)",https://data.opencity.in/dataset/b03218ea-4b7c-4fa9-ab67-b9054d7ecc4c/resource/d90fe768-caba-4c6e-b6b5-a75acd5e88a9/download/00fb1229-dcfd-4f59-813f-885e0c629add.kml,2023-02-16,flood_prone_map,"; coordinates=77.549050659257,12.9720098012112 [OBJECTID 25]",12.972010,77.549051,source_latlon,medium,false
Bapujinagar,,"BBMP Flood Prone Locations Map (KML, OpenCity)",https://data.opencity.in/dataset/b03218ea-4b7c-4fa9-ab67-b9054d7ecc4c/resource/d90fe768-caba-4c6e-b6b5-a75acd5e88a9/download/00fb1229-dcfd-4f59-813f-885e0c629add.kml,2023-02-16,flood_prone_map,"; coordinates=77.5397292977655,12.9567706596381 [OBJECTID 26]",12.956771,77.539729,source_latlon,medium,false
Sanjaya Gandhi Slum Area,,"BBMP Flood Prone Locations Map (KML, OpenCity)",https://data.opencity.in/dataset/b03218ea-4b7c-4fa9-ab67-b9054d7ecc4c/resource/d90fe768-caba-4c6e-b6b5-a75acd5e88a9/download/00fb1229-dcfd-4f59-813f-885e0c629add.kml,2023-02-16,flood_prone_map,"; coordinates=77.5924590296566,12.9272333443431 [OBJECTID 27]",12.927233,77.592459,source_latlon,medium,false
NGV to HSR Layout,,"BBMP Flood Prone Locations Map (KML, OpenCity)",https://data.opencity.in/dataset/b03218ea-4b7c-4fa9-ab67-b9054d7ecc4c/resource/d90fe768-caba-4c6e-b6b5-a75acd5e88a9/download/00fb1229-dcfd-4f59-813f-885e0c629add.kml,2023-02-16,flood_prone_map,"; coordinates=77.6201472893617,12.9485540001667 [OBJECTID 28]",12.948554,77.620147,source_latlon,medium,false
Shanthi Nagar,,"BBMP Flood Prone Locations Map (KML, OpenCity)",https://data.opencity.in/dataset/b03218ea-4b7c-4fa9-ab67-b9054d7ecc4c/resource/d90fe768-caba-4c6e-b6b5-a75acd5e88a9/download/00fb1229-dcfd-4f59-813f-885e0c629add.kml,2023-02-16,flood_prone_map,"; coordinates=77.5932394856098,12.9542588171904 [OBJECTID 29]",12.954259,77.593239,source_latlon;conflicts_with_other_source_728m,low,true
Vidyapeeta circle,,"BBMP Flood Prone Locations Map (KML, OpenCity)",https://data.opencity.in/dataset/b03218ea-4b7c-4fa9-ab67-b9054d7ecc4c/resource/d90fe768-caba-4c6e-b6b5-a75acd5e88a9/download/00fb1229-dcfd-4f59-813f-885e0c629add.kml,2023-02-16,flood_prone_map,"; coordinates=77.560866420845,12.9333959675497 [OBJECTID 30]",12.933396,77.560866,source_latlon,medium,false
Srinvas nagar,,"BBMP Flood Prone Locations Map (KML, OpenCity)",https://data.opencity.in/dataset/b03218ea-4b7c-4fa9-ab67-b9054d7ecc4c/resource/d90fe768-caba-4c6e-b6b5-a75acd5e88a9/download/00fb1229-dcfd-4f59-813f-885e0c629add.kml,2023-02-16,flood_prone_map,"; coordinates=77.5547781949542,12.9355822257389 [OBJECTID 31]",12.935582,77.554778,source_latlon,medium,false
KH Road,,"BBMP Flood Prone Locations Map (KML, OpenCity)",https://data.opencity.in/dataset/b03218ea-4b7c-4fa9-ab67-b9054d7ecc4c/resource/d90fe768-caba-4c6e-b6b5-a75acd5e88a9/download/00fb1229-dcfd-4f59-813f-885e0c629add.kml,2023-02-16,flood_prone_map,"; coordinates=77.5920319676972,12.9554637045861 [OBJECTID 32]",12.955464,77.592032,source_latlon,medium,false
Magadi Police station,,"BBMP Flood Prone Locations Map (KML, OpenCity)",https://data.opencity.in/dataset/b03218ea-4b7c-4fa9-ab67-b9054d7ecc4c/resource/d90fe768-caba-4c6e-b6b5-a75acd5e88a9/download/00fb1229-dcfd-4f59-813f-885e0c629add.kml,2023-02-16,flood_prone_map,"; coordinates=77.5515100928131,12.9744908364828 [OBJECTID 33]",12.974491,77.551510,source_latlon,medium,false
RPC layout,,"BBMP Flood Prone Locations Map (KML, OpenCity)",https://data.opencity.in/dataset/b03218ea-4b7c-4fa9-ab67-b9054d7ecc4c/resource/d90fe768-caba-4c6e-b6b5-a75acd5e88a9/download/00fb1229-dcfd-4f59-813f-885e0c629add.kml,2023-02-16,flood_prone_map,"; coordinates=77.5378980802288,12.9627817776568 [OBJECTID 34]",12.962782,77.537898,source_latlon,medium,false
Ghali Anjaneya temple road,,"BBMP Flood Prone Locations Map (KML, OpenCity)",https://data.opencity.in/dataset/b03218ea-4b7c-4fa9-ab67-b9054d7ecc4c/resource/d90fe768-caba-4c6e-b6b5-a75acd5e88a9/download/00fb1229-dcfd-4f59-813f-885e0c629add.kml,2023-02-16,flood_prone_map,"; coordinates=77.5412892455988,12.9527270765932 [OBJECTID 35]",12.952727,77.541289,source_latlon,medium,false
Brindavananagar below Matthikere Tank Market,,"BBMP Flood Prone Locations Map (KML, OpenCity)",https://data.opencity.in/dataset/b03218ea-4b7c-4fa9-ab67-b9054d7ecc4c/resource/d90fe768-caba-4c6e-b6b5-a75acd5e88a9/download/00fb1229-dcfd-4f59-813f-885e0c629add.kml,2023-02-16,flood_prone_map,"; coordinates=77.5551490591783,13.0348090486984 [OBJECTID 36]",13.034809,77.555149,source_latlon,medium,false
Shankarappa Garden Gopalapura,,"BBMP Flood Prone Locations Map (KML, OpenCity)",https://data.opencity.in/dataset/b03218ea-4b7c-4fa9-ab67-b9054d7ecc4c/resource/d90fe768-caba-4c6e-b6b5-a75acd5e88a9/download/00fb1229-dcfd-4f59-813f-885e0c629add.kml,2023-02-16,flood_prone_map,"; coordinates=77.5230110502165,12.9216713081842 [OBJECTID 37]",12.921671,77.523011,source_latlon,medium,false
Kamakshipalya Tank Slum Area,,"BBMP Flood Prone Locations Map (KML, OpenCity)",https://data.opencity.in/dataset/b03218ea-4b7c-4fa9-ab67-b9054d7ecc4c/resource/d90fe768-caba-4c6e-b6b5-a75acd5e88a9/download/00fb1229-dcfd-4f59-813f-885e0c629add.kml,2023-02-16,flood_prone_map,"; coordinates=77.5220423616625,12.9928063456362 [OBJECTID 38]",12.992806,77.522042,source_latlon,medium,false
Yeshwanthpur Railway station,,"BBMP Flood Prone Locations Map (KML, OpenCity)",https://data.opencity.in/dataset/b03218ea-4b7c-4fa9-ab67-b9054d7ecc4c/resource/d90fe768-caba-4c6e-b6b5-a75acd5e88a9/download/00fb1229-dcfd-4f59-813f-885e0c629add.kml,2023-02-16,flood_prone_map,"; coordinates=77.5503772276235,13.0237767512959 [OBJECTID 39]",13.023777,77.550377,source_latlon,medium,false
BEML Layout in RR Nagar,,"BBMP Flood Prone Locations Map (KML, OpenCity)",https://data.opencity.in/dataset/b03218ea-4b7c-4fa9-ab67-b9054d7ecc4c/resource/d90fe768-caba-4c6e-b6b5-a75acd5e88a9/download/00fb1229-dcfd-4f59-813f-885e0c629add.kml,2023-02-16,flood_prone_map,"; coordinates=77.5196606016522,12.9077359056874 [OBJECTID 40]",12.907736,77.519661,source_latlon;conflicts_with_other_source_1009m,low,true
Nayandahalli,,"BBMP Flood Prone Locations Map (KML, OpenCity)",https://data.opencity.in/dataset/b03218ea-4b7c-4fa9-ab67-b9054d7ecc4c/resource/d90fe768-caba-4c6e-b6b5-a75acd5e88a9/download/00fb1229-dcfd-4f59-813f-885e0c629add.kml,2023-02-16,flood_prone_map,"; coordinates=77.5247623890697,12.9410926623963 [OBJECTID 41]",12.941093,77.524762,source_latlon,medium,false
Kengeri Yellamma temple,,"BBMP Flood Prone Locations Map (KML, OpenCity)",https://data.opencity.in/dataset/b03218ea-4b7c-4fa9-ab67-b9054d7ecc4c/resource/d90fe768-caba-4c6e-b6b5-a75acd5e88a9/download/00fb1229-dcfd-4f59-813f-885e0c629add.kml,2023-02-16,flood_prone_map,"; coordinates=77.4827357145787,12.8989117811536 [OBJECTID 42]",12.898912,77.482736,source_latlon,medium,false
"Bhovi Colony, near Sane Guruvanahalli Tank",,"BBMP Flood Prone Locations Map (KML, OpenCity)",https://data.opencity.in/dataset/b03218ea-4b7c-4fa9-ab67-b9054d7ecc4c/resource/d90fe768-caba-4c6e-b6b5-a75acd5e88a9/download/00fb1229-dcfd-4f59-813f-885e0c629add.kml,2023-02-16,flood_prone_map,"; coordinates=77.6762073762645,13.0120970535359 [OBJECTID 43]",13.012097,77.676207,source_latlon,medium,false
HAL Airport Road,,"BBMP Flood Prone Locations Map (KML, OpenCity)",https://data.opencity.in/dataset/b03218ea-4b7c-4fa9-ab67-b9054d7ecc4c/resource/d90fe768-caba-4c6e-b6b5-a75acd5e88a9/download/00fb1229-dcfd-4f59-813f-885e0c629add.kml,2023-02-16,flood_prone_map,"; coordinates=77.6822640125691,12.9545043770751 [OBJECTID 44]",12.954504,77.682264,source_latlon,medium,false
Sulthan Palya Main Road,,"BBMP Flood Prone Locations Map (KML, OpenCity)",https://data.opencity.in/dataset/b03218ea-4b7c-4fa9-ab67-b9054d7ecc4c/resource/d90fe768-caba-4c6e-b6b5-a75acd5e88a9/download/00fb1229-dcfd-4f59-813f-885e0c629add.kml,2023-02-16,flood_prone_map,"; coordinates=77.6047832157688,13.029909094329 [OBJECTID 45]",13.029909,77.604783,source_latlon,medium,false
Pillappa Garden – Agencies,,"BBMP Flood Prone Locations Map (KML, OpenCity)",https://data.opencity.in/dataset/b03218ea-4b7c-4fa9-ab67-b9054d7ecc4c/resource/d90fe768-caba-4c6e-b6b5-a75acd5e88a9/download/00fb1229-dcfd-4f59-813f-885e0c629add.kml,2023-02-16,flood_prone_map,"; coordinates=77.5911778338861,13.0259073108735 [OBJECTID 46]",13.025907,77.591178,source_latlon,medium,false
Anandanagara,,"BBMP Flood Prone Locations Map (KML, OpenCity)",https://data.opencity.in/dataset/b03218ea-4b7c-4fa9-ab67-b9054d7ecc4c/resource/d90fe768-caba-4c6e-b6b5-a75acd5e88a9/download/00fb1229-dcfd-4f59-813f-885e0c629add.kml,2023-02-16,flood_prone_map,"; coordinates=77.5913121170567,13.0313282901683 [OBJECTID 47]",13.031328,77.591312,source_latlon,medium,false
"Miller Tank,",,"BBMP Flood Prone Locations Map (KML, OpenCity)",https://data.opencity.in/dataset/b03218ea-4b7c-4fa9-ab67-b9054d7ecc4c/resource/d90fe768-caba-4c6e-b6b5-a75acd5e88a9/download/00fb1229-dcfd-4f59-813f-885e0c629add.kml,2023-02-16,flood_prone_map,"; coordinates=77.5980641442409,12.9919937964763 [OBJECTID 48]",12.991994,77.598064,source_latlon,medium,false
"Miller Tank,  Chinnappa Garden",,"BBMP Flood Prone Locations Map (KML, OpenCity)",https://data.opencity.in/dataset/b03218ea-4b7c-4fa9-ab67-b9054d7ecc4c/resource/d90fe768-caba-4c6e-b6b5-a75acd5e88a9/download/00fb1229-dcfd-4f59-813f-885e0c629add.kml,2023-02-16,flood_prone_map,"; coordinates=77.6029722401728,13.0022055362563 [OBJECTID 49]",13.002206,77.602972,source_latlon,medium,false
Saraswathipuram – Jogu Palya,,"BBMP Flood Prone Locations Map (KML, OpenCity)",https://data.opencity.in/dataset/b03218ea-4b7c-4fa9-ab67-b9054d7ecc4c/resource/d90fe768-caba-4c6e-b6b5-a75acd5e88a9/download/00fb1229-dcfd-4f59-813f-885e0c629add.kml,2023-02-16,flood_prone_map,"; coordinates=77.6328895046426,12.9723832240064 [OBJECTID 50]",12.972383,77.632890,source_latlon,medium,false
K R Garden,,"BBMP Flood Prone Locations Map (KML, OpenCity)",https://data.opencity.in/dataset/b03218ea-4b7c-4fa9-ab67-b9054d7ecc4c/resource/d90fe768-caba-4c6e-b6b5-a75acd5e88a9/download/00fb1229-dcfd-4f59-813f-885e0c629add.kml,2023-02-16,flood_prone_map,"; coordinates=77.6561560190804,12.9540152394115 [OBJECTID 51]",12.954015,77.656156,source_latlon,medium,false
Rudrappa Garden,,"BBMP Flood Prone Locations Map (KML, OpenCity)",https://data.opencity.in/dataset/b03218ea-4b7c-4fa9-ab67-b9054d7ecc4c/resource/d90fe768-caba-4c6e-b6b5-a75acd5e88a9/download/00fb1229-dcfd-4f59-813f-885e0c629add.kml,2023-02-16,flood_prone_map,"; coordinates=77.6179956694604,12.9599637430321 [OBJECTID 52]",12.959964,77.617996,source_latlon;conflicts_with_other_source_7650m,low,true
TV tower-Jaymahal extension,,"BBMP Flood Prone Locations Map (KML, OpenCity)",https://data.opencity.in/dataset/b03218ea-4b7c-4fa9-ab67-b9054d7ecc4c/resource/d90fe768-caba-4c6e-b6b5-a75acd5e88a9/download/00fb1229-dcfd-4f59-813f-885e0c629add.kml,2023-02-16,flood_prone_map,"; coordinates=77.5919039680898,13.0080769194141 [OBJECTID 53]",13.008077,77.591904,source_latlon,medium,false
hotel Chalukya Junction,,"BBMP Flood Prone Locations Map (KML, OpenCity)",https://data.opencity.in/dataset/b03218ea-4b7c-4fa9-ab67-b9054d7ecc4c/resource/d90fe768-caba-4c6e-b6b5-a75acd5e88a9/download/00fb1229-dcfd-4f59-813f-885e0c629add.kml,2023-02-16,flood_prone_map,"; coordinates=77.5881613485635,12.9844988501416 [OBJECTID 54]",12.984499,77.588161,source_latlon,medium,false
Dommlur,,"BBMP Flood Prone Locations Map (KML, OpenCity)",https://data.opencity.in/dataset/b03218ea-4b7c-4fa9-ab67-b9054d7ecc4c/resource/d90fe768-caba-4c6e-b6b5-a75acd5e88a9/download/00fb1229-dcfd-4f59-813f-885e0c629add.kml,2023-02-16,flood_prone_map,"; coordinates=77.638739052261,12.9609332364794 [OBJECTID 55]",12.960933,77.638739,source_latlon,medium,false
Ulsoor,,"BBMP Flood Prone Locations Map (KML, OpenCity)",https://data.opencity.in/dataset/b03218ea-4b7c-4fa9-ab67-b9054d7ecc4c/resource/d90fe768-caba-4c6e-b6b5-a75acd5e88a9/download/00fb1229-dcfd-4f59-813f-885e0c629add.kml,2023-02-16,flood_prone_map,"; coordinates=77.6239676660707,12.9819583642869 [OBJECTID 56]",12.981958,77.623968,source_latlon,medium,false
DJ Halli,,"BBMP Flood Prone Locations Map (KML, OpenCity)",https://data.opencity.in/dataset/b03218ea-4b7c-4fa9-ab67-b9054d7ecc4c/resource/d90fe768-caba-4c6e-b6b5-a75acd5e88a9/download/00fb1229-dcfd-4f59-813f-885e0c629add.kml,2023-02-16,flood_prone_map,"; coordinates=77.6102881503737,13.0092675390655 [OBJECTID 57]",13.009268,77.610288,source_latlon,medium,false
KR circle Underpass,,"BBMP Flood Prone Locations Map (KML, OpenCity)",https://data.opencity.in/dataset/b03218ea-4b7c-4fa9-ab67-b9054d7ecc4c/resource/d90fe768-caba-4c6e-b6b5-a75acd5e88a9/download/00fb1229-dcfd-4f59-813f-885e0c629add.kml,2023-02-16,flood_prone_map,"; coordinates=77.5873230437196,12.9754291432402 [OBJECTID 58]",12.975429,77.587323,source_latlon,medium,false
"Ashok Nagar
,museum road",,"BBMP Flood Prone Locations Map (KML, OpenCity)",https://data.opencity.in/dataset/b03218ea-4b7c-4fa9-ab67-b9054d7ecc4c/resource/d90fe768-caba-4c6e-b6b5-a75acd5e88a9/download/00fb1229-dcfd-4f59-813f-885e0c629add.kml,2023-02-16,flood_prone_map,"; coordinates=77.6047966021774,12.9707756363863 [OBJECTID 59]",12.970776,77.604797,source_latlon,medium,false
UB city  road,,"BBMP Flood Prone Locations Map (KML, OpenCity)",https://data.opencity.in/dataset/b03218ea-4b7c-4fa9-ab67-b9054d7ecc4c/resource/d90fe768-caba-4c6e-b6b5-a75acd5e88a9/download/00fb1229-dcfd-4f59-813f-885e0c629add.kml,2023-02-16,flood_prone_map,"; coordinates=77.596618073961,12.9713287895918 [OBJECTID 60]",12.971329,77.596618,source_latlon,medium,false
New Thippasandra,,"BBMP Flood Prone Locations Map (KML, OpenCity)",https://data.opencity.in/dataset/b03218ea-4b7c-4fa9-ab67-b9054d7ecc4c/resource/d90fe768-caba-4c6e-b6b5-a75acd5e88a9/download/00fb1229-dcfd-4f59-813f-885e0c629add.kml,2023-02-16,flood_prone_map,"; coordinates=77.6541428920762,12.9720323148392 [OBJECTID 61]",12.972032,77.654143,source_latlon,medium,false
Cox town,,"BBMP Flood Prone Locations Map (KML, OpenCity)",https://data.opencity.in/dataset/b03218ea-4b7c-4fa9-ab67-b9054d7ecc4c/resource/d90fe768-caba-4c6e-b6b5-a75acd5e88a9/download/00fb1229-dcfd-4f59-813f-885e0c629add.kml,2023-02-16,flood_prone_map,"; coordinates=77.6234084406428,12.9954416110413 [OBJECTID 62]",12.995442,77.623408,source_latlon,medium,false
Thippasandra,,"BBMP Flood Prone Locations Map (KML, OpenCity)",https://data.opencity.in/dataset/b03218ea-4b7c-4fa9-ab67-b9054d7ecc4c/resource/d90fe768-caba-4c6e-b6b5-a75acd5e88a9/download/00fb1229-dcfd-4f59-813f-885e0c629add.kml,2023-02-16,flood_prone_map,"; coordinates=77.6468109190841,12.9737073498141 [OBJECTID 63]",12.973707,77.646811,source_latlon,medium,false
Indiranagar 80ft road,,"BBMP Flood Prone Locations Map (KML, OpenCity)",https://data.opencity.in/dataset/b03218ea-4b7c-4fa9-ab67-b9054d7ecc4c/resource/d90fe768-caba-4c6e-b6b5-a75acd5e88a9/download/00fb1229-dcfd-4f59-813f-885e0c629add.kml,2023-02-16,flood_prone_map,"; coordinates=77.6477438290099,12.9688733328378 [OBJECTID 64]",12.968873,77.647744,source_latlon,medium,false
Pulakeshinagara,,"BBMP Flood Prone Locations Map (KML, OpenCity)",https://data.opencity.in/dataset/b03218ea-4b7c-4fa9-ab67-b9054d7ecc4c/resource/d90fe768-caba-4c6e-b6b5-a75acd5e88a9/download/00fb1229-dcfd-4f59-813f-885e0c629add.kml,2023-02-16,flood_prone_map,"; coordinates=77.6099036344411,12.9968405532487 [OBJECTID 65]",12.996841,77.609904,source_latlon,medium,false
Banaswadi,,"BBMP Flood Prone Locations Map (KML, OpenCity)",https://data.opencity.in/dataset/b03218ea-4b7c-4fa9-ab67-b9054d7ecc4c/resource/d90fe768-caba-4c6e-b6b5-a75acd5e88a9/download/00fb1229-dcfd-4f59-813f-885e0c629add.kml,2023-02-16,flood_prone_map,"; coordinates=77.6471286288786,13.0119037874296 [OBJECTID 66]",13.011904,77.647129,source_latlon,medium,false
Sarjapur road,,"BBMP Flood Prone Locations Map (KML, OpenCity)",https://data.opencity.in/dataset/b03218ea-4b7c-4fa9-ab67-b9054d7ecc4c/resource/d90fe768-caba-4c6e-b6b5-a75acd5e88a9/download/00fb1229-dcfd-4f59-813f-885e0c629add.kml,2023-02-16,flood_prone_map,"; coordinates=77.4993792626398,13.0065860880774 [OBJECTID 67]",13.006586,77.499379,source_latlon,medium,false
NGV to HSR Layout,,"BBMP Flood Prone Locations Map (KML, OpenCity)",https://data.opencity.in/dataset/b03218ea-4b7c-4fa9-ab67-b9054d7ecc4c/resource/d90fe768-caba-4c6e-b6b5-a75acd5e88a9/download/00fb1229-dcfd-4f59-813f-885e0c629add.kml,2023-02-16,flood_prone_map,"; coordinates=77.647667755358,12.9067696947654 [OBJECTID 68]",12.906770,77.647668,source_latlon,medium,false
Kallena Agrahara in Arekere,,"BBMP Flood Prone Locations Map (KML, OpenCity)",https://data.opencity.in/dataset/b03218ea-4b7c-4fa9-ab67-b9054d7ecc4c/resource/d90fe768-caba-4c6e-b6b5-a75acd5e88a9/download/00fb1229-dcfd-4f59-813f-885e0c629add.kml,2023-02-16,flood_prone_map,"; coordinates=77.5935020858486,12.8709701779312 [OBJECTID 69]",12.870970,77.593502,source_latlon,medium,false
RR Layout in Arekere & Hulimavu junction,,"BBMP Flood Prone Locations Map (KML, OpenCity)",https://data.opencity.in/dataset/b03218ea-4b7c-4fa9-ab67-b9054d7ecc4c/resource/d90fe768-caba-4c6e-b6b5-a75acd5e88a9/download/00fb1229-dcfd-4f59-813f-885e0c629add.kml,2023-02-16,flood_prone_map,"; coordinates=77.5965807107272,12.8842403779908 [OBJECTID 70]",12.884240,77.596581,source_latlon,medium,false
"Gurudarshan Layout,Near Doddabommasandra",,"BBMP Low Lying Areas (KML, OpenCity)",https://data.opencity.in/dataset/b03218ea-4b7c-4fa9-ab67-b9054d7ecc4c/resource/62ceac3b-f6e2-4dd1-ae9f-be80b1f2fda8/download/8e87a2fc-e014-4c6e-81f1-d5cb4db57a46.kml,2023-02-16,low_lying_area,"; coordinates=77.5593241390377,13.0715371271425 [OBJECTID 1]",13.071537,77.559324,source_latlon,medium,false
Devi Nagara,,"BBMP Low Lying Areas (KML, OpenCity)",https://data.opencity.in/dataset/b03218ea-4b7c-4fa9-ab67-b9054d7ecc4c/resource/62ceac3b-f6e2-4dd1-ae9f-be80b1f2fda8/download/8e87a2fc-e014-4c6e-81f1-d5cb4db57a46.kml,2023-02-16,low_lying_area,"; coordinates=77.5730246337936,13.0520729036575 [OBJECTID 2]",13.052073,77.573025,source_latlon,medium,false
JRD Tata Nagar,,"BBMP Low Lying Areas (KML, OpenCity)",https://data.opencity.in/dataset/b03218ea-4b7c-4fa9-ab67-b9054d7ecc4c/resource/62ceac3b-f6e2-4dd1-ae9f-be80b1f2fda8/download/8e87a2fc-e014-4c6e-81f1-d5cb4db57a46.kml,2023-02-16,low_lying_area,"; coordinates=77.573363637155,13.0552790788261 [OBJECTID 3]",13.055279,77.573364,source_latlon,medium,false
"Bhadrappa Layout, Nagashettihalli",,"BBMP Low Lying Areas (KML, OpenCity)",https://data.opencity.in/dataset/b03218ea-4b7c-4fa9-ab67-b9054d7ecc4c/resource/62ceac3b-f6e2-4dd1-ae9f-be80b1f2fda8/download/8e87a2fc-e014-4c6e-81f1-d5cb4db57a46.kml,2023-02-16,low_lying_area,"; coordinates=77.5739608091609,13.0486685553505 [OBJECTID 4]",13.048669,77.573961,source_latlon,medium,false
Someshwara Nagar,,"BBMP Low Lying Areas (KML, OpenCity)",https://data.opencity.in/dataset/b03218ea-4b7c-4fa9-ab67-b9054d7ecc4c/resource/62ceac3b-f6e2-4dd1-ae9f-be80b1f2fda8/download/8e87a2fc-e014-4c6e-81f1-d5cb4db57a46.kml,2023-02-16,low_lying_area,"; coordinates=77.5792967997007,13.0923268027641 [OBJECTID 5]",13.092327,77.579297,source_latlon,medium,false
EWS working colony 3rd stage,,"BBMP Low Lying Areas (KML, OpenCity)",https://data.opencity.in/dataset/b03218ea-4b7c-4fa9-ab67-b9054d7ecc4c/resource/62ceac3b-f6e2-4dd1-ae9f-be80b1f2fda8/download/8e87a2fc-e014-4c6e-81f1-d5cb4db57a46.kml,2023-02-16,low_lying_area,"; coordinates=77.5824405738244,13.0935430976927 [OBJECTID 6]",13.093543,77.582441,source_latlon,medium,false
"Attur, Near Dairy Circle",,"BBMP Low Lying Areas (KML, OpenCity)",https://data.opencity.in/dataset/b03218ea-4b7c-4fa9-ab67-b9054d7ecc4c/resource/62ceac3b-f6e2-4dd1-ae9f-be80b1f2fda8/download/8e87a2fc-e014-4c6e-81f1-d5cb4db57a46.kml,2023-02-16,low_lying_area,"; coordinates=77.5689946485051,13.107284706071 [OBJECTID 7]",13.107285,77.568995,source_latlon,medium,false
"Balaji Layout, Near Tata Nagar",,"BBMP Low Lying Areas (KML, OpenCity)",https://data.opencity.in/dataset/b03218ea-4b7c-4fa9-ab67-b9054d7ecc4c/resource/62ceac3b-f6e2-4dd1-ae9f-be80b1f2fda8/download/8e87a2fc-e014-4c6e-81f1-d5cb4db57a46.kml,2023-02-16,low_lying_area,"; coordinates=77.576471832231,13.05400991038 [OBJECTID 8]",13.054010,77.576472,source_latlon,medium,false
"Shankrappa Layout,MAruthi nagar",,"BBMP Low Lying Areas (KML, OpenCity)",https://data.opencity.in/dataset/b03218ea-4b7c-4fa9-ab67-b9054d7ecc4c/resource/62ceac3b-f6e2-4dd1-ae9f-be80b1f2fda8/download/8e87a2fc-e014-4c6e-81f1-d5cb4db57a46.kml,2023-02-16,low_lying_area,"; coordinates=77.6051141303453,13.1036621250704 [OBJECTID 9]",13.103662,77.605114,source_latlon,medium,false
Kempapura,,"BBMP Low Lying Areas (KML, OpenCity)",https://data.opencity.in/dataset/b03218ea-4b7c-4fa9-ab67-b9054d7ecc4c/resource/62ceac3b-f6e2-4dd1-ae9f-be80b1f2fda8/download/8e87a2fc-e014-4c6e-81f1-d5cb4db57a46.kml,2023-02-16,low_lying_area,"; coordinates=77.6048096524019,13.0484853586708 [OBJECTID 10]",13.048485,77.604810,source_latlon,medium,false
Mariyanna Palya,,"BBMP Low Lying Areas (KML, OpenCity)",https://data.opencity.in/dataset/b03218ea-4b7c-4fa9-ab67-b9054d7ecc4c/resource/62ceac3b-f6e2-4dd1-ae9f-be80b1f2fda8/download/8e87a2fc-e014-4c6e-81f1-d5cb4db57a46.kml,2023-02-16,low_lying_area,"; coordinates=77.6153719042868,13.0513188409369 [OBJECTID 11]",13.051319,77.615372,source_latlon,medium,false
"Telecom layout,Ashwathnagar",,"BBMP Low Lying Areas (KML, OpenCity)",https://data.opencity.in/dataset/b03218ea-4b7c-4fa9-ab67-b9054d7ecc4c/resource/62ceac3b-f6e2-4dd1-ae9f-be80b1f2fda8/download/8e87a2fc-e014-4c6e-81f1-d5cb4db57a46.kml,2023-02-16,low_lying_area,"; coordinates=77.6346562236285,13.0558438602303 [OBJECTID 12]",13.055844,77.634656,source_latlon,medium,false
Sanguruvanahalli,,"BBMP Low Lying Areas (KML, OpenCity)",https://data.opencity.in/dataset/b03218ea-4b7c-4fa9-ab67-b9054d7ecc4c/resource/62ceac3b-f6e2-4dd1-ae9f-be80b1f2fda8/download/8e87a2fc-e014-4c6e-81f1-d5cb4db57a46.kml,2023-02-16,low_lying_area,"; coordinates=77.5408666666729,12.9908666662383 [OBJECTID 13]",12.990867,77.540867,source_latlon,medium,false
"8TH CROSS 6TH BLOCK SANKARAPPA GARDEN ,RAJAJINAGAR",,"BBMP Low Lying Areas (KML, OpenCity)",https://data.opencity.in/dataset/b03218ea-4b7c-4fa9-ab67-b9054d7ecc4c/resource/62ceac3b-f6e2-4dd1-ae9f-be80b1f2fda8/download/8e87a2fc-e014-4c6e-81f1-d5cb4db57a46.kml,2023-02-16,low_lying_area,"; coordinates=77.5525326297742,12.9813991521908 [OBJECTID 14]",12.981399,77.552533,source_latlon,medium,false
BHAKSHI GARDEN,,"BBMP Low Lying Areas (KML, OpenCity)",https://data.opencity.in/dataset/b03218ea-4b7c-4fa9-ab67-b9054d7ecc4c/resource/62ceac3b-f6e2-4dd1-ae9f-be80b1f2fda8/download/8e87a2fc-e014-4c6e-81f1-d5cb4db57a46.kml,2023-02-16,low_lying_area,"; coordinates=77.566054909962,12.9684298800879 [OBJECTID 15]",12.968430,77.566055,source_latlon,medium,false
SANJEEVAPPA GARDEN,,"BBMP Low Lying Areas (KML, OpenCity)",https://data.opencity.in/dataset/b03218ea-4b7c-4fa9-ab67-b9054d7ecc4c/resource/62ceac3b-f6e2-4dd1-ae9f-be80b1f2fda8/download/8e87a2fc-e014-4c6e-81f1-d5cb4db57a46.kml,2023-02-16,low_lying_area,"; coordinates=77.5588053181909,13.0282233491054 [OBJECTID 16]",13.028223,77.558805,source_latlon,medium,false
"NAGANNA NAGAR,NEAR BINNIY MILL ROAD",,"BBMP Low Lying Areas (KML, OpenCity)",https://data.opencity.in/dataset/b03218ea-4b7c-4fa9-ab67-b9054d7ecc4c/resource/62ceac3b-f6e2-4dd1-ae9f-be80b1f2fda8/download/8e87a2fc-e014-4c6e-81f1-d5cb4db57a46.kml,2023-02-16,low_lying_area,"; coordinates=77.5687506218599,12.9670968958218 [OBJECTID 17]",12.967097,77.568751,source_latlon,medium,false
KANTEERAVA NAGARA,,"BBMP Low Lying Areas (KML, OpenCity)",https://data.opencity.in/dataset/b03218ea-4b7c-4fa9-ab67-b9054d7ecc4c/resource/62ceac3b-f6e2-4dd1-ae9f-be80b1f2fda8/download/8e87a2fc-e014-4c6e-81f1-d5cb4db57a46.kml,2023-02-16,low_lying_area,"; coordinates=77.5415463996097,13.0196048115791 [OBJECTID 18]",13.019605,77.541546,source_latlon,medium,false
KAMALANAGAR,,"BBMP Low Lying Areas (KML, OpenCity)",https://data.opencity.in/dataset/b03218ea-4b7c-4fa9-ab67-b9054d7ecc4c/resource/62ceac3b-f6e2-4dd1-ae9f-be80b1f2fda8/download/8e87a2fc-e014-4c6e-81f1-d5cb4db57a46.kml,2023-02-16,low_lying_area,"; coordinates=77.5578611429665,13.0226867408992 [OBJECTID 19]",13.022687,77.557861,source_latlon,medium,false
12th  cross gubbanalayout industrial area,,"BBMP Low Lying Areas (KML, OpenCity)",https://data.opencity.in/dataset/b03218ea-4b7c-4fa9-ab67-b9054d7ecc4c/resource/62ceac3b-f6e2-4dd1-ae9f-be80b1f2fda8/download/8e87a2fc-e014-4c6e-81f1-d5cb4db57a46.kml,2023-02-16,low_lying_area,"; coordinates=77.5555462012644,12.9787048562282 [OBJECTID 20]",12.978705,77.555546,source_latlon,medium,false
SARVABHOUMA NAGAR-WARD NO 131 NAYANDHALLI,,"BBMP Low Lying Areas (KML, OpenCity)",https://data.opencity.in/dataset/b03218ea-4b7c-4fa9-ab67-b9054d7ecc4c/resource/62ceac3b-f6e2-4dd1-ae9f-be80b1f2fda8/download/8e87a2fc-e014-4c6e-81f1-d5cb4db57a46.kml,2023-02-16,low_lying_area,"; coordinates=77.5263786003369,12.9507786914149 [OBJECTID 21]",12.950779,77.526379,source_latlon,medium,false
"14TH CROSS P&T COLONY,CHOLARPALYA",,"BBMP Low Lying Areas (KML, OpenCity)",https://data.opencity.in/dataset/b03218ea-4b7c-4fa9-ab67-b9054d7ecc4c/resource/62ceac3b-f6e2-4dd1-ae9f-be80b1f2fda8/download/8e87a2fc-e014-4c6e-81f1-d5cb4db57a46.kml,2023-02-16,low_lying_area,"; coordinates=77.5477410304143,12.9913230396652 [OBJECTID 22]",12.991323,77.547741,source_latlon,medium,false
"1ST MAIN 8TH CROSS N.R.GARDEN,CHOLARPALYA",,"BBMP Low Lying Areas (KML, OpenCity)",https://data.opencity.in/dataset/b03218ea-4b7c-4fa9-ab67-b9054d7ecc4c/resource/62ceac3b-f6e2-4dd1-ae9f-be80b1f2fda8/download/8e87a2fc-e014-4c6e-81f1-d5cb4db57a46.kml,2023-02-16,low_lying_area,"; coordinates=77.5435531792751,12.9929410729399 [OBJECTID 23]",12.992941,77.543553,source_latlon,medium,false
MUDALPALYA,,"BBMP Low Lying Areas (KML, OpenCity)",https://data.opencity.in/dataset/b03218ea-4b7c-4fa9-ab67-b9054d7ecc4c/resource/62ceac3b-f6e2-4dd1-ae9f-be80b1f2fda8/download/8e87a2fc-e014-4c6e-81f1-d5cb4db57a46.kml,2023-02-16,low_lying_area,"; coordinates=77.5313868890026,13.014326605879 [OBJECTID 24]",13.014327,77.531387,source_latlon,medium,false
"METRO LAYOUT-WARD NO 131,NEAR NAYANDHALLI",,"BBMP Low Lying Areas (KML, OpenCity)",https://data.opencity.in/dataset/b03218ea-4b7c-4fa9-ab67-b9054d7ecc4c/resource/62ceac3b-f6e2-4dd1-ae9f-be80b1f2fda8/download/8e87a2fc-e014-4c6e-81f1-d5cb4db57a46.kml,2023-02-16,low_lying_area,"; coordinates=77.530223812323,12.9654374195325 [OBJECTID 25]",12.965437,77.530224,source_latlon,medium,false
bismillanagar,,"BBMP Low Lying Areas (KML, OpenCity)",https://data.opencity.in/dataset/b03218ea-4b7c-4fa9-ab67-b9054d7ecc4c/resource/62ceac3b-f6e2-4dd1-ae9f-be80b1f2fda8/download/8e87a2fc-e014-4c6e-81f1-d5cb4db57a46.kml,2023-02-16,low_lying_area,"; coordinates=77.6031109926665,12.9269520831511 [OBJECTID 26]",12.926952,77.603111,source_latlon,medium,false
rudrappa garden,,"BBMP Low Lying Areas (KML, OpenCity)",https://data.opencity.in/dataset/b03218ea-4b7c-4fa9-ab67-b9054d7ecc4c/resource/62ceac3b-f6e2-4dd1-ae9f-be80b1f2fda8/download/8e87a2fc-e014-4c6e-81f1-d5cb4db57a46.kml,2023-02-16,low_lying_area,"; coordinates=77.5475717608872,12.9563239937434 [OBJECTID 27]",12.956324,77.547572,source_latlon;conflicts_with_other_source_7651m,low,true
samrudhinagar,,"BBMP Low Lying Areas (KML, OpenCity)",https://data.opencity.in/dataset/b03218ea-4b7c-4fa9-ab67-b9054d7ecc4c/resource/62ceac3b-f6e2-4dd1-ae9f-be80b1f2fda8/download/8e87a2fc-e014-4c6e-81f1-d5cb4db57a46.kml,2023-02-16,low_lying_area,"; coordinates=77.5468931526243,12.9526248968046 [OBJECTID 28]",12.952625,77.546893,source_latlon,medium,false
silkboardjunction,,"BBMP Low Lying Areas (KML, OpenCity)",https://data.opencity.in/dataset/b03218ea-4b7c-4fa9-ab67-b9054d7ecc4c/resource/62ceac3b-f6e2-4dd1-ae9f-be80b1f2fda8/download/8e87a2fc-e014-4c6e-81f1-d5cb4db57a46.kml,2023-02-16,low_lying_area,"; coordinates=77.5598718344172,12.8966741990632 [OBJECTID 29]",12.896674,77.559872,source_latlon,medium,false
SARVABHOUMA NAGAR-WARD NO 131 NAYANDHALLI,,"BBMP Low Lying Areas (KML, OpenCity)",https://data.opencity.in/dataset/b03218ea-4b7c-4fa9-ab67-b9054d7ecc4c/resource/62ceac3b-f6e2-4dd1-ae9f-be80b1f2fda8/download/8e87a2fc-e014-4c6e-81f1-d5cb4db57a46.kml,2023-02-16,low_lying_area,"; coordinates=77.5263786003369,12.9507786914149 [OBJECTID 30]",12.950779,77.526379,source_latlon,medium,false
SOMESHWARA COLONY NEAR SILK BOARD JUNCTION,,"BBMP Low Lying Areas (KML, OpenCity)",https://data.opencity.in/dataset/b03218ea-4b7c-4fa9-ab67-b9054d7ecc4c/resource/62ceac3b-f6e2-4dd1-ae9f-be80b1f2fda8/download/8e87a2fc-e014-4c6e-81f1-d5cb4db57a46.kml,2023-02-16,low_lying_area,"; coordinates=77.6159962568356,12.9155182467913 [OBJECTID 31]",12.915518,77.615996,source_latlon,medium,false
"MARUTHI NAGAR, SANKRAPPA LAYOUT",,"BBMP Low Lying Areas (KML, OpenCity)",https://data.opencity.in/dataset/b03218ea-4b7c-4fa9-ab67-b9054d7ecc4c/resource/62ceac3b-f6e2-4dd1-ae9f-be80b1f2fda8/download/8e87a2fc-e014-4c6e-81f1-d5cb4db57a46.kml,2023-02-16,low_lying_area,"; coordinates=77.628961332382,12.9178430901315 [OBJECTID 32]",12.917843,77.628961,source_latlon,medium,false
"VENKATAREDDY NAGAR,SIDDAPURA",,"BBMP Low Lying Areas (KML, OpenCity)",https://data.opencity.in/dataset/b03218ea-4b7c-4fa9-ab67-b9054d7ecc4c/resource/62ceac3b-f6e2-4dd1-ae9f-be80b1f2fda8/download/8e87a2fc-e014-4c6e-81f1-d5cb4db57a46.kml,2023-02-16,low_lying_area,"; coordinates=77.5965047621556,12.9487522566802 [OBJECTID 33]",12.948752,77.596505,source_latlon,medium,false
"VITTALA NAGAR , NEAR KEMPEGOWDANAGAR",,"BBMP Low Lying Areas (KML, OpenCity)",https://data.opencity.in/dataset/b03218ea-4b7c-4fa9-ab67-b9054d7ecc4c/resource/62ceac3b-f6e2-4dd1-ae9f-be80b1f2fda8/download/8e87a2fc-e014-4c6e-81f1-d5cb4db57a46.kml,2023-02-16,low_lying_area,"; coordinates=77.5422852024616,12.9531080573237 [OBJECTID 34]",12.953108,77.542285,source_latlon,medium,false
"MARUTHI NAGARA ,NEAR BAPUJI NAGARA",,"BBMP Low Lying Areas (KML, OpenCity)",https://data.opencity.in/dataset/b03218ea-4b7c-4fa9-ab67-b9054d7ecc4c/resource/62ceac3b-f6e2-4dd1-ae9f-be80b1f2fda8/download/8e87a2fc-e014-4c6e-81f1-d5cb4db57a46.kml,2023-02-16,low_lying_area,"; coordinates=77.538395591297,12.9554968119099 [OBJECTID 35]",12.955497,77.538396,source_latlon,medium,false
"RANGANATHA LAYOUT,BHEL CIRCLE",,"BBMP Low Lying Areas (KML, OpenCity)",https://data.opencity.in/dataset/b03218ea-4b7c-4fa9-ab67-b9054d7ecc4c/resource/62ceac3b-f6e2-4dd1-ae9f-be80b1f2fda8/download/8e87a2fc-e014-4c6e-81f1-d5cb4db57a46.kml,2023-02-16,low_lying_area,"; coordinates=77.5353843832805,12.9475113405221 [OBJECTID 36]",12.947511,77.535384,source_latlon,medium,false
PWD QUARTERS NEAR WISLSON GARDEN,,"BBMP Low Lying Areas (KML, OpenCity)",https://data.opencity.in/dataset/b03218ea-4b7c-4fa9-ab67-b9054d7ecc4c/resource/62ceac3b-f6e2-4dd1-ae9f-be80b1f2fda8/download/8e87a2fc-e014-4c6e-81f1-d5cb4db57a46.kml,2023-02-16,low_lying_area,"; coordinates=77.5979684702579,12.9485943903588 [OBJECTID 37]",12.948594,77.597968,source_latlon;other_source_499m,medium,false
ASHWINI LAYOUT,,"BBMP Low Lying Areas (KML, OpenCity)",https://data.opencity.in/dataset/b03218ea-4b7c-4fa9-ab67-b9054d7ecc4c/resource/62ceac3b-f6e2-4dd1-ae9f-be80b1f2fda8/download/8e87a2fc-e014-4c6e-81f1-d5cb4db57a46.kml,2023-02-16,low_lying_area,"; coordinates=77.6291898267498,12.9405389984356 [OBJECTID 38]",12.940539,77.629190,source_latlon,medium,false
EJIPURA,,"BBMP Low Lying Areas (KML, OpenCity)",https://data.opencity.in/dataset/b03218ea-4b7c-4fa9-ab67-b9054d7ecc4c/resource/62ceac3b-f6e2-4dd1-ae9f-be80b1f2fda8/download/8e87a2fc-e014-4c6e-81f1-d5cb4db57a46.kml,2023-02-16,low_lying_area,"; coordinates=77.6272964099633,12.9431092534146 [OBJECTID 39]",12.943109,77.627296,source_latlon;conflicts_with_other_source_647m,low,true
LAKSHMAN RAO NAGARA,,"BBMP Low Lying Areas (KML, OpenCity)",https://data.opencity.in/dataset/b03218ea-4b7c-4fa9-ab67-b9054d7ecc4c/resource/62ceac3b-f6e2-4dd1-ae9f-be80b1f2fda8/download/8e87a2fc-e014-4c6e-81f1-d5cb4db57a46.kml,2023-02-16,low_lying_area,"; coordinates=77.6146833451546,12.9490792579336 [OBJECTID 40]",12.949079,77.614683,source_latlon,medium,false
"Kengunta,Near Mallathalli",,"BBMP Low Lying Areas (KML, OpenCity)",https://data.opencity.in/dataset/b03218ea-4b7c-4fa9-ab67-b9054d7ecc4c/resource/62ceac3b-f6e2-4dd1-ae9f-be80b1f2fda8/download/8e87a2fc-e014-4c6e-81f1-d5cb4db57a46.kml,2023-02-16,low_lying_area,"; coordinates=77.499259070136,12.9592538035114 [OBJECTID 41]",12.959254,77.499259,source_latlon,medium,false
Sri Hari layout,,"BBMP Low Lying Areas (KML, OpenCity)",https://data.opencity.in/dataset/b03218ea-4b7c-4fa9-ab67-b9054d7ecc4c/resource/62ceac3b-f6e2-4dd1-ae9f-be80b1f2fda8/download/8e87a2fc-e014-4c6e-81f1-d5cb4db57a46.kml,2023-02-16,low_lying_area,"; coordinates=77.4941712244285,12.9574379990271 [OBJECTID 42]",12.957438,77.494171,source_latlon,medium,false
Near Vidyanikethan School,,"BBMP Low Lying Areas (KML, OpenCity)",https://data.opencity.in/dataset/b03218ea-4b7c-4fa9-ab67-b9054d7ecc4c/resource/62ceac3b-f6e2-4dd1-ae9f-be80b1f2fda8/download/8e87a2fc-e014-4c6e-81f1-d5cb4db57a46.kml,2023-02-16,low_lying_area,"; coordinates=77.4886975317529,12.9560321588592 [OBJECTID 43]",12.956032,77.488698,source_latlon,medium,false
"Vinayaka Layout,Near Nagarabhavi",,"BBMP Low Lying Areas (KML, OpenCity)",https://data.opencity.in/dataset/b03218ea-4b7c-4fa9-ab67-b9054d7ecc4c/resource/62ceac3b-f6e2-4dd1-ae9f-be80b1f2fda8/download/8e87a2fc-e014-4c6e-81f1-d5cb4db57a46.kml,2023-02-16,low_lying_area,"; coordinates=77.5148894417433,12.9647878349789 [OBJECTID 44]",12.964788,77.514889,source_latlon,medium,false
Bandemata-Near Kengeri,,"BBMP Low Lying Areas (KML, OpenCity)",https://data.opencity.in/dataset/b03218ea-4b7c-4fa9-ab67-b9054d7ecc4c/resource/62ceac3b-f6e2-4dd1-ae9f-be80b1f2fda8/download/8e87a2fc-e014-4c6e-81f1-d5cb4db57a46.kml,2023-02-16,low_lying_area,"; coordinates=77.4885216619697,12.9131382566425 [OBJECTID 45]",12.913138,77.488522,source_latlon,medium,false
"Janapriya Apartments,Near Rajarajeshwari Temple",,"BBMP Low Lying Areas (KML, OpenCity)",https://data.opencity.in/dataset/b03218ea-4b7c-4fa9-ab67-b9054d7ecc4c/resource/62ceac3b-f6e2-4dd1-ae9f-be80b1f2fda8/download/8e87a2fc-e014-4c6e-81f1-d5cb4db57a46.kml,2023-02-16,low_lying_area,"; coordinates=77.5089051560258,12.9276328453853 [OBJECTID 46]",12.927633,77.508905,source_latlon,medium,false
Kenchenahalli,,"BBMP Low Lying Areas (KML, OpenCity)",https://data.opencity.in/dataset/b03218ea-4b7c-4fa9-ab67-b9054d7ecc4c/resource/62ceac3b-f6e2-4dd1-ae9f-be80b1f2fda8/download/8e87a2fc-e014-4c6e-81f1-d5cb4db57a46.kml,2023-02-16,low_lying_area,"; coordinates=77.5094453240125,12.9304723356581 [OBJECTID 47]",12.930472,77.509445,source_latlon,medium,false
"Shivanna Layout,Near Halagevaddarahalli",,"BBMP Low Lying Areas (KML, OpenCity)",https://data.opencity.in/dataset/b03218ea-4b7c-4fa9-ab67-b9054d7ecc4c/resource/62ceac3b-f6e2-4dd1-ae9f-be80b1f2fda8/download/8e87a2fc-e014-4c6e-81f1-d5cb4db57a46.kml,2023-02-16,low_lying_area,"; coordinates=77.5190201065997,12.9204643601057 [OBJECTID 48]",12.920464,77.519020,source_latlon,medium,false
BRINDAVAN NAGAR,,"BBMP Low Lying Areas (KML, OpenCity)",https://data.opencity.in/dataset/b03218ea-4b7c-4fa9-ab67-b9054d7ecc4c/resource/62ceac3b-f6e2-4dd1-ae9f-be80b1f2fda8/download/8e87a2fc-e014-4c6e-81f1-d5cb4db57a46.kml,2023-02-16,low_lying_area,"; coordinates=77.5545798971634,13.0346251587191 [OBJECTID 49]",13.034625,77.554580,source_latlon,medium,false
CHICKKABIDRIKAL,,"BBMP Low Lying Areas (KML, OpenCity)",https://data.opencity.in/dataset/b03218ea-4b7c-4fa9-ab67-b9054d7ecc4c/resource/62ceac3b-f6e2-4dd1-ae9f-be80b1f2fda8/download/8e87a2fc-e014-4c6e-81f1-d5cb4db57a46.kml,2023-02-16,low_lying_area,"; coordinates=77.4905174317657,13.0445656358456 [OBJECTID 50]",13.044566,77.490517,source_latlon,medium,false
"ANJANA NAGARA ,NEAR ANJANEYA TEMPLE (WARD NO 72)",,"BBMP Low Lying Areas (KML, OpenCity)",https://data.opencity.in/dataset/b03218ea-4b7c-4fa9-ab67-b9054d7ecc4c/resource/62ceac3b-f6e2-4dd1-ae9f-be80b1f2fda8/download/8e87a2fc-e014-4c6e-81f1-d5cb4db57a46.kml,2023-02-16,low_lying_area,"; coordinates=77.4819589559286,12.9886740252605 [OBJECTID 51]",12.988674,77.481959,source_latlon,medium,false
"BYRAVESHWARA NAGARA , HAGGANAHALLI",,"BBMP Low Lying Areas (KML, OpenCity)",https://data.opencity.in/dataset/b03218ea-4b7c-4fa9-ab67-b9054d7ecc4c/resource/62ceac3b-f6e2-4dd1-ae9f-be80b1f2fda8/download/8e87a2fc-e014-4c6e-81f1-d5cb4db57a46.kml,2023-02-16,low_lying_area,"; coordinates=77.5042014204633,12.9893216008603 [OBJECTID 52]",12.989322,77.504201,source_latlon,medium,false
"CHOWDESHWARINAGAR,RAJIV GANDHI CIRCLE ,LAGGERE",,"BBMP Low Lying Areas (KML, OpenCity)",https://data.opencity.in/dataset/b03218ea-4b7c-4fa9-ab67-b9054d7ecc4c/resource/62ceac3b-f6e2-4dd1-ae9f-be80b1f2fda8/download/8e87a2fc-e014-4c6e-81f1-d5cb4db57a46.kml,2023-02-16,low_lying_area,"; coordinates=77.5269523740393,13.0097106932318 [OBJECTID 53]",13.009711,77.526952,source_latlon,medium,false
KALIKA NAGARA MAIN ROAD (WARD NO 41),,"BBMP Low Lying Areas (KML, OpenCity)",https://data.opencity.in/dataset/b03218ea-4b7c-4fa9-ab67-b9054d7ecc4c/resource/62ceac3b-f6e2-4dd1-ae9f-be80b1f2fda8/download/8e87a2fc-e014-4c6e-81f1-d5cb4db57a46.kml,2023-02-16,low_lying_area,"; coordinates=77.4919584197319,13.0099364369115 [OBJECTID 54]",13.009936,77.491958,source_latlon,medium,false
KOTTIGEPALYA,,"BBMP Low Lying Areas (KML, OpenCity)",https://data.opencity.in/dataset/b03218ea-4b7c-4fa9-ab67-b9054d7ecc4c/resource/62ceac3b-f6e2-4dd1-ae9f-be80b1f2fda8/download/8e87a2fc-e014-4c6e-81f1-d5cb4db57a46.kml,2023-02-16,low_lying_area,"; coordinates=77.5120418872617,12.9859703230919 [OBJECTID 55]",12.985970,77.512042,source_latlon,medium,false
RUKMINI NAGARA NEAR MAGADI ROAD (WARD NO 73),,"BBMP Low Lying Areas (KML, OpenCity)",https://data.opencity.in/dataset/b03218ea-4b7c-4fa9-ab67-b9054d7ecc4c/resource/62ceac3b-f6e2-4dd1-ae9f-be80b1f2fda8/download/8e87a2fc-e014-4c6e-81f1-d5cb4db57a46.kml,2023-02-16,low_lying_area,"; coordinates=77.4938813384294,13.0415863390777 [OBJECTID 56]",13.041586,77.493881,source_latlon,medium,false
SHIVANANDANAGARA,,"BBMP Low Lying Areas (KML, OpenCity)",https://data.opencity.in/dataset/b03218ea-4b7c-4fa9-ab67-b9054d7ecc4c/resource/62ceac3b-f6e2-4dd1-ae9f-be80b1f2fda8/download/8e87a2fc-e014-4c6e-81f1-d5cb4db57a46.kml,2023-02-16,low_lying_area,"; coordinates=77.4951423539782,13.0067812943811 [OBJECTID 57]",13.006781,77.495142,source_latlon,medium,false
KALLAPA LAYOUT NEAR BASAVANAGARA,,"BBMP Low Lying Areas (KML, OpenCity)",https://data.opencity.in/dataset/b03218ea-4b7c-4fa9-ab67-b9054d7ecc4c/resource/62ceac3b-f6e2-4dd1-ae9f-be80b1f2fda8/download/8e87a2fc-e014-4c6e-81f1-d5cb4db57a46.kml,2023-02-16,low_lying_area,"; coordinates=77.68690014911,12.9678401398011 [OBJECTID 58]",12.967840,77.686900,source_latlon,medium,false
TALA KAVERI LAYOUT NEAR HAL AIRPORT,,"BBMP Low Lying Areas (KML, OpenCity)",https://data.opencity.in/dataset/b03218ea-4b7c-4fa9-ab67-b9054d7ecc4c/resource/62ceac3b-f6e2-4dd1-ae9f-be80b1f2fda8/download/8e87a2fc-e014-4c6e-81f1-d5cb4db57a46.kml,2023-02-16,low_lying_area,"; coordinates=77.6862077155083,12.9604936418399 [OBJECTID 59]",12.960494,77.686208,source_latlon,medium,false
SJR DENTAL COLLEGE MAIN ROAD,,"BBMP Low Lying Areas (KML, OpenCity)",https://data.opencity.in/dataset/b03218ea-4b7c-4fa9-ab67-b9054d7ecc4c/resource/62ceac3b-f6e2-4dd1-ae9f-be80b1f2fda8/download/8e87a2fc-e014-4c6e-81f1-d5cb4db57a46.kml,2023-02-16,low_lying_area,"; coordinates=77.7030290587202,12.948995700582 [OBJECTID 60]",12.948996,77.703029,source_latlon,medium,false
GANDHIPURAM NEAR WHITE FIELD,,"BBMP Low Lying Areas (KML, OpenCity)",https://data.opencity.in/dataset/b03218ea-4b7c-4fa9-ab67-b9054d7ecc4c/resource/62ceac3b-f6e2-4dd1-ae9f-be80b1f2fda8/download/8e87a2fc-e014-4c6e-81f1-d5cb4db57a46.kml,2023-02-16,low_lying_area,"; coordinates=77.7559353478791,12.9713155689837 [OBJECTID 61]",12.971316,77.755935,source_latlon,medium,false
UDAYANAGARA NEAR A NARAYANPURA,,"BBMP Low Lying Areas (KML, OpenCity)",https://data.opencity.in/dataset/b03218ea-4b7c-4fa9-ab67-b9054d7ecc4c/resource/62ceac3b-f6e2-4dd1-ae9f-be80b1f2fda8/download/8e87a2fc-e014-4c6e-81f1-d5cb4db57a46.kml,2023-02-16,low_lying_area,"; coordinates=77.6755986418536,12.9900814783436 [OBJECTID 62]",12.990081,77.675599,source_latlon,medium,false
PAI LAYOUT,,"BBMP Low Lying Areas (KML, OpenCity)",https://data.opencity.in/dataset/b03218ea-4b7c-4fa9-ab67-b9054d7ecc4c/resource/62ceac3b-f6e2-4dd1-ae9f-be80b1f2fda8/download/8e87a2fc-e014-4c6e-81f1-d5cb4db57a46.kml,2023-02-16,low_lying_area,"; coordinates=77.6688288350888,12.9914150366501 [OBJECTID 63]",12.991415,77.668829,source_latlon;agrees_with_other_source_137m,medium,false
CHINAPPA LAYOUT,,"BBMP Low Lying Areas (KML, OpenCity)",https://data.opencity.in/dataset/b03218ea-4b7c-4fa9-ab67-b9054d7ecc4c/resource/62ceac3b-f6e2-4dd1-ae9f-be80b1f2fda8/download/8e87a2fc-e014-4c6e-81f1-d5cb4db57a46.kml,2023-02-16,low_lying_area,"; coordinates=77.6855870790913,12.9853658544149 [OBJECTID 64]",12.985366,77.685587,source_latlon,medium,false
GARUDACHARPLAYA BASAVANAGARA,,"BBMP Low Lying Areas (KML, OpenCity)",https://data.opencity.in/dataset/b03218ea-4b7c-4fa9-ab67-b9054d7ecc4c/resource/62ceac3b-f6e2-4dd1-ae9f-be80b1f2fda8/download/8e87a2fc-e014-4c6e-81f1-d5cb4db57a46.kml,2023-02-16,low_lying_area,"; coordinates=77.7194865485595,12.9866177680058 [OBJECTID 65]",12.986618,77.719487,source_latlon,medium,false
PASTTANDUR AGRAHARA NEAR ITPL,,"BBMP Low Lying Areas (KML, OpenCity)",https://data.opencity.in/dataset/b03218ea-4b7c-4fa9-ab67-b9054d7ecc4c/resource/62ceac3b-f6e2-4dd1-ae9f-be80b1f2fda8/download/8e87a2fc-e014-4c6e-81f1-d5cb4db57a46.kml,2023-02-16,low_lying_area,"; coordinates=77.7350766808123,12.9749466444273 [OBJECTID 66]",12.974947,77.735077,source_latlon,medium,false
SAI BABA ASHRAM KADUGODI,,"BBMP Low Lying Areas (KML, OpenCity)",https://data.opencity.in/dataset/b03218ea-4b7c-4fa9-ab67-b9054d7ecc4c/resource/62ceac3b-f6e2-4dd1-ae9f-be80b1f2fda8/download/8e87a2fc-e014-4c6e-81f1-d5cb4db57a46.kml,2023-02-16,low_lying_area,"; coordinates=77.7541586165213,13.0015538942678 [OBJECTID 67]",13.001554,77.754159,source_latlon,medium,false
PATTALAMMA LAYOUT NEAR KADUGODI,,"BBMP Low Lying Areas (KML, OpenCity)",https://data.opencity.in/dataset/b03218ea-4b7c-4fa9-ab67-b9054d7ecc4c/resource/62ceac3b-f6e2-4dd1-ae9f-be80b1f2fda8/download/8e87a2fc-e014-4c6e-81f1-d5cb4db57a46.kml,2023-02-16,low_lying_area,"; coordinates=77.7590733023577,12.9988285462643 [OBJECTID 68]",12.998829,77.759073,source_latlon,medium,false
SIDDHARTHA LAYOUT KADUGODI,,"BBMP Low Lying Areas (KML, OpenCity)",https://data.opencity.in/dataset/b03218ea-4b7c-4fa9-ab67-b9054d7ecc4c/resource/62ceac3b-f6e2-4dd1-ae9f-be80b1f2fda8/download/8e87a2fc-e014-4c6e-81f1-d5cb4db57a46.kml,2023-02-16,low_lying_area,"; coordinates=77.7631919179187,12.9970066317567 [OBJECTID 69]",12.997007,77.763192,source_latlon,medium,false
TRIVENI NAGAR NEAR KR PURAM,,"BBMP Low Lying Areas (KML, OpenCity)",https://data.opencity.in/dataset/b03218ea-4b7c-4fa9-ab67-b9054d7ecc4c/resource/62ceac3b-f6e2-4dd1-ae9f-be80b1f2fda8/download/8e87a2fc-e014-4c6e-81f1-d5cb4db57a46.kml,2023-02-16,low_lying_area,"; coordinates=77.7199022142409,13.023151384561 [OBJECTID 70]",13.023151,77.719902,source_latlon,medium,false
"KRISHNANAGARA , NEAR CHIKKADEVSANDRA",,"BBMP Low Lying Areas (KML, OpenCity)",https://data.opencity.in/dataset/b03218ea-4b7c-4fa9-ab67-b9054d7ecc4c/resource/62ceac3b-f6e2-4dd1-ae9f-be80b1f2fda8/download/8e87a2fc-e014-4c6e-81f1-d5cb4db57a46.kml,2023-02-16,low_lying_area,"; coordinates=77.7065480462501,13.0053442229902 [OBJECTID 71]",13.005344,77.706548,source_latlon,medium,false
VINAYAKA LAYOUT NEAR BASAVANAPURA MAIN ROAD,,"BBMP Low Lying Areas (KML, OpenCity)",https://data.opencity.in/dataset/b03218ea-4b7c-4fa9-ab67-b9054d7ecc4c/resource/62ceac3b-f6e2-4dd1-ae9f-be80b1f2fda8/download/8e87a2fc-e014-4c6e-81f1-d5cb4db57a46.kml,2023-02-16,low_lying_area,"; coordinates=77.7066730094247,13.0142993398719 [OBJECTID 72]",13.014299,77.706673,source_latlon,medium,false
HOYSALANAGARA KR PURA,,"BBMP Low Lying Areas (KML, OpenCity)",https://data.opencity.in/dataset/b03218ea-4b7c-4fa9-ab67-b9054d7ecc4c/resource/62ceac3b-f6e2-4dd1-ae9f-be80b1f2fda8/download/8e87a2fc-e014-4c6e-81f1-d5cb4db57a46.kml,2023-02-16,low_lying_area,"; coordinates=77.6659831346454,13.0172434237938 [OBJECTID 73]",13.017243,77.665983,source_latlon,medium,false
RR LAYOUT  NEAR VIJNANAPURA,,"BBMP Low Lying Areas (KML, OpenCity)",https://data.opencity.in/dataset/b03218ea-4b7c-4fa9-ab67-b9054d7ecc4c/resource/62ceac3b-f6e2-4dd1-ae9f-be80b1f2fda8/download/8e87a2fc-e014-4c6e-81f1-d5cb4db57a46.kml,2023-02-16,low_lying_area,"; coordinates=77.6758085923833,13.0115014743169 [OBJECTID 74]",13.011501,77.675809,source_latlon,medium,false
DR AMBEDKAR NAGAR NEAR VIJNANAPURA,,"BBMP Low Lying Areas (KML, OpenCity)",https://data.opencity.in/dataset/b03218ea-4b7c-4fa9-ab67-b9054d7ecc4c/resource/62ceac3b-f6e2-4dd1-ae9f-be80b1f2fda8/download/8e87a2fc-e014-4c6e-81f1-d5cb4db57a46.kml,2023-02-16,low_lying_area,"; coordinates=77.6866487764669,13.0151964152723 [OBJECTID 75]",13.015196,77.686649,source_latlon,medium,false
"ABBAREDDY LAYOUT ,VIJNANA NAGARA",,"BBMP Low Lying Areas (KML, OpenCity)",https://data.opencity.in/dataset/b03218ea-4b7c-4fa9-ab67-b9054d7ecc4c/resource/62ceac3b-f6e2-4dd1-ae9f-be80b1f2fda8/download/8e87a2fc-e014-4c6e-81f1-d5cb4db57a46.kml,2023-02-16,low_lying_area,"; coordinates=77.6808290469289,12.9803526268145 [OBJECTID 76]",12.980353,77.680829,source_latlon,medium,false
"Vaddara palya, Near Hennur Bande",,"BBMP Low Lying Areas (KML, OpenCity)",https://data.opencity.in/dataset/b03218ea-4b7c-4fa9-ab67-b9054d7ecc4c/resource/62ceac3b-f6e2-4dd1-ae9f-be80b1f2fda8/download/8e87a2fc-e014-4c6e-81f1-d5cb4db57a46.kml,2023-02-16,low_lying_area,"; coordinates=77.6443741089786,13.040109608308 [OBJECTID 77]",13.040110,77.644374,source_latlon,medium,false
BHUVANESHWARI NAGARA WARD NO 15,,"BBMP Low Lying Areas (KML, OpenCity)",https://data.opencity.in/dataset/b03218ea-4b7c-4fa9-ab67-b9054d7ecc4c/resource/62ceac3b-f6e2-4dd1-ae9f-be80b1f2fda8/download/8e87a2fc-e014-4c6e-81f1-d5cb4db57a46.kml,2023-02-16,low_lying_area,"; coordinates=77.5079819461216,13.0429792423788 [OBJECTID 78]",13.042979,77.507982,source_latlon,medium,false
BAGALKUNTE( L NARSIMHAYA LAYOUT),,"BBMP Low Lying Areas (KML, OpenCity)",https://data.opencity.in/dataset/b03218ea-4b7c-4fa9-ab67-b9054d7ecc4c/resource/62ceac3b-f6e2-4dd1-ae9f-be80b1f2fda8/download/8e87a2fc-e014-4c6e-81f1-d5cb4db57a46.kml,2023-02-16,low_lying_area,"; coordinates=77.5030166638335,13.0642508306955 [OBJECTID 79]",13.064251,77.503017,source_latlon,medium,false
KEMPEGOWDANAGAR,,"BBMP Low Lying Areas (KML, OpenCity)",https://data.opencity.in/dataset/b03218ea-4b7c-4fa9-ab67-b9054d7ecc4c/resource/62ceac3b-f6e2-4dd1-ae9f-be80b1f2fda8/download/8e87a2fc-e014-4c6e-81f1-d5cb4db57a46.kml,2023-02-16,low_lying_area,"; coordinates=77.5106455509689,13.0451117355453 [OBJECTID 80]",13.045112,77.510646,source_latlon,medium,false
NELEGADARANAHALLI,,"BBMP Low Lying Areas (KML, OpenCity)",https://data.opencity.in/dataset/b03218ea-4b7c-4fa9-ab67-b9054d7ecc4c/resource/62ceac3b-f6e2-4dd1-ae9f-be80b1f2fda8/download/8e87a2fc-e014-4c6e-81f1-d5cb4db57a46.kml,2023-02-16,low_lying_area,"; coordinates=77.5021422802449,13.0336315289934 [OBJECTID 81]",13.033632,77.502142,source_latlon,medium,false
SHIVAPURA KERE NEAR NTTF,,"BBMP Low Lying Areas (KML, OpenCity)",https://data.opencity.in/dataset/b03218ea-4b7c-4fa9-ab67-b9054d7ecc4c/resource/62ceac3b-f6e2-4dd1-ae9f-be80b1f2fda8/download/8e87a2fc-e014-4c6e-81f1-d5cb4db57a46.kml,2023-02-16,low_lying_area,"; coordinates=77.5058579547525,13.0260111585721 [OBJECTID 82]",13.026011,77.505858,source_latlon,medium,false
KARAMCHAND LAYOUT NEAR KARIYANNA PALYA,,"BBMP Low Lying Areas (KML, OpenCity)",https://data.opencity.in/dataset/b03218ea-4b7c-4fa9-ab67-b9054d7ecc4c/resource/62ceac3b-f6e2-4dd1-ae9f-be80b1f2fda8/download/8e87a2fc-e014-4c6e-81f1-d5cb4db57a46.kml,2023-02-16,low_lying_area,"; coordinates=nan,nan [OBJECTID 83]",,,"source_latlon_rejected(nan,nan outside city box);nominatim:q='KARAMCHAND LAYOUT NEAR KARIYANNA PALYA, Bengaluru'",none,true
SHAMPURA SLUM,,"BBMP Low Lying Areas (KML, OpenCity)",https://data.opencity.in/dataset/b03218ea-4b7c-4fa9-ab67-b9054d7ecc4c/resource/62ceac3b-f6e2-4dd1-ae9f-be80b1f2fda8/download/8e87a2fc-e014-4c6e-81f1-d5cb4db57a46.kml,2023-02-16,low_lying_area,"; coordinates=77.6134973249953,13.0228208475321 [OBJECTID 84]",13.022821,77.613497,source_latlon,medium,false
BASAVANNA NAGARA NEAR KADUGODANAHALLI,,"BBMP Low Lying Areas (KML, OpenCity)",https://data.opencity.in/dataset/b03218ea-4b7c-4fa9-ab67-b9054d7ecc4c/resource/62ceac3b-f6e2-4dd1-ae9f-be80b1f2fda8/download/8e87a2fc-e014-4c6e-81f1-d5cb4db57a46.kml,2023-02-16,low_lying_area,"; coordinates=77.619731194629,13.0197394058802 [OBJECTID 85]",13.019739,77.619731,source_latlon,medium,false
"THAMMANA LAYOUT NEAR LINGARAJAPURA,",,"BBMP Low Lying Areas (KML, OpenCity)",https://data.opencity.in/dataset/b03218ea-4b7c-4fa9-ab67-b9054d7ecc4c/resource/62ceac3b-f6e2-4dd1-ae9f-be80b1f2fda8/download/8e87a2fc-e014-4c6e-81f1-d5cb4db57a46.kml,2023-02-16,low_lying_area,"; coordinates=77.6287575718124,13.0099472299161 [OBJECTID 86]",13.009947,77.628758,source_latlon,medium,false
MUNIREDDY PALYA,,"BBMP Low Lying Areas (KML, OpenCity)",https://data.opencity.in/dataset/b03218ea-4b7c-4fa9-ab67-b9054d7ecc4c/resource/62ceac3b-f6e2-4dd1-ae9f-be80b1f2fda8/download/8e87a2fc-e014-4c6e-81f1-d5cb4db57a46.kml,2023-02-16,low_lying_area,"; coordinates=77.6010257257137,13.0070649025176 [OBJECTID 87]",13.007065,77.601026,source_latlon,medium,false
CHINAPPA GARDEN,,"BBMP Low Lying Areas (KML, OpenCity)",https://data.opencity.in/dataset/b03218ea-4b7c-4fa9-ab67-b9054d7ecc4c/resource/62ceac3b-f6e2-4dd1-ae9f-be80b1f2fda8/download/8e87a2fc-e014-4c6e-81f1-d5cb4db57a46.kml,2023-02-16,low_lying_area,"; coordinates=77.6025996341993,13.0029676087343 [OBJECTID 88]",13.002968,77.602600,source_latlon,medium,false
AMBEDKAR NAGAR NEAR BYAPPANAHALLI,,"BBMP Low Lying Areas (KML, OpenCity)",https://data.opencity.in/dataset/b03218ea-4b7c-4fa9-ab67-b9054d7ecc4c/resource/62ceac3b-f6e2-4dd1-ae9f-be80b1f2fda8/download/8e87a2fc-e014-4c6e-81f1-d5cb4db57a46.kml,2023-02-16,low_lying_area,"; coordinates=77.6405022618689,12.9880986194854 [OBJECTID 89]",12.988099,77.640502,source_latlon,medium,false
"BANDAPPA COLONY , NEAR NEW BYAPPANAHALLI",,"BBMP Low Lying Areas (KML, OpenCity)",https://data.opencity.in/dataset/b03218ea-4b7c-4fa9-ab67-b9054d7ecc4c/resource/62ceac3b-f6e2-4dd1-ae9f-be80b1f2fda8/download/8e87a2fc-e014-4c6e-81f1-d5cb4db57a46.kml,2023-02-16,low_lying_area,"; coordinates=77.6406788155904,12.9843178984092 [OBJECTID 90]",12.984318,77.640679,source_latlon,medium,false
CAMBRIDGE LAYOUT,,"BBMP Low Lying Areas (KML, OpenCity)",https://data.opencity.in/dataset/b03218ea-4b7c-4fa9-ab67-b9054d7ecc4c/resource/62ceac3b-f6e2-4dd1-ae9f-be80b1f2fda8/download/8e87a2fc-e014-4c6e-81f1-d5cb4db57a46.kml,2023-02-16,low_lying_area,"; coordinates=77.6266700833542,12.9732903758183 [OBJECTID 91]",12.973290,77.626670,source_latlon,medium,false
BHARATHI NAGARA,,"BBMP Low Lying Areas (KML, OpenCity)",https://data.opencity.in/dataset/b03218ea-4b7c-4fa9-ab67-b9054d7ecc4c/resource/62ceac3b-f6e2-4dd1-ae9f-be80b1f2fda8/download/8e87a2fc-e014-4c6e-81f1-d5cb4db57a46.kml,2023-02-16,low_lying_area,"; coordinates=77.6114142619749,12.9879213450881 [OBJECTID 92]",12.987921,77.611414,source_latlon,medium,false
"RAJIV GANDHI COLONY ,NEAR QUEENS ROAD",,"BBMP Low Lying Areas (KML, OpenCity)",https://data.opencity.in/dataset/b03218ea-4b7c-4fa9-ab67-b9054d7ecc4c/resource/62ceac3b-f6e2-4dd1-ae9f-be80b1f2fda8/download/8e87a2fc-e014-4c6e-81f1-d5cb4db57a46.kml,2023-02-16,low_lying_area,"; coordinates=77.6012056646917,12.9892315908177 [OBJECTID 93]",12.989232,77.601206,source_latlon,medium,false
MURUGESHPALYA,,"BBMP Low Lying Areas (KML, OpenCity)",https://data.opencity.in/dataset/b03218ea-4b7c-4fa9-ab67-b9054d7ecc4c/resource/62ceac3b-f6e2-4dd1-ae9f-be80b1f2fda8/download/8e87a2fc-e014-4c6e-81f1-d5cb4db57a46.kml,2023-02-16,low_lying_area,"; coordinates=77.6559917414575,12.9561352291091 [OBJECTID 94]",12.956135,77.655992,source_latlon,medium,false
SRINIVAGILU TANK BED LAYOUT,,"BBMP Low Lying Areas (KML, OpenCity)",https://data.opencity.in/dataset/b03218ea-4b7c-4fa9-ab67-b9054d7ecc4c/resource/62ceac3b-f6e2-4dd1-ae9f-be80b1f2fda8/download/8e87a2fc-e014-4c6e-81f1-d5cb4db57a46.kml,2023-02-16,low_lying_area,"; coordinates=77.63672590623,12.9362383124114 [OBJECTID 95]",12.936238,77.636726,source_latlon,medium,false
SHANTHI NAGARA,,"BBMP Low Lying Areas (KML, OpenCity)",https://data.opencity.in/dataset/b03218ea-4b7c-4fa9-ab67-b9054d7ecc4c/resource/62ceac3b-f6e2-4dd1-ae9f-be80b1f2fda8/download/8e87a2fc-e014-4c6e-81f1-d5cb4db57a46.kml,2023-02-16,low_lying_area,"; coordinates=77.5995507450686,12.9564860857783 [OBJECTID 96]",12.956486,77.599551,source_latlon;conflicts_with_other_source_728m,low,true
SAMPANGI RAMA NAGARA,,"BBMP Low Lying Areas (KML, OpenCity)",https://data.opencity.in/dataset/b03218ea-4b7c-4fa9-ab67-b9054d7ecc4c/resource/62ceac3b-f6e2-4dd1-ae9f-be80b1f2fda8/download/8e87a2fc-e014-4c6e-81f1-d5cb4db57a46.kml,2023-02-16,low_lying_area,"; coordinates=77.5922263953977,12.9729386784169 [OBJECTID 97]",12.972939,77.592226,source_latlon,medium,false
SEETHAPPA LAYOUT NEAR RABINDRANATH TAGORE LAYOUT,,"BBMP Low Lying Areas (KML, OpenCity)",https://data.opencity.in/dataset/b03218ea-4b7c-4fa9-ab67-b9054d7ecc4c/resource/62ceac3b-f6e2-4dd1-ae9f-be80b1f2fda8/download/8e87a2fc-e014-4c6e-81f1-d5cb4db57a46.kml,2023-02-16,low_lying_area,"; coordinates=77.6037671559015,13.0338719413767 [OBJECTID 98]",13.033872,77.603767,source_latlon,medium,false
BAMBOO BAZAR,,"BBMP Low Lying Areas (KML, OpenCity)",https://data.opencity.in/dataset/b03218ea-4b7c-4fa9-ab67-b9054d7ecc4c/resource/62ceac3b-f6e2-4dd1-ae9f-be80b1f2fda8/download/8e87a2fc-e014-4c6e-81f1-d5cb4db57a46.kml,2023-02-16,low_lying_area,"; coordinates=77.6038238812386,12.9926509102014 [OBJECTID 99]",12.992651,77.603824,source_latlon,medium,false
munireddypalya anekappa block,,"BBMP Low Lying Areas (KML, OpenCity)",https://data.opencity.in/dataset/b03218ea-4b7c-4fa9-ab67-b9054d7ecc4c/resource/62ceac3b-f6e2-4dd1-ae9f-be80b1f2fda8/download/8e87a2fc-e014-4c6e-81f1-d5cb4db57a46.kml,2023-02-16,low_lying_area,"; coordinates=77.5944385482952,13.0131255526489 [OBJECTID 100]",13.013126,77.594439,source_latlon,medium,false
SHANKAR NAGAR,,"BBMP Low Lying Areas (KML, OpenCity)",https://data.opencity.in/dataset/b03218ea-4b7c-4fa9-ab67-b9054d7ecc4c/resource/62ceac3b-f6e2-4dd1-ae9f-be80b1f2fda8/download/8e87a2fc-e014-4c6e-81f1-d5cb4db57a46.kml,2023-02-16,low_lying_area,"; coordinates=77.5711870842795,13.0311184601201 [OBJECTID 101]",13.031118,77.571187,source_latlon,medium,false
"Govindapura,Nesar Nagavara",,"BBMP Low Lying Areas (KML, OpenCity)",https://data.opencity.in/dataset/b03218ea-4b7c-4fa9-ab67-b9054d7ecc4c/resource/62ceac3b-f6e2-4dd1-ae9f-be80b1f2fda8/download/8e87a2fc-e014-4c6e-81f1-d5cb4db57a46.kml,2023-02-16,low_lying_area,"; coordinates=77.6150247006031,13.0336836305647 [OBJECTID 102]",13.033684,77.615025,source_latlon,medium,false
ILLIYAS NAGAR KUMARSWAMY LAYOUT,,"BBMP Low Lying Areas (KML, OpenCity)",https://data.opencity.in/dataset/b03218ea-4b7c-4fa9-ab67-b9054d7ecc4c/resource/62ceac3b-f6e2-4dd1-ae9f-be80b1f2fda8/download/8e87a2fc-e014-4c6e-81f1-d5cb4db57a46.kml,2023-02-16,low_lying_area,"; coordinates=77.5697855769244,12.9058296131737 [OBJECTID 103]",12.905830,77.569786,source_latlon,medium,false
MUNISUBBAREDDY LAYOUT HONGASANDRA,,"BBMP Low Lying Areas (KML, OpenCity)",https://data.opencity.in/dataset/b03218ea-4b7c-4fa9-ab67-b9054d7ecc4c/resource/62ceac3b-f6e2-4dd1-ae9f-be80b1f2fda8/download/8e87a2fc-e014-4c6e-81f1-d5cb4db57a46.kml,2023-02-16,low_lying_area,"; coordinates=77.6284697894838,12.8989336873366 [OBJECTID 104]",12.898934,77.628470,source_latlon,medium,false
AMBEDKAR COLONY NEAR HONGASANDRA,,"BBMP Low Lying Areas (KML, OpenCity)",https://data.opencity.in/dataset/b03218ea-4b7c-4fa9-ab67-b9054d7ecc4c/resource/62ceac3b-f6e2-4dd1-ae9f-be80b1f2fda8/download/8e87a2fc-e014-4c6e-81f1-d5cb4db57a46.kml,2023-02-16,low_lying_area,"; coordinates=77.6281468991609,12.892686607447 [OBJECTID 105]",12.892687,77.628147,source_latlon,medium,false
MICO LAYOUT,,"BBMP Low Lying Areas (KML, OpenCity)",https://data.opencity.in/dataset/b03218ea-4b7c-4fa9-ab67-b9054d7ecc4c/resource/62ceac3b-f6e2-4dd1-ae9f-be80b1f2fda8/download/8e87a2fc-e014-4c6e-81f1-d5cb4db57a46.kml,2023-02-16,low_lying_area,"; coordinates=77.6269561383418,12.887502662661 [OBJECTID 106]",12.887503,77.626956,source_latlon,medium,false
ROYQAL MERIDIAN LAYOUT,,"BBMP Low Lying Areas (KML, OpenCity)",https://data.opencity.in/dataset/b03218ea-4b7c-4fa9-ab67-b9054d7ecc4c/resource/62ceac3b-f6e2-4dd1-ae9f-be80b1f2fda8/download/8e87a2fc-e014-4c6e-81f1-d5cb4db57a46.kml,2023-02-16,low_lying_area,"; coordinates=77.6243630245224,12.8875862464811 [OBJECTID 107]",12.887586,77.624363,source_latlon,medium,false
VISHWA PRIYA NAGARA NEAR BEGUR MAIN RAOD,,"BBMP Low Lying Areas (KML, OpenCity)",https://data.opencity.in/dataset/b03218ea-4b7c-4fa9-ab67-b9054d7ecc4c/resource/62ceac3b-f6e2-4dd1-ae9f-be80b1f2fda8/download/8e87a2fc-e014-4c6e-81f1-d5cb4db57a46.kml,2023-02-16,low_lying_area,"; coordinates=77.6290511776546,12.8820505434111 [OBJECTID 108]",12.882051,77.629051,source_latlon,medium,false
BEGUR KERE AREA,,"BBMP Low Lying Areas (KML, OpenCity)",https://data.opencity.in/dataset/b03218ea-4b7c-4fa9-ab67-b9054d7ecc4c/resource/62ceac3b-f6e2-4dd1-ae9f-be80b1f2fda8/download/8e87a2fc-e014-4c6e-81f1-d5cb4db57a46.kml,2023-02-16,low_lying_area,"; coordinates=77.624941297316,12.8764046160013 [OBJECTID 109]",12.876405,77.624941,source_latlon,medium,false
SUBASH NAGARA,,"BBMP Low Lying Areas (KML, OpenCity)",https://data.opencity.in/dataset/b03218ea-4b7c-4fa9-ab67-b9054d7ecc4c/resource/62ceac3b-f6e2-4dd1-ae9f-be80b1f2fda8/download/8e87a2fc-e014-4c6e-81f1-d5cb4db57a46.kml,2023-02-16,low_lying_area,"; coordinates=77.6395408230583,12.8698824764384 [OBJECTID 110]",12.869882,77.639541,source_latlon,medium,false
GARVE BHAVI PALYA,,"BBMP Low Lying Areas (KML, OpenCity)",https://data.opencity.in/dataset/b03218ea-4b7c-4fa9-ab67-b9054d7ecc4c/resource/62ceac3b-f6e2-4dd1-ae9f-be80b1f2fda8/download/8e87a2fc-e014-4c6e-81f1-d5cb4db57a46.kml,2023-02-16,low_lying_area,"; coordinates=77.637980096622,12.8944407153102 [OBJECTID 111]",12.894441,77.637980,source_latlon,medium,false
PARAPPAN AGRAHARA,,"BBMP Low Lying Areas (KML, OpenCity)",https://data.opencity.in/dataset/b03218ea-4b7c-4fa9-ab67-b9054d7ecc4c/resource/62ceac3b-f6e2-4dd1-ae9f-be80b1f2fda8/download/8e87a2fc-e014-4c6e-81f1-d5cb4db57a46.kml,2023-02-16,low_lying_area,"; coordinates=77.6611585673198,12.880294295714 [OBJECTID 112]",12.880294,77.661159,source_latlon,medium,false
G K LAYOUT,,"BBMP Low Lying Areas (KML, OpenCity)",https://data.opencity.in/dataset/b03218ea-4b7c-4fa9-ab67-b9054d7ecc4c/resource/62ceac3b-f6e2-4dd1-ae9f-be80b1f2fda8/download/8e87a2fc-e014-4c6e-81f1-d5cb4db57a46.kml,2023-02-16,low_lying_area,"; coordinates=77.6603268039859,12.8736972746511 [OBJECTID 113]",12.873697,77.660327,source_latlon,medium,false
KUDLU VILLAGE,,"BBMP Low Lying Areas (KML, OpenCity)",https://data.opencity.in/dataset/b03218ea-4b7c-4fa9-ab67-b9054d7ecc4c/resource/62ceac3b-f6e2-4dd1-ae9f-be80b1f2fda8/download/8e87a2fc-e014-4c6e-81f1-d5cb4db57a46.kml,2023-02-16,low_lying_area,"; coordinates=77.6575038153887,12.8894267732205 [OBJECTID 114]",12.889427,77.657504,source_latlon,medium,false
B.T.R GARDEN LAYOUT,,"BBMP Low Lying Areas (KML, OpenCity)",https://data.opencity.in/dataset/b03218ea-4b7c-4fa9-ab67-b9054d7ecc4c/resource/62ceac3b-f6e2-4dd1-ae9f-be80b1f2fda8/download/8e87a2fc-e014-4c6e-81f1-d5cb4db57a46.kml,2023-02-16,low_lying_area,"; coordinates=77.6423639181386,12.8885118028988 [OBJECTID 115]",12.888512,77.642364,source_latlon,medium,false
RAGHAVENDRA SLUM NEAR LAKSHMI LAYOUT,,"BBMP Low Lying Areas (KML, OpenCity)",https://data.opencity.in/dataset/b03218ea-4b7c-4fa9-ab67-b9054d7ecc4c/resource/62ceac3b-f6e2-4dd1-ae9f-be80b1f2fda8/download/8e87a2fc-e014-4c6e-81f1-d5cb4db57a46.kml,2023-02-16,low_lying_area,"; coordinates=77.631708269581,12.89072551613 [OBJECTID 116]",12.890726,77.631708,source_latlon,medium,false
MUNIREDDY LAYOUT NEAR MANGAMMNAPALYA,,"BBMP Low Lying Areas (KML, OpenCity)",https://data.opencity.in/dataset/b03218ea-4b7c-4fa9-ab67-b9054d7ecc4c/resource/62ceac3b-f6e2-4dd1-ae9f-be80b1f2fda8/download/8e87a2fc-e014-4c6e-81f1-d5cb4db57a46.kml,2023-02-16,low_lying_area,"; coordinates=77.6371421706667,12.905056828351 [OBJECTID 117]",12.905057,77.637142,source_latlon,medium,false
VYSHYA BANK COLONY NEAR AREKERE,,"BBMP Low Lying Areas (KML, OpenCity)",https://data.opencity.in/dataset/b03218ea-4b7c-4fa9-ab67-b9054d7ecc4c/resource/62ceac3b-f6e2-4dd1-ae9f-be80b1f2fda8/download/8e87a2fc-e014-4c6e-81f1-d5cb4db57a46.kml,2023-02-16,low_lying_area,"; coordinates=77.6042850230189,12.8833498614989 [OBJECTID 118]",12.883350,77.604285,source_latlon,medium,false
KRISHNA LAYOUT NEAR HULIMAVU KERE,,"BBMP Low Lying Areas (KML, OpenCity)",https://data.opencity.in/dataset/b03218ea-4b7c-4fa9-ab67-b9054d7ecc4c/resource/62ceac3b-f6e2-4dd1-ae9f-be80b1f2fda8/download/8e87a2fc-e014-4c6e-81f1-d5cb4db57a46.kml,2023-02-16,low_lying_area,"; coordinates=77.605805171246,12.8778216573113 [OBJECTID 119]",12.877822,77.605805,source_latlon,medium,false
BDA LAYOUT,,"BBMP Low Lying Areas (KML, OpenCity)",https://data.opencity.in/dataset/b03218ea-4b7c-4fa9-ab67-b9054d7ecc4c/resource/62ceac3b-f6e2-4dd1-ae9f-be80b1f2fda8/download/8e87a2fc-e014-4c6e-81f1-d5cb4db57a46.kml,2023-02-16,low_lying_area,"; coordinates=77.5914921841584,12.8578442680614 [OBJECTID 120]",12.857844,77.591492,source_latlon,medium,false
PUTTENHALLI,,"BBMP Low Lying Areas (KML, OpenCity)",https://data.opencity.in/dataset/b03218ea-4b7c-4fa9-ab67-b9054d7ecc4c/resource/62ceac3b-f6e2-4dd1-ae9f-be80b1f2fda8/download/8e87a2fc-e014-4c6e-81f1-d5cb4db57a46.kml,2023-02-16,low_lying_area,"; coordinates=77.5849201458667,12.9011915440869 [OBJECTID 121]",12.901192,77.584920,source_latlon,medium,false
"ASHTA LAKSHMI LAYOUT ,PUTTENHALLI",,"BBMP Low Lying Areas (KML, OpenCity)",https://data.opencity.in/dataset/b03218ea-4b7c-4fa9-ab67-b9054d7ecc4c/resource/62ceac3b-f6e2-4dd1-ae9f-be80b1f2fda8/download/8e87a2fc-e014-4c6e-81f1-d5cb4db57a46.kml,2023-02-16,low_lying_area,"; coordinates=77.5866124577705,12.901838949215 [OBJECTID 122]",12.901839,77.586612,source_latlon,medium,false
GANAPATHPURA NEAR CHUNCHANGHATTA MAIN RAOD,,"BBMP Low Lying Areas (KML, OpenCity)",https://data.opencity.in/dataset/b03218ea-4b7c-4fa9-ab67-b9054d7ecc4c/resource/62ceac3b-f6e2-4dd1-ae9f-be80b1f2fda8/download/8e87a2fc-e014-4c6e-81f1-d5cb4db57a46.kml,2023-02-16,low_lying_area,"; coordinates=77.5703904084562,12.8863083535853 [OBJECTID 123]",12.886308,77.570390,source_latlon,medium,false
HARI NAGAR NEAR KONANKUNTTE,,"BBMP Low Lying Areas (KML, OpenCity)",https://data.opencity.in/dataset/b03218ea-4b7c-4fa9-ab67-b9054d7ecc4c/resource/62ceac3b-f6e2-4dd1-ae9f-be80b1f2fda8/download/8e87a2fc-e014-4c6e-81f1-d5cb4db57a46.kml,2023-02-16,low_lying_area,"; coordinates=77.5752011006453,12.8832966341697 [OBJECTID 124]",12.883297,77.575201,source_latlon,medium,false
"VITTAL NAGAR NEAR ISRO LAYOUT,UTTARAHALLI",,"BBMP Low Lying Areas (KML, OpenCity)",https://data.opencity.in/dataset/b03218ea-4b7c-4fa9-ab67-b9054d7ecc4c/resource/62ceac3b-f6e2-4dd1-ae9f-be80b1f2fda8/download/8e87a2fc-e014-4c6e-81f1-d5cb4db57a46.kml,2023-02-16,low_lying_area,"; coordinates=77.5538648525391,12.9026252348706 [OBJECTID 125]",12.902625,77.553865,source_latlon,medium,false
sanjaynagar,,"BBMP Low Lying Areas (KML, OpenCity)",https://data.opencity.in/dataset/b03218ea-4b7c-4fa9-ab67-b9054d7ecc4c/resource/62ceac3b-f6e2-4dd1-ae9f-be80b1f2fda8/download/8e87a2fc-e014-4c6e-81f1-d5cb4db57a46.kml,2023-02-16,low_lying_area,"; coordinates=77.5450093250347,12.9178341662909 [OBJECTID 126]",12.917834,77.545009,source_latlon,medium,false
Yelechenahalli,,"BBMP Low Lying Areas (KML, OpenCity)",https://data.opencity.in/dataset/b03218ea-4b7c-4fa9-ab67-b9054d7ecc4c/resource/62ceac3b-f6e2-4dd1-ae9f-be80b1f2fda8/download/8e87a2fc-e014-4c6e-81f1-d5cb4db57a46.kml,2023-02-16,low_lying_area,"; coordinates=77.5712721864802,12.9056508417207 [OBJECTID 127]",12.905651,77.571272,source_latlon,medium,false
Kanakanagar-Near kumaraswamylayout,,"BBMP Low Lying Areas (KML, OpenCity)",https://data.opencity.in/dataset/b03218ea-4b7c-4fa9-ab67-b9054d7ecc4c/resource/62ceac3b-f6e2-4dd1-ae9f-be80b1f2fda8/download/8e87a2fc-e014-4c6e-81f1-d5cb4db57a46.kml,2023-02-16,low_lying_area,"; coordinates=77.5717608637709,12.9024803332078 [OBJECTID 128]",12.902480,77.571761,source_latlon,medium,false
Dorakere,,"BBMP Low Lying Areas (KML, OpenCity)",https://data.opencity.in/dataset/b03218ea-4b7c-4fa9-ab67-b9054d7ecc4c/resource/62ceac3b-f6e2-4dd1-ae9f-be80b1f2fda8/download/8e87a2fc-e014-4c6e-81f1-d5cb4db57a46.kml,2023-02-16,low_lying_area,"; coordinates=77.5457117499136,12.9033576655262 [OBJECTID 129]",12.903358,77.545712,source_latlon,medium,false
ORR between Nagawara Junction and Hebbal,Outer Ring Road,"Deccan Herald, 'Rain leaves a trail of tree falls...' (Bengaluru Traffic Police critical areas)",https://www.deccanherald.com/india/karnataka/bengaluru/rain-leaves-a-trail-of-tree-falls-traffic-snarls-in-bengaluru-yet-again-heavy-showers-forecast-today-3541306,2025-05-15,traffic_waterlogging,ORR between Nagawara Junction and Hebbal,13.045204,77.626545,"nominatim:q='Nagawara Junction, Bengaluru'",low,true
Hebbal Circle below the flyover,Hebbal,"Deccan Herald, 'Rain leaves a trail of tree falls...' (Bengaluru Traffic Police critical areas)",https://www.deccanherald.com/india/karnataka/bengaluru/rain-leaves-a-trail-of-tree-falls-traffic-snarls-in-bengaluru-yet-again-heavy-showers-forecast-today-3541306,2025-05-15,traffic_waterlogging,Hebbal Circle below the flyover,13.041662,77.589944,"nominatim:q='Hebbal Flyover, Bengaluru'",high,false
International Airport Road at Hunasamaranahalli,Bellary Road,"Deccan Herald, 'Rain leaves a trail of tree falls...' (Bengaluru Traffic Police critical areas)",https://www.deccanherald.com/india/karnataka/bengaluru/rain-leaves-a-trail-of-tree-falls-traffic-snarls-in-bengaluru-yet-again-heavy-showers-forecast-today-3541306,2025-05-15,traffic_waterlogging,International Airport Road at Hunasamaranahalli,13.139862,77.623051,"nominatim:q='Hunasamaranahalli, Bengaluru'",low,true
International Airport Road at Vidyashilp Junction,Bellary Road,"Deccan Herald, 'Rain leaves a trail of tree falls...' (Bengaluru Traffic Police critical areas)",https://www.deccanherald.com/india/karnataka/bengaluru/rain-leaves-a-trail-of-tree-falls-traffic-snarls-in-bengaluru-yet-again-heavy-showers-forecast-today-3541306,2025-05-15,traffic_waterlogging,International Airport Road at Vidyashilp Junction,,,"nominatim:q='Vidyashilp Junction, Bengaluru'",none,true
Rupena Agrahara on Hosur Road,Hosur Road,"Deccan Herald, 'Rain leaves a trail of tree falls...' (Bengaluru Traffic Police critical areas)",https://www.deccanherald.com/india/karnataka/bengaluru/rain-leaves-a-trail-of-tree-falls-traffic-snarls-in-bengaluru-yet-again-heavy-showers-forecast-today-3541306,2025-05-15,traffic_waterlogging,Rupena Agrahara on Hosur Road,12.910640,77.623826,"nominatim:q='Rupena Agrahara, Bengaluru'",medium,false
ORR at Marathahalli police station,Outer Ring Road,"Deccan Herald, 'Rain leaves a trail of tree falls...' (Bengaluru Traffic Police critical areas)",https://www.deccanherald.com/india/karnataka/bengaluru/rain-leaves-a-trail-of-tree-falls-traffic-snarls-in-bengaluru-yet-again-heavy-showers-forecast-today-3541306,2025-05-15,traffic_waterlogging,ORR at Marathahalli police station,12.945553,77.697942,"nominatim:q='Marathahalli Police Station, Bengaluru'",high,false
ORR at Karthik Nagar,Outer Ring Road,"Deccan Herald, 'Rain leaves a trail of tree falls...' (Bengaluru Traffic Police critical areas)",https://www.deccanherald.com/india/karnataka/bengaluru/rain-leaves-a-trail-of-tree-falls-traffic-snarls-in-bengaluru-yet-again-heavy-showers-forecast-today-3541306,2025-05-15,traffic_waterlogging,ORR at Karthik Nagar,12.969376,77.699675,"nominatim:q='Karthik Nagar, Bengaluru'",medium,false
ORR at Kasturi Nagar bridge (Horamavu),"Outer Ring Road, Horamavu","Deccan Herald, 'Rain leaves a trail of tree falls...' (Bengaluru Traffic Police critical areas)",https://www.deccanherald.com/india/karnataka/bengaluru/rain-leaves-a-trail-of-tree-falls-traffic-snarls-in-bengaluru-yet-again-heavy-showers-forecast-today-3541306,2025-05-15,traffic_waterlogging,ORR at Kasturi Nagar bridge (Horamavu),13.001528,77.651236,"nominatim:q='Kasturi Nagar, Bengaluru'",medium,false
Palace Guttahalli on Ballari Road,Ballari Road,"Deccan Herald, 'Rain leaves a trail of tree falls...' (Bengaluru Traffic Police critical areas)",https://www.deccanherald.com/india/karnataka/bengaluru/rain-leaves-a-trail-of-tree-falls-traffic-snarls-in-bengaluru-yet-again-heavy-showers-forecast-today-3541306,2025-05-15,traffic_waterlogging,Palace Guttahalli on Ballari Road,12.999489,77.584347,"nominatim:q='Palace Guttahalli, Bengaluru'",high,false
Agara at 14th Main HSR,HSR Layout,"Deccan Herald, 'Rain leaves a trail of tree falls...' (Bengaluru Traffic Police critical areas)",https://www.deccanherald.com/india/karnataka/bengaluru/rain-leaves-a-trail-of-tree-falls-traffic-snarls-in-bengaluru-yet-again-heavy-showers-forecast-today-3541306,2025-05-15,traffic_waterlogging,Agara at 14th Main HSR,12.919840,77.638427,"nominatim:q='14th Main Road, HSR Layout, Bengaluru'",high,false
Ruby-1 and Ruby-2 on Bannerghatta Road,Bannerghatta Road,"Deccan Herald, 'Rain leaves a trail of tree falls...' (Bengaluru Traffic Police critical areas)",https://www.deccanherald.com/india/karnataka/bengaluru/rain-leaves-a-trail-of-tree-falls-traffic-snarls-in-bengaluru-yet-again-heavy-showers-forecast-today-3541306,2025-05-15,traffic_waterlogging,Ruby-1 and Ruby-2 on Bannerghatta Road,,,"nominatim:q='Ruby Bannerghatta Road, Bengaluru'",none,true
Queens Circle,,"Deccan Herald, 'Rain leaves a trail of tree falls...' (Bengaluru Traffic Police critical areas)",https://www.deccanherald.com/india/karnataka/bengaluru/rain-leaves-a-trail-of-tree-falls-traffic-snarls-in-bengaluru-yet-again-heavy-showers-forecast-today-3541306,2025-05-15,traffic_waterlogging,Queens Circle,,,"nominatim:q='Queens Circle, Bengaluru'",none,true
ORR at Eco World (Kadubeesanahalli),"Outer Ring Road, Kadubeesanahalli","Deccan Herald, 'Rain leaves a trail of tree falls...' (Bengaluru Traffic Police critical areas)",https://www.deccanherald.com/india/karnataka/bengaluru/rain-leaves-a-trail-of-tree-falls-traffic-snarls-in-bengaluru-yet-again-heavy-showers-forecast-today-3541306,2025-05-15,traffic_waterlogging,ORR at Eco World (Kadubeesanahalli),,,"nominatim:q='Ecoworld, Kadubeesanahalli, Bengaluru'",none,true
Panathur underpass,Panathur,"Deccan Herald, 'Rain leaves a trail of tree falls...' (Bengaluru Traffic Police critical areas)",https://www.deccanherald.com/india/karnataka/bengaluru/rain-leaves-a-trail-of-tree-falls-traffic-snarls-in-bengaluru-yet-again-heavy-showers-forecast-today-3541306,2025-05-15,traffic_waterlogging,Panathur underpass,12.936355,77.705013,name_match_swd_vulnerable_severe,medium,false
ORR between Nagawara Junction and Hebbal,Outer Ring Road,"Deccan Herald, 'A mere 10 mm of rain can unleash maximum chaos' (Bengaluru Traffic Police key waterlogging points)",https://www.deccanherald.com/india/karnataka/bengaluru/a-mere-10-mm-of-rain-can-unleash-maximum-chaos-for-commuters-3462672,2025-03-26,traffic_waterlogging,ORR between Nagawara Junction and Hebbal,13.045204,77.626545,"nominatim:q='Nagawara Junction, Bengaluru'",low,true
Hebbal Circle below the flyover,Hebbal,"Deccan Herald, 'A mere 10 mm of rain can unleash maximum chaos' (Bengaluru Traffic Police key waterlogging points)",https://www.deccanherald.com/india/karnataka/bengaluru/a-mere-10-mm-of-rain-can-unleash-maximum-chaos-for-commuters-3462672,2025-03-26,traffic_waterlogging,Hebbal Circle below the flyover,13.041662,77.589944,"nominatim:q='Hebbal Flyover, Bengaluru'",high,false
Airport Road to Hunsmaranahalli,Bellary Road,"Deccan Herald, 'A mere 10 mm of rain can unleash maximum chaos' (Bengaluru Traffic Police key waterlogging points)",https://www.deccanherald.com/india/karnataka/bengaluru/a-mere-10-mm-of-rain-can-unleash-maximum-chaos-for-commuters-3462672,2025-03-26,traffic_waterlogging,Airport Road to Hunsmaranahalli,13.139862,77.623051,"nominatim:q='Hunasamaranahalli, Bengaluru'",low,true
International Airport Road to Vidyashilp Junction,Bellary Road,"Deccan Herald, 'A mere 10 mm of rain can unleash maximum chaos' (Bengaluru Traffic Police key waterlogging points)",https://www.deccanherald.com/india/karnataka/bengaluru/a-mere-10-mm-of-rain-can-unleash-maximum-chaos-for-commuters-3462672,2025-03-26,traffic_waterlogging,International Airport Road to Vidyashilp Junction,,,"nominatim:q='Vidyashilp Junction, Bengaluru'",none,true
ORR at the Marathahalli police station,Outer Ring Road,"Deccan Herald, 'A mere 10 mm of rain can unleash maximum chaos' (Bengaluru Traffic Police key waterlogging points)",https://www.deccanherald.com/india/karnataka/bengaluru/a-mere-10-mm-of-rain-can-unleash-maximum-chaos-for-commuters-3462672,2025-03-26,traffic_waterlogging,ORR at the Marathahalli police station,12.945553,77.697942,"nominatim:q='Marathahalli Police Station, Bengaluru'",high,false
Karthik Nagar,,"Deccan Herald, 'A mere 10 mm of rain can unleash maximum chaos' (Bengaluru Traffic Police key waterlogging points)",https://www.deccanherald.com/india/karnataka/bengaluru/a-mere-10-mm-of-rain-can-unleash-maximum-chaos-for-commuters-3462672,2025-03-26,traffic_waterlogging,Karthik Nagar,12.969376,77.699675,"nominatim:q='Karthik Nagar, Bengaluru'",medium,false
Kasturi Nagar bridge,,"Deccan Herald, 'A mere 10 mm of rain can unleash maximum chaos' (Bengaluru Traffic Police key waterlogging points)",https://www.deccanherald.com/india/karnataka/bengaluru/a-mere-10-mm-of-rain-can-unleash-maximum-chaos-for-commuters-3462672,2025-03-26,traffic_waterlogging,Kasturi Nagar bridge,13.001528,77.651236,"nominatim:q='Kasturi Nagar, Bengaluru'",medium,false
Palace Guttahalli on Ballari Road,Ballari Road,"Deccan Herald, 'A mere 10 mm of rain can unleash maximum chaos' (Bengaluru Traffic Police key waterlogging points)",https://www.deccanherald.com/india/karnataka/bengaluru/a-mere-10-mm-of-rain-can-unleash-maximum-chaos-for-commuters-3462672,2025-03-26,traffic_waterlogging,Palace Guttahalli on Ballari Road,12.999489,77.584347,"nominatim:q='Palace Guttahalli, Bengaluru'",high,false
Agara Road at HSR,HSR Layout,"Deccan Herald, 'A mere 10 mm of rain can unleash maximum chaos' (Bengaluru Traffic Police key waterlogging points)",https://www.deccanherald.com/india/karnataka/bengaluru/a-mere-10-mm-of-rain-can-unleash-maximum-chaos-for-commuters-3462672,2025-03-26,traffic_waterlogging,Agara Road at HSR,12.922140,77.647937,"nominatim:q='Agara, HSR Layout, Bengaluru'",medium,false
Ruby-1 and Ruby-2 on Bannerghatta Road,Bannerghatta Road,"Deccan Herald, 'A mere 10 mm of rain can unleash maximum chaos' (Bengaluru Traffic Police key waterlogging points)",https://www.deccanherald.com/india/karnataka/bengaluru/a-mere-10-mm-of-rain-can-unleash-maximum-chaos-for-commuters-3462672,2025-03-26,traffic_waterlogging,Ruby-1 and Ruby-2 on Bannerghatta Road,,,"nominatim:q='Ruby Bannerghatta Road, Bengaluru'",none,true
Queen's Circle,,"Deccan Herald, 'A mere 10 mm of rain can unleash maximum chaos' (Bengaluru Traffic Police key waterlogging points)",https://www.deccanherald.com/india/karnataka/bengaluru/a-mere-10-mm-of-rain-can-unleash-maximum-chaos-for-commuters-3462672,2025-03-26,traffic_waterlogging,Queen's Circle,,,"nominatim:q='Queens Circle, Bengaluru'",none,true
Panathur railway underpass,Panathur,"Deccan Herald, 'A mere 10 mm of rain can unleash maximum chaos' (Bengaluru Traffic Police key waterlogging points)",https://www.deccanherald.com/india/karnataka/bengaluru/a-mere-10-mm-of-rain-can-unleash-maximum-chaos-for-commuters-3462672,2025-03-26,traffic_waterlogging,The Panathur railway underpass is a critical bottleneck,12.936355,77.705013,name_match_swd_vulnerable_severe,medium,false
Benniganahalli on Old Madras Road,Old Madras Road,"Deccan Herald, 'Traffic woes a curtain raiser to monsoon challenges' (Bengaluru Traffic Police officers)",https://www.deccanherald.com/india/karnataka/bengaluru/traffic-woes-a-curtain-raiser-to-monsoon-challenges-3024524,2024-05-16,traffic_waterlogging,Benniganahalli on Old Madras Road,12.994919,77.662603,"nominatim:q='Benniganahalli, Bengaluru'",medium,false
Ramamurthy Nagar underpass on Outer Ring Road,Outer Ring Road,"Deccan Herald, 'Traffic woes a curtain raiser to monsoon challenges' (Bengaluru Traffic Police officers)",https://www.deccanherald.com/india/karnataka/bengaluru/traffic-woes-a-curtain-raiser-to-monsoon-challenges-3024524,2024-05-16,traffic_waterlogging,Ramamurthy Nagar underpass on Outer Ring Road,13.012022,77.677782,"nominatim:q='Ramamurthy Nagar, Bengaluru'",low,true
Bannerghatta Road,,"Deccan Herald, 'Traffic woes a curtain raiser to monsoon challenges' (Bengaluru Traffic Police officers)",https://www.deccanherald.com/india/karnataka/bengaluru/traffic-woes-a-curtain-raiser-to-monsoon-challenges-3024524,2024-05-16,traffic_waterlogging,"severe waterlogging in Benniganahalli on Old Madras Road, the Ramamurthy Nagar underpass on Outer Ring Road, and Bannerghatta Road",12.921475,77.600120,"nominatim:q='Bannerghatta Road, Bengaluru';capped_extent_road",low,true
Hebbal,,"Deccan Herald, 'Traffic woes a curtain raiser to monsoon challenges' (Bengaluru Traffic Police officers)",https://www.deccanherald.com/india/karnataka/bengaluru/traffic-woes-a-curtain-raiser-to-monsoon-challenges-3024524,2024-05-16,traffic_waterlogging,with areas like Hebbal also emerging as a pain point,13.038218,77.591900,"nominatim:q='Hebbal, Bengaluru';capped_extent_area",low,true
Windsor Manor-Mehkri Circle stretch,West traffic division,"Deccan Herald, 'Traffic woes a curtain raiser to monsoon challenges' (Bengaluru Traffic Police officers)",https://www.deccanherald.com/india/karnataka/bengaluru/traffic-woes-a-curtain-raiser-to-monsoon-challenges-3024524,2024-05-16,traffic_waterlogging,Windsor Manor-Mehkri Circle stretch,13.020046,77.584018,"nominatim:q='Mekhri Circle, Bengaluru';capped_extent_stretch",low,true
Palace Road,West traffic division,"Deccan Herald, 'Traffic woes a curtain raiser to monsoon challenges' (Bengaluru Traffic Police officers)",https://www.deccanherald.com/india/karnataka/bengaluru/traffic-woes-a-curtain-raiser-to-monsoon-challenges-3024524,2024-05-16,traffic_waterlogging,Palace Road,12.985619,77.588522,"nominatim:q='Palace Road, Bengaluru';capped_extent_road",low,true
Sankey Road,West traffic division,"Deccan Herald, 'Traffic woes a curtain raiser to monsoon challenges' (Bengaluru Traffic Police officers)",https://www.deccanherald.com/india/karnataka/bengaluru/traffic-woes-a-curtain-raiser-to-monsoon-challenges-3024524,2024-05-16,traffic_waterlogging,Sankey Road,12.988007,77.587296,"nominatim:q='Sankey Road, Bengaluru';capped_extent_road",low,true
Mysuru Road (near Nayandahallli),West traffic division,"Deccan Herald, 'Traffic woes a curtain raiser to monsoon challenges' (Bengaluru Traffic Police officers)",https://www.deccanherald.com/india/karnataka/bengaluru/traffic-woes-a-curtain-raiser-to-monsoon-challenges-3024524,2024-05-16,traffic_waterlogging,Mysuru Road (near Nayandahallli),12.941325,77.521212,"nominatim:q='Nayandahalli, Bengaluru'",medium,false
Kengeri Satellite Town bus stand,West traffic division,"Deccan Herald, 'Traffic woes a curtain raiser to monsoon challenges' (Bengaluru Traffic Police officers)",https://www.deccanherald.com/india/karnataka/bengaluru/traffic-woes-a-curtain-raiser-to-monsoon-challenges-3024524,2024-05-16,traffic_waterlogging,Kengeri Satellite Town bus stand,,,"nominatim:q='Kengeri Satellite Town Bus Stand, Bengaluru'",none,true
Roopena Agrahara,South traffic division,"Deccan Herald, 'Traffic woes a curtain raiser to monsoon challenges' (Bengaluru Traffic Police officers)",https://www.deccanherald.com/india/karnataka/bengaluru/traffic-woes-a-curtain-raiser-to-monsoon-challenges-3024524,2024-05-16,traffic_waterlogging,the overflowing Madiwala lake is flooding Roopena Agrahara,12.910640,77.623826,"nominatim:q='Rupena Agrahara, Bengaluru'",medium,false
HSR Layout,South traffic division,"Deccan Herald, 'Traffic woes a curtain raiser to monsoon challenges' (Bengaluru Traffic Police officers)",https://www.deccanherald.com/india/karnataka/bengaluru/traffic-woes-a-curtain-raiser-to-monsoon-challenges-3024524,2024-05-16,traffic_waterlogging,some waterlogging was reported in HSR Layout due to the Agara Lake overflow,12.911623,77.638862,"nominatim:q='HSR Layout, Bengaluru'",low,true
Underpass in Kadubeesanahalli,Kadubeesanahalli,"Deccan Herald, 'Bengaluru Traffic Police, BBMP's battle plan to keep city flowing'",https://www.deccanherald.com/amp/story/india%2Fkarnataka%2Fbengaluru%2Fbengaluru-traffic-police-bbmps-battle-plan-to-keep-city-flowing-1217968.html,2023-05-11,underpass_news,such as the one in Kadubeesanahalli,12.937595,77.701070,"nominatim:q='Kadubeesanahalli, Bengaluru'",low,true
Nehru Circle underpass,,"Deccan Herald, 'Bengaluru flooded underpasses closed' (Joint CP Traffic)",https://www.deccanherald.com/amp/story/india%2Fkarnataka%2Fbengaluru%2Fbengaluru-flooded-underpasses-closed-1223735.html,2023-05-31,underpass_news,Nehru Circle,12.988309,77.577183,"nominatim:q='Nehru Circle, Bengaluru'",high,false
Shivananda Circle underpass,,"Deccan Herald, 'Bengaluru flooded underpasses closed' (Joint CP Traffic)",https://www.deccanherald.com/amp/story/india%2Fkarnataka%2Fbengaluru%2Fbengaluru-flooded-underpasses-closed-1223735.html,2023-05-31,underpass_news,Shivananda Circle,,,"nominatim:q='Sivananda Circle, Bengaluru'",none,true
Suranjandas Road underpass,,"Deccan Herald, 'BBMP to install roof covers on four underpasses' (BBMP Engineer-in-Chief)",https://www.deccanherald.com/india/karnataka/bengaluru/bbmp-to-install-roof-covers-on-four-underpasses-1221721.html,2023-05-25,underpass_news,Suranjandas Road,12.962653,77.664503,"nominatim:q='Suranjandas Road, Bengaluru'",high,false
Kundalahalli Gate underpass,,"Deccan Herald, 'BBMP to install roof covers on four underpasses' (BBMP Engineer-in-Chief)",https://www.deccanherald.com/india/karnataka/bengaluru/bbmp-to-install-roof-covers-on-four-underpasses-1221721.html,2023-05-25,underpass_news,Kundalahalli Gate,12.955914,77.714803,"nominatim:q='Kundalahalli Gate, Bengaluru'",high,false
Okalipuram underpass,Okalipuram,"The News Minute, 'Bengaluru's magic boxes are far from being magical'",https://www.thenewsminute.com/karnataka/bengaluru-s-magic-boxes-are-far-being-magical-177847,2023-05-30,underpass_news,"The Okalipuram underpass, situated near Majestic area",12.982687,77.568930,name_match_flood_prone_map,medium,false
Lingarajapuram underpass,Lingarajapuram,"The News Minute, 'Bengaluru's magic boxes are far from being magical'",https://www.thenewsminute.com/karnataka/bengaluru-s-magic-boxes-are-far-being-magical-177847,2023-05-30,underpass_news,the Lingarajapuram underpass is another problematic spot,,,"nominatim:q='Lingarajapuram Underpass, Bengaluru'",none,true
Tagore circle underpass,,"The News Minute, 'Bengaluru's magic boxes are far from being magical'",https://www.thenewsminute.com/karnataka/bengaluru-s-magic-boxes-are-far-being-magical-177847,2023-05-30,underpass_news,"The Tagore circle underpass, built in 2012",12.943695,77.573283,"nominatim:q='Tagore Circle, Bengaluru'",high,false
Laggere,RR Nagar and West zones,"The News Minute, 'Bengaluru to see more rains this week: Areas likely to flood identified' (KSNDMC official)",https://www.thenewsminute.com/article/bengaluru-see-more-rains-week-areas-likely-flood-identified-88900,2018-09-24,ksndmc_flood_points,"Laggere,",13.010868,77.520730,"nominatim:q='Laggere, Bengaluru';capped_extent_area",low,true
Mudalapalya,RR Nagar and West zones,"The News Minute, 'Bengaluru to see more rains this week: Areas likely to flood identified' (KSNDMC official)",https://www.thenewsminute.com/article/bengaluru-see-more-rains-week-areas-likely-flood-identified-88900,2018-09-24,ksndmc_flood_points,"Mudalapalya,",12.968625,77.524462,"nominatim:q='Mudalapalya, Bengaluru';capped_extent_area",low,true
Yeshwantpur Railway Station Area,RR Nagar and West zones,"The News Minute, 'Bengaluru to see more rains this week: Areas likely to flood identified' (KSNDMC official)",https://www.thenewsminute.com/article/bengaluru-see-more-rains-week-areas-likely-flood-identified-88900,2018-09-24,ksndmc_flood_points,Yeshwantpur Railway Station Area,13.023268,77.549875,"nominatim:q='Yeshwantpur Railway Station, Bengaluru';capped_extent_area",low,true
Jai Prakash Narayan Park,RR Nagar and West zones,"The News Minute, 'Bengaluru to see more rains this week: Areas likely to flood identified' (KSNDMC official)",https://www.thenewsminute.com/article/bengaluru-see-more-rains-week-areas-likely-flood-identified-88900,2018-09-24,ksndmc_flood_points,Jai Prakash Narayan Park,13.034481,77.550853,"nominatim:q='Jayaprakash Narayan Park, Bengaluru';capped_extent_area",low,true
Shivananda Nagar,RR Nagar and West zones,"The News Minute, 'Bengaluru to see more rains this week: Areas likely to flood identified' (KSNDMC official)",https://www.thenewsminute.com/article/bengaluru-see-more-rains-week-areas-likely-flood-identified-88900,2018-09-24,ksndmc_flood_points,Shivananda Nagar,12.986745,77.579692,"nominatim:q='Shivananda Nagar, Bengaluru';capped_extent_area",low,true
NR Garden,RR Nagar and West zones,"The News Minute, 'Bengaluru to see more rains this week: Areas likely to flood identified' (KSNDMC official)",https://www.thenewsminute.com/article/bengaluru-see-more-rains-week-areas-likely-flood-identified-88900,2018-09-24,ksndmc_flood_points,NR Garden,,,"nominatim:q='NR Garden, Bengaluru'",none,true
National Games Village to HSR Layout,South zone,"The News Minute, 'Bengaluru to see more rains this week: Areas likely to flood identified' (KSNDMC official)",https://www.thenewsminute.com/article/bengaluru-see-more-rains-week-areas-likely-flood-identified-88900,2018-09-24,ksndmc_flood_points,The entire stretch of National Games Village to HSR Layout,12.944619,77.623326,"nominatim:q='National Games Village, Bengaluru';capped_extent_stretch",low,true
Munireddy Layout in Bommanahalli Zone,Bommanahalli zone,"The News Minute, 'Bengaluru to see more rains this week: Areas likely to flood identified' (KSNDMC official)",https://www.thenewsminute.com/article/bengaluru-see-more-rains-week-areas-likely-flood-identified-88900,2018-09-24,ksndmc_flood_points,Munireddy Layout in Bommanahalli Zone,12.938740,77.699179,"nominatim:q='Munireddy Layout, Bengaluru';capped_extent_area",low,true
Maruthi Nagar,South zone,"The News Minute, 'Bengaluru to see more rains this week: Areas likely to flood identified' (KSNDMC official)",https://www.thenewsminute.com/article/bengaluru-see-more-rains-week-areas-likely-flood-identified-88900,2018-09-24,ksndmc_flood_points,Maruthi Nagar,13.103662,77.605114,name_match_low_lying_area,medium,false
Bismillah Nagar,South zone,"The News Minute, 'Bengaluru to see more rains this week: Areas likely to flood identified' (KSNDMC official)",https://www.thenewsminute.com/article/bengaluru-see-more-rains-week-areas-likely-flood-identified-88900,2018-09-24,ksndmc_flood_points,Bismillah Nagar,12.926338,77.603385,"nominatim:q='Bismillah Nagar, Bengaluru';capped_extent_area",low,true
Magadi police station area,South zone,"The News Minute, 'Bengaluru to see more rains this week: Areas likely to flood identified' (KSNDMC official)",https://www.thenewsminute.com/article/bengaluru-see-more-rains-week-areas-likely-flood-identified-88900,2018-09-24,ksndmc_flood_points,Magadi police station area,12.974491,77.551510,name_match_flood_prone_map,medium,false
Rudrappa Garden,East zone,"The News Minute, 'Bengaluru to see more rains this week: Areas likely to flood identified' (KSNDMC official)",https://www.thenewsminute.com/article/bengaluru-see-more-rains-week-areas-likely-flood-identified-88900,2018-09-24,ksndmc_flood_points,Rudrappa Garden,12.959964,77.617996,name_match_flood_prone_map,medium,false
Dommaluru,East zone,"The News Minute, 'Bengaluru to see more rains this week: Areas likely to flood identified' (KSNDMC official)",https://www.thenewsminute.com/article/bengaluru-see-more-rains-week-areas-likely-flood-identified-88900,2018-09-24,ksndmc_flood_points,Dommaluru,12.962467,77.638196,"nominatim:q='Domlur, Bengaluru';capped_extent_area",low,true
Hulimavu Lake Junction,Bengaluru South City Corporation,"News Karnataka, '10 flood-prone spots on Bengaluru South's monsoon watchlist' (Bengaluru South City Corporation)",https://newskarnataka.com/bengaluru/10-flood-prone-spots-on-bengaluru-souths-monsoon-watchlist/18062026/,2026-06-18,civic_watchlist,Hulimavu Lake Junction,12.870081,77.604205,"nominatim:q='Hulimavu Lake, Bengaluru'",medium,false
Sagar Junction to Sagar Hospital Road,Bengaluru South City Corporation,"News Karnataka, '10 flood-prone spots on Bengaluru South's monsoon watchlist' (Bengaluru South City Corporation)",https://newskarnataka.com/bengaluru/10-flood-prone-spots-on-bengaluru-souths-monsoon-watchlist/18062026/,2026-06-18,civic_watchlist,Sagar Junction to Sagar Hospital Road,12.927948,77.599850,"nominatim:q='Sagar Hospital, Bannerghatta Road, Bengaluru';capped_extent_stretch",low,true
HSR Layout 14th Main Road,Bengaluru South City Corporation,"News Karnataka, '10 flood-prone spots on Bengaluru South's monsoon watchlist' (Bengaluru South City Corporation)",https://newskarnataka.com/bengaluru/10-flood-prone-spots-on-bengaluru-souths-monsoon-watchlist/18062026/,2026-06-18,civic_watchlist,HSR Layout 14th Main Road,12.919840,77.638427,"nominatim:q='14th Main Road, HSR Layout, Bengaluru'",high,false
Sony World Junction,Bengaluru South City Corporation,"News Karnataka, '10 flood-prone spots on Bengaluru South's monsoon watchlist' (Bengaluru South City Corporation)",https://newskarnataka.com/bengaluru/10-flood-prone-spots-on-bengaluru-souths-monsoon-watchlist/18062026/,2026-06-18,civic_watchlist,Sony World Junction,,,"nominatim:q='Sony World Junction, Bengaluru'",none,true
Outer Ring Road,Bengaluru South City Corporation,"News Karnataka, '10 flood-prone spots on Bengaluru South's monsoon watchlist' (Bengaluru South City Corporation)",https://newskarnataka.com/bengaluru/10-flood-prone-spots-on-bengaluru-souths-monsoon-watchlist/18062026/,2026-06-18,civic_watchlist,"Outer Ring Road,",12.923110,77.670269,"nominatim:q='Outer Ring Road, Bellandur, Bengaluru';capped_extent_road",low,true
HSR Layout 5th Main Road,Bengaluru South City Corporation,"News Karnataka, '10 flood-prone spots on Bengaluru South's monsoon watchlist' (Bengaluru South City Corporation)",https://newskarnataka.com/bengaluru/10-flood-prone-spots-on-bengaluru-souths-monsoon-watchlist/18062026/,2026-06-18,civic_watchlist,HSR Layout 5th Main Road,12.911655,77.632402,name_match_swd_vulnerable_moderate,medium,false
Shri Rangam Junction,Bengaluru South City Corporation,"News Karnataka, '10 flood-prone spots on Bengaluru South's monsoon watchlist' (Bengaluru South City Corporation)",https://newskarnataka.com/bengaluru/10-flood-prone-spots-on-bengaluru-souths-monsoon-watchlist/18062026/,2026-06-18,civic_watchlist,Shri Rangam Junction,,,"nominatim:q='Srirangam Junction, Bengaluru'",none,true
Bellandur-Iblur Junction,Bengaluru South City Corporation,"News Karnataka, '10 flood-prone spots on Bengaluru South's monsoon watchlist' (Bengaluru South City Corporation)",https://newskarnataka.com/bengaluru/10-flood-prone-spots-on-bengaluru-souths-monsoon-watchlist/18062026/,2026-06-18,civic_watchlist,Bellandur-Iblur Junction,12.920660,77.665197,"nominatim:q='Iblur Junction, Bengaluru'",high,false
Wipro Junction on Sarjapur Road,Bengaluru South City Corporation,"News Karnataka, '10 flood-prone spots on Bengaluru South's monsoon watchlist' (Bengaluru South City Corporation)",https://newskarnataka.com/bengaluru/10-flood-prone-spots-on-bengaluru-souths-monsoon-watchlist/18062026/,2026-06-18,civic_watchlist,Wipro Junction on Sarjapur Road,,,"nominatim:q='Wipro Junction, Sarjapur Road, Bengaluru'",none,true
Roopena Agrahara,Bengaluru South City Corporation,"News Karnataka, '10 flood-prone spots on Bengaluru South's monsoon watchlist' (Bengaluru South City Corporation)",https://newskarnataka.com/bengaluru/10-flood-prone-spots-on-bengaluru-souths-monsoon-watchlist/18062026/,2026-06-18,civic_watchlist,Roopena Agrahara,12.910640,77.623826,"nominatim:q='Rupena Agrahara, Bengaluru'",medium,false
Madiwala Ayyappa Junction,Bengaluru South City Corporation,"News Karnataka, '10 flood-prone spots on Bengaluru South's monsoon watchlist' (Bengaluru South City Corporation)",https://newskarnataka.com/bengaluru/10-flood-prone-spots-on-bengaluru-souths-monsoon-watchlist/18062026/,2026-06-18,civic_watchlist,Madiwala Ayyappa Junction,12.925940,77.617142,"nominatim:q='Ayyappa Temple, Madiwala, Bengaluru'",high,false
Devarabisanahalli,Bengaluru East City Corporation,"Deccan Herald, 'Bengaluru East City Corporation chief inspects flood-hit areas' (Bengaluru East City Corporation)",https://www.deccanherald.com/india/karnataka/bengaluru/bengaluru-east-city-corporation-chief-inspects-flood-hit-areas-reviews-ongoing-infra-projects-4027951,2026-06-05,civic_watchlist,Devarabisanahalli,12.923485,77.686966,"nominatim:q='Devarabisanahalli, Bengaluru'",low,true
Panathur,Bengaluru East City Corporation,"Deccan Herald, 'Bengaluru East City Corporation chief inspects flood-hit areas' (Bengaluru East City Corporation)",https://www.deccanherald.com/india/karnataka/bengaluru/bengaluru-east-city-corporation-chief-inspects-flood-hit-areas-reviews-ongoing-infra-projects-4027951,2026-06-05,civic_watchlist,Panathur,12.936355,77.705013,name_match_swd_vulnerable_severe,medium,false
Varthur,Bengaluru East City Corporation,"Deccan Herald, 'Bengaluru East City Corporation chief inspects flood-hit areas' (Bengaluru East City Corporation)",https://www.deccanherald.com/india/karnataka/bengaluru/bengaluru-east-city-corporation-chief-inspects-flood-hit-areas-reviews-ongoing-infra-projects-4027951,2026-06-05,civic_watchlist,Varthur,12.956940,77.735939,name_match_swd_vulnerable_severe,medium,false
Thubarahalli,Bengaluru East City Corporation,"Deccan Herald, 'Bengaluru East City Corporation chief inspects flood-hit areas' (Bengaluru East City Corporation)",https://www.deccanherald.com/india/karnataka/bengaluru/bengaluru-east-city-corporation-chief-inspects-flood-hit-areas-reviews-ongoing-infra-projects-4027951,2026-06-05,civic_watchlist,Thubarahalli,12.955652,77.720545,name_match_swd_vulnerable_moderate,medium,false
Whitefield,Bengaluru East City Corporation,"Deccan Herald, 'Bengaluru East City Corporation chief inspects flood-hit areas' (Bengaluru East City Corporation)",https://www.deccanherald.com/india/karnataka/bengaluru/bengaluru-east-city-corporation-chief-inspects-flood-hit-areas-reviews-ongoing-infra-projects-4027951,2026-06-05,civic_watchlist,Whitefield,12.995743,77.757949,"nominatim:q='Whitefield, Bengaluru';capped_extent_area",low,true
Hope Farm Junction,Bengaluru East City Corporation,"Deccan Herald, 'Bengaluru East City Corporation chief inspects flood-hit areas' (Bengaluru East City Corporation)",https://www.deccanherald.com/india/karnataka/bengaluru/bengaluru-east-city-corporation-chief-inspects-flood-hit-areas-reviews-ongoing-infra-projects-4027951,2026-06-05,civic_watchlist,Hope Farm Junction,,,"nominatim:q='Hope Farm Junction, Bengaluru'",none,true
Cunningham Road and Kumara Krupa Road underpass across Sankey Road,"Sankey Road, near Golf Club","BBMP, Audit report on underpasses 2023 (scanned Kannada PDF on OpenCity; titles read and glossed by us)",https://data.opencity.in/dataset/668c76f9-53fe-4642-9e8c-c8d190bd7329/resource/3bc30859-8b9c-4868-a788-463e9ae09cab/download/c304bc4e-43a3-4765-9360-dbb4b2285a6e.pdf,2023-05-24,underpass_audit,[scanned Kannada letter pp.1-2 of the PDF; English title is our gloss] Cunningham Road and Kumara Krupa Road underpass across Sankey Road,12.994621,77.585015,"nominatim:q='Sankey Road Underpass, Bengaluru'",high,false
Kino Theatre road (Anand Rao Circle) railway underbridge,Anand Rao Circle,"BBMP, Audit report on underpasses 2023 (scanned Kannada PDF on OpenCity; titles read and glossed by us)",https://data.opencity.in/dataset/668c76f9-53fe-4642-9e8c-c8d190bd7329/resource/3bc30859-8b9c-4868-a788-463e9ae09cab/download/c304bc4e-43a3-4765-9360-dbb4b2285a6e.pdf,2023-05-24,underpass_audit,[scanned Kannada letter p.3 of the PDF; English title is our gloss] Kino Theatre road (Anand Rao Circle) railway underbridge,,,"nominatim:q='Anand Rao Circle Underpass, Bengaluru'",none,true
Cauvery Theatre front vehicle underpass,"Ballari Road, near Bhashyam Circle","BBMP, Audit report on underpasses 2023 (scanned Kannada PDF on OpenCity; titles read and glossed by us)",https://data.opencity.in/dataset/668c76f9-53fe-4642-9e8c-c8d190bd7329/resource/3bc30859-8b9c-4868-a788-463e9ae09cab/download/c304bc4e-43a3-4765-9360-dbb4b2285a6e.pdf,2023-05-24,underpass_audit,[scanned Kannada letter pp.4-5 of the PDF; English title is our gloss] Cauvery Theatre front vehicle underpass,13.003419,77.584005,"nominatim:q='Cauvery Theatre, Bengaluru'",high,false
Kodigehalli railway vehicle underpass,Kodigehalli,"BBMP, Audit report on underpasses 2023 (scanned Kannada PDF on OpenCity; titles read and glossed by us)",https://data.opencity.in/dataset/668c76f9-53fe-4642-9e8c-c8d190bd7329/resource/3bc30859-8b9c-4868-a788-463e9ae09cab/download/c304bc4e-43a3-4765-9360-dbb4b2285a6e.pdf,2023-05-24,underpass_audit,[scanned Kannada letter p.6 of the PDF; English title is our gloss] Kodigehalli railway vehicle underpass,,,"nominatim:q='Kodigehalli Railway Underpass, Bengaluru'",none,true
Mekhri Circle vehicle underpass,Bellary Road and CV Raman Road junction,"BBMP, Audit report on underpasses 2023 (scanned Kannada PDF on OpenCity; titles read and glossed by us)",https://data.opencity.in/dataset/668c76f9-53fe-4642-9e8c-c8d190bd7329/resource/3bc30859-8b9c-4868-a788-463e9ae09cab/download/c304bc4e-43a3-4765-9360-dbb4b2285a6e.pdf,2023-05-24,underpass_audit,[scanned Kannada letter p.7 of the PDF; English title is our gloss] Mekhri Circle vehicle underpass,13.016991,77.583793,name_match_flood_prone_map,medium,false
Yelahanka railway vehicle underpass,Yelahanka,"BBMP, Audit report on underpasses 2023 (scanned Kannada PDF on OpenCity; titles read and glossed by us)",https://data.opencity.in/dataset/668c76f9-53fe-4642-9e8c-c8d190bd7329/resource/3bc30859-8b9c-4868-a788-463e9ae09cab/download/c304bc4e-43a3-4765-9360-dbb4b2285a6e.pdf,2023-05-24,underpass_audit,[scanned Kannada letter p.8 of the PDF; English title is our gloss] Yelahanka railway vehicle underpass,,,"nominatim:q='Yelahanka Railway Underpass, Bengaluru'",none,true
C.N.R. Rao Circle vehicle underpass,between Yeshwanthpur and Malleshwaram circles,"BBMP, Audit report on underpasses 2023 (scanned Kannada PDF on OpenCity; titles read and glossed by us)",https://data.opencity.in/dataset/668c76f9-53fe-4642-9e8c-c8d190bd7329/resource/3bc30859-8b9c-4868-a788-463e9ae09cab/download/c304bc4e-43a3-4765-9360-dbb4b2285a6e.pdf,2023-05-24,underpass_audit,[scanned Kannada letter p.9 of the PDF; English title is our gloss] C.N.R. Rao Circle vehicle underpass,13.014030,77.565967,"nominatim:q='CNR Rao Circle, Bengaluru'",high,false
Kuvempu Circle vehicle underpass (Outer Ring Road and New BEL Road),Outer Ring Road,"BBMP, Audit report on underpasses 2023 (scanned Kannada PDF on OpenCity; titles read and glossed by us)",https://data.opencity.in/dataset/668c76f9-53fe-4642-9e8c-c8d190bd7329/resource/3bc30859-8b9c-4868-a788-463e9ae09cab/download/c304bc4e-43a3-4765-9360-dbb4b2285a6e.pdf,2023-05-24,underpass_audit,[scanned Kannada letter p.10 of the PDF; English title is our gloss] Kuvempu Circle vehicle underpass (Outer Ring Road and New BEL Road),12.909841,77.521079,"nominatim:q='Kuvempu Circle, Bengaluru'",high,false
Outer Ring Road and Gangamma Gudi Circle vehicle underpass,Outer Ring Road,"BBMP, Audit report on underpasses 2023 (scanned Kannada PDF on OpenCity; titles read and glossed by us)",https://data.opencity.in/dataset/668c76f9-53fe-4642-9e8c-c8d190bd7329/resource/3bc30859-8b9c-4868-a788-463e9ae09cab/download/c304bc4e-43a3-4765-9360-dbb4b2285a6e.pdf,2023-05-24,underpass_audit,[scanned Kannada letter p.11 of the PDF; English title is our gloss] Outer Ring Road and Gangamma Gudi Circle vehicle underpass,,,"nominatim:q='Gangamma Gudi Circle, Bengaluru'",none,true
RMV Layout railway vehicle underpass next to Fairfield residential complex,RMV Layout,"BBMP, Audit report on underpasses 2023 (scanned Kannada PDF on OpenCity; titles read and glossed by us)",https://data.opencity.in/dataset/668c76f9-53fe-4642-9e8c-c8d190bd7329/resource/3bc30859-8b9c-4868-a788-463e9ae09cab/download/c304bc4e-43a3-4765-9360-dbb4b2285a6e.pdf,2023-05-24,underpass_audit,[scanned Kannada letter p.12 of the PDF; English title is our gloss] RMV Layout railway vehicle underpass next to Fairfield residential complex,,,"nominatim:q='RMV Layout Railway Underpass, Bengaluru'",none,true
Bengaluru Cantonment railway station circle railway vehicle underpass,Jayamahal Road and Miller Road,"BBMP, Audit report on underpasses 2023 (scanned Kannada PDF on OpenCity; titles read and glossed by us)",https://data.opencity.in/dataset/668c76f9-53fe-4642-9e8c-c8d190bd7329/resource/3bc30859-8b9c-4868-a788-463e9ae09cab/download/c304bc4e-43a3-4765-9360-dbb4b2285a6e.pdf,2023-05-24,underpass_audit,[scanned Kannada letter p.13 of the PDF; English title is our gloss] Bengaluru Cantonment railway station circle railway vehicle underpass,,,"nominatim:q='Cantonment Railway Station Underpass, Bengaluru'",none,true
Anandanagar Hebbal Traffic Police Station front vehicle underpass,"Hebbal, Anandanagar","BBMP, Audit report on underpasses 2023 (scanned Kannada PDF on OpenCity; titles read and glossed by us)",https://data.opencity.in/dataset/668c76f9-53fe-4642-9e8c-c8d190bd7329/resource/3bc30859-8b9c-4868-a788-463e9ae09cab/download/c304bc4e-43a3-4765-9360-dbb4b2285a6e.pdf,2023-05-24,underpass_audit,[scanned Kannada letter p.14 of the PDF; English title is our gloss] Anandanagar Hebbal Traffic Police Station front vehicle underpass,13.042419,77.589307,"nominatim:q='Hebbal Traffic Police Station, Bengaluru'",high,false
Nayandahalli junction railway vehicle underpass,"Nayandahalli, Outer Ring Road","BBMP, Audit report on underpasses 2023 (scanned Kannada PDF on OpenCity; titles read and glossed by us)",https://data.opencity.in/dataset/668c76f9-53fe-4642-9e8c-c8d190bd7329/resource/3bc30859-8b9c-4868-a788-463e9ae09cab/download/c304bc4e-43a3-4765-9360-dbb4b2285a6e.pdf,2023-05-24,underpass_audit,[scanned Kannada letter p.15 of the PDF; English title is our gloss] Nayandahalli junction railway vehicle underpass,12.941093,77.524762,name_match_flood_prone_map,medium,false
KR Circle underpass,"K.R. Circle, Nrupathunga Road","BBMP, Report on KR Circle underpass flooding of 21 May 2023 (scanned Kannada PDF on OpenCity; read by us)",https://data.opencity.in/dataset/668c76f9-53fe-4642-9e8c-c8d190bd7329/resource/c53619d2-b20c-427d-9e34-f5638599e65c/download/0102faf2-cabc-46e4-b063-7b6c94a50538.pdf,2023-05-22,underpass_audit,"[scanned Kannada report, 3 pages; names the K.R. Circle underpass, a U-shaped underpass with one 0.6 m by 0.6 m drain, flooded 21.05.2023]",12.975429,77.587323,name_match_flood_prone_map,medium,false
